patch,k_q3c,component,thN
1,0,0,4.643301
6,0,0,4.213895
7,0,0,4.796261
9,0,0,3.832311
10,0,0,4.933396
15,0,0,4.153732
16,0,0,3.554962
17,0,0,5.086646
18,0,0,4.565682
20,0,0,4.183118
21,0,0,5.253001
22,0,0,4.276144
27,0,0,4.54658
30,0,0,5.283194
31,0,0,3.841756
32,0,0,5.499223
33,0,0,4.789144
35,0,0,3.496197
40,0,0,4.405064
43,0,0,3.658314
47,0,0,5.695876
48,0,0,5.937126
50,0,0,4.435785
51,0,0,3.55242
53,0,0,5.448717
56,0,0,3.950698
57,0,0,5.386458
61,0,0,4.300405
62,0,0,5.242871
63,0,0,5.670564
65,0,0,5.867468
67,0,0,3.780935
72,0,0,6.129227
73,0,0,3.245929
75,0,0,5.668739
77,1,0,5.06869
79,1,0,4.271265
80,1,0,4.600823
85,0,0,3.628705
87,0,0,5.726318
88,1,0,4.77648
89,0,0,3.264709
90,0,0,6.065034
91,0,0,3.853889
94,1,0,4.058573
96,1,0,4.324575
99,0,0,3.574393
105,1,0,3.891463
107,0,0,3.108156
108,0,0,4.072819
113,0,0,6.075703
115,0,0,4.029233
117,0,0,4.707647
118,0,0,3.300629
119,1,0,4.574223
120,1,0,4.463697
122,1,0,4.641475
124,0,0,4.230842
127,1,0,4.61431
134,1,0,4.788244
135,0,0,4.486061
136,1,0,3.966711
146,1,0,3.707757
150,0,0,6.152022
151,1,0,4.398519
152,1,0,5.196726
156,0,0,5.562098
158,0,0,3.346146
159,0,0,3.125459
160,1,0,4.354448
162,1,0,0.01024
164,1,0,3.916018
168,1,0,4.09447
169,0,0,3.00206
171,0,0,5.890911
173,0,0,2.787217
174,1,0,4.174381
180,0,0,4.678242
184,1,0,5.205263
186,0,0,2.798396
199,0,0,3.078384
200,0,0,5.920878
201,0,0,3.045949
202,0,0,5.171942
206,0,0,3.075454
208,1,0,4.866699
213,-1,0,6.088925
225,1,0,5.231691
227,1,0,4.551533
228,0,0,5.124154
234,1,0,0.013507
238,0,0,6.187989
241,1,0,5.135336
244,0,0,2.899175
261,1,0,4.481137
263,0,0,2.700663
271,1,0,5.004287
275,-1,0,5.862513
276,1,0,3.913667
282,0,0,3.712065
283,0,0,6.025966
285,0,0,0.00034
286,1,0,0.073205
289,0,0,5.032244
292,1,0,3.916731
293,-1,0,5.855433
300,1,0,3.724366
302,-1,0,6.11016
304,1,0,4.162056
305,-1,0,5.593581
312,1,0,5.045206
330,0,0,6.192708
333,1,0,5.231301
335,-1,0,5.658705
339,-1,0,5.613839
342,0,0,2.902133
346,-1,0,5.87901
347,-1,0,5.606032
352,0,0,4.851509
355,0,0,3.588545
387,-1,0,5.861316
401,-1,0,5.330716
407,1,0,0.191751
409,1,0,3.601252
414,1,0,3.649081
416,1,0,0.218927
417,-1,0,5.358206
419,-1,0,5.062052
427,1,0,4.629328
431,1,0,3.436577
438,1,0,5.288617
439,1,0,0.276501
441,-1,0,5.290733
457,1,0,0.267974
460,-1,0,5.021039
462,-1,0,4.765941
467,1,0,4.758987
479,1,0,4.996885
481,1,0,5.104732
494,1,0,0.059405
498,-1,0,4.87773
500,-1,0,4.601852
505,1,0,5.310763
509,1,0,3.400781
514,-1,0,5.023842
536,-1,0,5.21387
543,1,0,5.468939
551,-1,0,4.953536
568,-1,0,4.229802
576,-1,0,4.045434
577,-1,0,4.883367
585,0,0,2.502392
621,-1,0,3.83699
623,1,0,0.412825
624,0,0,2.133631
637,-1,0,5.372493
644,2,0,5.5579
646,0,0,2.649884
653,0,0,2.629643
661,-1,0,6.087663
666,-1,0,4.013691
670,-1,0,3.991482
672,1,0,0.426685
675,0,0,4.94391
679,0,0,2.369557
680,1,0,4.863587
688,1,0,3.031181
689,1,0,4.938561
699,-1,0,4.334154
701,-1,0,4.56925
719,2,0,5.645118
722,-1,0,4.263787
730,1,0,2.841247
735,-1,0,3.6657
750,0,0,1.794789
751,2,0,5.487101
757,0,0,0.057472
758,1,0,3.203934
761,1,0,0.14792
766,0,0,2.080959
773,-1,0,4.260443
779,-1,0,5.115393
782,2,0,5.75315
795,-1,0,3.503999
796,2,0,5.780307
804,0,0,1.477547
813,-1,0,3.554555
815,0,0,0.077888
818,2,0,5.890584
821,1,0,4.940339
823,1,0,2.548416
835,2,0,6.002736
838,-1,0,3.312009
839,1,0,2.297124
844,1,0,4.861701
848,1,0,2.047409
855,2,0,5.712682
865,0,0,2.091005
872,2,0,5.612812
875,0,0,1.873039
881,0,0,2.652161
889,0,0,2.309829
894,2,0,5.764756
904,1,0,1.071384
915,2,0,5.712922
916,0,0,4.157205
921,0,0,1.990139
924,-1,0,3.800295
926,-1,0,3.085104
928,-1,0,3.113458
929,1,0,1.366971
932,1,0,2.048412
935,-1,0,2.758345
943,-1,0,2.839244
945,2,0,5.450002
949,1,0,2.438581
950,1,0,1.245673
952,2,0,5.619728
955,2,0,5.925994
957,2,0,5.386846
962,-1,0,6.250688
973,0,0,1.650692
978,2,0,5.563037
979,0,0,1.436804
981,0,0,1.47914
986,-1,0,2.810421
998,0,0,6.252126
1007,1,0,1.728716
1009,1,0,0.421557
1018,0,0,1.164865
1065,2,0,5.735206
1070,1,0,0.889346
1073,-1,0,4.432851
1074,-1,0,5.05222
1079,-1,0,4.948826
1080,-1,0,3.716906
1081,0,0,1.476315
1107,0,0,0.081401
1108,2,0,5.338021
1109,2,0,5.817797
1120,1,0,0.32578
1131,2,0,5.42485
1134,2,0,5.558766
1144,-1,0,6.252805
1153,-1,0,2.469573
1158,0,0,0.098128
1182,-1,0,2.335164
1205,1,0,2.658514
1224,-1,0,2.620397
1243,1,0,1.712359
1248,0,0,1.113507
1252,1,0,1.99505
1255,-1,0,3.452413
1263,1,0,0.533884
1276,0,0,1.281339
1280,-1,0,2.430088
1286,-1,0,4.65978
1303,-1,0,3.497915
1316,-1,0,2.503461
1330,1,0,1.427008
1338,1,0,0.976381
1347,1,0,0.063687
1350,-1,0,2.154491
1353,1,0,4.42738
1369,2,0,3.217278
1373,0,0,1.590184
1374,1,0,1.914386
1384,1,0,1.721491
1385,1,0,4.317361
1396,-1,0,3.656922
1397,-1,0,3.681753
1405,2,0,5.843128
1420,-1,0,2.044291
1427,1,0,0.681223
1446,1,0,1.291983
1473,2,0,5.974421
1477,1,0,0.475186
1482,1,0,4.22297
1486,1,0,0.964358
1541,-1,0,2.270881
1567,-1,0,2.616506
1574,2,0,6.116046
1584,1,0,1.973747
1595,1,0,1.704396
1613,1,0,4.44372
1626,1,0,3.718001
1627,1,0,2.134323
1628,1,0,1.699233
1633,1,0,2.375915
1635,1,0,0.820293
1639,1,0,2.235604
1645,1,0,1.993159
1646,1,0,5.094783
1648,0,0,0.847648
1653,1,0,0.601321
1655,0,0,0.703683
1665,0,0,0.505794
1674,1,0,1.149536
1688,0,0,0.732399
1691,-1,0,4.711006
1700,0,0,1.072815
1701,1,0,4.088689
1709,1,0,1.818866
1713,1,0,1.420422
1717,1,0,0.157259
1726,-1,0,5.206589
1735,0,0,1.234197
1752,2,0,6.271554
1761,1,0,0.096104
1766,-1,0,3.207263
1771,2,0,6.253556
1822,1,0,3.652757
1836,3,0,0.08747
1849,0,0,0.206584
1851,3,0,0.216492
1876,1,0,2.688924
1910,1,0,1.090265
1914,-1,0,1.898952
1917,0,0,0.864023
1922,-1,0,1.755989
1927,-1,0,1.549451
1929,2,0,6.142697
1932,-1,0,1.736237
1934,-1,0,1.392043
1954,0,0,0.415328
1957,1,0,1.583356
1961,1,0,4.112401
2007,1,0,2.57755
2013,1,0,4.918278
2032,0,0,0.358507
2046,1,0,1.37711
2048,-1,0,1.325009
2062,2,0,6.196417
2076,1,0,3.9184
2077,1,0,1.570263
2079,-1,0,1.674681
2086,1,0,2.691424
2102,1,0,1.162905
2108,1,0,2.48531
2109,1,0,0.917571
2129,1,0,2.832797
2162,-1,0,1.476852
2164,1,0,2.821576
2184,1,0,0.676969
2186,1,0,2.898493
2191,1,0,5.171984
2249,0,0,0.947927
2266,0,0,1.187515
2269,-1,0,1.125717
2270,0,0,0.320931
2279,1,0,0.393
2288,-1,0,3.977334
2289,1,0,0.829105
2319,1,0,0.636512
2332,0,0,0.760097
2333,1,0,0.432075
2334,1,0,3.809009
2350,1,0,0.419563
2359,1,0,2.994941
2360,1,0,2.584134
2378,1,0,0.533446
2396,1,0,1.259895
2425,1,0,3.524235
2463,1,0,2.643366
2467,1,0,0.381563
2468,1,0,0.758789
2491,1,0,3.698975
2514,1,0,3.683062
2534,3,0,0.468809
2540,1,0,1.23729
2544,1,0,3.921407
2564,3,0,0.473731
2568,0,0,0.647395
2577,-1,0,0.983437
2585,1,0,0.970507
2586,1,0,0.654628
2603,3,0,0.69126
2611,1,0,2.829367
2652,3,0,0.645651
2681,-1,0,1.453126
2696,-1,0,0.840401
2718,1,0,0.811993
2719,-1,0,1.308666
2723,1,0,4.485512
2724,0,0,0.549926
2731,-1,0,3.233105
2732,0,0,0.507801
2735,1,0,0.939132
2754,1,0,4.637007
2779,-1,0,3.022574
2780,1,0,3.419859
2781,-1,0,1.141925
2821,3,0,0.818399
2840,1,0,3.084574
2843,1,0,2.386483
2846,3,0,0.884694
2871,-1,0,3.03209
2947,-1,0,3.212387
2968,3,0,0.794188
3016,1,0,0.738657
3031,-1,0,0.795535
3036,-1,0,0.817332
3044,-1,0,1.128302
3069,1,0,1.082484
3097,1,0,2.945829
3148,1,0,1.027685
3198,-1,0,0.711949
3225,3,0,0.253663
3272,1,0,3.049502
3273,-1,0,0.811734
3317,1,0,3.164829
3336,2,0,3.152838
3341,1,0,3.167241
3342,3,0,1.002874
3366,3,0,0.865435
3372,3,0,1.167393
3393,3,0,1.054393
3407,-1,0,0.472536
3468,2,0,6.006919
3481,3,0,0.86188
3486,-1,0,0.452738
3493,1,0,1.297629
3495,1,0,3.671972
3540,3,0,0.280584
3566,3,0,0.237748
3607,2,0,3.102088
3617,-1,0,1.128478
3671,1,0,3.60715
3675,-1,0,1.054408
3676,-1,0,0.343522
3677,1,0,3.204765
3685,-1,0,4.004924
3735,3,0,0.708081
3736,1,0,3.921097
3813,3,0,0.50408
3817,1,0,3.350446
3825,3,0,0.985144
3841,3,0,0.26263
3850,3,0,1.118715
3861,3,0,1.109499
3876,1,0,2.698094
3881,1,0,3.554466
3885,3,0,0.380938
3893,-1,0,0.661711
3929,-1,0,2.8913
3945,-1,0,0.34639
3978,1,0,2.489955
3982,-1,0,0.886842
4046,-1,0,0.289135
4070,3,0,1.188158
4133,3,0,1.450371
4142,-1,0,2.721015
4146,-1,0,0.31088
4147,3,0,0.418582
4152,3,0,1.719443
4156,2,0,3.245518
4169,-1,0,0.161373
4173,3,0,0.094218
4181,3,0,0.080447
4219,3,0,0.863458
4233,1,0,3.447292
4297,-1,0,0.113848
4303,-1,0,0.349299
4310,-1,0,0.53226
4337,-2,0,6.218411
4364,3,0,1.323888
4382,-2,0,1.286758
4414,-1,0,0.674032
4440,3,0,0.160491
4462,3,0,1.952418
4466,3,0,1.726161
4546,-1,0,0.141608
4562,3,0,1.565191
4593,2,0,6.278294
4686,-2,0,0.815266
4709,3,0,0.093626
4715,3,0,0.791071
4723,-1,0,0.202586
4725,-1,0,3.324655
4757,3,0,1.00864
4766,-2,0,2.057829
4773,-2,0,2.310341
4774,3,0,1.421095
4776,3,0,1.459567
4830,-2,0,1.780769
4856,-1,0,0.449066
4862,-1,0,0.397359
4911,1,0,2.653536
4920,-1,0,0.131844
4933,-2,0,6.277346
4964,-2,0,5.821067
4993,3,0,2.260243
5013,2,0,2.983027
5015,1,0,0.614988
5055,-2,0,2.253477
5059,1,0,2.955068
5065,-2,0,6.235974
5069,-2,0,6.043387
5075,-2,0,1.86264
5091,3,0,1.603934
5096,-1,0,0.45242
5117,1,0,3.117925
5129,-2,0,6.220643
5150,3,0,0.862091
5217,3,0,1.309429
5221,-2,0,5.628936
5248,-2,0,2.517609
5259,0,0,0.655569
5291,3,0,1.708763
5294,3,0,1.17092
5301,2,0,2.863294
5303,3,0,5.647534
5313,-1,0,0.275348
5314,3,0,0.462368
5316,3,0,1.327083
5329,3,0,1.429667
5331,3,0,1.492165
5346,1,0,3.117516
5355,-1,0,0.576145
5360,-2,0,2.713367
5365,3,0,0.609036
5380,3,0,0.660624
5395,3,0,1.298095
5413,3,0,5.910975
5414,-1,0,0.128354
5470,3,0,1.816103
5479,3,0,0.71487
5527,-2,0,6.043893
5536,-2,0,5.787404
5548,3,0,0.498115
5551,-2,0,6.269982
5585,3,0,1.638223
5600,-2,0,5.61647
5611,2,0,6.005501
5613,3,0,5.991634
5624,3,0,2.380077
5655,2,0,6.146374
5679,3,0,6.150811
5691,-2,0,2.209196
5718,3,0,6.24208
5720,3,0,0.02706
5732,3,0,1.586499
5736,3,0,2.506272
5751,2,0,2.761426
5768,3,0,1.978138
5778,-2,0,5.441804
5791,-2,0,6.274643
5792,3,0,0.915221
5835,3,0,2.076328
5838,-2,0,1.820541
5846,3,0,2.762067
5858,-2,0,2.295049
5862,-2,0,2.396475
5869,-2,0,6.001333
5924,0,0,0.472259
5940,3,0,5.921566
5948,3,0,0.618851
5973,-2,0,0.24402
5979,-2,0,5.688493
6007,2,0,6.132641
6019,2,0,6.239599
6024,2,0,2.576765
6057,1,0,3.158955
6066,-2,0,2.081294
6069,3,0,2.891444
6071,3,0,2.894649
6075,-2,0,1.751972
6076,-1,0,2.464414
6107,-2,0,1.933642
6126,3,0,1.804744
6135,-2,0,5.599162
6151,3,0,2.724288
6164,-2,0,1.709042
6166,-2,0,0.409585
6168,1,0,4.979634
6179,-2,0,1.05022
6200,-2,0,5.887976
6202,3,0,5.793398
6206,3,0,5.571654
6233,2,0,3.194152
6235,3,0,2.947462
6240,3,0,3.092003
6252,0,0,0.259782
6282,-2,0,1.446848
6283,3,0,2.029797
6298,3,0,3.066245
6314,-2,0,1.626133
6353,-2,0,1.485338
6377,4,0,0.109777
6380,3,0,2.11423
6384,-2,0,0.088859
6385,3,0,5.463141
6388,-2,0,2.699293
6401,3,0,2.102859
6409,3,0,2.269631
6474,-2,0,6.07537
6509,3,0,2.247588
6545,3,0,2.349072
6549,3,0,1.881071
6564,-2,0,2.959913
6568,-1,0,4.524244
6572,-2,0,1.262578
6677,-2,0,1.248037
6685,4,0,0.322574
6692,-2,0,0.314455
6694,-2,0,0.599691
6698,3,0,5.474074
6699,3,0,5.518769
6738,4,0,0.062218
6760,4,0,0.157203
6766,3,0,5.44726
6767,1,0,3.390714
6784,4,0,0.476795
6823,-2,0,5.307627
6828,4,0,0.565621
6859,0,0,0.362909
6865,3,0,5.293655
6895,3,0,2.506564
6939,-2,0,0.622384
6946,-2,0,4.194681
6950,2,0,6.262717
6953,-2,0,3.95412
6969,-2,0,5.765579
6972,-2,0,0.37218
7007,-2,0,5.448742
7009,3,0,6.137646
7041,4,0,0.731411
7046,4,0,0.42609
7049,-2,0,0.040728
7074,-2,0,5.420965
7076,2,0,3.136435
7079,3,0,3.043756
7086,-2,0,0.121344
7140,4,0,0.641863
7146,4,0,0.252884
7157,4,0,0.769024
7160,4,0,0.892233
7170,-2,0,0.797737
7172,3,0,3.124795
7189,3,0,6.032042
7205,4,0,0.549195
7253,-2,0,6.042326
7263,-2,0,1.264849
7279,4,0,0.778098
7292,-2,0,5.234683
7322,3,0,2.482501
7328,3,0,3.257205
7332,4,0,0.578338
7334,3,0,2.304014
7341,3,0,3.388452
7382,1,0,3.570378
7386,4,0,0.247625
7435,4,0,0.955677
7440,-2,0,2.758636
7443,-3,0,6.09681
7458,-2,0,5.653978
7467,3,0,6.085422
7468,3,0,5.343782
7471,-3,0,5.850575
7472,-2,0,1.050773
7489,3,0,5.857457
7508,-3,0,5.75855
7523,-2,0,3.091633
7530,3,0,3.087525
7542,-1,0,3.909073
7548,-3,0,6.01721
7555,-2,0,4.158791
7573,3,0,3.425616
7575,3,0,6.224459
7585,4,0,0.951325
7601,3,0,6.142178
7609,-2,0,5.362165
7614,-2,0,5.053431
7635,3,0,3.299219
7638,4,0,1.124377
7639,-2,0,2.457556
7666,-2,0,1.920945
7681,3,0,5.661529
7686,3,0,3.213416
7689,-3,0,6.247612
7692,3,0,6.177509
7696,-3,0,5.544623
7736,3,0,6.144035
7786,3,0,3.114049
7792,3,0,2.211948
7805,3,0,5.636195
7807,-2,0,0.084339
7821,-3,0,6.261054
7828,4,0,0.157555
7842,3,0,5.9639
7853,-2,0,5.024718
7863,-2,0,3.027423
7876,-2,0,5.138852
7896,-2,0,3.07631
7904,0,0,0.297834
7925,-2,0,4.415596
7939,-2,0,4.876036
7982,-2,0,3.385684
8007,-2,0,3.485151
8012,3,0,2.983549
8043,3,0,5.927918
8044,-2,0,3.449176
8058,2,0,3.036147
8078,-2,0,0.136832
8092,-2,0,5.470423
8119,2,0,2.971208
8122,-3,0,5.27831
8145,-2,0,4.267195
8160,4,0,1.468745
8173,3,0,5.232857
8190,1,0,0.798276
8191,-2,0,3.267302
8198,2,0,2.948187
8230,-2,0,4.879407
8256,2,0,2.569855
8261,-3,0,6.167877
8262,-1,0,1.300461
8266,2,0,2.859416
8267,2,0,2.78904
8276,2,0,2.48957
8298,4,0,5.527524
8300,2,0,2.725081
8314,-3,0,5.236615
8321,-2,0,0.05007
8347,4,0,0.946525
8358,4,0,5.662308
8366,4,0,0.267844
8372,-3,0,6.079835
8404,-2,0,4.657083
8421,-2,0,3.02545
8492,3,0,3.45601
8519,-2,0,4.899746
8532,3,0,3.540506
8536,2,0,2.485363
8540,4,0,5.793186
8546,-1,0,5.11904
8552,-2,0,4.504556
8572,3,0,3.315972
8597,-2,0,0.261774
8605,1,0,3.507229
8653,-3,0,5.369944
8657,2,0,2.948579
8661,3,0,2.372458
8662,4,0,5.891031
8681,4,0,5.71311
8683,4,0,0.066796
8688,3,0,5.757982
8698,1,0,3.349129
8717,4,0,0.170389
8737,-2,0,2.81638
8759,4,0,5.998949
8772,3,0,3.21652
8797,4,0,5.551492
8798,-2,0,4.335742
8815,4,0,5.959869
8830,4,0,6.18567
8832,2,0,2.923787
8838,-2,0,4.712881
8866,4,0,6.171339
8911,3,0,5.565808
8917,-2,0,4.137951
8922,2,0,3.203077
8926,-2,0,4.440291
8948,4,0,5.696503
8955,3,0,3.535208
8983,2,0,2.572183
8986,-3,0,5.519829
8996,3,0,3.523692
9013,-2,0,3.398783
9031,-2,0,3.43992
9035,4,0,1.181012
9063,4,0,5.401918
9066,-2,0,3.21564
9099,-2,0,5.182578
9111,4,0,1.374557
9149,-2,0,2.686401
9160,-2,0,0.432957
9181,3,0,3.463944
9227,4,0,0.719452
9232,-2,0,3.494276
9234,3,0,3.66486
9254,-2,0,4.337108
9276,4,0,5.571975
9315,4,0,1.286635
9356,-1,0,1.763132
9464,-3,0,6.056634
9472,4,0,1.238656
9505,3,0,3.78207
9506,-1,0,1.951688
9535,4,0,0.431902
9544,3,0,2.429298
9548,-2,0,4.073313
9559,4,0,5.798543
9566,-1,0,1.616275
9573,4,0,0.006718
9606,4,0,1.212393
9640,3,0,3.938932
9646,3,0,4.080596
9648,4,0,1.409131
9669,3,0,3.641641
9676,-2,0,3.422309
9679,-2,0,3.915792
9692,-2,0,0.308091
9714,-3,0,5.168133
9723,-3,0,5.519007
9724,3,0,4.306573
9751,4,0,1.204998
9758,4,0,1.445103
9786,-2,0,4.611421
9796,-3,0,5.300367
9811,4,0,0.3675
9820,-2,0,4.615338
9834,-3,0,5.356327
9836,-3,0,5.308331
9867,3,0,3.945762
9875,3,0,5.470805
9908,4,0,5.665572
9910,-2,0,0.622846
9936,3,0,3.42299
9947,-2,0,0.604115
9948,1,0,0.141475
9960,4,0,5.442551
9972,4,0,1.490879
9986,4,0,1.431902
10013,3,0,5.450117
10016,4,0,5.345072
10018,-3,0,5.739268
10023,4,0,5.884436
10024,3,0,4.411047
10026,3,0,3.829954
10044,4,0,0.946333
10053,3,0,5.253445
10069,4,0,5.610641
10099,4,0,0.868956
10142,1,0,3.335898
10150,-3,0,6.121477
10151,-3,0,5.059449
10156,3,0,4.085238
10159,-2,0,0.662722
10188,-3,0,5.211624
10223,4,0,1.508435
10237,-2,0,3.936118
10240,4,0,1.27438
10265,3,0,3.699076
10279,4,0,6.256548
10282,4,0,0.412977
10288,3,0,4.071714
10298,-2,0,4.008693
10306,3,0,2.87724
10307,4,0,5.268734
10321,1,0,4.85292
10337,2,0,2.753126
10342,-2,0,4.798041
10355,3,0,5.344718
10376,5,0,0.009833
10399,3,0,5.252427
10410,-3,0,5.235528
10420,3,0,5.200312
10460,3,0,3.590071
10463,5,0,0.126221
10511,3,0,5.17396
10516,-3,0,4.936228
10538,5,0,0.216769
10548,2,0,2.696799
10574,-2,0,3.751816
10586,4,0,5.713729
10594,5,0,0.152618
10637,-3,0,4.968767
10646,4,0,1.599496
10667,3,0,3.056925
10675,1,0,4.890206
10677,4,0,0.557399
10695,4,0,1.68483
10706,4,0,5.878289
10726,4,0,5.46224
10749,4,0,2.031059
10753,5,0,0.230002
10769,-2,0,4.789741
10828,-3,0,5.83255
10874,-3,0,4.813385
10879,4,0,1.579207
10884,3,0,5.217764
10887,4,0,5.507458
10893,3,0,3.768118
10899,-2,0,0.993474
10938,3,0,3.696378
10952,-3,0,5.088311
10953,4,0,6.250925
10989,-3,0,4.802935
11062,-2,0,0.625705
11088,-3,0,4.718432
11089,-2,0,1.19682
11102,-3,0,4.585859
11130,4,0,2.045295
11178,-3,0,4.317787
11195,3,0,3.561413
11203,4,0,1.506822
11216,3,0,3.304005
11219,3,0,3.879653
11323,3,0,2.815522
11327,3,0,5.038373
11330,4,0,1.927355
11336,-3,0,5.991932
11373,3,0,4.959272
11381,3,0,2.68429
11387,4,0,2.308466
11400,4,0,0.703537
11402,3,0,4.522205
11406,4,0,6.181189
11430,4,0,0.852675
11432,4,0,2.057787
11444,3,0,3.223247
11447,4,0,1.785442
11448,4,0,1.400812
11464,5,0,0.35011
11499,4,0,1.776858
11513,4,0,5.820073
11556,4,0,2.800951
11557,3,0,4.126138
11564,4,0,5.972661
11599,3,0,3.655748
11603,3,0,4.175321
11616,4,0,5.005661
11617,4,0,4.968518
11705,3,0,5.079126
11722,5,0,1.890944
11748,4,0,4.900986
11757,3,0,3.898783
11778,4,0,4.76595
11779,2,0,2.630575
11784,-3,0,4.748662
11796,5,0,1.810289
11856,3,0,4.407008
11888,4,0,5.712869
11892,4,0,6.116038
11912,5,0,1.93529
11949,4,0,6.08543
12013,5,0,1.609971
12024,3,0,4.200649
12027,-3,0,4.047321
12053,5,0,1.659782
12076,-2,0,4.020084
12100,-3,0,4.592232
12108,3,0,2.69902
12111,-2,0,3.639363
12120,4,0,6.047946
12147,4,0,5.066233
12170,-2,0,3.886909
12172,-2,0,3.566183
12251,5,0,1.580102
12255,5,0,1.670606
12265,3,0,4.859049
12270,2,0,2.534436
12300,4,0,6.172948
12307,5,0,1.782135
12315,5,0,1.968775
12319,-3,0,1.854829
12322,4,0,4.951357
12324,5,0,1.598784
12332,4,0,1.663338
12333,5,0,1.369767
12363,5,0,1.521231
12365,5,0,1.771873
12368,-3,0,1.559071
12370,3,0,4.603536
12390,4,0,5.843119
12435,-3,0,4.474795
12439,-2,0,4.849432
12450,3,0,3.594895
12456,-3,0,3.843451
12475,4,0,5.015548
12483,-2,0,0.945082
12485,-3,0,1.94976
12490,5,0,1.44167
12548,5,0,1.911446
12579,4,0,5.671232
12610,3,0,1.332392
12615,3,0,4.769453
12626,4,0,4.691273
12645,4,0,2.477595
12673,3,0,2.968596
12690,3,0,4.868505
12701,-3,0,3.547324
12727,4,0,4.270907
12738,4,0,5.443611
12739,4,0,5.31453
12742,4,0,6.155771
12751,4,0,4.502205
12756,-3,0,4.809669
12758,4,0,2.725024
12765,4,0,5.182522
12773,3,0,4.805104
12800,4,0,1.873145
12811,-3,0,1.464592
12828,-3,0,4.436478
12829,5,0,2.061563
12843,3,0,4.709822
12869,-2,0,3.964583
12872,5,0,2.155621
12873,5,0,2.252216
12883,4,0,4.334951
12896,-3,0,1.176168
12898,4,0,2.250474
12905,4,0,4.080766
12915,3,0,4.944167
12932,5,0,2.109381
12933,3,0,4.192624
12941,4,0,4.221437
12944,4,0,2.951018
12963,-3,0,1.335795
12993,4,0,4.004163
12995,3,0,4.744859
13037,-3,0,2.163846
13058,5,0,1.802469
13062,4,0,5.018073
13085,-3,0,2.292783
13088,-3,0,4.700627
13097,-2,0,3.227561
13116,3,0,4.708011
13121,3,0,4.352117
13143,-3,0,1.025221
13147,5,0,2.428033
13156,4,0,5.28451
13195,4,0,2.186457
13206,5,0,1.87554
13237,5,0,2.105684
13288,3,0,4.956807
13300,-3,0,4.452545
13301,3,0,4.577561
13304,3,0,4.331088
13312,-3,0,4.271883
13331,5,0,2.378393
13340,-3,0,4.734774
13348,5,0,2.405949
13350,5,0,1.665698
13357,5,0,1.613532
13372,3,0,5.033607
13377,4,0,5.169227
13402,4,0,0.037932
13432,-2,0,3.765268
13433,3,0,4.501764
13446,3,0,2.835196
13450,4,0,4.619117
13478,4,0,2.623365
13490,4,0,4.475921
13496,-3,0,4.128449
13527,5,0,2.334036
13544,4,0,4.994626
13557,4,0,2.108255
13607,5,0,2.595496
13619,4,0,3.838852
13654,-3,0,1.920552
13656,-3,0,3.983736
13688,4,0,2.047393
13699,4,0,3.910407
13706,3,0,4.4811
13771,-3,0,3.804831
13782,5,0,2.687946
13795,3,0,4.643858
13803,5,0,2.824109
13810,-3,0,3.493751
13855,-3,0,2.678964
13883,-3,0,3.460553
13909,4,0,3.868899
13918,-3,0,1.033386
13941,4,0,2.460151
13953,4,0,5.43528
13977,-3,0,5.11195
13987,-3,0,0.892119
13997,4,0,1.9812
13999,3,0,4.545034
14012,-3,0,4.205674
14052,-3,0,0.64657
14071,4,0,5.255249
14085,5,0,0.26064
14088,4,0,3.024538
14091,4,0,3.147038
14094,4,0,2.526522
14098,4,0,6.063925
14117,-3,0,0.575309
14122,4,0,3.304538
14134,4,0,5.210621
14137,5,0,2.305596
14144,-2,0,4.972538
14158,-4,0,5.617788
14190,4,0,2.442357
14204,-3,0,0.5271
14210,3,0,2.106959
14246,5,0,1.373696
14249,5,0,2.646035
14259,-3,0,4.221226
14272,4,0,3.183262
14288,4,0,2.281788
14313,-3,0,0.750361
14342,4,0,3.816847
14395,-3,0,4.109682
14422,-3,0,0.265305
14451,4,0,5.173918
14460,4,0,3.363523
14464,-3,0,2.527726
14482,-3,0,2.783369
14497,4,0,2.209763
14503,-3,0,3.912029
14509,5,0,2.175201
14520,3,0,2.583823
14550,5,0,2.968408
14570,4,0,3.785524
14574,4,0,3.265243
14575,-3,0,3.764923
14593,5,0,1.444435
14612,4,0,4.875738
14641,5,0,3.156532
14652,3,0,2.714371
14663,4,0,5.312015
14688,5,0,2.129248
14711,-3,0,3.69352
14716,5,0,2.597423
14731,4,0,3.92007
14805,3,0,2.469256
14816,4,0,4.696275
14819,-3,0,1.304659
14822,3,0,3.264406
14824,4,0,2.565445
14860,5,0,2.413294
14927,5,0,0.321513
14929,-3,0,0.867877
14931,-2,0,3.6946
14986,-3,0,1.199917
15007,5,0,2.935422
15018,5,0,0.054991
15036,3,0,3.230497
15042,-4,0,4.712909
15047,4,0,1.842164
15057,4,0,3.778379
15074,5,0,0.257281
15095,4,0,4.705145
15115,4,0,4.834002
15134,5,0,2.924453
15147,4,0,2.619382
15153,5,0,2.542129
15188,-4,0,5.234055
15202,5,0,1.471809
15244,5,0,0.165711
15251,4,0,3.65575
15283,5,0,0.0401
15315,5,0,1.256629
15316,4,0,2.540214
15365,4,0,1.763429
15385,4,0,4.826418
15386,5,0,2.976125
15393,5,0,2.600918
15425,5,0,1.16054
15468,4,0,3.604852
15470,5,0,2.292668
15484,-3,0,5.05557
15495,5,0,1.091424
15504,5,0,1.289322
15507,4,0,4.561309
15536,5,0,0.998062
15542,4,0,3.437423
15565,5,0,2.761998
15589,3,0,2.549395
15599,5,0,1.020636
15627,-3,0,0.289897
15640,5,0,0.360647
15663,5,0,3.265692
15699,5,0,1.301451
15755,-3,0,1.39943
15757,-3,0,4.992315
15772,-3,0,3.626547
15784,-3,0,0.348338
15787,5,0,2.321376
15809,5,0,1.521704
15810,4,0,4.032474
15811,-4,0,4.576403
15829,-3,0,3.448311
15840,-3,0,3.554431
15855,-4,0,4.665834
15878,-3,0,0.577642
15889,4,0,1.664001
15930,-3,0,2.939112
15949,-4,0,3.309701
15950,-4,0,3.538559
15990,-4,0,3.663989
15992,-4,0,4.378921
15994,-3,0,1.685004
16016,-3,0,0.1236
16024,-4,0,4.064297
16044,-3,0,3.607427
16046,-3,0,3.338219
16068,4,0,4.592747
16072,4,0,1.654567
16082,4,0,3.652616
16091,5,0,1.130731
16100,5,0,3.159288
16127,-3,0,0.968141
16166,-4,0,4.26597
16169,-3,0,3.74699
16199,-3,0,1.543457
16202,-3,0,1.716549
16206,5,0,0.931452
16218,3,0,2.797854
16228,5,0,1.253275
16247,-4,0,4.90753
16249,-3,0,1.853747
16251,4,0,4.152749
16255,-3,0,3.322885
16272,4,0,3.686884
16297,-3,0,0.257435
16312,4,0,4.869618
16313,-3,0,2.964041
16322,5,0,0.395872
16324,5,0,0.35057
16342,-3,0,4.965538
16353,-3,0,0.922144
16365,4,0,4.432849
16366,4,0,3.031551
16380,5,0,0.817614
16383,5,0,1.412247
16392,4,0,4.203205
16413,4,0,3.687422
16428,5,0,0.324436
16431,4,0,4.320874
16439,5,0,0.661527
16442,4,0,4.47592
16446,5,0,3.082646
16450,5,0,1.448549
16454,4,0,4.741074
16456,4,0,4.078305
16459,5,0,0.488943
16461,5,0,0.922811
16489,5,0,0.987557
16490,-3,0,2.12587
16499,-3,0,2.0584
16508,-4,0,4.834251
16536,-4,0,3.047391
16546,4,0,4.105449
16551,4,0,2.805744
16559,-4,0,2.869409
16560,4,0,5.122054
16572,-2,0,3.020023
16574,-3,0,2.145991
16579,5,0,0.849901
16611,-3,0,3.120035
16615,-4,0,6.086687
16623,-3,0,1.553951
16632,4,0,3.903493
16634,-3,0,4.316644
16637,4,0,2.997573
16638,4,0,2.98704
16641,4,0,4.610634
16647,-4,0,2.361492
16661,-4,0,4.090782
16662,-2,0,2.989772
16729,-4,0,2.357247
16732,4,0,3.253659
16749,5,0,3.115863
16792,5,0,0.725809
16793,5,0,0.224241
16816,4,0,3.27057
16824,-3,0,2.414598
16856,-4,0,3.387022
16861,-4,0,5.066242
16876,-3,0,2.546766
16887,-4,0,3.801408
16889,-4,0,2.006805
16890,5,0,0.495875
16909,-4,0,1.824499
16916,-4,0,3.327255
16948,-3,0,3.022719
16956,5,0,0.71701
16981,-4,0,5.09354
16994,-4,0,1.625866
17011,-4,0,4.477954
17024,-4,0,5.134898
17035,5,0,0.56627
17041,5,0,0.325405
17045,4,0,2.68879
17049,4,0,3.395981
17072,5,0,0.83781
17074,5,0,2.864397
17095,5,0,0.781332
17104,-2,0,3.897573
17119,-4,0,2.94389
17147,-4,0,4.90783
17167,-3,0,0.167787
17203,3,0,2.657861
17218,5,0,2.602569
17250,5,0,0.67184
17254,-4,0,3.459275
17280,-2,0,3.723359
17281,3,0,5.0952
17297,3,0,2.678448
17321,-4,0,4.303313
17322,-4,0,5.365527
17331,-4,0,4.444695
17334,3,0,2.706369
17345,5,0,2.517721
17361,5,0,5.10294
17376,5,0,5.011979
17388,-4,0,4.775238
17397,4,0,4.280109
17405,-4,0,2.682753
17424,4,0,4.049386
17425,4,0,3.507085
17426,-3,0,4.602923
17430,-4,0,3.872699
17462,5,0,0.594026
17494,5,0,0.202558
17498,5,0,0.483751
17503,5,0,2.718481
17516,-2,0,3.989674
17517,-4,0,5.531189
17536,5,0,2.918337
17558,-4,0,4.134359
17559,-4,0,5.37863
17577,5,0,3.02491
17588,5,0,3.22374
17659,3,0,5.189938
17677,4,0,3.662615
17681,-4,0,3.251388
17683,-4,0,1.615358
17712,5,0,2.820984
17724,5,0,0.230935
17742,5,0,3.134055
17755,-2,0,3.54514
17764,-4,0,4.990765
17775,-4,0,5.854337
17790,-2,0,4.202045
17826,5,0,2.50919
17831,5,0,0.23778
17832,-4,0,5.061787
17859,-3,0,3.879837
17909,5,0,0.520641
17912,5,0,3.290216
17915,-4,0,3.402004
17920,-4,0,5.363245
17926,4,0,1.425906
17936,5,0,2.523206
17984,5,0,3.063891
17998,-4,0,5.714946
18000,5,0,2.77999
18039,4,0,2.833393
18046,-2,0,4.428381
18075,-3,0,2.710445
18082,-4,0,3.349633
18087,-4,0,3.084831
18091,4,0,3.500817
18101,-4,0,6.143804
18105,4,0,3.279794
18115,-4,0,2.353158
18118,5,0,3.131152
18145,-2,0,4.096411
18175,4,0,5.160845
18199,-4,0,5.711092
18219,5,0,0.382259
18290,4,0,3.376755
18303,5,0,0.033564
18320,4,0,3.084343
18382,5,0,6.255498
18405,5,0,1.201339
18419,-4,0,3.688486
18448,3,0,3.079167
18459,-4,0,5.949642
18466,5,0,3.247414
18473,-4,0,5.041944
18491,5,0,2.629302
18494,5,0,1.239841
18497,5,0,3.458819
18500,5,0,0.112008
18509,-3,0,2.365983
18516,-4,0,2.087878
18540,4,0,1.990468
18547,5,0,0.454523
18552,-3,0,2.625605
18593,4,0,3.577322
18604,4,0,2.749922
18605,-4,0,5.821331
18631,5,0,0.113675
18633,4,0,3.739314
18646,6,0,0.094847
18679,5,0,3.470105
18682,5,0,2.894534
18689,-3,0,3.223484
18704,-4,0,2.834067
18725,-4,0,3.98471
18737,5,0,3.03698
18743,-2,0,4.335647
18746,5,0,3.436609
18752,-3,0,3.967377
18774,5,0,6.20285
18778,5,0,1.042808
18811,-4,0,5.34904
18845,-4,0,4.95242
18892,5,0,4.939406
18894,5,0,2.949012
18923,4,0,5.038746
19010,-4,0,2.68637
19065,5,0,2.817578
19071,4,0,1.25945
19077,4,0,4.232835
19105,-3,0,1.80942
19138,-4,0,5.466322
19157,5,0,4.708252
19180,5,0,5.08984
19205,5,0,5.275076
19243,5,0,2.721925
19249,-3,0,2.999413
19262,4,0,3.554553
19273,-2,0,4.50755
19281,-4,0,2.144237
19292,5,0,5.045461
19313,-4,0,1.233159
19316,5,0,3.216845
19375,5,0,6.092521
19446,-4,0,4.140522
19488,6,0,0.119352
19513,5,0,5.990526
19539,-4,0,4.681628
19546,5,0,4.9355
19554,-4,0,1.081496
19617,-3,0,0.005033
19640,5,0,2.964591
19682,3,0,2.987719
19701,5,0,4.692334
19719,-4,0,2.473115
19727,5,0,3.041447
19742,5,0,5.173779
19748,-4,0,2.091535
19756,-4,0,3.684116
19779,5,0,3.296446
19780,5,0,3.396281
19831,4,0,3.661454
19842,-4,0,4.107572
20008,5,0,5.079024
20047,4,0,3.248497
20067,5,0,0.388512
20075,6,0,0.256815
20079,6,0,0.132979
20080,5,0,3.526677
20082,-4,0,5.201818
20086,6,0,6.01119
20102,5,0,6.136576
20106,5,0,4.828653
20133,-4,0,4.561384
20142,5,0,3.233448
20159,4,0,4.994759
20164,-4,0,1.584694
20221,5,0,1.019934
20252,5,0,4.748403
20266,5,0,0.102134
20276,3,0,2.920813
20313,6,0,0.097991
20331,-4,0,4.443995
20340,5,0,3.216311
20349,5,0,4.47494
20381,5,0,4.550851
20403,5,0,4.600973
20405,5,0,4.749803
20488,5,0,4.55865
20498,5,0,4.603499
20503,-4,0,3.727632
20511,3,0,2.778421
20516,-4,0,0.701478
20555,6,0,0.163988
20598,-4,0,0.777376
20634,-4,0,0.594003
20669,-4,0,0.670845
20708,5,0,4.396153
20725,5,0,4.457098
20729,-2,0,4.690426
20738,-4,0,4.330017
20756,3,0,3.065186
20758,4,0,3.359629
20787,-4,0,3.89194
20794,4,0,4.715531
20847,-4,0,2.144621
20860,5,0,4.230992
20920,3,0,2.992377
20953,-4,0,6.133292
20969,-3,0,2.851246
20974,-4,0,4.493518
21050,-4,0,1.063154
21079,-4,0,3.638591
21096,-4,0,5.249445
21134,6,0,0.240868
21228,-4,0,5.378278
21264,4,0,3.884358
21274,-4,0,0.439645
21279,-2,0,4.750492
21304,-4,0,4.426921
21347,-4,0,0.26028
21358,-4,0,1.144828
21399,5,0,0.76696
21495,6,0,0.310461
21550,5,0,6.021717
21590,6,0,6.050947
21596,5,0,6.056788
21622,5,0,5.978751
21652,5,0,4.449939
21670,-4,0,0.259921
21703,4,0,4.792415
21714,5,0,6.159753
21721,5,0,5.990807
21732,5,0,5.945083
21794,5,0,5.081113
21796,6,0,6.110561
21809,5,0,5.859727
21814,5,0,5.020958
21820,-4,0,0.211841
21822,5,0,0.930861
21831,5,0,6.136964
21858,5,0,5.192209
21881,5,0,3.526732
21907,5,0,3.314868
21910,5,0,5.652607
21913,6,0,0.392765
21928,6,0,0.386738
21936,6,0,5.114825
21962,5,0,4.564473
21995,5,0,5.828879
22005,5,0,5.59514
22041,5,0,4.302801
22095,-4,0,0.076281
22109,5,0,4.06302
22128,5,0,6.224018
22147,5,0,5.697699
22158,5,0,3.349527
22174,6,0,0.386097
22198,6,0,6.127693
22238,5,0,3.637734
22240,5,0,3.414305
22263,5,0,5.188968
22264,6,0,5.946982
22276,-5,0,6.135266
22295,6,0,0.502522
22302,-5,0,6.200207
22366,6,0,5.736087
22376,4,0,6.23062
22389,5,0,4.117465
22461,6,0,5.637844
22505,5,0,5.55772
22525,6,0,5.803074
22561,5,0,5.988898
22594,5,0,3.68816
22600,5,0,6.26396
22613,5,0,5.832792
22616,-4,0,2.509436
22631,5,0,5.283086
22647,5,0,3.727632
22679,6,0,5.778271
22710,6,0,5.511359
22733,4,0,6.217603
22790,5,0,6.160035
22799,5,0,5.380727
22824,5,0,4.05157
22838,-4,0,0.277701
22843,5,0,5.663109
22850,6,0,5.540642
22857,5,0,3.713906
22878,6,0,6.209615
22894,5,0,3.720936
22909,4,0,3.02222
22917,-4,0,0.015125
22943,-4,0,0.216591
22962,6,0,5.975589
22990,5,0,3.850028
23008,5,0,3.479614
23027,5,0,3.602419
23062,5,0,3.948257
23124,6,0,5.552849
23138,3,0,2.675873
23146,-5,0,6.041852
23154,6,0,0.576635
23178,5,0,5.463145
23213,6,0,0.047854
23221,5,0,5.409776
23247,6,0,0.492564
23264,2,0,3.086351
23298,6,0,5.099898
23455,6,0,6.160961
23470,-2,0,4.828844
23507,-4,0,2.678867
23544,5,0,3.382872
23548,4,0,3.521279
23554,5,0,5.281611
23592,5,0,5.300285
23665,5,0,3.64858
23685,5,0,5.386968
23756,5,0,5.111678
23839,-2,0,5.003321
23843,6,0,6.276097
23868,-5,0,5.893452
23871,5,0,5.513733
23895,5,0,3.93329
23903,6,0,5.120609
23909,6,0,0.427242
23934,6,0,0.168059
23987,-5,0,5.980198
24016,-5,0,5.652543
24057,6,0,4.991824
24061,7,0,0.059765
24099,-2,0,5.127015
24139,6,0,4.859513
24171,5,0,3.746667
24219,6,0,0.561556
24227,-5,0,5.585264
24313,6,0,0.616574
24329,6,0,4.955054
24334,6,0,5.620603
24335,6,0,0.140341
24492,6,0,0.08294
24495,-5,0,5.97323
24499,6,0,0.384344
24510,-5,0,5.925338
24518,5,0,5.504774
24522,6,0,4.770594
24537,-5,0,5.682247
24540,6,0,5.718423
24553,6,0,0.31604
24615,7,0,0.133733
24631,5,0,3.549113
24666,6,0,0.018125
24673,5,0,5.549763
24677,6,0,0.646289
24683,-5,0,5.843487
24730,6,0,5.637404
24771,-3,0,3.078342
24787,6,0,0.236794
24813,7,0,0.263172
24856,-5,0,5.339048
24875,6,0,5.230004
24940,5,0,4.293879
25090,6,0,0.30718
25097,5,0,3.399448
25119,6,0,5.184014
25123,6,0,5.766966
25162,5,0,5.399193
25208,6,0,5.066882
25218,6,0,5.956565
25226,-4,0,1.484532
25271,5,0,3.010502
25347,7,0,5.38162
25366,6,0,4.900875
25416,6,0,0.466095
25430,6,0,5.695715
25507,6,0,6.117055
25524,6,0,5.599955
25543,5,0,4.69379
25617,6,0,5.886342
25641,-5,0,5.474984
25729,5,0,4.119141
25732,-5,0,5.333243
25748,6,0,5.747049
25758,6,0,0.818084
25795,5,0,0.630262
25825,6,0,0.417167
25841,6,0,6.05517
25843,5,0,3.914122
25876,-5,0,5.003303
25883,6,0,0.97849
25913,5,0,4.605033
25987,6,0,4.784138
26078,5,0,5.874977
26095,-5,0,4.96538
26105,6,0,5.608809
26123,6,0,4.66298
26142,6,0,5.512591
26231,7,0,0.356301
26244,6,0,0.195851
26276,7,0,0.451898
26296,7,0,5.450329
26331,7,0,0.451388
26343,6,0,0.852742
26355,5,0,3.781813
26363,5,0,4.00316
26395,4,0,4.942418
26404,5,0,5.285485
26416,6,0,5.611508
26501,6,0,5.398614
26535,6,0,4.700137
26580,5,0,5.523597
26601,6,0,4.643924
26712,7,0,0.336329
26713,-4,0,1.222308
26735,6,0,4.73985
26755,6,0,4.66613
26757,6,0,5.126469
26759,-4,0,0.948909
26786,6,0,0.755869
26793,7,0,0.54095
26849,-5,0,6.203133
26854,6,0,6.130274
26873,6,0,5.47891
26904,-4,0,0.500165
26910,7,0,5.404918
27066,7,0,0.011122
27099,5,0,4.66802
27134,6,0,4.833767
27139,6,0,0.271545
27161,6,0,5.486478
27346,5,0,5.393221
27393,6,0,5.951623
27405,6,0,0.32105
27452,6,0,0.685735
27480,7,0,0.584845
27493,7,0,5.617577
27645,5,0,4.451855
27655,6,0,5.411202
27751,-5,0,4.928363
27786,-5,0,5.089831
27807,6,0,4.443263
27826,5,0,5.230962
27919,-5,0,4.963869
27948,-5,0,4.902032
27984,6,0,0.574882
27987,2,0,3.200558
28096,-5,0,5.111663
28132,-5,0,5.047998
28153,6,0,5.278948
28168,6,0,6.273683
28324,5,0,0.780669
28365,7,0,0.423499
28460,6,0,0.96602
28462,5,0,5.425402
28589,6,0,0.824224
28607,6,0,4.201201
28652,6,0,5.302073
28677,6,0,5.214903
28678,5,0,4.314204
28687,-5,0,4.950092
28779,7,0,0.045409
28813,6,0,5.630023
28822,5,0,5.644149
28981,-5,0,4.769485
28983,6,0,3.974167
28984,6,0,4.084347
29039,6,0,4.011981
29080,6,0,3.948709
29094,6,0,5.88634
29120,7,0,0.830429
29154,-5,0,4.651082
29168,6,0,4.55589
29191,7,0,5.876725
29234,7,0,5.898149
29258,-5,0,4.790088
29261,6,0,3.806556
29277,6,0,5.431326
29279,7,0,0.160738
29285,6,0,0.579607
29309,7,0,5.672105
29314,5,0,4.761885
29364,4,0,2.78203
29365,-5,0,4.695048
29417,7,0,6.113303
29421,-5,0,4.264947
29442,7,0,0.8385
29476,7,0,0.218687
29482,-5,0,5.452703
29485,7,0,5.810394
29518,7,0,0.930378
29545,-5,0,4.531076
29555,7,0,5.572265
29579,-5,0,4.724728
29586,7,0,0.882547
29595,-5,0,4.441694
29613,-5,0,4.812013
29624,7,0,5.878005
29669,-5,0,4.329946
29688,6,0,3.970984
29698,-5,0,5.09014
29699,6,0,4.065819
29726,7,0,5.928719
29734,7,0,6.265378
29746,7,0,5.780325
29758,6,0,3.797958
29769,7,0,0.414369
29783,7,0,6.048775
29784,7,0,5.434841
29834,-5,0,4.272377
29858,7,0,0.74889
29876,-5,0,3.933957
29940,6,0,4.067061
29997,-5,0,3.592039
30015,6,0,4.402766
30087,-5,0,4.226503
30096,-5,0,4.255525
30125,6,0,4.228274
30128,7,0,0.187448
30134,-5,0,4.034339
30159,6,0,4.183064
30173,-5,0,3.970992
30180,-5,0,4.507095
30182,-5,0,3.735167
30208,7,0,5.672649
30216,-5,0,3.330749
30222,6,0,4.294986
30236,7,0,0.741624
30256,-5,0,3.797929
30259,7,0,5.727278
30288,6,0,3.883327
30305,7,0,1.038357
30351,8,0,0.023967
30409,7,0,5.441007
30432,6,0,4.46466
30490,7,0,6.201558
30516,-5,0,4.253179
30517,7,0,0.5485
30564,5,0,5.262799
30636,6,0,3.890563
30638,7,0,6.034873
30713,6,0,3.706912
30813,7,0,0.92031
30868,2,0,3.117018
30900,7,0,1.04896
30929,8,0,0.135224
31000,-5,0,3.362872
31009,5,0,4.304635
31013,7,0,0.563547
31112,5,0,5.490928
31128,-5,0,2.776129
31135,8,0,0.231862
31229,5,0,4.957663
31247,6,0,5.082654
31249,-5,0,2.47415
31308,7,0,0.086187
31344,7,0,0.211443
31385,7,0,0.648491
31455,7,0,1.098216
31470,7,0,5.59067
31473,7,0,1.194075
31488,6,0,3.832079
31534,6,0,4.263263
31549,6,0,3.818763
31582,7,0,0.054147
31586,8,0,0.140222
31590,7,0,5.517286
31596,7,0,0.151594
31601,-5,0,2.101891
31622,8,0,0.292945
31627,-5,0,1.596815
31646,-5,0,1.29751
31662,7,0,5.684287
31666,6,0,5.35913
31671,6,0,3.763164
31691,6,0,3.831238
31720,7,0,5.454258
31723,7,0,5.488675
31737,-5,0,2.94636
31740,7,0,6.017641
31750,7,0,5.301558
31752,6,0,3.718945
31756,7,0,5.939641
31788,-5,0,0.796062
31824,6,0,4.922966
31825,6,0,3.911008
31837,7,0,5.352735
31844,8,0,0.368201
31852,-5,0,2.016563
31884,7,0,1.087076
31900,7,0,6.079456
31907,7,0,1.038333
31943,-5,0,1.354084
31982,7,0,5.24758
32008,-5,0,0.800637
32045,6,0,3.656915
32060,7,0,0.997726
32064,4,0,2.814081
32103,7,0,0.335408
32130,-5,0,4.5429
32161,6,0,3.567403
32188,-5,0,0.393693
32196,-5,0,0.947794
32206,6,0,5.386317
32217,-5,0,0.953836
32220,-5,0,2.680289
32237,6,0,3.488122
32251,7,0,5.434798
32281,-5,0,0.369151
32298,7,0,5.098774
32326,-5,0,1.555051
32327,7,0,6.147245
32336,-5,0,2.561032
32358,7,0,0.362823
32366,7,0,4.900386
32389,-5,0,3.399091
32411,7,0,5.243213
32412,7,0,0.282776
32418,7,0,5.771044
32432,7,0,5.246892
32438,-5,0,0.310988
32449,7,0,5.001355
32469,-5,0,2.710064
32523,7,0,0.298837
32584,-6,0,6.269213
32585,8,0,0.409514
32598,7,0,0.678523
32605,-5,0,0.009862
32612,8,0,0.564349
32641,7,0,5.146818
32642,7,0,1.151649
32660,7,0,4.897586
32676,6,0,3.712014
32691,8,0,0.709443
32710,-5,0,2.739321
32731,8,0,0.490587
32755,8,0,0.744841
32814,8,0,0.646457
32865,7,0,4.754367
32923,-5,0,0.105646
32927,7,0,1.324599
32955,6,0,3.627217
32962,7,0,0.427271
33024,-5,0,2.175859
33049,6,0,4.594629
33059,6,0,4.465724
33070,7,0,1.295144
33093,6,0,3.756875
33110,8,0,0.404458
33118,6,0,3.766152
33129,7,0,5.965721
33147,7,0,1.437983
33150,8,0,0.494745
33197,6,0,3.608052
33256,6,0,3.525481
33278,7,0,5.266891
33289,7,0,0.457644
33301,7,0,0.518986
33346,6,0,3.649542
33360,8,0,0.213331
33416,7,0,6.134244
33426,6,0,2.237408
33491,6,0,0.164245
33523,-5,0,1.043822
33537,7,0,1.306292
33595,8,0,0.55776
33611,6,0,2.061336
33624,7,0,6.233288
33634,4,0,2.794071
33645,6,0,3.478181
33658,7,0,1.545408
33683,6,0,2.57411
33688,7,0,4.607332
33708,7,0,0.529292
33723,7,0,4.613517
33788,7,0,1.333044
33794,7,0,4.382596
33803,8,0,0.677841
33840,7,0,4.459531
33850,-5,0,0.647228
33860,6,0,3.436911
33862,7,0,0.144677
33889,7,0,1.513533
33920,8,0,0.021124
33923,8,0,0.348559
33924,6,0,4.05176
33947,-5,0,1.195129
33966,8,0,0.812769
33978,8,0,0.557369
33983,7,0,1.452323
33986,8,0,0.266936
33988,5,0,4.841057
34019,-5,0,3.10551
34071,8,0,0.267515
34081,-5,0,0.026212
34161,8,0,0.168105
34162,-5,0,0.659109
34238,6,0,2.643456
34259,7,0,0.127219
34276,7,0,1.065084
34295,-5,0,0.177012
34357,6,0,2.59645
34382,-6,0,6.24314
34384,7,0,4.878747
34448,8,0,0.868964
34493,7,0,4.052951
34531,6,0,4.472526
34545,6,0,2.454357
34576,7,0,3.836957
34628,7,0,3.768543
34658,-5,0,1.884595
34705,7,0,1.749507
34709,-5,0,1.773225
34792,-6,0,5.98261
34823,7,0,4.96234
34840,6,0,1.035491
34844,5,0,4.929791
34846,7,0,4.401974
34847,6,0,2.728882
34876,5,0,4.835922
34892,6,0,2.799786
34899,8,0,0.133585
34909,7,0,0.897787
34913,6,0,2.724131
34928,7,0,0.219108
34989,6,0,3.541881
34996,6,0,3.419091
35005,6,0,2.705521
35025,7,0,4.725657
35055,8,0,0.21284
35235,7,0,0.813975
35244,8,0,0.409241
35372,6,0,2.839909
35413,7,0,4.900909
35432,7,0,4.528417
35457,7,0,1.648252
35485,7,0,4.99665
35499,6,0,3.310977
35514,7,0,4.639114
35519,7,0,5.122911
35547,7,0,4.462881
35569,6,0,2.47639
35622,7,0,4.765848
35661,7,0,0.756723
35680,7,0,4.827264
35681,6,0,1.91042
35682,8,0,0.010693
35686,6,0,3.378568
35692,7,0,3.82555
35702,6,0,4.229091
35720,7,0,4.62531
35771,8,0,0.286051
35862,7,0,6.274612
35864,8,0,0.109218
35933,7,0,2.001932
35947,8,0,0.368145
36122,7,0,2.262039
36151,6,0,1.134998
36203,7,0,4.69719
36218,2,0,3.022014
36270,8,0,0.760659
36311,6,0,3.67815
36319,8,0,1.37544
36353,7,0,4.578462
36371,2,0,3.098262
36386,7,0,2.354492
36401,6,0,2.585396
36416,8,0,1.361196
36428,8,0,0.647178
36429,8,0,0.754695
36431,6,0,3.355772
36451,6,0,2.960355
36455,6,0,1.902456
36463,7,0,0.119247
36469,6,0,3.057301
36473,7,0,1.685285
36483,6,0,2.389285
36492,8,0,0.875811
36499,7,0,2.072382
36503,7,0,2.116835
36520,-6,0,5.812856
36525,-6,0,5.471261
36569,8,0,1.516213
36639,8,0,0.500156
36719,2,0,2.895961
36726,7,0,2.493634
36746,6,0,3.348298
36747,7,0,2.227344
36758,7,0,1.844461
36766,6,0,0.995497
36771,6,0,4.828689
36784,7,0,0.113356
36792,6,0,3.16069
36800,7,0,2.066513
36812,7,0,1.04849
36814,8,0,1.590925
36817,7,0,6.259778
36837,6,0,2.254291
36843,6,0,1.232988
36856,7,0,1.823079
36872,6,0,1.95016
36927,6,0,1.867333
36992,6,0,1.064467
37006,7,0,1.055063
37018,7,0,2.411541
37031,6,0,3.291336
37064,6,0,3.25416
37119,7,0,1.618351
37125,8,0,1.841834
37198,8,0,1.72763
37207,6,0,1.004733
37266,6,0,2.858283
37272,6,0,3.30184
37277,6,0,2.655369
37304,7,0,0.374551
37310,7,0,4.14548
37313,7,0,2.542124
37320,7,0,0.227828
37374,7,0,3.536168
37393,6,0,3.131727
37417,8,0,0.998912
37418,7,0,6.200595
37446,8,0,1.446103
37486,6,0,2.780278
37492,7,0,3.964825
37545,7,0,2.261001
37560,8,0,1.042134
37562,6,0,1.177841
37566,7,0,2.064399
37584,2,0,2.753226
37668,6,0,2.861648
37714,7,0,3.342034
37779,8,0,1.146496
37790,6,0,4.158903
37817,7,0,2.534637
37848,8,0,1.979326
37853,8,0,1.378638
37862,7,0,2.155421
37884,6,0,2.851994
37929,7,0,3.097753
37931,7,0,2.345365
37957,8,0,1.13393
38006,6,0,2.001118
38024,7,0,2.487938
38027,8,0,1.137905
38028,7,0,1.190503
38043,-6,0,5.609658
38167,6,0,1.917489
38179,7,0,2.901203
38189,7,0,0.303913
38225,-5,0,5.128973
38249,6,0,2.516969
38250,6,0,3.26683
38268,6,0,2.888557
38312,7,0,5.163255
38340,6,0,1.248253
38395,7,0,3.869203
38397,7,0,3.782675
38448,7,0,2.592643
38530,6,0,3.145805
38564,6,0,0.897629
38646,7,0,3.731183
38647,7,0,1.797914
38658,6,0,2.939942
38684,7,0,4.014174
38703,7,0,3.703582
38729,6,0,1.265841
38786,7,0,4.185194
38829,2,0,2.623369
38950,7,0,2.610823
38990,6,0,2.103076
39037,7,0,4.418589
39050,7,0,3.821772
39092,6,0,0.80822
39099,7,0,5.001783
39103,-6,0,4.791081
39164,6,0,2.226122
39183,7,0,4.31251
39219,7,0,3.003532
39277,7,0,3.971795
39309,7,0,4.386215
39346,6,0,1.363467
39351,6,0,3.478843
39353,6,0,1.446913
39360,5,0,3.697362
39367,6,0,1.57863
39369,6,0,3.135999
39450,6,0,3.051218
39453,7,0,4.123492
39463,8,0,0.262434
39483,8,0,0.236082
39519,7,0,4.087636
39574,6,0,1.441601
39592,6,0,1.540662
39595,7,0,2.750293
39604,7,0,2.845666
39623,6,0,1.659715
39627,6,0,2.934675
39641,7,0,4.783603
39706,7,0,0.24552
39720,7,0,3.650088
39753,6,0,3.034461
39809,7,0,3.133741
39841,7,0,4.008854
39863,8,0,1.308601
39889,6,0,1.141524
39971,7,0,4.265428
39995,7,0,2.298612
39998,6,0,2.149821
40013,7,0,3.50451
40034,8,0,0.943883
40075,8,0,1.898216
40178,6,0,1.537095
40247,6,0,3.001597
40331,8,0,0.769708
40446,8,0,1.366593
40520,6,0,1.663048
40545,6,0,1.345456
40552,7,0,3.672627
40573,7,0,3.447286
40611,7,0,3.611207
40617,8,0,1.032307
40738,7,0,2.327142
40813,6,0,1.62382
40927,6,0,3.119125
40932,6,0,2.860632
41043,-6,0,4.687627
41069,-6,0,4.268929
41094,7,0,3.881655
41142,-6,0,4.833288
41221,-6,0,3.917586
41235,6,0,0.752092
41239,7,0,2.932619
41252,7,0,6.197661
41325,7,0,4.1638
41336,8,0,1.938185
41347,-6,0,5.112354
41408,8,0,0.05947
41439,-6,0,3.230908
41572,7,0,3.51975
41591,-6,0,3.695228
41700,6,0,1.754108
41852,7,0,3.028781
41854,8,0,1.481417
41902,8,0,0.346361
41907,6,0,1.724248
41949,8,0,1.270921
41991,-6,0,2.407307
42047,7,0,3.189097
42087,8,0,1.513724
42157,6,0,1.750711
42216,6,0,3.020941
42231,6,0,2.16501
42270,8,0,1.629585
42301,8,0,1.69151
42316,7,0,3.086711
42345,8,0,2.082248
42354,6,0,1.782979
42389,6,0,1.791364
42390,6,0,2.219461
42419,6,0,1.941747
42453,8,0,1.463949
42478,-6,0,4.372548
42514,6,0,2.328272
42518,-6,0,3.070733
42550,8,0,1.29735
42588,-6,0,4.530198
42596,8,0,1.721139
42603,-6,0,4.016927
42614,7,0,2.693395
42637,8,0,1.836726
42680,-6,0,4.828103
42760,-6,0,2.612896
42761,8,0,0.942852
42765,6,0,1.990884
42796,8,0,1.546792
42828,6,0,0.786526
42934,8,0,1.053635
43109,6,0,0.840426
43153,-6,0,4.098162
43182,-6,0,4.201125
43315,6,0,2.030523
43324,8,0,2.137281
43591,8,0,1.124883
43627,6,0,2.338089
43720,-6,0,4.13816
43745,-6,0,1.580332
43819,-6,0,3.434322
44008,7,0,2.513998
44059,6,0,4.382936
44070,8,0,2.171232
44104,8,0,2.282368
44120,8,0,2.272656
44228,6,0,2.924006
44261,7,0,3.409299
44287,8,0,0.659539
44359,8,0,1.525592
44447,7,0,3.0108
44493,7,0,3.106492
44524,7,0,3.242495
44525,-6,0,4.328193
44531,7,0,3.430837
44551,-6,0,4.000799
44578,-6,0,4.67364
44584,-6,0,3.057731
44587,7,0,3.540843
44612,7,0,2.940853
44614,7,0,2.613263
44616,7,0,3.789811
44634,9,0,1.063257
44700,-6,0,1.78517
44741,7,0,3.418517
44776,-6,0,2.364853
44805,-6,0,2.529669
44817,9,0,0.963029
44821,9,0,0.962621
44833,7,0,2.65947
44882,7,0,0.932064
44918,-6,0,4.937891
44944,-6,0,0.96538
44948,8,0,1.442861
44985,-6,0,3.25512
45045,8,0,1.670784
45087,9,0,1.133935
45100,7,0,3.256973
45135,8,0,1.504993
45138,8,0,1.654053
45150,-6,0,2.09433
45190,7,0,1.036075
45209,8,0,0.095263
45234,7,0,2.857268
45264,-6,0,4.182068
45277,6,0,0.921686
45372,7,0,3.006187
45388,-6,0,1.645528
45473,8,0,1.462791
45487,8,0,2.349835
45605,9,0,1.235134
45612,-6,0,0.959937
45623,9,0,0.880203
45650,7,0,2.84838
45675,-6,0,5.20245
45698,-6,0,1.294542
45743,-6,0,1.971413
45791,-6,0,4.508846
45874,-6,0,5.453452
45882,9,0,0.927729
45909,9,0,1.045867
45925,9,0,1.060849
45992,8,0,0.023659
46020,6,0,1.245681
46031,8,0,2.471813
46048,-6,0,1.380552
46058,-6,0,1.315284
46083,8,0,2.218821
46092,6,0,2.477893
46101,9,0,1.393049
46131,6,0,1.539255
46224,7,0,3.56871
46243,-6,0,5.506465
46251,7,0,2.526252
46263,-6,0,0.874826
46267,-6,0,5.271317
46279,-6,0,3.612021
46297,9,0,1.192828
46319,7,0,3.621227
46328,-6,0,0.480635
46354,6,0,1.015003
46362,6,0,1.009429
46366,-6,0,1.262407
46390,9,0,1.356167
46447,-6,0,1.474262
46481,9,0,1.409225
46510,-6,0,1.094489
46534,-6,0,0.106371
46555,9,0,1.607363
46607,9,0,0.808479
46609,-6,0,0.134225
46614,-6,0,0.310515
46619,-7,0,6.066405
46656,-6,0,0.037851
46662,9,0,0.798124
46667,-7,0,6.099962
46670,7,0,4.206787
46682,9,0,0.703641
46719,9,0,0.679111
46754,6,0,1.192567
46813,-7,0,5.742486
46829,-6,0,0.041889
46830,7,0,2.764751
46837,9,0,1.24137
46846,-7,0,6.183234
46882,-7,0,5.683247
46971,9,0,1.466846
47015,-7,0,5.609836
47042,6,0,1.120072
47074,9,0,1.178021
47075,8,0,2.702796
47105,-6,0,2.532928
47115,-7,0,5.395227
47147,8,0,2.459206
47188,9,0,1.709536
47298,-7,0,5.039602
47327,9,0,1.806457
47369,-6,0,5.72026
47399,9,0,1.511175
47410,-7,0,5.728029
47412,-6,0,1.895762
47419,-7,0,5.371076
47441,9,0,1.698027
47551,9,0,0.934569
47575,-7,0,5.260014
47577,9,0,1.865949
47591,9,0,0.516113
47600,7,0,3.176258
47610,9,0,0.391022
47698,-6,0,2.737603
47700,-6,0,0.143562
47714,-7,0,5.211601
47728,9,0,1.017624
47732,-6,0,5.862467
47777,8,0,4.248888
47787,8,0,4.124098
47790,8,0,3.924982
47839,8,0,3.904036
47861,-7,0,4.640015
47872,-7,0,4.18502
47878,9,0,1.939513
47886,9,0,0.840814
47904,7,0,3.375659
47907,8,0,3.691461
47963,8,0,3.780131
47967,8,0,1.613121
47969,8,0,4.150869
47986,6,0,1.422255
48001,9,0,0.514706
48024,9,0,1.099078
48031,8,0,4.067707
48052,9,0,1.249368
48092,8,0,4.45494
48099,9,0,0.922055
48112,8,0,2.840238
48124,8,0,1.766507
48127,9,0,0.353947
48142,-7,0,5.793508
48145,6,0,1.348622
48199,9,0,0.755783
48202,-7,0,5.333628
48230,9,0,2.069032
48236,9,0,1.863991
48264,8,0,4.616712
48290,-6,0,6.002193
48309,8,0,4.255056
48334,6,0,1.715577
48357,8,0,2.856092
48373,9,0,1.950616
48377,-7,0,4.987459
48439,9,0,0.250342
48498,9,0,0.796702
48551,-7,0,4.518043
48591,9,0,0.647772
48592,9,0,1.000403
48604,8,0,4.601302
48605,9,0,0.274537
48619,8,0,1.87228
48621,-6,0,0.499398
48648,-7,0,4.873922
48657,9,0,0.178283
48669,9,0,2.005667
48674,-7,0,5.517476
48704,-7,0,4.931318
48731,-7,0,4.643406
48741,6,0,1.470107
48752,9,0,1.89098
48753,8,0,1.667932
48778,8,0,2.015483
48783,8,0,2.935274
48807,9,0,2.102282
48845,-7,0,4.572457
48861,9,0,1.762314
48862,9,0,2.247598
48957,8,0,4.680514
49019,8,0,2.64702
49080,9,0,2.10226
49093,8,0,1.90149
49114,-7,0,4.688472
49115,8,0,2.722868
49123,-7,0,4.535693
49128,-7,0,6.160892
49145,-7,0,1.629274
49178,9,0,0.466643
49207,6,0,1.704953
49210,8,0,2.154412
49212,8,0,3.591444
49235,7,0,2.707055
49263,9,0,0.440667
49303,8,0,2.171337
49304,8,0,4.697597
49310,9,0,0.533334
49315,6,0,0.718511
49335,8,0,4.73326
49370,6,0,0.920516
49376,-7,0,1.36689
49378,9,0,2.232601
49460,8,0,4.824623
49467,-7,0,5.028969
49534,8,0,3.303608
49536,9,0,0.367213
49595,7,0,1.648194
49665,8,0,4.625416
49708,8,0,2.119458
49743,7,0,2.813045
49753,6,0,3.169649
49869,8,0,4.902501
49913,8,0,4.835964
49942,-7,0,4.627852
49964,9,0,0.311996
50040,9,0,0.128753
50072,9,0,0.078614
50154,9,0,0.037181
50160,8,0,4.363155
50248,7,0,2.968058
50306,8,0,6.178878
50311,-6,0,0.500904
50331,8,0,2.930838
50368,9,0,2.235544
50369,6,0,1.648435
50385,9,0,2.234486
50399,8,0,2.841782
50402,9,0,0.25857
50421,9,0,2.432569
50429,8,0,3.400072
50455,8,0,4.378116
50495,8,0,3.297978
50533,8,0,2.710544
50552,8,0,3.576118
50574,8,0,2.316483
50590,-7,0,4.316107
50602,-7,0,0.443718
50638,8,0,2.828056
50659,9,0,0.366454
50677,-7,0,0.171462
50682,8,0,6.096859
50734,8,0,2.696323
50738,9,0,0.177424
50833,8,0,2.484818
50834,8,0,3.502125
50906,7,0,2.462644
50962,9,0,0.488609
50983,9,0,0.293421
50998,8,0,3.57585
51049,8,0,5.940758
51075,-7,0,0.182924
51107,-7,0,2.106908
51137,9,0,2.545589
51147,9,0,2.538181
51168,9,0,2.077694
51172,9,0,2.368976
51179,9,0,2.13318
51203,9,0,1.789042
51260,9,0,2.413727
51299,8,0,3.165924
51327,9,0,2.429784
51333,8,0,4.400291
51351,-7,0,4.191621
51390,8,0,3.010177
51465,9,0,0.085594
51510,8,0,2.412832
51519,7,0,3.493377
51523,8,0,5.290668
51574,9,0,2.395088
51603,8,0,2.842422
51613,8,0,4.352353
51655,8,0,3.424554
51672,8,0,5.318782
51695,8,0,5.387655
51696,8,0,3.124451
51701,8,0,5.518503
51714,9,0,2.486393
51733,-7,0,0.872746
51764,-7,0,4.104864
51772,8,0,5.320634
51774,9,0,1.869822
51866,-7,0,3.97226
51881,8,0,5.750808
51902,9,0,2.584675
51913,9,0,2.328792
51930,9,0,1.677583
51972,8,0,3.487864
51982,-7,0,4.21681
51986,8,0,3.258512
52034,8,0,3.4216
52062,8,0,5.044323
52068,-7,0,3.850226
52096,8,0,4.984609
52108,-7,0,0.496039
52109,8,0,5.167903
52159,9,0,0.247675
52179,-7,0,3.81012
52182,8,0,5.274536
52186,-7,0,3.84305
52227,8,0,5.173426
52248,7,0,1.488852
52252,-7,0,0.73434
52255,8,0,5.521148
52278,-7,0,4.204989
52282,-7,0,3.451837
52290,-7,0,3.94046
52307,7,0,2.899648
52331,8,0,4.808394
52347,8,0,5.074953
52407,9,0,0.034388
52528,-8,0,5.686858
52554,8,0,4.703368
52569,-8,0,5.54037
52617,8,0,3.255766
52629,8,0,4.470882
52674,8,0,2.807436
52675,8,0,4.889491
52750,-7,0,3.387138
52920,9,0,2.659423
52944,9,0,2.574517
52959,7,0,1.691579
52991,-7,0,0.32133
53003,8,0,4.627184
53010,8,0,3.338902
53044,8,0,3.212066
53205,-8,0,6.220737
53210,8,0,5.07616
53228,8,0,3.257981
53239,8,0,3.216162
53260,-8,0,5.868409
53320,9,0,2.775172
53349,-7,0,3.157589
53357,-7,0,3.626828
53436,8,0,4.953865
53437,-7,0,3.214495
53450,8,0,3.062831
53491,8,0,3.385038
53567,8,0,5.863743
53576,-8,0,5.919846
53583,-8,0,5.929776
53588,8,0,2.836126
53650,-8,0,6.271673
53654,8,0,4.496638
53676,8,0,0.130831
53702,9,0,2.449995
53721,8,0,3.459992
53734,8,0,3.311524
53758,-7,0,1.10893
53772,-7,0,2.730761
53785,-7,0,4.263779
53799,-8,0,5.16986
53851,8,0,3.329517
53867,-7,0,2.710993
53868,-8,0,5.116611
53891,8,0,4.228423
53906,-8,0,5.000582
54027,9,0,2.758699
54047,8,0,5.600194
54087,8,0,4.20144
54094,8,0,4.45404
54134,8,0,4.316214
54138,9,0,2.922225
54148,-7,0,2.809432
54151,-7,0,0.257102
54224,-7,0,0.420054
54242,8,0,3.99466
54248,9,0,2.923345
54336,8,0,4.105777
54338,-7,0,3.142326
54388,-7,0,3.387733
54424,9,0,2.761645
54431,9,0,3.030651
54456,9,0,3.127268
54540,-8,0,6.271639
54548,9,0,3.218898
54580,8,0,3.142097
54678,-8,0,6.225144
54679,-8,0,4.76217
54716,8,0,4.56625
54813,-7,0,0.930719
54829,-7,0,1.333959
54851,-8,0,5.35338
54900,10,0,1.068395
54937,-8,0,4.696085
55009,-8,0,5.145921
55062,8,0,3.225325
55120,8,0,4.740147
55124,9,0,2.371485
55139,-8,0,5.126894
55197,-8,0,5.58978
55225,8,0,4.601685
55287,-8,0,5.42074
55288,-8,0,5.056868
55341,8,0,3.021753
55380,8,0,5.646631
55393,9,0,3.288928
55410,9,0,2.755682
55413,-8,0,5.492119
55431,-8,0,5.725055
55464,9,0,2.668962
55493,-7,0,2.840917
55496,9,0,2.432867
55574,8,0,3.993447
55603,8,0,3.105106
55618,8,0,5.739927
55655,9,0,0.031129
55666,8,0,3.104021
55703,-7,0,0.756487
55758,8,0,4.721925
55779,9,0,2.989118
55781,-7,0,0.370441
55785,-7,0,5.080683
55839,-8,0,4.909958
55856,-7,0,0.559939
55867,9,0,3.065466
55949,8,0,2.90607
56099,8,0,4.789096
56110,-7,0,2.049137
56170,8,0,4.751485
56235,9,0,3.219707
56254,8,0,3.020341
56261,7,0,1.448825
56287,9,0,3.360244
56362,10,0,1.011268
56551,-7,0,2.017297
56581,9,0,3.348929
56582,10,0,0.957376
56653,8,0,4.916716
56674,-8,0,4.670233
56728,9,0,3.182939
56754,-7,0,3.725009
56777,9,0,3.332985
56778,-7,0,0.635944
56798,10,0,0.941156
56886,8,0,4.973779
56905,8,0,2.707834
56910,8,0,4.746357
56934,10,0,1.103159
56978,9,0,3.482152
56986,9,0,3.425412
56994,8,0,5.058185
57050,8,0,4.972901
57051,9,0,3.572017
57100,10,0,0.887793
57159,8,0,5.117419
57232,8,0,3.899327
57233,10,0,1.243881
57338,8,0,5.134662
57350,10,0,0.766235
57363,10,0,1.240025
57366,-8,0,4.44113
57399,-8,0,4.386242
57405,9,0,3.374561
57547,9,0,3.562321
57581,8,0,5.525418
57599,9,0,3.404102
57677,10,0,1.3766
57679,-7,0,2.371215
57703,7,0,1.396198
57729,7,0,1.414823
57753,-8,0,4.284329
57756,8,0,2.98909
57759,-7,0,5.44269
57791,9,0,3.548253
57806,8,0,3.811857
57836,9,0,3.715144
57969,9,0,3.299437
57979,10,0,0.671927
58018,10,0,0.512948
58063,10,0,1.443266
58072,10,0,1.495431
58099,10,0,0.642859
58109,9,0,3.831097
58127,9,0,3.607208
58157,8,0,5.288191
58195,10,0,0.677783
58228,-8,0,4.126681
58282,9,0,3.854144
58298,10,0,0.748203
58332,8,0,3.67004
58393,10,0,0.563413
58394,9,0,3.473279
58408,8,0,2.908721
58428,10,0,1.518035
58441,10,0,1.511576
58451,8,0,2.562347
58461,-8,0,3.951798
58469,-8,0,3.595547
58490,10,0,0.425324
58496,9,0,3.305836
58519,-8,0,3.242739
58545,10,0,1.414579
58586,8,0,5.042663
58643,9,0,3.600859
58754,-8,0,3.987807
58760,9,0,3.942587
58775,-8,0,3.69121
58798,9,0,3.114882
58808,9,0,3.961964
58904,8,0,5.226427
58922,-8,0,5.678399
58943,9,0,3.666067
58996,-8,0,5.976768
59006,9,0,3.686779
59042,8,0,3.149964
59080,-8,0,6.029898
59192,8,0,3.11374
59199,-8,0,2.94133
59241,10,0,0.345097
59253,10,0,0.852311
59278,10,0,0.396858
59289,10,0,0.275619
59330,8,0,6.224682
59353,9,0,4.048484
59383,10,0,0.908417
59462,10,0,0.949521
59489,9,0,4.016448
59529,-8,0,3.808413
59534,10,0,1.272285
59544,9,0,3.802502
59560,-8,0,2.76801
59620,9,0,2.556543
59621,-8,0,1.47347
59643,9,0,3.69865
59651,-7,0,2.650552
59664,10,0,0.258292
59667,-8,0,2.906574
59679,10,0,0.376679
59681,8,0,5.360546
59852,8,0,5.496602
59871,-8,0,2.861577
59892,10,0,1.18506
60061,9,0,3.728516
60098,8,0,5.433211
60152,-8,0,4.826098
60155,-8,0,4.115926
60159,-8,0,2.02579
60163,-6,0,6.003576
60175,-8,0,1.119935
60192,9,0,3.802
60248,-8,0,0.818262
60254,-8,0,4.028084
60307,9,0,3.930041
60317,9,0,3.974848
60354,10,0,1.259195
60385,10,0,1.287256
60455,-8,0,0.682146
60460,9,0,3.806085
60482,-8,0,0.836254
60483,8,0,4.131411
60513,9,0,5.28348
60574,-8,0,0.948595
60680,10,0,1.639414
60702,9,0,4.035511
60706,10,0,1.03485
60723,9,0,4.082206
60752,-8,0,6.167218
60758,-8,0,3.340812
60775,-8,0,4.299021
60802,-8,0,0.383744
60813,-8,0,0.578792
60826,10,0,0.179321
60890,-8,0,3.017877
60895,-8,0,0.638942
60927,9,0,3.604719
60945,10,0,1.386121
60995,8,0,5.608106
61027,-8,0,0.488962
61106,10,0,1.768264
61118,-8,0,0.176171
61122,10,0,0.022289
61135,10,0,0.132869
61144,9,0,6.192594
61167,9,0,3.101219
61217,-8,0,4.56187
61243,9,0,4.169156
61270,10,0,1.37956
61274,9,0,4.232881
61353,10,0,1.231192
61360,-8,0,4.881178
61581,8,0,4.851859
61601,9,0,5.25382
61618,-8,0,2.205057
61680,10,0,0.008335
61729,10,0,1.79855
61764,8,0,6.197151
61803,9,0,5.379018
61819,-8,0,0.682131
61891,10,0,2.932944
61914,9,0,6.248163
61929,9,0,2.929534
61980,-8,0,4.558191
62006,-8,0,1.650056
62064,9,0,5.138532
62090,-7,0,2.430008
62104,9,0,3.410619
62209,10,0,1.87731
62240,9,0,5.097825
62244,-8,0,0.266577
62281,10,0,1.537819
62295,9,0,3.673681
62298,9,0,5.012673
62329,-8,0,1.982105
62400,9,0,4.882484
62438,10,0,1.163984
62515,10,0,2.024272
62554,10,0,2.161729
62610,8,0,4.011493
62734,9,0,3.756016
62785,-8,0,4.481371
62789,9,0,5.335775
62865,-8,0,4.779153
62868,10,0,0.041627
62876,9,0,3.792826
62888,-8,0,4.687832
62918,-7,0,4.222311
62965,8,0,3.911979
62984,10,0,1.89525
63084,9,0,4.039473
63125,9,0,4.068839
63130,10,0,1.605947
63163,9,0,4.28184
63167,10,0,1.705863
63236,8,0,5.579608
63313,10,0,2.238742
63356,9,0,5.002807
63417,9,0,5.142538
63425,9,0,4.940201
63532,10,0,1.796277
63591,10,0,3.394952
63606,9,0,4.157954
63615,-7,0,2.36752
63631,9,0,4.313517
63701,9,0,4.365928
63705,8,0,2.997067
63726,9,0,5.224776
63732,9,0,5.30799
63765,10,0,1.767759
63787,9,0,4.594692
63790,9,0,4.86184
63817,9,0,5.394612
63860,9,0,5.169904
63863,8,0,5.670842
63979,9,0,4.840652
63985,8,0,2.993278
64030,9,0,4.756267
64071,10,0,3.499416
64138,10,0,3.348168
64165,10,0,2.288907
64194,9,0,6.124431
64221,9,0,5.447308
64249,10,0,1.952934
64309,9,0,5.509582
64330,10,0,2.390256
64374,9,0,4.708417
64429,10,0,1.58242
64458,10,0,2.84166
64537,10,0,1.975547
64579,10,0,3.516345
64720,10,0,1.835759
64730,10,0,2.07986
64737,10,0,2.84499
64738,9,0,4.734888
64765,9,0,4.471131
64782,-8,0,4.447319
64912,10,0,0.088893
64943,10,0,2.501716
65012,9,0,4.433858
65036,10,0,3.767746
65039,9,0,4.948287
65067,9,0,5.181431
65095,9,0,4.536015
65105,9,0,4.627356
65184,10,0,1.922536
65257,9,0,5.61391
65365,10,0,3.178422
65438,9,0,5.566457
65555,10,0,2.915513
65624,-8,0,0.217068
65694,8,0,5.552349
65709,10,0,2.698408
65732,10,0,3.443306
65820,9,0,3.950809
65821,10,0,3.758484
65922,9,0,5.398175
65956,10,0,2.923558
66020,10,0,1.454842
66043,10,0,2.747552
66094,10,0,3.889284
66199,10,0,1.607932
66267,10,0,2.987454
66307,10,0,3.100522
66324,-8,0,0.073096
66414,10,0,3.226612
66424,9,0,4.30269
66446,10,0,3.199525
66462,10,0,2.94365
66511,-8,0,0.10845
66558,9,0,4.713752
66573,10,0,3.313377
66594,9,0,5.69173
66598,9,0,5.687793
66627,-8,0,0.306683
66686,10,0,2.522684
66696,-8,0,4.924814
66711,10,0,2.560865
66729,10,0,3.234916
66767,9,0,5.891824
66867,10,0,2.979958
66878,9,0,5.766187
66901,-8,0,0.050198
66905,8,0,4.863491
66916,10,0,1.652418
66956,-9,0,6.007713
66989,10,0,3.183788
67065,8,0,5.637762
67098,-9,0,6.157281
67132,9,0,4.561506
67195,10,0,1.825548
67270,9,0,5.953104
67336,10,0,3.659742
67367,10,0,4.001111
67402,9,0,5.880231
67409,-9,0,6.147675
67467,10,0,1.849834
67526,8,0,3.089242
67529,10,0,2.436747
67536,10,0,3.451848
67553,10,0,1.8698
67580,8,0,6.043922
67610,10,0,4.066146
67627,-9,0,6.01985
67645,9,0,6.007918
67658,10,0,2.401117
67684,10,0,2.157513
67695,10,0,2.158492
67701,8,0,5.707394
67743,10,0,2.873145
67853,10,0,2.355229
67859,10,0,2.273597
67863,10,0,2.274269
67868,10,0,2.236107
67899,-9,0,6.078479
67913,9,0,5.739131
67932,10,0,3.255942
67970,9,0,5.647631
67999,-9,0,5.90705
68032,10,0,3.656006
68033,10,0,3.83947
68041,10,0,4.460034
68087,10,0,3.873744
68117,10,0,3.591354
68121,-9,0,5.955823
68148,9,0,4.135174
68225,10,0,2.136898
68227,10,0,4.265415
68265,9,0,6.050941
68300,9,0,4.334226
68332,10,0,3.28835
68401,8,0,3.818994
68417,10,0,2.027252
68424,10,0,1.351766
68448,10,0,3.296771
68499,8,0,5.789769
68501,10,0,1.149407
68586,10,0,3.118286
68675,10,0,2.488662
68697,10,0,3.619623
68788,10,0,2.122134
68804,10,0,3.327845
68818,-7,0,2.45035
68826,-9,0,5.751577
68883,10,0,3.451506
68885,8,0,5.718808
68956,9,0,3.93515
68958,10,0,3.510227
68961,10,0,2.569496
68991,9,0,6.118072
68999,9,0,6.172922
69004,10,0,3.879288
69082,10,0,3.343717
69085,8,0,5.714852
69123,-9,0,6.051782
69130,10,0,3.726542
69189,10,0,4.161806
69207,10,0,3.59518
69302,10,0,4.189753
69390,10,0,4.302673
69449,10,0,4.311232
69456,10,0,5.153905
69460,10,0,3.850815
69496,10,0,1.346625
69560,-9,0,5.779477
69568,10,0,5.218968
69615,10,0,3.473326
69629,9,0,6.048656
69636,10,0,1.222883
69654,10,0,4.427259
69664,-9,0,5.599491
69688,11,0,2.99596
69711,10,0,1.237253
69739,-9,0,5.443986
69814,-9,0,5.115274
69863,10,0,2.777893
69936,10,0,5.329177
69969,10,0,4.223333
70060,-9,0,5.413938
70110,10,0,4.117932
70122,10,0,3.588981
70164,10,0,3.702377
70311,10,0,4.846388
70406,10,0,4.976542
70429,-9,0,5.085872
70437,10,0,2.442381
70439,9,0,4.370571
70522,-9,0,4.794077
70533,10,0,4.097741
70541,-9,0,4.921087
70587,10,0,4.472109
70640,10,0,2.322412
70642,10,0,5.143143
70670,10,0,4.779747
70757,10,0,5.141627
70771,-9,0,4.913281
70780,10,0,2.560157
70813,10,0,5.639537
70930,-8,0,0.434684
70941,10,0,4.348992
70993,9,0,3.67138
71009,10,0,5.041702
71014,10,0,5.659901
71038,-9,0,4.618669
71062,10,0,4.918506
71151,10,0,2.801479
71153,10,0,3.423775
71186,9,0,5.202896
71228,10,0,5.767023
71287,10,0,0.953611
71330,-9,0,5.465618
71361,10,0,4.138976
71451,10,0,4.619772
71454,-9,0,5.712786
71489,10,0,2.900796
71522,10,0,4.441038
71526,-9,0,5.904298
71531,9,0,5.14638
71722,10,0,5.567528
71731,10,0,5.799129
71734,10,0,4.753767
71744,-9,0,4.522052
71788,-9,0,4.061693
71804,10,0,5.452273
71838,-9,0,4.550508
71856,10,0,5.882668
71857,-9,0,4.286377
71925,10,0,3.525475
71926,10,0,5.818859
71950,10,0,4.865392
71978,10,0,3.608718
71983,-9,0,4.10131
72016,10,0,4.806361
72087,10,0,3.446142
72121,10,0,1.527723
72131,-9,0,3.659503
72136,10,0,4.670426
72222,9,0,5.192794
72242,10,0,4.542376
72264,10,0,5.2468
72306,10,0,5.100265
72324,10,0,5.854266
72357,10,0,4.529048
72372,10,0,4.451002
72395,10,0,4.830594
72456,10,0,5.732863
72572,10,0,4.941735
72589,10,0,4.566377
72680,10,0,4.639913
72717,-9,0,4.407241
72729,10,0,4.093092
72763,10,0,4.506259
72819,10,0,6.045294
72822,10,0,5.38528
72831,10,0,5.25034
72896,10,0,6.216786
72899,-9,0,1.908815
72986,-9,0,1.461593
73011,10,0,4.757206
73031,10,0,5.0191
73061,10,0,4.98128
73069,-9,0,2.085521
73179,11,0,1.905319
73195,-9,0,0.706889
73279,11,0,3.36509
73317,11,0,0.028087
73331,-9,0,1.68246
73398,-9,0,0.499407
73399,-9,0,0.058292
73406,11,0,0.56667
73470,11,0,3.432884
73490,11,0,1.78252
73504,11,0,3.220843
73523,10,0,5.347375
73526,-9,0,0.958173
73540,11,0,3.662664
73565,11,0,0.088812
73588,11,0,0.112745
73612,10,0,6.245324
73622,9,0,5.366454
73646,11,0,0.073309
73661,10,0,6.230069
73685,10,0,5.115958
73690,-9,0,0.475534
73798,-9,0,3.675799
73842,11,0,0.171979
73849,10,0,4.027306
73868,10,0,5.455724
73870,9,0,5.250168
73920,11,0,0.723337
73932,10,0,2.879054
73952,-9,0,0.174188
73959,-9,0,0.418635
73991,10,0,5.864684
74000,10,0,5.542172
74033,10,0,5.59115
74107,9,0,5.448796
74149,10,0,6.123741
74156,10,0,5.215101
74160,-9,0,3.912053
74218,11,0,1.646505
74229,10,0,5.232153
74241,10,0,3.12016
74250,11,0,0.330751
74252,11,0,3.762235
74256,10,0,2.169181
74319,11,0,3.137061
74438,10,0,4.815004
74458,10,0,5.631941
74587,10,0,2.681497
74593,10,0,4.750227
74624,11,0,0.808332
74642,11,0,0.768007
74650,10,0,5.380968
74676,-9,0,0.719375
74688,11,0,1.791081
74703,11,0,2.029873
74717,10,0,5.446167
74721,-9,0,0.456796
74758,10,0,4.30909
74764,11,0,2.136472
74815,-10,0,6.133051
74858,9,0,5.064767
74890,10,0,4.900971
74895,11,0,0.237978
74904,10,0,5.954072
74946,11,0,0.732687
75044,8,0,5.879129
75053,8,0,5.962766
75056,9,0,4.363549
75064,11,0,2.291015
75094,10,0,5.271609
75106,10,0,5.960324
75109,11,0,0.099243
75113,11,0,3.795929
75130,11,0,0.869723
75138,11,0,1.882221
75192,10,0,6.024559
75202,11,0,0.307114
75215,9,0,4.427608
75239,8,0,5.868145
75244,11,0,3.723849
75260,11,0,3.713569
75278,11,0,0.885581
75302,9,0,4.468544
75303,10,0,5.069182
75307,11,0,1.879457
75308,10,0,1.997107
75318,11,0,3.636907
75324,11,0,0.442047
75345,11,0,0.427209
75374,11,0,0.044665
75380,10,0,5.350116
75392,11,0,0.788071
75416,11,0,2.235649
75425,11,0,3.837934
75427,11,0,0.491232
75589,10,0,5.503676
75617,10,0,0.86729
75651,10,0,5.46665
75668,9,0,5.55055
75721,11,0,0.98003
75761,8,0,5.867745
75763,10,0,0.828043
75784,-10,0,5.904863
75788,11,0,1.229711
75838,-10,0,5.602011
75865,11,0,1.404047
75866,11,0,2.126582
75880,9,0,4.454164
75886,11,0,1.324376
75913,10,0,4.834782
75929,11,0,3.722751
75934,11,0,0.739088
75954,11,0,2.282885
75958,11,0,0.12395
75990,9,0,5.64478
76027,9,0,5.568995
76033,11,0,1.123143
76109,11,0,0.152564
76123,11,0,1.519174
76156,-10,0,6.022914
76186,11,0,0.392754
76189,-10,0,5.94257
76203,10,0,5.594168
76209,11,0,2.080886
76216,11,0,1.547333
76219,11,0,0.94705
76221,10,0,5.091268
76269,11,0,3.229016
76291,11,0,3.6609
76398,11,0,0.984905
76439,10,0,4.779909
76448,8,0,6.041392
76497,-10,0,6.114291
76500,11,0,0.279033
76520,11,0,3.063942
76524,-9,0,0.015959
76541,10,0,5.5379
76584,11,0,1.706157
76630,11,0,1.384543
76661,8,0,5.812979
76667,9,0,4.605896
76697,11,0,2.155489
76727,10,0,6.264579
76787,11,0,2.359346
76903,10,0,4.854883
76938,11,0,3.099183
76961,11,0,1.082149
76984,11,0,3.832484
76989,-10,0,5.314577
77008,11,0,3.530341
77038,11,0,3.774387
77042,11,0,3.469808
77089,11,0,1.347487
77112,11,0,2.289978
77121,-10,0,5.267952
77133,11,0,3.220886
77140,11,0,0.464433
77207,11,0,0.366987
77260,8,0,3.769836
77264,-10,0,6.096935
77296,11,0,1.609591
77297,11,0,1.492398
77316,11,0,3.995613
77341,11,0,3.664405
77361,-10,0,5.126022
77385,-10,0,6.120267
77488,11,0,0.996113
77514,11,0,3.952864
77559,10,0,6.117163
77582,-10,0,5.456209
77585,9,0,4.592515
77600,11,0,3.891567
77604,11,0,0.477732
77643,11,0,0.602393
77647,11,0,0.518301
77666,8,0,3.710758
77709,11,0,3.904873
77722,11,0,0.545609
77729,11,0,3.381267
77781,11,0,4.032559
77811,11,0,4.15424
77813,11,0,3.562275
77845,10,0,3.985589
77846,8,0,5.701584
77859,11,0,1.389775
77883,11,0,4.124714
77889,11,0,4.300404
77909,8,0,5.939904
77962,11,0,1.373794
77968,11,0,4.190499
77982,11,0,3.942145
77990,11,0,3.670454
77994,11,0,0.612489
78001,11,0,0.910587
78040,11,0,4.482999
78044,11,0,4.634488
78061,11,0,4.621151
78096,-10,0,5.197718
78107,11,0,4.187844
78124,11,0,3.319208
78130,11,0,1.510001
78145,11,0,1.217461
78155,11,0,1.256281
78159,10,0,5.663907
78199,11,0,4.475308
78206,11,0,4.762505
78222,11,0,1.350577
78235,11,0,2.350443
78247,11,0,2.440581
78248,-10,0,4.886844
78283,11,0,4.864826
78294,-10,0,4.773602
78311,11,0,0.585987
78345,-10,0,4.664996
78361,11,0,4.984756
78366,11,0,3.402027
78378,11,0,3.124413
78488,-10,0,4.351541
78506,11,0,4.201553
78527,11,0,4.918943
78543,11,0,2.382106
78600,11,0,1.994657
78622,11,0,2.510287
78643,11,0,3.299897
78703,11,0,4.383905
78708,-10,0,5.028561
78733,-10,0,4.002934
78743,9,0,6.146079
78758,11,0,2.600747
78769,-10,0,5.755871
78770,11,0,3.777737
78776,11,0,2.998038
78848,11,0,4.343588
78912,11,0,2.393374
78929,11,0,5.076036
78953,11,0,0.132553
78982,-10,0,4.168425
79104,11,0,2.053407
79131,-10,0,3.824022
79146,11,0,4.851276
79157,-10,0,5.437336
79210,11,0,4.065443
79253,11,0,1.448037
79289,-10,0,1.425792
79297,11,0,3.934878
79397,11,0,1.574627
79411,-10,0,5.211679
79436,11,0,3.999922
79473,11,0,4.495742
79508,9,0,4.68933
79553,11,0,0.453734
79577,-10,0,5.289143
79604,11,0,2.160987
79633,9,0,5.624445
79701,-10,0,3.291712
79839,11,0,0.152568
79850,0,1,3.711454
79867,11,0,1.188531
79886,11,0,2.825707
79908,10,0,5.664281
79972,10,0,5.299011
79985,11,0,4.153954
80017,11,0,3.15771
80024,11,0,2.995218
80027,-10,0,4.527795
80052,-10,0,3.406471
80062,-10,0,4.001955
80065,-10,0,1.102695
80066,9,0,6.101507
80166,11,0,5.351048
80170,10,0,5.127658
80188,11,0,2.923517
80210,9,0,5.568172
80234,11,0,2.089559
80237,11,0,1.979325
80309,11,0,3.101366
80337,9,0,4.55158
80405,11,0,1.554687
80530,11,0,4.606468
80645,11,0,2.85651
80708,11,0,4.691303
80741,11,0,1.456298
80759,9,0,5.365292
80828,11,0,2.451362
80868,11,0,1.879153
80880,11,0,1.192699
80881,-10,0,4.896688
80904,0,2,5.682716
80911,9,0,5.703857
80916,-10,0,0.645701
80922,0,3,5.16874
80965,11,0,5.200159
80975,11,0,5.047268
81002,11,0,1.71186
81039,11,0,4.651864
81212,11,0,5.534244
81219,-10,0,1.044279
81220,11,0,0.612585
81276,0,1,3.639847
81315,11,0,3.220359
81348,0,3,5.059659
81368,11,0,2.465094
81465,-10,0,4.726559
81477,11,0,1.005183
81533,-10,0,0.496293
81550,11,0,2.781889
81577,11,0,3.159495
81582,11,0,4.749348
81632,11,0,4.870225
81676,11,0,4.567026
81694,0,3,4.930776
81724,9,0,5.092254
81727,0,3,5.062496
81731,0,3,4.807393
81747,0,3,4.793434
81753,11,0,2.67967
81791,11,0,2.759924
81821,0,2,5.600248
81842,0,3,4.906796
81951,0,2,5.592135
81953,11,0,3.675941
82004,11,0,4.996118
82048,11,0,4.839826
82112,-10,0,4.436173
82155,11,0,3.149896
82183,11,0,5.116577
82186,11,0,5.188016
82232,11,0,5.231501
82261,0,2,5.51807
82269,9,0,5.287336
82279,0,2,5.495854
82283,9,0,5.027296
82294,11,0,3.051251
82314,10,0,5.705819
82400,8,0,6.022875
82464,9,0,6.252198
82480,11,0,4.96108
82485,11,0,2.694359
82499,11,0,5.188525
82506,8,0,5.971579
82515,0,3,4.698605
82537,11,0,2.571757
82552,-10,0,0.677736
82584,11,0,3.239794
82589,11,0,0.233823
82597,11,0,5.312421
82603,11,0,4.66852
82608,0,3,4.648059
82623,11,0,1.889774
82673,11,0,4.94733
82724,11,0,2.600748
82730,-10,0,4.437315
82731,11,0,2.666425
82826,11,0,4.727513
82849,11,0,3.454151
82879,10,0,6.031825
83055,11,0,3.386965
83057,11,0,5.894724
83104,11,0,2.684263
83180,11,0,6.027268
83264,11,0,5.828146
83265,11,0,5.195539
83275,-10,0,0.560243
83338,9,0,5.941109
83378,11,0,3.438762
83379,11,0,3.368533
83418,10,0,6.130991
83428,11,0,5.279696
83437,11,0,4.926681
83444,11,0,2.519023
83529,9,0,5.875325
83548,11,0,1.51999
83550,11,0,6.203941
83629,0,3,4.691286
83668,9,0,5.954305
83701,11,0,2.601792
83807,0,2,6.088367
83838,0,2,5.838187
83842,-10,0,0.31623
83907,9,0,5.790357
83959,11,0,6.003631
83967,11,0,1.810347
83982,8,0,5.988504
83997,9,0,5.793339
84059,11,0,5.955307
84104,9,0,4.293353
84117,11,0,3.06062
84119,11,0,6.001983
84164,9,0,5.87377
84185,11,0,6.242443
84194,11,0,2.919747
84208,11,0,2.78383
84224,11,0,1.822442
84257,11,0,2.827104
84259,0,2,6.255885
84268,-10,0,5.285056
84275,11,0,5.409384
84290,1,2,0.084121
84306,0,3,4.650929
84315,0,2,6.021581
84338,0,2,6.203386
84360,0,2,5.782761
84364,0,2,6.216822
84366,11,0,4.633351
84368,0,2,5.999302
84418,0,2,5.955863
84453,11,0,1.016877
84454,0,3,4.666749
84458,1,2,0.11329
84466,0,2,5.723362
84498,10,0,6.030847
84505,0,2,5.855349
84521,0,2,6.111619
84524,1,2,0.0421
84528,11,0,4.355898
84567,11,0,2.246344
84623,0,2,6.118194
84655,11,0,2.349353
84702,0,1,3.673215
84708,11,0,1.811638
84725,1,2,0.061704
84726,11,0,2.360818
84746,11,0,6.141732
84750,0,2,6.179102
84830,9,0,5.704763
84913,1,2,0.03158
84945,10,0,6.05433
85021,1,2,0.068033
85101,11,0,6.192653
85151,11,0,5.980838
85182,11,0,4.970587
85185,12,0,0.51278
85186,11,0,4.736745
85198,12,0,1.753459
85282,11,0,5.941523
85412,0,2,5.87444
85420,0,3,4.692812
85443,0,3,4.727526
85477,-10,0,5.69281
85497,12,0,0.511004
85522,11,0,2.760914
85550,11,0,5.876361
85552,11,0,1.733758
85605,11,0,5.793482
85667,-10,0,4.343315
85672,12,0,0.006551
85683,10,0,5.876726
85704,12,0,0.671658
85705,12,0,0.644965
85713,11,0,5.85558
85762,11,0,5.693253
85783,12,0,0.390451
85786,11,0,0.863321
85804,11,0,5.22063
85836,0,3,4.660309
85846,11,0,5.31947
85852,11,0,5.424033
85886,-10,0,5.454673
85908,11,0,6.053558
85925,0,3,4.844871
85935,11,0,1.967404
85959,9,0,6.011851
85988,-11,0,5.887861
86018,0,3,4.809497
86090,11,0,5.336395
86125,12,0,1.649676
86189,11,0,2.039351
86192,12,0,2.120206
86198,0,2,6.264988
86200,11,0,6.220898
86208,9,0,5.774414
86239,12,0,1.595438
86252,11,0,6.111936
86301,12,0,1.507917
86369,11,0,3.492835
86475,11,0,2.013387
86526,11,0,6.211666
86527,10,0,5.897332
86548,-10,0,3.904561
86568,12,0,0.348221
86614,11,0,2.951659
86633,12,0,0.467883
86637,12,0,1.46485
86648,11,0,5.402155
86651,12,0,1.332167
86697,12,0,2.175326
86731,12,0,1.55058
86758,12,0,0.527139
86776,11,0,5.547765
86782,12,0,2.299949
86789,11,0,1.589014
86801,0,2,6.271952
86837,1,2,0.127577
86864,12,0,5.166198
86878,12,0,0.672621
86935,12,0,0.500843
86937,12,0,1.671256
86950,0,3,4.827098
86965,11,0,5.600898
86967,12,0,0.571442
86970,11,0,5.591911
87014,12,0,0.015121
87062,11,0,5.551611
87082,-10,0,3.587457
87119,11,0,5.258634
87138,12,0,0.831604
87140,-10,0,4.971031
87167,12,0,1.328472
87174,12,0,0.319438
87178,8,0,5.785447
87201,11,0,5.621815
87215,9,0,5.764619
87225,11,0,2.547667
87263,11,0,5.4832
87266,12,0,0.830693
87278,11,0,1.663446
87412,12,0,0.408029
87422,12,0,5.140984
87477,10,0,5.8741
87501,8,0,6.08515
87509,11,0,5.535881
87545,11,0,6.110613
87552,11,0,5.63511
87644,12,0,0.094113
87697,0,2,5.994363
87708,12,0,5.001432
87716,12,0,0.534632
87793,10,0,5.825056
87798,10,0,5.900341
87812,12,0,0.971381
87826,12,0,4.952279
87876,12,0,1.061051
87886,11,0,1.562021
87956,12,0,4.844963
87976,12,0,0.30146
88139,12,0,1.134607
88195,12,0,4.834251
88210,12,0,0.369721
88218,12,0,1.254235
88230,8,0,5.659607
88232,11,0,5.692126
88249,11,0,6.102551
88262,11,0,2.223766
88263,11,0,2.218808
88273,12,0,0.847229
88313,-11,0,4.526401
88339,0,3,4.755563
88430,12,0,1.890385
88475,0,3,4.83481
88521,11,0,5.471247
88546,12,0,0.109325
88567,12,0,2.19666
88595,8,0,6.155585
88603,12,0,0.172379
88627,12,0,4.709286
88663,10,0,0.046493
88687,12,0,3.083647
88693,12,0,0.980473
88717,12,0,0.230971
88719,10,0,6.282798
88732,12,0,5.259388
88750,-10,0,0.014462
88754,-11,0,5.200408
88767,12,0,3.181099
88774,11,0,5.679499
88793,12,0,5.357168
88797,12,0,0.013776
88859,12,0,4.702525
88891,-11,0,5.823886
88896,-11,0,6.177974
88909,12,0,0.051431
88918,12,0,5.403843
88949,12,0,1.081464
88951,12,0,1.05956
88961,12,0,1.197247
88968,-11,0,6.223114
89010,12,0,5.473092
89026,0,2,6.034614
89030,11,0,1.882154
89139,12,0,4.633225
89145,-11,0,5.890892
89162,10,0,5.914136
89165,12,0,0.056448
89180,12,0,1.253779
89193,12,0,0.236421
89208,12,0,5.641683
89232,12,0,4.860339
89259,12,0,0.976604
89303,12,0,1.365952
89336,12,0,4.554344
89353,12,0,1.062531
89370,-10,0,0.61116
89419,-10,0,1.102504
89429,8,0,6.23943
89444,-11,0,6.076928
89460,12,0,4.495624
89469,12,0,4.72463
89479,-8,0,4.68993
89485,-10,0,0.340804
89502,10,0,0.155326
89515,12,0,4.542836
89551,-10,0,2.926302
89557,12,0,0.186257
89563,12,0,2.996833
89589,11,0,5.550737
89609,-10,0,0.133895
89670,12,0,4.6899
89672,12,0,0.073661
89694,11,0,2.879738
89780,11,0,5.725954
89817,-10,0,0.390559
89836,11,0,2.881712
89893,12,0,2.897312
89913,12,0,4.533178
89934,12,0,2.156793
89958,12,0,4.386479
90031,12,0,2.238701
90032,12,0,2.196845
90033,11,0,6.08538
90052,11,0,6.180647
90086,12,0,2.265935
90091,12,0,4.357737
90092,11,0,5.993796
90110,-10,0,5.392737
90136,10,0,5.783709
90190,12,0,4.162264
90194,12,0,5.611216
90198,12,0,0.094596
90200,-10,0,5.047104
90211,-10,0,5.204194
90238,12,0,4.288499
90250,12,0,1.234236
90290,12,0,3.953812
90339,12,0,0.3004
90343,12,0,4.069943
90357,12,0,1.358029
90361,12,0,4.899803
90366,12,0,0.363748
90401,-10,0,0.430356
90413,11,0,5.98241
90416,12,0,0.900863
90433,12,0,4.101745
90457,12,0,0.103231
90491,11,0,6.243983
90520,12,0,1.51408
90522,12,0,3.216986
90523,12,0,5.302628
90545,-11,0,6.104586
90610,12,0,1.742062
90617,12,0,3.989413
90699,12,0,3.339777
90737,12,0,0.894973
90749,12,0,3.100577
90767,12,0,3.812253
90792,11,0,5.927799
90867,12,0,4.151113
90913,12,0,4.986678
90922,10,0,5.78864
90937,12,0,3.321696
91033,12,0,4.151668
91050,12,0,1.835091
91061,11,0,6.072624
91079,12,0,1.85652
91122,10,0,0.198468
91129,-10,0,0.081755
91135,12,0,0.044199
91144,12,0,1.647221
91158,-11,0,5.867315
91162,12,0,0.779963
91167,-11,0,5.543331
91175,12,0,2.806045
91176,12,0,1.936086
91181,12,0,3.773469
91231,11,0,5.946299
91241,12,0,1.991574
91282,12,0,1.728336
91283,12,0,1.997669
91309,12,0,5.117458
91311,9,0,0.261302
91314,12,0,0.092544
91316,12,0,2.980943
91325,12,0,1.1182
91334,12,0,1.136837
91338,12,0,2.088274
91357,12,0,4.575087
91391,12,0,2.106792
91407,11,0,2.920567
91469,-10,0,5.258551
91524,12,0,0.086228
91553,12,0,5.36022
91565,-11,0,5.10028
91637,11,0,5.883844
91694,12,0,2.032553
91695,12,0,5.131451
91696,11,0,5.822533
91703,-11,0,4.782896
91746,12,0,3.691136
91758,12,0,2.278684
91772,9,0,0.212703
91776,10,0,0.102131
91811,12,0,2.368593
91814,-11,0,4.675544
91817,11,0,6.028046
91822,12,0,3.685268
91826,12,0,3.82297
91867,12,0,1.965317
91906,-10,0,0.317225
91934,12,0,3.453423
91937,12,0,3.237771
91941,-10,0,0.303767
91954,12,0,2.091371
92008,9,0,0.146324
92030,12,0,4.82047
92048,12,0,2.046921
92116,-10,0,0.544381
92195,-11,0,5.039001
92244,-11,0,5.763672
92315,12,0,3.463799
92324,12,0,4.008054
92332,12,0,4.504845
92336,12,0,4.289241
92352,12,0,1.097363
92382,-11,0,5.758664
92387,12,0,5.203812
92392,12,0,0.610661
92434,12,0,3.622601
92450,12,0,4.577672
92468,12,0,4.702153
92506,-11,0,5.538242
92515,12,0,1.892609
92523,-10,0,0.609688
92530,-10,0,0.867234
92531,12,0,5.218838
92544,12,0,3.670628
92569,12,0,5.040831
92570,12,0,2.230478
92578,12,0,4.4512
92620,12,0,3.205614
92657,-11,0,5.144425
92674,12,0,5.383863
92717,12,0,5.995113
92719,-11,0,2.646456
92775,12,0,4.685396
92832,12,0,5.360698
92834,-11,0,5.196195
92865,12,0,5.30088
92890,12,0,3.208667
92891,12,0,4.859506
92894,-10,0,0.444747
92912,12,0,3.844197
92932,12,0,3.732572
92939,12,0,3.013502
92950,-11,0,5.770145
92975,12,0,4.964431
92987,12,0,2.376427
93047,12,0,1.532718
93100,12,0,4.818216
93120,-11,0,5.924589
93129,12,0,6.103688
93138,12,0,5.284827
93181,12,0,3.546275
93204,-10,0,0.777566
93207,12,0,0.938734
93218,12,0,1.847392
93234,12,0,2.401708
93262,12,0,0.887042
93270,-11,0,4.812015
93272,12,0,0.957102
93285,12,0,3.160866
93313,12,0,4.978292
93369,12,0,5.004212
93396,8,0,6.107489
93406,12,0,3.087834
93454,12,0,4.245689
93463,-10,0,0.571661
93465,12,0,4.105441
93567,12,0,2.491392
93581,12,0,5.944034
93582,12,0,0.688413
93584,12,0,5.300453
93601,12,0,2.961693
93605,-11,0,4.504603
93620,-11,0,4.423699
93626,12,0,2.481399
93631,12,0,2.292456
93640,-11,0,5.626296
93641,-10,0,0.286095
93651,12,0,3.038311
93708,12,0,3.669803
93712,-11,0,4.319276
93739,-10,0,0.222553
93761,12,0,2.89939
93764,-10,0,0.825626
93773,-11,0,6.204805
93774,-10,0,0.27452
93775,-10,0,0.294119
93804,12,0,3.003271
93820,-11,0,6.198593
93827,12,0,2.369224
93844,12,0,2.46091
93893,-11,0,4.535252
93900,12,0,3.713504
93907,12,0,2.557082
93912,-10,0,0.886519
93917,-10,0,0.204896
93957,12,0,3.760556
94001,12,0,3.368961
94006,-10,0,0.070387
94007,-11,0,6.169947
94034,-11,0,3.858078
94048,-11,0,5.188589
94053,12,0,2.643247
94130,-11,0,4.562521
94135,-11,0,3.909402
94138,12,0,3.69744
94170,-11,0,4.377325
94173,12,0,3.376912
94198,12,0,3.61024
94231,12,0,3.851555
94236,12,0,3.223858
94237,-11,0,4.537064
94258,-11,0,4.530417
94260,12,0,3.780856
94263,-10,0,4.985045
94274,12,0,3.559007
94298,12,0,6.201087
94322,12,0,2.863774
94357,12,0,3.499328
94360,-11,0,5.680745
94370,-11,0,6.11425
94380,12,0,3.76742
94383,-11,0,6.247293
94387,12,0,2.384817
94419,12,0,3.559084
94422,12,0,1.202338
94574,12,0,3.568371
94591,12,0,2.691977
94592,12,0,5.252667
94621,12,0,3.481552
94659,12,0,2.9002
94708,-10,0,0.050521
94779,12,0,5.314923
94789,-10,0,0.244084
94831,12,0,3.922499
94836,-10,0,0.161005
94888,12,0,4.971788
94901,-11,0,6.167462
94927,12,0,3.393508
94947,12,0,5.422253
95011,12,0,2.660282
95028,9,0,0.061636
95079,11,0,1.134638
95106,-10,0,0.041102
95108,12,0,6.098587
95109,12,0,1.413976
95119,12,0,3.356243
95144,13,0,5.153274
95154,-11,0,5.796965
95209,12,0,5.432562
95232,12,0,6.211889
95247,12,0,5.320306
95305,12,0,5.507712
95315,13,0,5.076416
95327,12,0,5.672321
95335,-10,0,0.200649
95403,13,0,4.95335
95418,-11,0,5.760692
95440,12,0,5.507911
95475,12,0,5.566955
95521,12,0,2.433892
95623,-11,0,5.97512
95625,13,0,0.010258
95647,12,0,5.567546
95739,12,0,5.730197
95740,13,0,4.94381
95778,-11,0,5.661144
95869,-12,0,5.72742
95964,13,0,5.080159
95983,12,0,2.881521
96006,13,0,4.810482
96029,12,0,2.739471
96043,12,0,3.613785
96097,-11,0,6.239992
96113,12,0,2.625578
96197,12,0,6.148645
96249,12,0,2.590177
96264,8,0,6.082667
96300,12,0,5.595586
96326,12,0,5.641182
96332,13,0,0.082885
96335,12,0,5.256549
96336,-11,0,5.507395
96342,-11,0,5.581337
96348,-11,0,5.890969
96418,13,0,4.790414
96438,-11,0,5.515198
96448,12,0,3.08291
96463,12,0,3.895042
96474,13,0,0.071303
96529,12,0,5.69013
96544,12,0,5.683725
96560,12,0,5.818353
96632,12,0,6.084301
96670,12,0,2.855162
96703,13,0,5.216816
96734,13,0,5.258895
96739,13,0,5.301314
96760,12,0,5.938275
96763,12,0,6.033286
96768,12,0,5.404918
96875,11,0,3.562858
96884,13,0,4.835357
96912,12,0,5.642932
96921,12,0,5.832113
96924,-11,0,5.556407
96959,12,0,3.94653
97003,8,0,3.670263
97058,13,0,5.304697
97134,-10,0,5.04722
97141,13,0,4.864352
97194,-11,0,5.325372
97216,13,0,0.094987
97260,12,0,5.751488
97349,13,0,0.082593
97369,13,0,4.980291
97370,13,0,5.361431
97373,-10,0,0.14925
97486,-10,0,0.01111
97558,12,0,5.796934
97579,13,0,5.26271
97669,13,0,4.753111
97794,13,0,4.943851
97854,-11,0,5.886148
97870,12,0,2.69481
97971,13,0,4.958571
98007,12,0,5.192683
98033,-11,0,6.25835
98086,13,0,5.477828
98098,-12,0,5.712004
98183,13,0,5.072639
98191,11,0,1.214742
98208,-11,0,6.093001
98230,13,0,0.036066
98237,12,0,3.608581
98265,13,0,4.868103
98271,-12,0,5.532282
98272,13,0,4.965255
98329,12,0,2.805899
98353,12,0,5.209696
98358,-12,0,6.103065
98359,-11,0,5.125384
98360,-11,0,5.106092
98367,8,0,5.897882
98408,13,0,5.336907
98422,13,0,5.201783
98431,-12,0,5.366805
98454,12,0,5.61624
98468,13,0,5.139284
98484,13,0,4.735997
98544,13,0,0.070902
98547,13,0,5.33483
98552,13,0,5.317309
98556,12,0,5.194689
98579,13,0,5.336882
98775,-11,0,6.253031
98790,-12,0,5.062842
98798,-11,0,6.074862
98848,12,0,5.553419
98940,13,0,5.582685
98959,-11,0,4.74779
98966,12,0,5.181109
98969,-10,0,0.133271
98998,12,0,6.277218
99014,-11,0,6.227416
99024,13,0,4.90513
99047,12,0,3.491495
99107,-11,0,5.842877
99136,-11,0,4.577756
99182,12,0,1.799538
99269,13,0,5.560477
99321,-11,0,4.310922
99371,-12,0,5.914774
99467,-11,0,4.601164
99481,12,0,6.217831
99503,12,0,6.169656
99551,13,0,5.48279
99577,12,0,5.871855
99630,13,0,5.488016
99683,13,0,5.514898
99772,13,0,5.506977
99807,10,0,0.351754
99860,-12,0,4.920106
99979,12,0,5.87585
100063,12,0,2.757159
100065,13,0,0.015785
100159,-11,0,4.603802
100278,-11,0,5.431935
100341,13,0,5.83335
100418,-12,0,5.793261
100467,-12,0,5.337539
100568,13,0,5.031129
100679,-11,0,4.446106
100779,12,0,2.739724
100808,-12,0,5.557594
100833,13,0,5.84661
100873,13,0,4.808999
100882,-12,0,5.607975
100922,13,0,5.777368
101214,-12,0,5.155951
101289,-12,0,4.964441
101368,13,0,5.550959
101388,12,0,5.922586
101408,13,0,5.445999
101455,-12,0,4.733211
101460,-12,0,5.65343
101461,13,0,5.61364
101462,13,0,5.695101
101588,-11,0,4.934542
101613,13,0,5.919876
101640,-12,0,5.844171
101654,13,0,4.640205
101685,13,0,4.458771
101797,-11,0,4.380743
101798,-12,0,5.09849
101806,12,0,2.822019
101837,13,0,5.962586
101852,-12,0,5.177753
101854,13,0,4.301925
101884,13,0,4.595956
101902,13,0,4.189152
101984,13,0,6.055022
102028,13,0,4.007124
102036,13,0,4.602617
102068,13,0,4.061484
102138,13,0,5.768535
102153,-11,0,5.278214
102168,13,0,5.897144
102275,13,0,5.546797
102304,12,0,6.009718
102314,8,0,6.175983
102338,12,0,2.799905
102417,13,0,4.307846
102420,13,0,4.395547
102498,12,0,5.397128
102517,12,0,5.998923
102558,-11,0,5.184545
102627,-12,0,4.611127
102718,13,0,6.038758
102762,12,0,6.041201
102785,-12,0,5.445472
102815,12,0,5.926212
102852,-12,0,4.877531
102868,12,0,6.096517
102879,-12,0,5.70148
102958,-12,0,4.74039
102959,13,0,5.442758
102998,13,0,6.092318
103113,-12,0,5.303163
103120,13,0,5.925617
103122,0,4,0.842098
103127,12,0,6.174274
103207,13,0,3.872581
103215,0,4,0.784394
103276,0,4,0.863807
103283,0,4,0.862639
103347,13,0,4.108809
103387,-11,0,5.19977
103475,13,0,3.969306
103488,13,0,4.195862
103491,-12,0,5.302961
103545,13,0,5.835112
103561,13,0,5.886817
103578,13,0,5.994739
103623,13,0,5.566577
103633,-12,0,4.94276
103642,13,0,5.657928
103667,13,0,6.232501
103689,13,0,5.822767
103717,13,0,5.923779
103718,-11,0,6.153238
103732,13,0,3.784893
103752,13,0,5.677917
103852,13,0,5.771779
103858,-12,0,5.095175
103901,13,0,6.282662
103908,13,0,3.988839
104013,13,0,5.82135
104041,0,4,0.65012
104052,0,4,0.690188
104103,13,0,5.819263
104130,13,0,4.518294
104133,0,4,0.609663
104134,0,4,0.609493
104155,13,0,0.052732
104227,12,0,5.878392
104248,-12,0,5.321039
104267,0,4,0.621603
104297,13,0,6.239646
104330,-12,0,4.98951
104340,-12,0,5.300148
104358,13,0,5.94695
104368,13,0,3.963038
104401,13,0,0.105044
104416,-12,0,5.377567
104421,13,0,6.036302
104442,13,0,3.905507
104462,13,0,3.712535
104481,13,0,5.778555
104484,12,0,2.774651
104486,13,0,0.014302
104630,-12,0,4.858264
104649,13,0,3.919081
104650,-12,0,5.321457
104655,0,4,0.569433
104677,8,0,6.245327
104745,-12,0,5.105044
104751,13,0,5.711422
104764,-12,0,5.399103
104797,13,0,4.571189
104816,14,0,0.058777
104819,-11,0,5.149207
104851,-12,0,5.617391
104879,13,0,3.873832
104936,-12,0,5.284609
104938,13,0,6.079643
104958,13,0,4.12157
104978,0,4,0.834764
104989,0,4,0.736279
105119,13,0,4.071599
105130,-12,0,4.825693
105158,0,4,0.705602
105192,13,0,3.94552
105205,13,0,4.696252
105283,-11,0,5.180885
105300,0,4,0.905399
105307,13,0,0.061152
105330,13,0,4.224344
105341,13,0,5.399832
105370,14,0,0.018876
105377,0,4,0.796597
105378,13,0,6.131677
105393,13,0,3.580942
105428,-12,0,5.590223
105435,14,0,0.093233
105457,13,0,3.885065
105464,13,0,4.210898
105513,13,0,3.864717
105537,13,0,6.217487
105538,0,4,0.892141
105555,13,0,6.229608
105635,14,0,0.134815
105649,13,0,3.83141
105653,12,0,5.805939
105671,0,4,0.988194
105726,-12,0,5.098228
105741,13,0,4.680008
105780,13,0,6.149994
105792,14,0,0.225079
105802,13,0,5.689568
105923,14,0,0.116076
105988,0,4,0.694601
106064,13,0,6.032123
106131,14,0,0.277302
106138,13,0,3.797715
106153,13,0,3.547031
106169,-12,0,4.980819
106218,14,0,0.029432
106249,13,0,3.291271
106347,14,0,0.378507
106357,13,0,3.652189
106363,14,0,0.245671
106364,13,0,0.228411
106399,13,0,3.454518
106416,14,0,0.028971
106449,14,0,0.330468
106474,13,0,5.690248
106504,14,0,0.332321
106644,13,0,3.707843
106646,-11,0,5.359481
106722,13,0,6.254531
106743,-11,0,5.426573
106850,0,4,0.564336
107038,13,0,3.788987
107087,-11,0,5.269867
107104,13,0,0.349071
107121,-12,0,4.784115
107166,13,0,6.164422
107169,-12,0,4.981162
107203,13,0,0.413187
107210,14,0,0.440127
107281,14,0,0.039805
107293,12,0,6.088131
107322,12,0,6.149534
107369,13,0,0.379386
107469,-11,0,5.021404
107512,13,0,3.959392
107527,13,0,0.485719
107569,13,0,3.68629
107590,-11,0,4.710829
107632,13,0,4.002999
107695,14,0,0.503765
107719,13,0,3.173725
107752,-12,0,5.184112
107832,-11,0,5.089697
107857,13,0,0.475138
107899,13,0,0.447206
107919,13,0,3.683743
107940,-12,0,5.224723
108008,12,0,5.832867
108036,14,0,0.592529
108102,13,0,3.05844
108103,13,0,0.371399
108108,-12,0,5.295756
108110,-11,0,5.080368
108125,0,4,0.524917
108171,13,0,0.460065
108203,13,0,3.02378
108218,13,0,5.636839
108247,14,0,0.078327
108251,13,0,0.566399
108253,13,0,0.304477
108295,-11,0,4.634865
108310,-12,0,5.843897
108316,13,0,0.660987
108338,-11,0,4.626172
108378,13,0,0.646027
108388,12,0,5.760472
108402,13,0,0.780336
108510,-12,0,5.573338
108537,13,0,3.452037
108556,13,0,3.745613
108568,13,0,0.62917
108601,12,0,6.185719
108607,13,0,0.582822
108647,13,0,3.702928
108663,-11,0,4.707021
108691,13,0,3.011211
108741,12,0,5.795366
108828,13,0,3.609238
108833,13,0,3.397652
108861,13,0,3.504585
108902,-12,0,5.657114
108923,13,0,2.858626
108930,13,0,3.045794
108992,13,0,2.800055
109015,13,0,0.788069
109029,13,0,5.601184
109058,13,0,3.221615
109112,13,0,3.051743
109137,13,0,0.567986
109224,13,0,3.327936
109292,13,0,2.858388
109345,13,0,0.786563
109359,13,0,3.703003
109408,13,0,2.825724
109409,13,0,5.616999
109438,13,0,2.686152
109457,13,0,0.828943
109481,13,0,0.544169
109582,13,0,2.993883
109597,13,0,0.774226
109636,13,0,3.7786
109644,-12,0,5.827377
109651,13,0,3.227162
109664,13,0,3.496405
109677,14,0,5.51087
109678,12,0,5.720211
109694,13,0,2.827825
109703,13,0,5.752031
109738,13,0,2.846483
109764,14,0,5.321117
109808,13,0,0.964167
109812,13,0,1.035321
109836,13,0,2.751105
109852,-11,0,5.09829
109897,-12,0,5.979775
109917,13,0,2.9347
109928,12,0,6.176279
109944,14,0,0.662501
109964,13,0,2.699075
109970,13,0,0.563962
110009,-11,0,5.452784
110040,14,0,5.190802
110083,24,0,2.238966
110095,24,0,2.229341
110115,13,0,1.03349
110195,13,0,3.647865
110270,24,0,2.232643
110284,13,0,3.544647
110327,14,0,5.256823
110338,13,0,2.906773
110360,14,0,5.535023
110388,13,0,2.537159
110395,13,0,2.947444
110403,14,0,5.04708
110422,24,0,2.364672
110428,14,0,5.550378
110509,14,0,5.645819
110541,14,0,0.087522
110542,13,0,0.905826
110546,14,0,5.521374
110555,14,0,0.413404
110556,14,0,4.911559
110572,13,0,0.702111
110574,13,0,1.114907
110621,13,0,1.179881
110652,14,0,4.236453
110722,13,0,0.904558
110762,13,0,0.843993
110790,-12,0,5.281145
110801,14,0,4.015223
110806,14,0,4.183906
110818,24,0,2.144161
110830,14,0,4.762596
110863,14,0,4.34479
110881,12,0,5.650766
110915,13,0,2.578131
110917,13,0,2.453511
110928,14,0,4.300763
110955,13,0,2.387843
110965,14,0,0.671248
110967,13,0,2.77076
110988,13,0,2.578547
111031,13,0,2.184026
111074,14,0,5.107621
111099,14,0,0.611243
111101,14,0,3.911662
111112,-12,0,4.748314
111120,14,0,5.645739
111128,13,0,2.327844
111176,-12,0,5.121515
111178,14,0,0.513386
111180,14,0,4.0178
111200,24,0,2.44157
111208,-12,0,5.911216
111221,14,0,4.683334
111227,-12,0,5.978467
111256,13,0,1.019739
111287,13,0,2.477008
111290,14,0,3.892494
111291,13,0,1.161086
111325,14,0,4.550658
111327,13,0,1.300519
111406,14,0,4.111361
111426,14,0,0.335804
111483,14,0,5.617081
111515,14,0,5.082516
111531,13,0,2.498251
111591,13,0,5.602175
111649,14,0,5.01
111665,13,0,1.411895
111668,13,0,2.141336
111685,13,0,1.990982
111689,14,0,4.922524
111703,13,0,2.285669
111720,12,0,5.6832
111729,13,0,1.626708
111737,14,0,5.171913
111744,14,0,0.420452
111749,13,0,5.640037
111798,12,0,2.670805
111804,13,0,1.528468
111840,14,0,3.796136
111843,14,0,0.766738
111874,25,0,2.993395
111901,14,0,0.782017
111906,-12,0,5.579022
111920,14,0,3.757703
111933,13,0,1.467236
111935,-11,0,4.659452
111951,14,0,0.423974
111979,14,0,5.232581
111983,14,0,5.305425
111989,14,0,3.971824
112045,14,0,3.701197
112065,14,0,3.697726
112068,13,0,2.0891
112075,13,0,3.542138
112106,13,0,2.720946
112119,13,0,2.636412
112123,25,0,2.970107
112128,-12,0,4.790545
112147,13,0,2.865125
112168,-11,0,4.765192
112177,13,0,2.384033
112207,13,0,0.936629
112228,14,0,4.135081
112246,13,0,2.750887
112278,13,0,2.169263
112309,14,0,5.700722
112316,13,0,2.453797
112356,-12,0,5.90689
112367,14,0,5.333186
112381,14,0,5.569531
112400,14,0,5.433012
112421,14,0,0.856907
112427,13,0,1.742338
112432,13,0,1.531857
112433,14,0,4.607959
112447,14,0,5.143139
112448,13,0,2.276072
112473,14,0,4.256152
112474,13,0,1.762525
112476,14,0,0.849852
112479,14,0,4.481259
112481,24,0,2.239619
112501,13,0,0.738087
112504,14,0,4.020033
112528,14,0,5.046211
112543,24,0,2.241779
112558,13,0,2.816292
112569,13,0,2.560603
112572,14,0,5.476173
112591,14,0,5.767364
112670,13,0,2.778597
112686,13,0,1.907225
112707,25,0,3.130361
112709,14,0,3.934432
112717,14,0,4.976371
112736,14,0,5.058315
112747,14,0,3.621164
112748,14,0,3.686717
112757,14,0,4.765779
112761,13,0,1.303327
112776,14,0,0.905745
112785,14,0,5.126456
112799,14,0,3.719037
112817,13,0,2.643391
112823,14,0,5.627853
112841,14,0,3.543396
112846,24,0,2.23293
112847,24,0,2.148533
112864,13,0,2.243789
112879,14,0,4.695424
112884,-11,0,5.529936
112951,14,0,4.003586
112980,13,0,2.02877
112983,24,0,2.387805
112991,24,0,2.410353
113006,14,0,4.598734
113024,13,0,2.124778
113028,14,0,0.997133
113061,14,0,0.801138
113066,14,0,0.710753
113103,14,0,0.6134
113110,13,0,2.019602
113123,14,0,5.803193
113149,0,5,4.684814
113151,14,0,4.249299
113154,13,0,1.138078
113156,14,0,3.431947
113161,14,0,5.840119
113174,14,0,5.927552
113204,14,0,4.936192
113217,14,0,4.093868
113235,14,0,4.292876
113243,13,0,2.290033
113244,14,0,0.481161
113260,13,0,1.782415
113286,14,0,5.687157
113294,14,0,5.282365
113302,13,0,2.579708
113310,25,0,3.268075
113341,25,0,2.824333
113347,25,0,3.148043
113348,14,0,0.976159
113357,14,0,0.925181
113365,25,0,3.418946
113391,14,0,5.869418
113414,14,0,0.818038
113426,14,0,5.64196
113450,14,0,5.366761
113465,14,0,4.439671
113479,0,5,4.637443
113485,14,0,4.904838
113502,14,0,3.57004
113508,14,0,1.129371
113521,-12,0,5.123568
113540,14,0,3.594315
113575,13,0,1.972589
113577,14,0,4.13347
113607,13,0,1.857373
113623,25,0,3.284995
113624,13,0,1.892654
113650,14,0,1.21864
113651,13,0,1.630591
113669,14,0,3.346717
113698,14,0,4.988087
113711,14,0,4.379421
113724,14,0,4.829948
113747,25,0,3.428862
113761,14,0,4.524099
113824,14,0,4.901125
113825,14,0,1.014718
113836,14,0,1.123279
113855,13,0,1.406961
113879,14,0,3.467032
113903,13,0,2.989119
113915,13,0,2.134921
113927,14,0,4.402051
113964,14,0,3.411628
113965,14,0,0.706826
114009,14,0,5.968264
114034,14,0,3.439958
114040,14,0,1.108007
114096,14,0,4.050465
114101,14,0,6.047086
114113,25,0,3.322378
114131,14,0,0.862109
114135,14,0,0.985539
114152,14,0,3.464884
114154,-12,0,4.83931
114184,13,0,1.606412
114191,14,0,0.752287
114202,14,0,5.998252
114207,14,0,0.533533
114240,14,0,3.26794
114247,24,0,2.469303
114272,15,0,4.713277
114275,24,0,2.348418
114281,-12,0,5.31096
114287,15,0,0.512885
114378,14,0,1.130535
114400,14,0,3.368881
114418,14,0,3.925378
114426,14,0,5.602381
114434,25,0,3.402162
114436,13,0,3.375997
114443,25,0,3.566182
114448,25,0,3.26615
114464,14,0,3.236433
114475,13,0,1.903372
114482,14,0,0.798594
114490,-12,0,5.808307
114515,14,0,4.631857
114550,25,0,3.62212
114559,13,0,3.499
114577,13,0,1.626365
114580,13,0,1.785948
114594,14,0,1.332479
114604,13,0,2.353987
114686,14,0,6.10045
114690,14,0,5.257344
114707,13,0,3.425802
114751,25,0,3.49388
114775,14,0,5.996862
114782,-11,0,5.51026
114786,14,0,6.131249
114808,13,0,1.516842
114814,14,0,6.210948
114819,14,0,6.026688
114834,13,0,1.352725
114839,-12,0,5.350857
114847,13,0,3.898353
114859,25,0,3.540318
114893,13,0,1.558045
114896,-12,0,6.109224
114952,14,0,3.294692
114953,14,0,3.103859
114959,14,0,6.191704
114972,25,0,2.854138
114974,14,0,3.439946
114982,25,0,3.621907
115014,14,0,4.185221
115057,14,0,2.95015
115059,25,0,2.931711
115061,14,0,2.873623
115091,13,0,3.765045
115128,14,0,0.984673
115151,14,0,3.158769
115163,14,0,5.644479
115173,25,0,2.842113
115182,15,0,0.42499
115205,14,0,3.350194
115212,13,0,1.281223
115224,15,0,4.78051
115252,25,0,3.648205
115256,25,0,2.739592
115261,14,0,6.241301
115270,25,0,3.609321
115272,14,0,3.262576
115288,-12,0,6.068544
115292,13,0,1.217765
115295,14,0,5.782362
115312,25,0,2.779126
115318,13,0,1.690624
115330,13,0,1.223199
115336,13,0,5.640228
115340,14,0,3.4678
115393,14,0,3.001549
115400,14,0,4.817375
115404,14,0,3.616036
115413,14,0,5.955555
115469,24,0,2.42772
115473,13,0,3.073753
115500,14,0,6.048546
115504,14,0,3.701698
115525,25,0,2.907629
115529,-12,0,4.943156
115533,13,0,1.806
115553,14,0,2.964157
115556,14,0,2.870236
115596,13,0,3.133225
115603,14,0,3.993136
115715,14,0,3.067275
115756,14,0,3.141692
115772,13,0,2.667565
115793,14,0,1.07959
115814,14,0,3.267557
115828,24,0,2.112631
115862,13,0,1.588268
115939,-12,0,5.416492
115970,15,0,0.525501
115978,13,0,3.239468
115991,14,0,3.109921
116045,25,0,3.077615
116055,25,0,3.02836
116125,14,0,2.984917
116130,14,0,5.328545
116165,14,0,3.795226
116202,14,0,1.120346
116222,14,0,3.642396
116255,13,0,3.40407
116363,14,0,3.312222
116426,15,0,0.073451
116449,15,0,4.845595
116453,13,0,1.722472
116509,-12,0,6.090944
116545,14,0,2.815153
116557,14,0,5.974467
116585,13,0,1.130341
116615,15,0,0.598329
116727,14,0,0.38479
116735,14,0,3.000509
116760,14,0,1.436361
116826,15,0,0.672787
116831,-12,0,5.728744
116872,13,0,1.950094
116886,14,0,5.839391
116900,13,0,2.497482
116972,15,0,0.103846
117012,14,0,5.252487
117049,14,0,3.823487
117105,13,0,1.747566
117109,15,0,0.360006
117135,14,0,4.43344
117140,14,0,4.123737
117153,15,0,0.75841
117214,14,0,0.374167
117233,13,0,0.727939
117252,25,0,3.159744
117267,14,0,0.947829
117276,14,0,3.082001
117302,15,0,0.358591
117390,14,0,1.595798
117411,15,0,0.826694
117426,14,0,2.938733
117440,-12,0,6.088837
117472,-12,0,5.85514
117479,15,0,4.797841
117489,15,0,0.97675
117498,14,0,3.860529
117500,14,0,2.697815
117519,14,0,6.07425
117554,-12,0,5.93276
117555,14,0,2.699119
117569,14,0,3.895223
117575,14,0,3.849683
117597,15,0,0.977192
117599,-12,0,4.733626
117605,15,0,0.06508
117621,14,0,2.902387
117763,14,0,5.855976
117774,15,0,0.962033
117783,15,0,1.120454
117791,14,0,0.360358
117818,15,0,0.438614
117862,14,0,0.696521
117939,15,0,4.740379
117990,25,0,3.646785
117997,-12,0,6.103149
117999,14,0,2.615205
118084,14,0,1.610583
118088,14,0,1.070773
118168,14,0,1.56024
118196,15,0,1.178615
118214,-12,0,4.841815
118233,15,0,0.292695
118292,-12,0,5.5931
118302,14,0,5.717345
118328,14,0,6.269668
118338,15,0,0.270804
118339,14,0,3.88001
118375,13,0,3.336254
118425,14,0,1.188712
118490,14,0,6.133377
118507,-12,0,5.126204
118592,15,0,0.956535
118595,14,0,5.846109
118616,15,0,1.098472
118648,14,0,2.812817
118692,15,0,4.918916
118709,14,0,3.839759
118733,14,0,3.248835
118734,13,0,3.655663
118739,14,0,1.645714
118753,14,0,2.501096
118784,14,0,0.369739
118791,15,0,1.290885
118813,14,0,2.458395
118837,14,0,1.322078
118908,15,0,1.460047
118919,-12,0,5.024509
118927,14,0,5.389384
118947,14,0,2.803203
118959,13,0,1.137475
118979,14,0,5.579597
118988,15,0,0.912307
118991,14,0,6.097235
119020,-12,0,5.182903
119041,14,0,2.014419
119073,14,0,2.7563
119099,16,0,1.076545
119134,15,0,4.968515
119140,14,0,2.629945
119204,-12,0,5.578151
119213,14,0,1.484467
119216,14,0,1.82954
119303,14,0,2.59576
119388,14,0,1.716798
119395,15,0,0.299855
119406,15,0,1.571091
119430,14,0,6.142599
119433,14,0,0.36359
119510,15,0,4.796825
119536,14,0,1.398438
119581,14,0,2.726356
119597,14,0,3.700291
119607,15,0,4.728384
119632,14,0,6.084399
119694,16,0,1.003975
119746,14,0,2.676757
119751,15,0,5.13575
119752,14,0,2.198637
119755,14,0,6.171593
119794,15,0,0.854058
119799,14,0,2.871082
119802,15,0,0.036365
119808,14,0,1.839147
119810,14,0,1.974309
119839,14,0,2.700421
119875,14,0,2.631289
119893,14,0,2.262208
119912,16,0,0.874593
119914,14,0,2.410841
119927,14,0,2.786492
119936,14,0,5.49895
119940,15,0,0.778384
119966,15,0,4.73206
119988,16,0,0.674301
120055,15,0,0.809187
120060,15,0,0.563947
120087,15,0,4.782502
120196,16,0,0.960954
120210,16,0,0.86512
120221,15,0,1.350171
120247,15,0,3.152983
120251,-12,0,6.002029
120277,14,0,1.49889
120291,14,0,2.634662
120323,15,0,4.661838
120326,15,0,0.718628
120328,15,0,3.088428
120382,16,0,0.81344
120404,15,0,3.101275
120407,15,0,3.192372
120423,14,0,5.406932
120466,16,0,0.630793
120474,14,0,4.936916
120514,15,0,2.962799
120517,15,0,5.079238
120572,15,0,0.840924
120615,-12,0,5.696911
120618,-12,0,4.543072
120619,15,0,0.391929
120641,14,0,1.509423
120650,15,0,3.33582
120655,14,0,2.420853
120717,15,0,0.080399
120721,15,0,0.424322
120731,15,0,3.26606
120775,15,0,3.461183
120804,14,0,2.667804
120809,15,0,0.934635
120823,14,0,2.413065
120836,15,0,3.425479
120853,14,0,2.914059
120885,15,0,1.449162
120887,16,0,1.203369
120900,14,0,5.916821
120999,14,0,2.521528
121070,16,0,0.71201
121129,14,0,1.813476
121141,14,0,5.692463
121239,14,0,2.935064
121256,15,0,2.999381
121261,15,0,0.514865
121331,15,0,4.60856
121350,15,0,3.437663
121358,15,0,3.303561
121363,15,0,4.536092
121437,15,0,1.557545
121477,14,0,3.147563
121515,15,0,4.632032
121526,15,0,2.948339
121533,14,0,2.527502
121543,14,0,1.886389
121544,15,0,4.613902
121545,15,0,1.269959
121600,16,0,1.302294
121605,15,0,4.441786
121634,14,0,1.969823
121695,15,0,1.480589
121714,14,0,2.219825
121725,-12,0,4.564821
121736,14,0,2.524018
121768,15,0,4.70645
121793,15,0,4.85747
121854,16,0,1.102771
121857,15,0,0.767973
121864,14,0,2.136181
121867,15,0,2.843882
121897,15,0,4.407801
121906,15,0,2.919172
121931,15,0,4.228057
122010,15,0,4.554323
122022,16,0,1.094096
122066,14,0,1.77595
122077,15,0,4.835063
122096,15,0,1.001847
122115,15,0,3.513085
122132,14,0,1.557164
122144,13,0,0.241444
122185,15,0,0.553894
122215,14,0,2.341521
122248,15,0,1.615694
122273,15,0,1.053742
122284,15,0,2.759894
122316,15,0,2.649635
122328,15,0,2.629445
122381,14,0,2.512696
122415,14,0,1.390948
122489,14,0,2.290831
122493,15,0,2.691206
122512,14,0,1.485672
122514,14,0,1.299045
122534,15,0,3.502584
122539,15,0,2.600727
122598,14,0,1.28785
122599,15,0,2.533019
122608,14,0,2.278774
122616,15,0,1.815485
122627,15,0,1.597717
122638,15,0,4.292713
122807,15,0,4.973099
122809,14,0,2.414274
122867,15,0,4.705474
122872,15,0,2.715627
122924,15,0,2.681612
122960,16,0,1.309289
122973,14,0,1.745306
122986,15,0,3.515242
122993,16,0,1.184775
123001,15,0,2.520041
123054,14,0,2.417044
123060,15,0,2.057937
123070,16,0,1.362541
123078,14,0,2.168293
123099,15,0,2.48867
123107,14,0,2.323803
123133,14,0,2.07066
123134,15,0,2.731791
123148,13,0,0.364533
123199,14,0,1.635444
123224,16,0,1.425044
123234,15,0,5.052309
123244,14,0,2.166342
123289,13,0,0.385217
123402,15,0,1.624484
123413,14,0,1.858747
123418,15,0,5.105455
123423,15,0,1.883747
123439,15,0,5.248803
123459,15,0,4.273549
123495,15,0,2.404072
123508,15,0,4.19051
123557,14,0,1.785707
123575,15,0,2.270753
123578,14,0,2.118146
123579,15,0,2.444321
123586,15,0,2.368662
123596,15,0,2.20058
123598,15,0,3.564695
123615,15,0,2.056681
123636,15,0,2.195136
123690,15,0,4.946133
123736,15,0,4.138781
123766,15,0,5.293942
123809,15,0,2.828246
123838,15,0,2.437523
123853,15,0,4.059275
123861,15,0,2.043239
123895,15,0,0.843054
123897,15,0,1.94268
123948,15,0,1.767905
123971,15,0,3.970117
123976,16,0,1.441046
123977,15,0,1.849174
123989,14,0,1.653302
124006,15,0,2.468966
124030,14,0,2.515509
124033,14,0,2.842822
124085,15,0,5.407818
124096,15,0,1.599336
124109,15,0,1.547338
124123,0,6,5.994209
124137,15,0,0.599596
124142,15,0,1.70448
124189,15,0,5.172853
124194,15,0,2.296469
124218,15,0,3.336046
124222,16,0,1.530955
124322,15,0,5.124108
124329,16,0,1.609264
124343,15,0,2.013496
124349,15,0,5.218293
124372,14,0,2.411022
124402,16,0,3.904295
124415,15,0,4.11757
124509,14,0,1.943667
124520,15,0,2.152259
124548,16,0,1.069047
124585,16,0,1.745599
124659,15,0,3.498449
124685,15,0,3.991998
124686,15,0,1.121616
124713,13,0,3.561406
124719,15,0,5.318589
124774,15,0,0.762389
124825,16,0,1.813266
124846,15,0,4.686715
124868,0,6,6.100863
124929,16,0,2.422873
124979,16,0,0.517156
124981,14,0,1.368669
125006,15,0,3.946305
125039,15,0,0.634595
125112,15,0,5.06652
125116,15,0,0.636823
125129,15,0,3.629151
125150,16,0,2.324811
125159,16,0,3.845339
125167,15,0,0.691136
125180,0,7,0.098068
125204,15,0,3.896489
125217,15,0,5.3306
125235,16,0,2.189088
125248,15,0,3.869602
125285,15,0,2.673095
125292,15,0,5.402653
125307,16,0,2.111053
125324,15,0,5.169474
125351,15,0,5.899205
125357,16,0,2.940219
125369,16,0,3.000972
125397,14,0,1.279556
125402,-1,7,6.067762
125492,16,0,2.830233
125510,15,0,4.151184
125534,15,0,1.437957
125541,16,0,2.986632
125544,15,0,1.105832
125549,15,0,1.687337
125552,0,6,6.164576
125579,16,0,3.066385
125617,15,0,1.188624
125628,16,0,2.508535
125631,15,0,5.842785
125639,16,0,2.028338
125678,16,0,1.894864
125683,16,0,2.500052
125690,15,0,4.05585
125707,0,7,0.126115
125712,15,0,1.225379
125739,15,0,5.059258
125775,16,0,1.170682
125786,15,0,5.77413
125814,15,0,5.881937
125877,16,0,2.929319
125895,-1,7,6.206815
125903,16,0,1.990811
125904,15,0,2.372139
125920,16,0,1.910381
125930,15,0,1.628702
125931,15,0,5.7021
125942,15,0,2.396333
125950,14,0,2.081454
125961,16,0,1.846133
125982,15,0,5.739508
126041,15,0,2.933209
126043,16,0,2.186452
126062,16,0,3.971873
126090,15,0,5.684974
126132,16,0,3.950735
126146,15,0,0.706776
126148,16,0,4.046601
126162,16,0,3.934744
126166,15,0,2.169438
126169,15,0,2.757247
126170,16,0,2.243709
126176,15,0,5.849823
126200,16,0,3.139192
126220,15,0,1.938988
126240,15,0,5.665832
126257,16,0,2.063944
126262,16,0,1.252423
126323,15,0,5.631047
126331,16,0,3.896973
126332,16,0,4.097999
126348,15,0,2.18416
126366,15,0,5.457599
126373,15,0,3.634909
126375,15,0,1.776325
126427,16,0,4.172956
126464,15,0,5.535781
126477,16,0,4.346321
126492,16,0,3.960344
126509,16,0,1.560713
126514,15,0,5.609803
126527,15,0,4.274133
126549,15,0,1.446793
126568,16,0,4.167481
126582,16,0,1.68993
126607,15,0,5.494272
126615,16,0,1.714531
126645,16,0,2.405898
126664,16,0,2.652904
126666,16,0,1.64038
126672,14,0,0.448344
126673,16,0,3.087501
126680,16,0,2.93626
126683,15,0,4.790678
126698,16,0,1.55447
126717,15,0,0.661267
126722,0,6,6.08934
126728,16,0,1.57726
126747,16,0,1.618598
126748,16,0,4.346142
126755,16,0,1.633801
126766,15,0,0.773381
126796,14,0,0.439346
126852,16,0,4.247164
126854,15,0,1.388786
126867,16,0,2.149304
126883,16,0,3.766531
126895,15,0,0.106647
126904,16,0,4.449844
126983,16,0,2.28726
126988,16,0,2.675859
126993,16,0,2.871459
127030,-1,7,5.601367
127042,15,0,5.561617
127067,16,0,2.346836
127078,16,0,1.463892
127137,15,0,3.96528
127168,16,0,2.800719
127178,16,0,4.538763
127181,15,0,0.493307
127201,16,0,4.045649
127209,15,0,0.646248
127231,16,0,4.330058
127234,15,0,2.829138
127269,16,0,1.340737
127288,16,0,3.831066
127294,0,7,0.20412
127315,16,0,3.767258
127338,16,0,4.201478
127363,16,0,4.44299
127400,15,0,5.553188
127406,13,0,1.069797
127418,16,0,3.796257
127423,16,0,4.438092
127424,16,0,1.479094
127443,16,0,4.020246
127464,16,0,2.102145
127472,16,0,3.700711
127566,15,0,0.468356
127571,16,0,1.433284
127572,15,0,3.699196
127610,16,0,1.468921
127652,13,0,1.628996
127661,16,0,2.311177
127679,15,0,2.901892
127687,15,0,2.929743
127704,16,0,3.176284
127715,16,0,3.190599
127729,16,0,2.023794
127761,16,0,2.034907
127763,15,0,5.455077
127782,16,0,2.719734
127804,16,0,3.036451
127806,15,0,3.009786
127826,13,0,3.966474
127851,16,0,2.859133
127874,16,0,2.697941
127883,15,0,4.362767
127905,15,0,0.124297
127935,-13,0,5.707628
127951,16,0,3.084307
127979,16,0,2.781857
127987,16,0,2.715901
127988,16,0,4.59549
128049,16,0,2.183201
128065,16,0,4.392949
128074,15,0,3.055414
128078,16,0,2.858379
128099,16,0,2.660735
128100,15,0,5.94316
128113,16,0,4.703692
128124,16,0,4.132885
128140,16,0,3.612113
128146,16,0,2.191689
128158,15,0,0.593014
128162,16,0,1.407932
128207,16,0,2.6802
128237,15,0,5.998485
128239,0,6,6.112268
128264,15,0,3.041211
128284,16,0,3.322311
128355,15,0,0.544217
128380,16,0,3.018
128395,15,0,3.739854
128408,15,0,1.493489
128433,16,0,3.006679
128450,15,0,5.44307
128457,16,0,1.104023
128483,15,0,3.798158
128495,15,0,6.000551
128526,16,0,2.527448
128529,15,0,3.832841
128587,15,0,6.004867
128643,16,0,3.439963
128653,16,0,1.109931
128655,16,0,1.244526
128661,16,0,0.995048
128677,15,0,1.124837
128703,16,0,4.683538
128708,16,0,4.631369
128744,16,0,4.531777
128753,16,0,3.429835
128769,16,0,3.122697
128780,16,0,3.512798
128784,16,0,2.591033
128788,16,0,2.297953
128802,16,0,4.710661
128863,16,0,1.354399
128882,16,0,0.852721
128900,16,0,3.5542
128907,16,0,1.902056
128922,16,0,0.807905
128924,-12,0,4.625516
128977,16,0,2.876868
128978,16,0,2.479562
129007,15,0,5.647574
129047,15,0,6.012516
129081,16,0,0.861641
129107,15,0,3.89791
129176,16,0,4.647257
129210,15,0,6.110991
129211,-12,0,5.753082
129216,16,0,4.717528
129276,16,0,1.23407
129307,16,0,3.175658
129315,15,0,5.9416
129344,16,0,4.6953
129368,16,0,3.465912
129374,16,0,2.601516
129390,15,0,2.949099
129398,16,0,3.393154
129425,15,0,5.880937
129441,16,0,0.963228
129486,15,0,0.636129
129488,15,0,0.472136
129534,15,0,0.592932
129538,16,0,0.860216
129548,15,0,0.719672
129578,16,0,3.696084
129601,16,0,3.932139
129604,16,0,4.794469
129607,-1,7,6.278577
129616,17,0,1.017104
129631,16,0,3.331253
129637,16,0,3.562143
129647,16,0,3.702754
129650,17,0,1.087066
129664,17,0,0.840998
129718,16,0,4.903456
129743,17,0,1.202811
129753,17,0,1.252509
129767,15,0,0.603819
129770,15,0,0.496594
129780,16,0,3.034885
129796,17,0,1.123608
129810,16,0,4.849665
129849,0,7,0.004581
129874,16,0,3.384058
129879,-1,7,6.216413
129885,16,0,3.003735
129898,15,0,4.026379
129923,16,0,3.455162
129939,16,0,2.916424
129954,16,0,5.00662
129965,-1,7,6.134319
129967,15,0,0.443249
129979,15,0,1.419736
130093,17,0,1.391782
130105,17,0,1.006169
130106,17,0,0.778698
130164,17,0,1.466916
130171,16,0,3.51531
130175,16,0,4.697422
130213,16,0,2.531732
130256,17,0,1.288777
130273,15,0,1.721032
130312,15,0,6.059368
130337,17,0,1.529964
130356,16,0,3.309253
130371,16,0,3.13629
130382,16,0,3.430279
130398,17,0,1.04749
130406,17,0,1.543184
130422,16,0,3.588446
130427,16,0,3.235527
130435,15,0,6.17821
130478,17,0,1.177011
130522,17,0,0.927014
130537,16,0,3.17967
130544,16,0,3.743811
130582,17,0,0.745653
130584,17,0,1.205732
130587,15,0,0.053652
130595,16,0,2.310231
130621,15,0,4.016435
130625,17,0,1.164716
130675,15,0,3.436438
130684,15,0,2.068412
130716,15,0,2.735089
130723,15,0,3.939948
130783,15,0,2.921981
130787,17,0,0.67172
130803,16,0,3.610893
130816,16,0,2.373231
130835,16,0,4.889352
130847,17,0,1.399802
130870,17,0,1.003137
130961,16,0,4.801901
130966,15,0,5.872711
130976,17,0,0.612818
130982,15,0,2.860709
130984,17,0,0.801808
130986,17,0,1.47352
131043,0,6,6.177497
131044,16,0,3.455341
131052,17,0,1.29005
131059,16,0,3.331585
131092,17,0,2.192376
131111,17,0,2.204392
131139,17,0,1.367375
131230,16,0,2.618496
131262,17,0,1.043991
131320,17,0,1.128849
131367,15,0,0.649136
131370,13,0,1.079899
131380,15,0,3.891027
131411,17,0,0.987474
131485,14,0,1.497619
131515,16,0,3.276194
131532,16,0,3.351592
131545,16,0,3.860679
131570,16,0,3.646086
131633,17,0,0.819322
131650,17,0,1.387405
131666,15,0,6.248196
131670,15,0,0.412416
131737,16,0,4.995114
131803,17,0,1.481482
131871,16,0,3.341083
131888,15,0,3.700337
131922,17,0,1.595881
131927,17,0,0.513364
131973,17,0,1.542578
132009,16,0,3.521026
132013,15,0,3.137963
132016,17,0,0.717901
132117,15,0,3.138079
132168,15,0,0.641406
132215,17,0,0.474429
132265,16,0,2.733696
132289,16,0,3.858098
132302,17,0,0.423984
132367,15,0,3.094416
132394,16,0,2.47071
132462,17,0,1.602291
132485,15,0,6.215912
132500,15,0,4.085289
132508,16,0,3.746542
132510,17,0,2.140479
132554,13,0,3.336046
132690,17,0,0.38414
132705,17,0,2.297803
132745,17,0,0.485579
132757,17,0,2.063493
132764,17,0,1.169431
132871,17,0,2.317805
132881,15,0,0.576299
132895,17,0,2.097551
132944,17,0,0.719373
132952,17,0,1.959451
132960,16,0,4.887521
132993,15,0,0.481667
133000,17,0,1.717657
133003,17,0,1.674302
133008,17,0,2.348854
133072,17,0,2.421606
133079,17,0,2.374564
133121,17,0,1.705602
133158,17,0,1.977576
133162,17,0,0.607821
133180,17,0,1.580627
133185,17,0,2.439485
133198,17,0,2.51415
133202,17,0,2.534456
133216,17,0,1.872477
133226,17,0,2.054251
133250,17,0,1.86883
133253,17,0,2.682148
133256,17,0,1.925905
133309,16,0,3.078663
133318,17,0,1.888588
133339,17,0,2.028715
133350,17,0,2.554213
133353,17,0,1.527029
133452,15,0,0.512211
133463,17,0,2.05443
133467,17,0,2.132719
133476,17,0,1.762906
133534,17,0,0.546944
133548,17,0,1.652684
133577,16,0,3.085861
133593,17,0,2.146643
133619,0,8,0.33156
133620,16,0,0.018227
133645,16,0,5.146917
133669,17,0,2.265772
133682,17,0,1.760393
133785,17,0,2.177416
133824,15,0,0.504203
133860,16,0,4.965987
133940,16,0,3.458955
133986,15,0,2.954003
134040,16,0,5.03393
134072,17,0,2.773184
134074,17,0,2.823453
134097,13,0,0.996253
134100,17,0,2.473283
134119,17,0,2.37254
134123,17,0,2.864795
134175,17,0,2.06397
134182,16,0,5.228085
134231,17,0,2.956597
134252,17,0,2.298265
134270,16,0,5.260674
134288,17,0,2.857551
134290,17,0,2.737079
134319,15,0,3.93139
134355,17,0,2.071015
134397,17,0,2.324192
134421,15,0,0.627568
134441,13,0,0.902627
134479,17,0,2.14147
134483,17,0,2.460589
134493,17,0,0.743556
134504,17,0,3.017072
134516,17,0,2.085763
134528,17,0,2.608915
134589,17,0,2.664099
134644,17,0,2.454122
134649,17,0,2.1607
134657,17,0,3.013325
134663,17,0,3.106446
134667,16,0,1.332015
134702,17,0,2.780665
134726,17,0,3.064076
134735,15,0,3.493132
134740,15,0,4.175562
134773,17,0,2.290652
134775,17,0,1.967279
134813,17,0,3.122473
134840,15,0,3.025268
134853,17,0,2.313504
134857,17,0,0.476482
134906,17,0,3.150853
134912,13,0,3.255984
134940,17,0,0.611418
134955,15,0,0.597015
134959,16,0,4.966535
134970,17,0,3.127223
135007,17,0,2.519479
135035,17,0,2.719629
135086,17,0,1.393876
135156,17,0,1.629844
135164,17,0,2.637362
135377,15,0,0.936122
135418,17,0,2.874567
135431,17,0,3.248742
135435,17,0,2.699684
135441,17,0,1.965162
135449,17,0,2.962798
135458,17,0,3.027148
135606,17,0,3.071411
135618,17,0,3.363582
135644,17,0,1.643287
135663,17,0,1.867168
135690,-12,0,5.723151
135818,17,0,0.544813
135859,17,0,2.98231
135869,13,0,3.22467
135878,17,0,0.669206
135892,17,0,0.514437
135907,17,0,3.187733
135909,0,9,0.073075
135914,17,0,2.839348
135945,15,0,0.418552
135956,17,0,3.312482
135989,15,0,0.699589
136033,17,0,2.211898
136145,15,0,0.569948
136262,17,0,3.527067
136285,17,0,3.701841
136302,0,9,0.103946
136317,0,9,0.09409
136412,15,0,3.507274
136413,17,0,3.783168
136451,-1,9,6.205534
136485,1,8,0.349078
136532,17,0,3.75037
136619,15,0,4.107416
136621,-1,9,6.085834
136675,-1,9,6.006601
136676,14,0,0.658865
136677,15,0,4.074473
136688,17,0,3.625294
136712,15,0,3.418667
136737,17,0,3.817246
136817,17,0,3.569949
136827,-1,9,5.961499
136866,17,0,3.851861
136890,-1,9,5.984174
136913,17,0,1.90787
136933,18,0,0.741897
136994,17,0,3.692988
137098,18,0,0.906431
137159,17,0,3.896942
137179,18,0,0.743844
137184,17,0,3.986667
137190,17,0,3.258083
137193,-1,9,5.932921
137206,17,0,3.724962
137244,17,0,3.861215
137262,-1,9,5.977207
137292,-12,0,5.24135
137302,19,0,0.767719
137308,17,0,3.530779
137331,18,0,0.843872
137336,17,0,3.483042
137345,-1,9,6.173391
137349,17,0,3.786408
137351,17,0,0.65225
137355,17,0,3.960469
137378,18,0,0.65279
137395,15,0,3.809019
137407,-1,9,5.971965
137432,17,0,3.237406
137460,-12,0,5.217448
137519,17,0,3.528689
137532,19,0,0.757159
137562,17,0,3.451364
137570,17,0,1.780823
137591,18,0,0.836055
137596,17,0,3.552563
137637,17,0,2.868923
137665,18,0,0.854599
137734,17,0,2.809261
137737,-1,9,6.130691
137761,19,0,0.804588
137766,17,0,0.599167
137794,17,0,0.971831
137798,17,0,4.042905
137815,-12,0,5.515929
137868,15,0,3.307048
137894,17,0,2.973787
137962,17,0,0.549327
137997,17,0,0.911958
138053,18,0,0.54992
138055,17,0,3.40777
138065,18,0,0.828934
138070,17,0,3.821777
138140,17,0,3.35581
138146,17,0,4.021588
138158,17,0,3.229155
138164,17,0,3.479885
138178,18,0,0.989487
138180,18,0,1.137102
138182,17,0,3.105065
138186,17,0,3.853623
138223,18,0,0.975241
138230,-1,9,6.064282
138240,18,0,1.034056
138257,18,0,1.165613
138258,17,0,3.556626
138279,15,0,3.250394
138323,17,0,4.04163
138353,18,0,1.075222
138357,18,0,0.836434
138363,17,0,3.982997
138377,19,0,0.70204
138387,18,0,1.227745
138410,17,0,4.165115
138411,-1,9,6.264906
138450,17,0,3.920639
138475,15,0,6.176647
138589,17,0,2.970023
138600,18,0,0.628605
138601,17,0,3.160585
138626,19,0,0.848489
138660,19,0,0.759414
138670,15,0,6.226364
138695,19,0,0.862299
138728,15,0,6.207555
138772,19,0,0.711956
138806,18,0,0.772908
138831,15,0,6.161343
138838,17,0,3.637077
138864,18,0,1.334329
138878,18,0,0.937643
138897,18,0,0.70947
138916,-12,0,5.583552
138966,17,0,4.066586
138990,-1,9,5.920487
139000,19,0,0.935037
139014,17,0,4.106901
139024,18,0,1.235361
139026,15,0,6.052784
139033,16,0,1.249664
139038,15,0,5.967872
139044,18,0,1.362228
139049,18,0,0.689545
139069,-12,0,5.604754
139087,16,0,0.008841
139089,18,0,0.660085
139136,19,0,0.846684
139143,15,0,5.920832
139149,17,0,3.259016
139191,18,0,1.333228
139239,18,0,1.482864
139247,18,0,0.590097
139271,19,0,0.849825
139316,16,0,0.022424
139339,19,0,1.015356
139364,18,0,1.414107
139426,19,0,1.076335
139457,19,0,1.132026
139483,17,0,4.094977
139485,17,0,3.738401
139490,18,0,1.23656
139500,19,0,1.210277
139516,0,9,0.004832
139525,17,0,4.45289
139532,19,0,0.672132
139533,18,0,1.504921
139546,17,0,4.213651
139588,18,0,0.60319
139629,17,0,4.480649
139643,19,0,0.968464
139646,-1,9,5.900139
139680,17,0,4.596481
139685,16,0,0.08039
139703,18,0,1.587915
139727,17,0,4.629616
139752,17,0,4.178238
139803,17,0,3.290277
139821,18,0,0.588641
139848,19,0,1.298121
139855,19,0,0.711479
139927,17,0,4.276618
139962,17,0,4.36319
139981,-1,9,5.78432
139999,18,0,1.491247
140010,19,0,0.655091
140032,18,0,0.575817
140074,17,0,4.661479
140116,18,0,1.347066
140132,19,0,1.346208
140136,16,0,3.712795
140138,18,0,1.386967
140235,16,0,3.672182
140241,19,0,0.658335
140269,17,0,3.953785
140318,16,0,3.729065
140326,18,0,1.373073
140353,-1,9,6.247603
140359,20,0,0.981724
140367,18,0,1.427958
140368,18,0,1.612456
140380,17,0,3.605581
140410,19,0,1.382968
140422,17,0,0.851135
140429,17,0,3.72208
140437,19,0,1.431864
140454,20,0,0.938947
140518,17,0,4.427714
140582,17,0,4.447921
140621,20,0,1.021934
140626,18,0,0.613627
140646,17,0,3.409004
140657,18,0,0.743485
140687,18,0,0.84364
140747,20,0,1.139441
140785,20,0,1.256949
140830,20,0,1.149543
140843,17,0,4.586535
140898,17,0,4.641353
140913,20,0,1.078482
140918,18,0,1.305443
140936,17,0,4.661805
140954,19,0,1.381244
140975,19,0,0.762396
141025,18,0,1.363809
141031,20,0,1.211185
141057,18,0,1.677821
141083,16,0,1.721584
141116,19,0,0.72342
141152,16,0,3.750546
141186,20,0,1.387516
141211,19,0,0.777318
141220,-1,9,5.872973
141236,19,0,0.651293
141271,17,0,4.33361
141293,20,0,1.103339
141327,18,0,1.544334
141334,19,0,0.788859
141346,-1,9,6.18591
141404,18,0,4.100045
141444,19,0,0.804346
141452,18,0,4.101624
141467,18,0,3.982504
141478,17,0,0.779274
141506,18,0,1.185329
141513,18,0,0.485884
141528,19,0,0.726207
141529,18,0,1.563107
141531,18,0,1.613329
141536,18,0,1.251009
141627,20,0,1.244541
141629,20,0,1.33567
141637,18,0,1.106065
141699,16,0,3.814757
141721,20,0,0.815539
141738,19,0,0.863646
141748,17,0,3.500727
141762,18,0,2.358487
141764,19,0,0.710199
141779,18,0,1.523888
141841,19,0,0.702981
141857,18,0,2.480524
141864,20,0,0.796793
141870,18,0,2.569615
141904,18,0,1.065905
141912,18,0,4.230382
141919,18,0,2.239614
141923,18,0,1.189752
141947,15,0,3.303004
142004,20,0,1.428404
142037,18,0,3.864888
142041,18,0,2.399885
142043,18,0,3.912044
142062,18,0,2.741416
142071,20,0,1.166746
142081,18,0,2.37516
142089,19,0,0.674214
142107,18,0,2.061713
142109,18,0,3.951584
142127,19,0,1.383787
142150,20,0,1.114524
142163,20,0,1.501374
142218,18,0,1.501573
142241,18,0,3.763552
142250,19,0,1.472265
142256,19,0,0.999059
142311,18,0,2.783503
142315,18,0,3.865498
142317,18,0,4.159825
142320,18,0,3.8199
142331,18,0,1.195415
142345,19,0,0.978315
142346,18,0,2.304188
142351,19,0,1.126255
142386,18,0,0.704471
142396,18,0,4.004462
142401,20,0,1.484237
142415,19,0,0.75349
142450,18,0,4.176342
142487,19,0,1.378158
142491,20,0,1.552568
142492,18,0,4.318328
142573,20,0,0.734074
142596,19,0,1.557948
142604,19,0,1.648697
142609,20,0,1.594725
142633,20,0,0.782476
142653,18,0,3.790824
142673,18,0,1.767122
142678,20,0,1.234142
142679,20,0,0.776451
142688,19,0,0.862156
142695,19,0,1.102758
142700,18,0,3.727708
142702,19,0,1.231715
142704,18,0,4.074951
142717,18,0,3.723816
142736,19,0,1.071972
142761,18,0,4.194017
142778,18,0,3.71366
142802,18,0,4.094776
142823,18,0,3.622077
142824,18,0,3.598961
142841,20,0,0.821691
142849,18,0,0.587255
142896,18,0,2.051445
142898,18,0,3.518159
142919,19,0,1.629971
142991,17,0,1.801958
142997,19,0,1.293391
143021,18,0,3.556013
143047,18,0,3.499298
143062,20,0,0.726991
143117,20,0,0.789281
143156,18,0,1.687446
143157,18,0,1.778724
143159,18,0,3.495369
143162,18,0,4.489179
143166,18,0,3.978399
143168,17,0,3.669418
143182,19,0,1.626542
143207,18,0,4.046934
143213,19,0,0.654977
143222,18,0,1.711182
143230,18,0,3.672653
143231,18,0,2.058345
143266,0,9,0.012186
143277,17,0,1.842358
143292,20,0,0.743453
143305,20,0,0.743039
143308,18,0,2.846863
143350,18,0,3.470837
143355,20,0,0.725023
143370,18,0,1.662953
143394,19,0,1.607558
143396,17,0,1.800164
143399,19,0,1.653214
143402,18,0,2.889671
143407,19,0,1.370895
143409,19,0,1.531355
143413,20,0,0.814989
143431,18,0,0.661183
143437,19,0,1.51265
143438,19,0,1.680089
143444,19,0,1.521662
143451,19,0,1.262598
143456,18,0,3.402257
143495,18,0,1.853995
143498,20,0,0.69869
143510,18,0,2.245163
143520,19,0,1.706789
143525,18,0,4.491881
143543,19,0,0.989999
143573,21,0,0.762731
143575,18,0,2.757737
143579,21,0,0.749615
143586,19,0,0.615484
143590,18,0,3.614685
143602,18,0,0.637029
143611,18,0,3.055501
143648,0,9,0.053158
143649,18,0,3.222827
143657,18,0,1.842454
143670,18,0,0.717573
143697,18,0,3.542834
143710,18,0,2.956406
143737,18,0,1.899974
143775,18,0,4.596272
143816,17,0,0.720593
143830,19,0,1.362195
143855,20,0,0.865416
143915,19,0,0.674465
143924,18,0,2.707077
143937,21,0,0.900035
143979,20,0,0.902618
144002,0,9,0.062495
144011,20,0,1.533827
144016,19,0,1.743679
144025,19,0,1.633625
144031,20,0,0.658055
144054,18,0,4.716977
144064,18,0,2.636917
144084,18,0,2.044469
144108,21,0,1.052541
144113,18,0,2.791536
144114,18,0,2.001962
144144,18,0,4.631959
144160,18,0,2.119417
144165,18,0,1.905979
144203,18,0,2.19832
144208,18,0,2.516196
144216,18,0,2.027468
144236,18,0,2.514168
144243,18,0,2.428975
144254,18,0,3.284623
144270,19,0,0.928641
144293,21,0,1.269541
144308,18,0,2.311429
144342,18,0,4.242853
144345,18,0,1.879848
144354,20,0,0.929748
144361,18,0,2.428049
144365,18,0,2.32777
144382,19,0,1.721786
144393,20,0,1.614774
144413,20,0,0.744016
144450,19,0,1.430368
144458,21,0,0.908482
144519,21,0,0.811314
144520,20,0,1.684639
144529,18,0,1.939359
144570,21,0,0.838213
144578,18,0,2.212839
144604,18,0,2.849309
144612,20,0,1.577581
144618,21,0,1.407982
144626,20,0,1.681862
144639,19,0,1.722045
144650,18,0,2.466642
144666,21,0,1.378826
144683,18,0,2.903362
144697,18,0,1.965594
144733,21,0,0.990158
144761,21,0,0.800835
144789,18,0,2.974692
144803,19,0,1.802678
144809,18,0,2.849301
144834,21,0,1.515853
144841,21,0,0.732758
144850,18,0,3.343252
144859,18,0,2.760392
144867,18,0,2.023552
144868,18,0,3.046368
144873,18,0,2.603175
144890,21,0,1.114486
144895,19,0,1.947472
144905,18,0,1.786118
144907,18,0,3.00953
144920,19,0,1.523194
145000,19,0,1.77061
145009,21,0,1.548154
145042,18,0,1.71625
145043,18,0,3.329804
145052,18,0,2.726589
145065,21,0,0.859014
145075,21,0,1.635011
145096,21,0,0.712392
145097,19,0,1.839858
145102,19,0,2.033666
145144,19,0,1.859762
145149,18,0,3.065627
145152,19,0,1.949834
145160,20,0,1.713345
145173,20,0,1.81359
145197,18,0,3.019654
145201,18,0,1.932886
145202,19,0,1.979472
145207,18,0,3.637581
145221,19,0,1.853782
145240,20,0,1.888926
145254,19,0,1.862817
145284,18,0,3.320198
145286,18,0,3.273587
145295,18,0,3.59117
145300,19,0,0.522864
145309,18,0,2.596657
145321,21,0,0.847728
145368,18,0,3.533557
145450,19,0,2.05674
145451,21,0,0.733529
145470,21,0,1.255161
145484,21,0,0.892282
145485,20,0,0.876051
145487,18,0,2.914352
145489,18,0,2.093715
145513,18,0,2.472008
145550,18,0,1.86606
145557,18,0,2.541134
145572,20,0,1.682385
145603,18,0,3.256355
145623,18,0,3.442865
145628,19,0,2.075512
145629,19,0,1.959075
145635,18,0,2.500454
145641,21,0,0.970766
145645,20,0,1.811693
145657,18,0,4.757803
145662,19,0,4.28912
145674,21,0,1.043304
145675,18,0,3.364148
145733,18,0,3.230527
145738,21,0,1.242694
145742,21,0,1.154844
145750,21,0,1.037227
145768,18,0,2.191706
145776,18,0,0.623788
145835,19,0,2.103543
145855,19,0,1.000153
145860,18,0,2.640389
145906,21,0,0.898968
145916,18,0,2.734257
145919,21,0,1.147715
145946,21,0,0.832679
145951,18,0,3.114776
145965,21,0,1.672054
145997,20,0,2.02516
146003,20,0,2.140204
146006,21,0,1.355115
146008,18,0,3.894911
146013,0,10,5.960358
146017,18,0,2.888586
146033,18,0,2.138674
146035,19,0,1.690812
146037,21,0,1.651643
146041,21,0,1.537108
146068,19,0,2.012836
146090,20,0,2.179605
146129,18,0,4.643555
146150,18,0,3.14583
146151,19,0,2.19559
146198,21,0,1.423249
146218,19,0,2.1197
146228,21,0,1.545963
146235,19,0,2.253939
146237,18,0,0.851734
146243,18,0,3.205843
146263,18,0,1.776012
146266,21,0,2.203877
146268,21,0,1.222282
146337,21,0,0.945729
146349,21,0,1.665204
146361,19,0,1.929251
146426,21,0,1.64196
146449,20,0,1.962924
146466,21,0,1.014164
146493,20,0,2.079108
146496,19,0,2.17159
146497,21,0,1.087459
146508,18,0,1.666002
146553,18,0,3.052011
146561,18,0,3.317066
146562,19,0,1.811205
146565,20,0,2.155346
146566,18,0,2.981622
146581,18,0,2.276171
146584,18,0,3.209433
146586,21,0,2.258429
146611,18,0,2.613521
146644,0,10,6.047576
146668,21,0,2.313296
146685,18,0,1.815718
146687,21,0,2.26958
146688,18,0,3.16346
146761,18,0,3.542589
146762,18,0,3.223539
146775,21,0,0.943021
146788,21,0,1.095133
146809,20,0,2.002206
146831,19,0,4.329481
146832,18,0,1.823375
146835,20,0,2.249633
146838,21,0,2.416851
146842,18,0,1.910482
146857,21,0,2.207095
146862,21,0,2.209796
146865,18,0,2.221609
146868,20,0,2.299094
146900,19,0,4.383815
146910,0,10,6.164925
146915,20,0,2.240457
146984,19,0,4.246175
146985,21,0,0.783476
146987,19,0,2.268646
147012,21,0,2.185173
147030,21,0,2.133854
147041,0,10,6.112402
147078,18,0,3.443499
147099,18,0,1.785887
147100,0,10,6.111041
147149,20,0,2.322955
147178,20,0,2.23221
147188,21,0,2.554333
147199,19,0,4.190254
147210,18,0,3.883451
147212,19,0,4.216564
147226,21,0,2.468213
147245,19,0,4.548784
147274,20,0,2.272438
147338,19,0,4.149044
147353,18,0,2.810964
147372,21,0,1.159997
147408,18,0,2.696703
147478,18,0,1.696232
147526,18,0,3.274321
147544,21,0,2.096106
147549,20,0,2.402869
147560,18,0,3.313434
147565,19,0,1.577091
147566,18,0,3.073785
147594,19,0,2.344622
147645,20,0,0.875247
147719,18,0,2.335272
147764,19,0,2.488163
147811,20,0,2.385566
147816,19,0,2.383209
147838,21,0,2.002436
147848,21,0,2.598229
147879,19,0,4.624226
147888,20,0,2.340937
147897,21,0,2.487095
147901,21,0,2.304796
147958,19,0,2.460156
147965,20,0,2.379014
147967,21,0,2.478028
147983,21,0,2.441839
148000,21,0,2.37636
148008,19,0,2.554721
148018,18,0,1.839342
148045,18,0,2.841199
148059,19,0,2.333558
148149,20,0,0.924661
148161,21,0,2.430257
148165,20,0,1.0388
148173,21,0,2.019
148186,21,0,1.993369
148226,21,0,1.241638
148254,19,0,2.579898
148267,17,0,0.789268
148270,21,0,2.041947
148291,21,0,2.038328
148298,21,0,1.915263
148302,21,0,0.871352
148332,20,0,2.560175
148339,21,0,2.32355
148358,21,0,2.306834
148392,21,0,2.063635
148436,20,0,2.407733
148454,20,0,1.116433
148460,21,0,2.230551
148488,21,0,2.031303
148492,20,0,1.964939
148528,17,0,0.851877
148578,21,0,1.319008
148579,21,0,2.140314
148587,21,0,2.392423
148605,21,0,2.68784
148614,19,0,2.193652
148615,21,0,1.41022
148668,21,0,2.775519
148720,21,0,2.272111
148765,19,0,4.375365
148773,20,0,2.807275
148782,21,0,2.058149
148801,20,0,2.539921
148809,21,0,2.87512
148814,21,0,2.530793
148839,20,0,2.663841
148854,20,0,2.90006
148858,20,0,2.755975
148988,19,0,4.176147
149013,20,0,2.827152
149037,18,0,1.951797
149050,19,0,4.162677
149134,19,0,2.640533
149161,19,0,2.518175
149186,20,0,1.200565
149188,21,0,0.799595
149208,20,0,2.871619
149219,21,0,2.521248
149238,21,0,2.272247
149295,21,0,2.068406
149318,18,0,3.734059
149339,19,0,2.624569
149377,21,0,2.704975
149386,21,0,2.674696
149401,19,0,2.165107
149405,19,0,2.193813
149411,19,0,2.728515
149417,19,0,2.830251
149480,17,0,1.624573
149494,21,0,2.919449
149534,19,0,1.964285
149582,19,0,2.91628
149621,21,0,2.729481
149636,19,0,2.693835
149637,21,0,2.776701
149639,21,0,2.873196
149714,19,0,4.072405
149736,19,0,2.248248
149742,19,0,4.314175
149777,20,0,2.659694
149786,21,0,2.735998
149842,18,0,1.742148
149900,21,0,0.754562
149904,20,0,2.65357
149922,19,0,2.605416
149935,20,0,2.777021
149944,20,0,2.730989
149972,20,0,0.676256
150000,20,0,2.95045
150006,19,0,3.97258
150022,21,0,2.989884
150047,19,0,0.58381
150051,19,0,2.714995
150117,19,0,2.510553
150118,19,0,2.936091
150119,20,0,2.781071
150125,19,0,3.889698
150140,20,0,4.637409
150156,20,0,1.229832
150200,20,0,2.574812
150206,20,0,2.636333
150217,21,0,2.345511
150234,19,0,3.025331
150238,19,0,2.59398
150270,21,0,3.114177
150281,21,0,3.094009
150293,19,0,3.777584
150339,21,0,1.640418
150376,20,0,2.661567
150399,20,0,1.255365
150418,17,0,1.604108
150425,20,0,2.717048
150449,18,0,3.376984
150452,19,0,2.699217
150487,19,0,3.040789
150493,19,0,2.719002
150496,21,0,2.992241
150505,19,0,2.978999
150510,20,0,2.755548
150525,20,0,3.076308
150614,21,0,3.086366
150623,20,0,2.576699
150629,20,0,2.864254
150630,20,0,2.617496
150730,19,0,3.34459
150766,19,0,3.480585
150769,19,0,3.193847
150889,19,0,2.797577
150914,20,0,2.505842
150959,20,0,3.159319
150985,21,0,2.934746
150991,20,0,2.88904
151015,19,0,2.732075
151022,19,0,2.664882
151039,19,0,2.800717
151041,19,0,2.60811
151043,19,0,3.533831
151060,20,0,2.991886
151084,19,0,3.119322
151089,20,0,3.117448
151091,20,0,3.290533
151093,20,0,3.181118
151121,20,0,2.545119
151130,20,0,3.455082
151199,19,0,3.820171
151237,20,0,3.330211
151329,21,0,3.208247
151331,20,0,3.015498
151341,20,0,3.119103
151398,19,0,2.900599
151407,21,0,2.513536
151425,19,0,2.174867
151447,19,0,2.659098
151468,21,0,3.238461
151525,20,0,1.640007
151566,20,0,3.114587
151569,20,0,3.471915
151618,20,0,3.537757
151631,19,0,3.739597
151696,20,0,1.661021
151770,20,0,3.510257
151773,19,0,2.816489
151778,19,0,4.370104
151804,20,0,3.228097
151808,20,0,0.67427
151835,20,0,3.260369
151854,21,0,3.105753
151882,20,0,3.219133
151958,20,0,2.481896
151964,20,0,3.493126
151970,20,0,3.35288
152048,20,0,3.566612
152059,20,0,3.568914
152076,19,0,2.917028
152087,19,0,2.523542
152148,21,0,3.20664
152195,19,0,4.546431
152237,19,0,2.726895
152254,20,0,3.312646
152276,20,0,2.543274
152289,18,0,3.394301
152290,20,0,3.181848
152306,20,0,3.211152
152319,19,0,3.257873
152321,20,0,4.637672
152342,20,0,2.144001
152480,19,0,4.697556
152508,20,0,3.194841
152556,20,0,1.009134
152567,19,0,3.356027
152578,20,0,2.071183
152609,19,0,2.900365
152632,19,0,2.954562
152636,19,0,3.430649
152671,19,0,2.440762
152725,21,0,2.361879
152743,20,0,3.302807
152782,19,0,2.93053
152860,19,0,2.570642
152868,19,0,4.217985
152876,20,0,3.306006
152881,19,0,2.41468
152890,19,0,2.496515
152898,20,0,3.085947
152904,21,0,3.32713
152945,19,0,2.875232
152953,19,0,4.266789
152956,20,0,3.397082
153114,19,0,2.326109
153159,20,0,2.040597
153164,20,0,2.024419
153165,20,0,3.20039
153167,20,0,2.026557
153197,20,0,3.449566
153257,20,0,3.296575
153271,0,11,5.076744
153285,0,11,5.212231
153300,20,0,1.944022
153302,20,0,2.172776
153305,20,0,3.46404
153319,20,0,3.456036
153333,18,0,0.933446
153345,19,0,2.29295
153360,21,0,3.339649
153372,20,0,3.351849
153431,20,0,1.826276
153460,21,0,3.435916
153497,19,0,4.201304
153503,19,0,2.494323
153535,20,0,2.416049
153579,21,0,3.456927
153626,20,0,1.796874
153632,21,0,3.520621
153635,20,0,3.559166
153660,21,0,2.424815
153688,19,0,4.142195
153771,20,0,2.173828
153798,19,0,2.324829
153848,20,0,3.63132
153915,19,0,2.030259
153928,20,0,3.601492
153970,20,0,3.723553
154018,20,0,3.824396
154109,20,0,3.705752
154155,19,0,3.429137
154160,20,0,3.160733
154174,20,0,2.283058
154239,20,0,3.68472
154273,21,0,3.53796
154429,21,0,3.328839
154480,19,0,3.54278
154491,19,0,3.596277
154520,21,0,3.439463
154591,19,0,3.548585
154707,21,0,3.458414
154815,20,0,3.882168
154892,21,0,3.610043
154998,20,0,3.600449
155111,20,0,3.104991
155170,21,0,3.408406
155180,19,0,2.37221
155230,21,0,3.410125
155233,21,0,3.35009
155334,21,0,3.481804
155394,20,0,3.107169
155410,20,0,3.02512
155455,20,0,3.050221
155487,19,0,4.017241
155560,22,0,2.723112
155570,20,0,3.035221
155589,20,0,3.610877
155633,21,0,3.644818
155676,22,0,2.767198
155722,20,0,0.973959
155771,22,0,2.838366
155822,20,0,1.950605
155841,22,0,2.860124
155913,21,0,3.692556
155952,19,0,3.616119
155956,19,0,3.969508
156047,21,0,3.412916
156086,20,0,2.256777
156105,20,0,3.760181
156129,19,0,3.314532
156177,20,0,3.847092
156296,22,0,2.957966
156336,21,0,3.453825
156353,21,0,3.453919
156432,19,0,3.303026
156442,19,0,3.245381
156451,19,0,2.573345
156557,21,0,3.404189
156645,19,0,3.373881
156667,19,0,3.480664
156672,21,0,3.39989
156684,19,0,3.398863
156733,22,0,3.075827
156745,19,0,3.2689
156758,19,0,2.525757
156830,21,0,2.885166
156851,20,0,3.934509
156908,22,0,2.701731
156920,21,0,2.801267
157012,19,0,3.577872
157038,19,0,3.23447
157072,21,0,2.841509
157187,19,0,3.566914
157235,21,0,3.449788
157324,21,0,2.722681
157391,21,0,2.963856
157511,20,0,3.819586
157558,20,0,3.887414
157591,21,0,3.066494
157613,19,0,3.165159
157646,19,0,3.087607
157717,19,0,3.211804
157762,19,0,3.43634
157793,19,0,3.146543
157810,19,0,3.004619
157954,19,0,3.196495
158003,19,0,3.089859
158039,21,0,3.102583
158051,19,0,3.397406
158062,19,0,3.613368
158085,21,0,3.01554
158207,21,0,2.693866
158226,20,0,3.806515
158248,19,0,3.238951
158263,19,0,3.654173
158265,19,0,3.230939
158375,21,0,3.501605
158714,21,0,2.692386
158850,21,0,3.336345
158869,21,0,2.976135
158912,20,0,2.345809
158916,19,0,3.147706
159043,21,0,3.199694
159123,19,0,3.048926
159523,19,0,3.399699
159534,20,0,2.446967
159614,21,0,3.313352
159730,22,0,3.250862
159854,19,0,3.368561
160084,20,0,2.484167
160221,22,0,3.185251
160458,23,0,3.106289
160892,19,0,3.646028
160983,19,0,3.691977
161011,23,0,3.053413
161140,23,0,2.989098
161159,23,0,3.118615
161194,23,0,3.030338
161203,22,0,3.287671
161379,24,0,2.840397
161434,24,0,2.803271
161462,22,0,3.321016
161514,22,0,3.017794
161519,23,0,2.742916
161541,23,0,2.887665
161675,22,0,2.69687
161713,22,0,2.699895
161736,22,0,3.391109
161758,22,0,3.06521
161780,24,0,2.846417
161792,24,0,2.897691
161891,22,0,3.007582
161894,22,0,3.080263
161908,22,0,3.068059
161913,22,0,3.076577
161930,22,0,3.416434
161933,22,0,2.957696
161950,22,0,3.048911
161968,22,0,2.936057
161975,22,0,3.135722
161991,22,0,2.919492
162028,22,0,2.811684
162038,22,0,2.726118
162092,24,0,2.88806
162128,22,0,2.694358
162172,22,0,2.691108
162174,22,0,3.152842
162178,22,0,3.340181
162187,24,0,2.886409
162207,22,0,2.863262
162243,24,0,2.888073
162250,22,0,2.688307
162272,22,0,3.209211
162274,22,0,3.282691
162317,22,0,2.75359
162319,22,0,3.210816
162323,22,0,2.883271
162324,22,0,2.6866
162337,24,0,2.865594
162372,22,0,2.683527
162413,22,0,3.275539
162427,22,0,3.349985
162440,22,0,3.353361
162446,22,0,2.739559
162463,22,0,3.201156
162476,22,0,2.842979
162498,22,0,2.780957
162561,22,0,3.283095
162598,24,0,2.936307
162621,24,0,2.844692
162667,24,0,2.755755
162668,24,0,2.723894
162686,22,0,2.647983
162716,24,0,2.779626
162722,22,0,2.554318
162748,24,0,2.918302
162762,24,0,2.746843
162786,22,0,2.462529
162944,24,0,2.749566
162964,22,0,3.413425
162980,24,0,2.698375
163024,24,0,2.990497
163052,22,0,2.476539
163076,22,0,2.428968
163091,22,0,2.312655
163108,22,0,2.174684
163113,22,0,2.394941
163132,22,0,2.449853
163133,22,0,3.396717
163151,22,0,3.464807
163169,22,0,2.241976
163172,22,0,2.503723
163188,22,0,2.211832
163189,22,0,2.327388
163218,22,0,2.475525
163251,22,0,2.354446
163326,22,0,2.056373
163334,22,0,2.677015
163344,22,0,2.113627
163365,24,0,3.04653
163398,24,0,3.086974
163400,22,0,2.694393
163414,24,0,3.164183
163479,22,0,2.063631
163558,24,0,2.940563
163578,24,0,2.864871
163588,22,0,3.496763
163641,22,0,3.170076
163686,22,0,2.060553
163700,22,0,2.013406
163728,22,0,1.99128
163819,24,0,3.131288
163874,22,0,3.564515
163881,24,0,3.011755
163898,23,0,2.995815
163925,22,0,2.066601
164083,24,0,2.911115
164188,22,0,1.999207
164242,23,0,2.481673
164243,23,0,2.96126
164341,24,0,2.489374
164367,22,0,2.300179
164391,22,0,2.215663
164408,22,0,2.321094
164420,22,0,2.236635
164444,22,0,3.456741
164453,22,0,1.95739
164483,22,0,3.518575
164533,22,0,1.988461
164849,23,0,3.004147
164888,22,0,3.550913
164891,23,0,2.98931
164901,23,0,3.058973
164995,23,0,2.839004
165005,23,0,3.114196
165025,23,0,3.171168
165069,23,0,2.893402
165086,23,0,2.870734
165093,23,0,2.842376
165097,23,0,2.819617
165098,23,0,2.864621
165145,23,0,2.738796
165179,23,0,2.996997
165184,23,0,2.90883
165191,23,0,2.765855
165218,22,0,3.605167
165248,22,0,3.671734
165258,23,0,2.71228
165259,23,0,2.680206
165265,23,0,2.768645
165284,23,0,2.698584
165290,23,0,3.147514
165324,22,0,3.678729
165496,23,0,2.945452
