patch_a,patch_b,verdict,sep_um,max_sep_um,truth,trig_dn_a,trig_dn_b,trig_du_mm,trig_nbr_wrap_um
6,7,untestable,10.3,12.5,same-wrap,,,,
6,9,same-sheet,9.8,18.9,same-wrap,,,,
6,15,same-sheet,9.5,23.2,same-wrap,,,,
6,18,same-sheet,9.5,13.6,same-wrap,,,,
6,1,same-sheet,9.1,16.2,same-wrap,,,,
7,10,same-sheet,8.7,14.8,same-wrap,,,,
7,15,same-sheet,8.0,9.3,same-wrap,,,,
7,18,same-sheet,10.0,21.5,same-wrap,,,,
7,21,same-sheet,9.5,19.7,same-wrap,,,,
7,1,untestable,9.2,12.6,same-wrap,,,,
7,17,same-sheet,8.4,13.0,same-wrap,,,,
9,15,same-sheet,8.9,18.7,same-wrap,,,,
9,16,same-sheet,10.4,26.9,same-wrap,,,,
9,282,same-sheet,9.0,12.2,same-wrap,,,,
9,355,same-sheet,10.1,27.9,same-wrap,,,,
9,35,same-sheet,10.6,31.6,same-wrap,,,,
10,18,same-sheet,9.2,26.1,same-wrap,,,,
10,21,same-sheet,8.8,28.1,same-wrap,,,,
10,33,same-sheet,9.8,12.6,same-wrap,,,,
10,228,same-sheet,9.9,10.4,same-wrap,,,,
10,17,untestable,8.0,8.0,same-wrap,,,,
15,18,same-sheet,8.8,21.3,same-wrap,,,,
15,20,same-sheet,9.5,12.4,same-wrap,,,,
15,31,same-sheet,8.7,11.7,same-wrap,,,,
15,282,same-sheet,9.8,11.5,same-wrap,,,,
15,355,same-sheet,9.0,12.4,same-wrap,,,,
15,1,same-sheet,9.5,14.8,same-wrap,,,,
16,282,same-sheet,10.3,21.6,same-wrap,,,,
16,355,same-sheet,12.0,21.2,same-wrap,,,,
16,35,same-sheet,9.4,12.3,same-wrap,,,,
18,20,same-sheet,8.5,11.0,same-wrap,,,,
18,22,same-sheet,10.8,23.1,same-wrap,,,,
18,27,same-sheet,12.2,25.4,same-wrap,,,,
18,160,ambiguous,118.8,270.0,adjacent,,,,
18,1,same-sheet,8.9,8.9,same-wrap,,,,
20,22,same-sheet,10.3,25.1,same-wrap,,,,
20,27,same-sheet,10.6,14.4,same-wrap,,,,
20,31,same-sheet,9.2,13.2,same-wrap,,,,
20,56,same-sheet,9.8,15.9,same-wrap,,,,
20,160,ambiguous,124.4,566.4,adjacent,,,,
21,30,same-sheet,10.8,26.5,same-wrap,,,,
21,32,same-sheet,10.4,26.6,same-wrap,,,,
21,53,same-sheet,9.7,20.9,same-wrap,,,,
21,17,same-sheet,13.1,21.5,same-wrap,,,,
22,27,same-sheet,8.8,19.8,same-wrap,,,,
22,31,same-sheet,9.2,9.4,same-wrap,,,,
22,40,same-sheet,8.9,18.9,same-wrap,,,,
22,56,same-sheet,9.0,18.8,same-wrap,,,,
22,61,same-sheet,12.3,12.5,same-wrap,,,,
22,160,ambiguous,127.4,551.5,adjacent,,,,
22,1701,ambiguous,121.9,316.9,adjacent,,,,
22,108,same-sheet,12.9,57.0,same-wrap,,,,
22,916,same-sheet,10.5,61.0,same-wrap,,,,
27,33,same-sheet,10.0,12.1,same-wrap,,,,
27,40,same-sheet,9.4,19.7,same-wrap,,,,
27,50,same-sheet,10.4,10.8,same-wrap,,,,
27,61,same-sheet,10.9,23.6,same-wrap,,,,
27,135,same-sheet,8.2,8.2,same-wrap,,,,
27,117,same-sheet,9.7,21.5,same-wrap,,,,
27,916,same-sheet,12.7,31.2,same-wrap,,,,
30,32,same-sheet,9.8,17.5,same-wrap,,,,
30,53,same-sheet,10.2,26.2,same-wrap,,,,
30,202,same-sheet,10.2,17.3,same-wrap,,,,
31,43,same-sheet,8.7,10.5,same-wrap,,,,
31,51,same-sheet,8.9,16.5,same-wrap,,,,
31,56,same-sheet,8.8,17.7,same-wrap,,,,
31,99,same-sheet,16.8,23.1,same-wrap,,,,
31,355,same-sheet,9.6,14.2,same-wrap,,,,
32,47,same-sheet,8.6,16.6,same-wrap,,,,
32,53,same-sheet,11.1,20.5,same-wrap,,,,
32,63,same-sheet,9.0,12.8,same-wrap,,,,
32,65,same-sheet,9.7,15.4,same-wrap,,,,
32,17,same-sheet,9.8,15.4,same-wrap,,,,
33,117,same-sheet,9.1,21.6,same-wrap,,,,
40,50,same-sheet,10.3,21.9,same-wrap,,,,
40,61,same-sheet,10.2,12.4,same-wrap,,,,
40,124,same-sheet,9.5,11.1,same-wrap,,,,
40,135,same-sheet,10.4,41.1,same-wrap,,,,
40,916,same-sheet,9.9,12.7,same-wrap,,,,
43,51,same-sheet,9.7,15.1,same-wrap,,,,
43,56,same-sheet,10.8,18.2,same-wrap,,,,
43,99,same-sheet,9.3,11.6,same-wrap,,,,
43,355,same-sheet,9.1,11.3,same-wrap,,,,
47,48,same-sheet,10.3,20.9,same-wrap,,,,
47,53,same-sheet,10.0,18.7,same-wrap,,,,
47,57,same-sheet,9.0,12.7,same-wrap,,,,
47,63,same-sheet,8.3,9.9,same-wrap,,,,
47,65,same-sheet,9.1,12.2,same-wrap,,,,
47,75,same-sheet,8.4,11.6,same-wrap,,,,
47,90,same-sheet,10.8,26.8,same-wrap,,,,
48,53,same-sheet,9.5,10.5,same-wrap,,,,
48,65,same-sheet,9.5,18.7,same-wrap,,,,
48,72,same-sheet,8.8,14.3,same-wrap,,,,
48,75,same-sheet,9.2,12.4,same-wrap,,,,
48,150,same-sheet,8.4,8.7,same-wrap,,,,
48,162,same-sheet,11.7,15.2,same-wrap,,,,
48,171,same-sheet,9.0,13.7,same-wrap,,,,
48,238,same-sheet,8.2,11.8,same-wrap,,,,
50,61,same-sheet,9.5,12.8,same-wrap,,,,
50,124,same-sheet,8.3,8.5,same-wrap,,,,
50,135,same-sheet,9.3,10.6,same-wrap,,,,
50,916,same-sheet,9.6,10.4,same-wrap,,,,
51,56,same-sheet,10.5,15.7,same-wrap,,,,
51,89,same-sheet,8.3,10.2,same-wrap,,,,
51,99,same-sheet,10.6,34.6,same-wrap,,,,
51,107,same-sheet,7.9,7.9,same-wrap,,,,
51,355,same-sheet,9.1,14.3,same-wrap,,,,
53,57,same-sheet,8.3,10.3,same-wrap,,,,
53,75,same-sheet,8.8,19.9,same-wrap,,,,
53,202,same-sheet,10.5,23.5,same-wrap,,,,
53,228,same-sheet,10.1,17.8,same-wrap,,,,
56,67,same-sheet,10.7,34.1,same-wrap,,,,
56,99,same-sheet,10.6,24.7,same-wrap,,,,
56,1701,ambiguous,125.9,303.6,adjacent,,,,
56,2544,switch,117.0,229.7,adjacent,,,,
56,108,same-sheet,9.6,14.7,same-wrap,,,,
56,916,same-sheet,9.1,11.2,same-wrap,,,,
57,75,same-sheet,10.8,31.6,same-wrap,,,,
57,156,same-sheet,10.3,40.6,same-wrap,,,,
57,202,same-sheet,11.2,29.5,same-wrap,,,,
57,228,same-sheet,9.4,18.6,same-wrap,,,,
57,289,same-sheet,8.7,9.5,same-wrap,,,,
57,978,switch,68.3,125.3,adjacent,,,,
57,62,same-sheet,10.6,39.0,same-wrap,,,,
61,124,same-sheet,9.5,11.8,same-wrap,,,,
61,135,same-sheet,13.0,19.5,same-wrap,,,,
61,108,same-sheet,11.5,33.1,same-wrap,,,,
61,916,same-sheet,10.7,20.6,same-wrap,,,,
63,65,same-sheet,9.2,14.6,same-wrap,,,,
63,113,untestable,8.6,10.5,same-wrap,,,,
65,90,same-sheet,9.0,15.6,same-wrap,,,,
65,113,same-sheet,8.6,15.6,same-wrap,,,,
67,85,same-sheet,9.6,23.4,same-wrap,,,,
67,91,same-sheet,9.6,16.3,same-wrap,,,,
67,99,same-sheet,10.7,38.4,same-wrap,,,,
67,158,untestable,10.6,14.4,same-wrap,,,,
67,1701,switch,87.4,137.0,adjacent,,,,
67,2544,switch,113.4,418.9,adjacent,,,,
67,108,same-sheet,8.9,13.1,same-wrap,,,,
67,916,same-sheet,11.3,23.7,same-wrap,,,,
72,150,same-sheet,9.2,15.4,same-wrap,,,,
72,162,same-sheet,9.6,18.3,same-wrap,,,,
72,238,same-sheet,10.1,16.3,same-wrap,,,,
73,89,same-sheet,10.5,23.2,same-wrap,,,,
73,107,same-sheet,9.8,15.4,same-wrap,,,,
73,199,same-sheet,8.7,8.8,same-wrap,,,,
73,201,untestable,8.3,8.3,same-wrap,,,,
75,87,same-sheet,9.8,18.5,same-wrap,,,,
75,156,same-sheet,9.5,21.4,same-wrap,,,,
75,171,same-sheet,10.4,27.8,same-wrap,,,,
75,200,same-sheet,10.3,22.7,same-wrap,,,,
75,283,untestable,8.6,8.6,same-wrap,,,,
75,62,same-sheet,13.8,23.9,same-wrap,,,,
79,80,same-sheet,10.2,29.0,same-wrap,,,,
79,94,same-sheet,8.5,10.2,same-wrap,,,,
79,96,same-sheet,9.4,18.8,same-wrap,,,,
79,105,untestable,8.0,8.0,same-wrap,,,,
79,119,untestable,10.4,10.4,same-wrap,,,,
79,120,same-sheet,11.0,12.5,same-wrap,,,,
79,3736,untestable,10.4,25.6,same-wrap,,,,
80,88,untestable,10.1,16.6,same-wrap,,,,
80,96,same-sheet,10.8,23.3,same-wrap,,,,
80,119,same-sheet,8.8,12.5,same-wrap,,,,
80,120,same-sheet,9.3,16.0,same-wrap,,,,
80,122,untestable,8.9,9.6,same-wrap,,,,
80,208,untestable,8.3,8.3,same-wrap,,,,
85,91,same-sheet,11.5,29.9,same-wrap,,,,
85,99,same-sheet,9.6,26.9,same-wrap,,,,
85,115,untestable,9.0,10.6,same-wrap,,,,
85,158,same-sheet,10.8,29.6,same-wrap,,,,
87,156,same-sheet,10.9,33.9,same-wrap,,,,
87,200,untestable,9.7,14.5,same-wrap,,,,
88,119,untestable,9.9,12.3,same-wrap,,,,
88,120,same-sheet,13.4,18.7,same-wrap,,,,
88,122,untestable,8.5,8.5,same-wrap,,,,
88,208,same-sheet,8.2,8.5,same-wrap,,,,
88,1646,same-sheet,14.6,47.5,same-wrap,,,,
88,77,untestable,10.5,23.6,same-wrap,,,,
89,107,same-sheet,10.4,30.9,same-wrap,,,,
89,118,same-sheet,9.7,10.6,same-wrap,,,,
89,159,same-sheet,9.1,12.5,same-wrap,,,,
89,199,same-sheet,10.1,22.8,same-wrap,,,,
89,201,same-sheet,19.7,34.3,same-wrap,,,,
89,355,same-sheet,9.1,14.9,same-wrap,,,,
90,113,same-sheet,10.1,21.6,same-wrap,,,,
90,234,same-sheet,10.4,18.2,same-wrap,,,,
90,238,same-sheet,8.9,18.3,same-wrap,,,,
90,998,same-sheet,9.7,40.6,same-wrap,,,,
90,1347,untestable,8.7,8.7,same-wrap,,,,
91,99,untestable,10.0,14.8,same-wrap,,,,
91,115,same-sheet,9.5,20.0,same-wrap,,,,
91,124,untestable,14.1,14.1,same-wrap,,,,
91,158,untestable,10.5,13.0,same-wrap,,,,
91,916,same-sheet,9.0,12.7,same-wrap,,,,
94,96,same-sheet,10.6,22.7,same-wrap,,,,
94,105,same-sheet,9.2,14.1,same-wrap,,,,
94,146,untestable,8.2,8.2,same-wrap,,,,
94,304,same-sheet,9.7,27.9,same-wrap,,,,
94,3736,same-sheet,9.2,14.1,same-wrap,,,,
94,136,same-sheet,10.9,32.5,same-wrap,,,,
96,119,untestable,10.1,14.9,same-wrap,,,,
96,120,same-sheet,9.7,14.8,same-wrap,,,,
96,304,untestable,8.7,9.4,same-wrap,,,,
96,3736,untestable,11.7,15.1,same-wrap,,,,
99,158,same-sheet,9.6,23.8,same-wrap,,,,
99,206,same-sheet,8.5,13.5,same-wrap,,,,
105,146,untestable,8.1,8.1,same-wrap,,,,
105,164,same-sheet,9.6,22.7,same-wrap,,,,
105,304,same-sheet,9.9,15.3,same-wrap,,,,
105,414,same-sheet,9.1,9.1,same-wrap,,,,
105,3736,same-sheet,9.3,14.8,same-wrap,,,,
105,136,same-sheet,9.2,18.4,same-wrap,,,,
107,118,same-sheet,8.7,8.7,same-wrap,,,,
107,159,same-sheet,9.8,17.6,same-wrap,,,,
107,173,same-sheet,9.4,21.3,same-wrap,,,,
107,199,same-sheet,10.0,12.5,same-wrap,,,,
107,201,same-sheet,9.1,15.4,same-wrap,,,,
107,355,same-sheet,10.5,16.4,same-wrap,,,,
107,585,same-sheet,8.7,15.4,same-wrap,,,,
107,646,same-sheet,11.8,19.3,same-wrap,,,,
107,881,same-sheet,9.8,30.8,same-wrap,,,,
113,998,same-sheet,10.0,29.4,same-wrap,,,,
113,1761,untestable,11.2,13.4,same-wrap,,,,
115,124,untestable,8.4,8.4,same-wrap,,,,
115,916,same-sheet,9.4,20.6,same-wrap,,,,
118,159,same-sheet,10.2,31.2,same-wrap,,,,
118,355,same-sheet,10.5,20.0,same-wrap,,,,
118,35,untestable,15.4,15.7,same-wrap,,,,
119,120,same-sheet,8.1,10.3,same-wrap,,,,
120,122,same-sheet,9.2,18.3,same-wrap,,,,
120,127,same-sheet,8.7,10.8,same-wrap,,,,
120,304,same-sheet,9.2,13.5,same-wrap,,,,
120,151,same-sheet,10.8,25.7,same-wrap,,,,
122,127,same-sheet,8.8,16.0,same-wrap,,,,
122,134,untestable,9.4,10.8,same-wrap,,,,
122,160,same-sheet,15.4,23.6,unresolved,,,,
122,208,same-sheet,10.2,47.4,same-wrap,,,,
122,151,same-sheet,9.0,12.5,same-wrap,,,,
124,135,same-sheet,10.2,20.1,same-wrap,,,,
124,916,same-sheet,10.3,18.6,same-wrap,,,,
127,134,same-sheet,8.7,10.2,same-wrap,,,,
127,160,ambiguous,20.6,117.3,adjacent,,,,
127,208,same-sheet,10.6,26.2,same-wrap,,,,
127,227,same-sheet,9.0,9.1,same-wrap,,,,
127,151,same-sheet,14.7,81.5,same-wrap,39.4,32.0,0.19,
127,174,untestable,8.8,8.8,same-wrap,,,,
134,2013,same-sheet,10.3,33.8,same-wrap,,,,
135,180,same-sheet,10.2,18.2,same-wrap,,,,
135,916,same-sheet,10.5,14.4,same-wrap,,,,
146,164,same-sheet,8.5,9.9,same-wrap,,,,
146,409,same-sheet,9.5,22.8,same-wrap,,,,
146,414,same-sheet,8.7,9.0,same-wrap,,,,
146,431,untestable,12.7,18.7,same-wrap,,,,
146,3736,same-sheet,11.3,29.3,same-wrap,,,,
146,136,untestable,10.9,14.8,same-wrap,,,,
150,162,same-sheet,9.9,27.7,same-wrap,,,,
150,283,untestable,8.2,8.2,same-wrap,,,,
150,286,same-sheet,9.5,13.1,same-wrap,,,,
150,330,same-sheet,9.4,10.3,same-wrap,,,,
152,225,same-sheet,8.1,8.4,same-wrap,,,,
152,438,untestable,9.0,17.6,same-wrap,,,,
152,505,untestable,15.1,31.3,same-wrap,,,,
152,77,untestable,8.2,8.3,same-wrap,,,,
152,241,same-sheet,9.9,13.6,same-wrap,,,,
156,978,switch,221.2,748.8,adjacent,,,,
156,62,same-sheet,11.6,33.1,same-wrap,,,,
158,206,same-sheet,11.6,11.6,same-wrap,,,,
159,169,untestable,9.0,9.0,same-wrap,,,,
159,173,same-sheet,9.3,17.0,same-wrap,,,,
159,186,untestable,8.1,8.3,same-wrap,,,,
159,355,same-sheet,10.7,31.3,same-wrap,,,,
159,585,same-sheet,9.5,11.1,same-wrap,,,,
159,881,same-sheet,10.6,37.9,same-wrap,,,,
159,35,same-sheet,9.1,12.3,same-wrap,,,,
160,168,same-sheet,10.2,20.1,same-wrap,,,,
160,261,ambiguous,28.2,65.3,same-wrap,,,,
160,151,same-sheet,14.1,108.0,same-wrap,32.9,56.0,37.48,80.0
160,174,same-sheet,10.8,54.8,same-wrap,,,,
162,238,same-sheet,10.0,12.4,same-wrap,,,,
162,286,same-sheet,11.3,50.1,same-wrap,,,,
162,407,untestable,10.0,11.4,same-wrap,,,,
162,416,same-sheet,11.2,26.4,same-wrap,,,,
162,494,same-sheet,9.3,18.7,same-wrap,,,,
162,1120,same-sheet,16.8,42.2,same-wrap,,,,
162,761,same-sheet,9.5,22.4,same-wrap,,,,
164,168,same-sheet,9.5,24.4,same-wrap,,,,
164,276,same-sheet,9.4,22.1,same-wrap,,,,
164,304,same-sheet,8.9,12.3,same-wrap,,,,
164,414,same-sheet,9.3,15.8,same-wrap,,,,
164,3495,same-sheet,8.5,13.2,same-wrap,,,,
164,3736,untestable,16.1,26.3,same-wrap,,,,
164,3881,same-sheet,14.2,14.2,same-wrap,,,,
164,136,same-sheet,10.2,12.8,same-wrap,,,,
164,174,same-sheet,10.6,16.6,same-wrap,,,,
164,300,same-sheet,10.4,31.1,same-wrap,,,,
168,276,same-sheet,9.3,15.1,same-wrap,,,,
168,304,same-sheet,8.4,9.8,same-wrap,,,,
168,151,same-sheet,8.8,19.2,same-wrap,,,,
168,174,same-sheet,11.3,90.9,same-wrap,7.3,2.8,0.34,
169,186,untestable,10.6,28.7,same-wrap,,,,
169,881,untestable,10.4,10.8,same-wrap,,,,
171,200,untestable,8.6,8.7,same-wrap,,,,
173,585,same-sheet,8.5,13.5,same-wrap,,,,
173,646,same-sheet,9.7,22.1,same-wrap,,,,
173,679,untestable,9.5,9.5,same-wrap,,,,
173,881,same-sheet,9.6,15.0,same-wrap,,,,
180,117,same-sheet,8.1,11.5,same-wrap,,,,
184,225,same-sheet,14.4,58.0,same-wrap,,,,
184,438,same-sheet,8.9,13.4,same-wrap,,,,
184,505,untestable,10.1,11.5,same-wrap,,,,
184,543,same-sheet,10.7,16.0,same-wrap,,,,
184,1646,same-sheet,10.3,15.4,same-wrap,,,,
184,2191,untestable,61.9,66.3,same-wrap,,,,
184,241,same-sheet,9.0,13.3,same-wrap,,,,
184,333,same-sheet,64.4,71.0,unresolved,,,,
186,881,untestable,9.3,10.2,same-wrap,,,,
199,201,same-sheet,9.6,29.5,same-wrap,,,,
199,646,same-sheet,16.1,74.6,same-wrap,,,,
200,283,untestable,11.3,22.0,same-wrap,,,,
200,330,untestable,11.9,14.1,same-wrap,,,,
201,206,same-sheet,10.9,23.7,same-wrap,,,,
201,646,same-sheet,13.8,29.8,same-wrap,,,,
202,228,same-sheet,9.2,10.0,same-wrap,,,,
206,244,same-sheet,9.3,12.2,same-wrap,,,,
206,263,same-sheet,10.6,31.3,same-wrap,,,,
206,653,same-sheet,8.3,8.4,same-wrap,,,,
208,271,same-sheet,11.3,30.3,same-wrap,,,,
208,481,same-sheet,9.2,15.6,same-wrap,,,,
208,1646,same-sheet,9.4,19.4,same-wrap,,,,
208,2013,same-sheet,10.8,12.0,same-wrap,,,,
208,2191,same-sheet,9.4,10.1,same-wrap,,,,
208,241,same-sheet,10.4,16.2,same-wrap,,,,
213,275,untestable,10.4,17.0,same-wrap,,,,
213,285,same-sheet,9.5,20.0,same-wrap,,,,
213,293,untestable,9.0,12.6,same-wrap,,,,
213,302,same-sheet,10.2,19.3,same-wrap,,,,
213,305,untestable,9.0,10.6,same-wrap,,,,
225,438,same-sheet,11.6,197.9,same-wrap,0.5,18.9,0.36,190.0
225,505,same-sheet,14.7,192.6,same-wrap,0.5,21.7,0.36,190.0
225,543,untestable,8.5,189.5,same-wrap,2.7,23.1,0.98,
225,1646,same-sheet,9.1,13.4,same-wrap,,,,
225,2191,untestable,114.1,163.8,unresolved,,,,
225,241,same-sheet,10.5,15.6,same-wrap,,,,
225,333,untestable,123.4,176.5,same-wrap,4.6,70.4,0.02,
227,261,same-sheet,8.9,18.1,same-wrap,,,,
227,427,same-sheet,9.1,16.8,same-wrap,,,,
228,289,same-sheet,9.8,20.4,same-wrap,,,,
228,352,same-sheet,9.8,12.2,same-wrap,,,,
228,62,same-sheet,9.4,32.9,same-wrap,,,,
234,238,same-sheet,9.0,13.7,same-wrap,,,,
234,494,same-sheet,9.2,11.3,same-wrap,,,,
234,998,same-sheet,10.3,17.3,same-wrap,,,,
234,1347,same-sheet,9.5,13.4,same-wrap,,,,
234,9948,same-sheet,9.0,13.1,same-wrap,,,,
234,761,same-sheet,11.2,12.6,same-wrap,,,,
234,1717,same-sheet,9.7,15.5,same-wrap,,,,
238,494,same-sheet,11.8,19.0,same-wrap,,,,
261,427,same-sheet,9.0,16.1,same-wrap,,,,
261,1353,ambiguous,12.1,69.7,same-wrap,,,,
261,1385,same-sheet,9.4,12.5,same-wrap,,,,
261,1482,untestable,12.2,12.2,same-wrap,,,,
261,1613,ambiguous,12.0,70.1,adjacent,,,,
263,653,same-sheet,9.0,19.5,same-wrap,,,,
263,679,same-sheet,8.7,11.1,same-wrap,,,,
263,889,same-sheet,9.7,17.2,same-wrap,,,,
263,342,untestable,8.7,10.3,same-wrap,,,,
271,312,same-sheet,9.6,11.0,same-wrap,,,,
271,479,untestable,8.4,8.7,same-wrap,,,,
271,481,same-sheet,10.8,41.6,same-wrap,,,,
271,2013,same-sheet,8.2,9.0,same-wrap,,,,
271,2191,same-sheet,10.6,16.3,same-wrap,,,,
271,333,same-sheet,10.8,15.1,same-wrap,,,,
275,285,untestable,8.1,8.1,same-wrap,,,,
275,293,same-sheet,9.6,58.6,same-wrap,,,,
275,302,same-sheet,9.6,21.5,same-wrap,,,,
275,305,same-sheet,9.3,18.3,same-wrap,,,,
275,335,same-sheet,9.0,9.1,same-wrap,,,,
275,339,same-sheet,10.2,29.1,same-wrap,,,,
275,401,untestable,8.8,10.9,same-wrap,,,,
276,292,same-sheet,10.1,14.9,same-wrap,,,,
276,1626,same-sheet,9.3,12.8,same-wrap,,,,
276,174,same-sheet,15.1,92.2,same-wrap,11.3,2.7,0.15,
276,300,same-sheet,10.3,24.0,same-wrap,,,,
282,355,same-sheet,10.0,20.9,same-wrap,,,,
282,35,same-sheet,10.0,30.4,same-wrap,,,,
283,330,same-sheet,9.4,17.8,same-wrap,,,,
285,302,same-sheet,8.7,11.1,same-wrap,,,,
285,815,same-sheet,9.4,10.7,same-wrap,,,,
286,330,untestable,8.8,14.3,same-wrap,,,,
286,407,same-sheet,11.1,27.9,same-wrap,,,,
289,352,same-sheet,8.0,8.0,same-wrap,,,,
289,675,untestable,11.0,29.1,same-wrap,,,,
289,62,same-sheet,10.2,22.8,same-wrap,,,,
292,1626,same-sheet,11.6,38.4,same-wrap,,,,
292,2544,same-sheet,201.0,309.3,adjacent,,,,
292,174,untestable,67.2,98.8,same-wrap,29.8,26.4,0.68,150.0
292,300,same-sheet,8.9,10.2,same-wrap,,,,
293,302,same-sheet,9.4,16.1,same-wrap,,,,
293,305,untestable,26.0,58.2,same-wrap,,,,
293,335,same-sheet,8.9,8.9,same-wrap,,,,
293,339,same-sheet,9.0,64.0,same-wrap,,,,
293,346,same-sheet,10.0,23.7,same-wrap,,,,
293,417,same-sheet,8.6,9.7,same-wrap,,,,
302,335,same-sheet,12.0,14.3,same-wrap,,,,
302,339,same-sheet,9.7,12.4,same-wrap,,,,
302,346,same-sheet,8.8,12.6,same-wrap,,,,
302,815,same-sheet,8.4,15.0,same-wrap,,,,
302,1144,same-sheet,8.6,9.2,same-wrap,,,,
304,3736,same-sheet,10.1,16.7,same-wrap,,,,
304,136,same-sheet,11.1,21.1,same-wrap,,,,
304,151,same-sheet,8.6,10.6,same-wrap,,,,
305,339,same-sheet,8.9,17.2,same-wrap,,,,
305,401,same-sheet,9.1,13.7,same-wrap,,,,
305,417,same-sheet,10.0,17.5,same-wrap,,,,
312,479,untestable,8.1,8.1,same-wrap,,,,
312,481,same-sheet,10.9,37.7,same-wrap,,,,
312,2013,same-sheet,9.5,9.5,same-wrap,,,,
312,2191,same-sheet,9.9,19.9,same-wrap,,,,
335,339,same-sheet,8.8,9.3,same-wrap,,,,
335,346,same-sheet,9.0,11.9,same-wrap,,,,
335,347,same-sheet,9.2,14.3,same-wrap,,,,
335,387,same-sheet,10.0,10.8,same-wrap,,,,
335,417,same-sheet,10.1,13.4,same-wrap,,,,
335,441,same-sheet,9.6,12.9,same-wrap,,,,
339,401,same-sheet,8.5,10.9,same-wrap,,,,
339,417,same-sheet,9.0,17.7,same-wrap,,,,
346,347,same-sheet,8.9,12.6,same-wrap,,,,
346,387,same-sheet,8.9,15.3,same-wrap,,,,
346,962,same-sheet,9.8,19.0,same-wrap,,,,
346,1144,same-sheet,11.8,31.2,same-wrap,,,,
347,387,same-sheet,8.6,11.2,same-wrap,,,,
347,417,same-sheet,8.4,10.7,same-wrap,,,,
347,441,same-sheet,8.5,16.2,same-wrap,,,,
347,637,same-sheet,10.5,13.2,same-wrap,,,,
352,675,untestable,8.1,8.1,same-wrap,,,,
352,117,untestable,9.5,12.0,same-wrap,,,,
355,35,same-sheet,12.4,24.9,same-wrap,,,,
387,661,same-sheet,9.9,23.4,same-wrap,,,,
387,962,same-sheet,10.9,45.9,same-wrap,,,,
401,417,same-sheet,9.5,15.7,same-wrap,,,,
401,419,same-sheet,9.5,12.6,same-wrap,,,,
401,462,untestable,8.8,17.9,same-wrap,,,,
407,416,same-sheet,10.4,18.4,same-wrap,,,,
407,439,same-sheet,9.3,13.0,same-wrap,,,,
407,457,untestable,10.9,15.7,same-wrap,,,,
409,431,same-sheet,9.7,14.7,same-wrap,,,,
409,3736,same-sheet,11.7,28.1,same-wrap,,,,
414,3495,same-sheet,9.2,9.2,same-wrap,,,,
416,1120,switch,76.5,104.5,same-wrap,92.6,11.3,0.01,
416,7904,ambiguous,51.5,109.8,same-wrap,14.0,89.0,0.0,200.0
417,419,same-sheet,10.3,19.6,same-wrap,,,,
417,441,same-sheet,9.8,18.7,same-wrap,,,,
417,8546,same-sheet,9.7,25.4,same-wrap,,,,
419,462,untestable,11.6,14.9,same-wrap,,,,
419,500,same-sheet,8.9,9.8,same-wrap,,,,
419,551,same-sheet,11.6,25.7,same-wrap,,,,
419,577,same-sheet,10.6,19.9,same-wrap,,,,
419,8546,same-sheet,9.8,17.4,same-wrap,,,,
427,467,same-sheet,11.2,19.5,same-wrap,,,,
431,509,untestable,11.7,12.6,same-wrap,,,,
431,758,untestable,10.8,31.0,same-wrap,,,,
438,505,same-sheet,9.8,13.8,same-wrap,,,,
438,543,same-sheet,10.1,11.1,same-wrap,,,,
438,1646,untestable,8.7,10.3,same-wrap,,,,
438,241,untestable,8.8,9.0,same-wrap,,,,
438,333,untestable,62.3,72.2,adjacent,,,,
439,457,untestable,11.1,16.2,same-wrap,,,,
439,623,same-sheet,8.9,9.7,same-wrap,,,,
441,460,same-sheet,10.5,38.3,same-wrap,,,,
441,498,same-sheet,10.9,31.2,same-wrap,,,,
441,514,same-sheet,11.0,23.8,same-wrap,,,,
441,536,same-sheet,10.3,15.6,same-wrap,,,,
441,577,same-sheet,13.8,26.8,same-wrap,,,,
441,637,same-sheet,9.2,20.6,same-wrap,,,,
441,1074,same-sheet,11.3,13.4,same-wrap,,,,
441,8546,same-sheet,13.3,34.3,same-wrap,,,,
457,623,same-sheet,8.6,35.8,same-wrap,,,,
457,5924,untestable,89.7,294.4,adjacent,,,,
460,498,same-sheet,9.5,13.3,same-wrap,,,,
460,514,ambiguous,9.5,14.6,same-wrap,,,,
460,577,ambiguous,9.5,16.5,same-wrap,,,,
460,1074,untestable,9.8,11.6,same-wrap,,,,
460,8546,same-sheet,9.9,14.6,same-wrap,,,,
462,500,same-sheet,10.2,23.6,same-wrap,,,,
462,568,same-sheet,10.9,18.8,same-wrap,,,,
467,680,ambiguous,9.0,10.0,same-wrap,,,,
467,844,same-sheet,12.5,15.8,same-wrap,,,,
467,10675,same-sheet,9.6,21.8,same-wrap,,,,
479,481,same-sheet,9.4,14.3,same-wrap,,,,
479,689,same-sheet,10.6,14.0,same-wrap,,,,
479,821,same-sheet,10.3,14.1,same-wrap,,,,
479,2013,same-sheet,8.1,9.7,same-wrap,,,,
481,2013,same-sheet,14.2,34.5,same-wrap,,,,
481,2191,same-sheet,11.6,29.9,same-wrap,,,,
481,333,same-sheet,9.1,11.5,same-wrap,,,,
494,761,same-sheet,11.0,21.5,same-wrap,,,,
498,514,ambiguous,10.3,22.1,same-wrap,,,,
498,577,ambiguous,9.6,19.6,same-wrap,,,,
498,701,same-sheet,9.3,15.9,same-wrap,,,,
498,1074,same-sheet,10.6,38.2,same-wrap,,,,
498,1079,untestable,10.9,18.3,same-wrap,,,,
498,1286,same-sheet,8.2,8.8,same-wrap,,,,
498,1691,untestable,8.4,9.2,same-wrap,,,,
498,6568,same-sheet,8.8,9.4,same-wrap,,,,
500,551,same-sheet,8.3,8.3,same-wrap,,,,
500,568,same-sheet,8.5,10.7,same-wrap,,,,
500,576,same-sheet,10.8,12.7,same-wrap,,,,
500,577,same-sheet,9.1,9.1,same-wrap,,,,
500,666,same-sheet,9.7,10.6,same-wrap,,,,
500,699,same-sheet,9.9,31.5,same-wrap,,,,
500,701,untestable,9.9,9.9,same-wrap,,,,
505,543,same-sheet,9.3,14.0,same-wrap,,,,
509,758,untestable,9.6,46.8,same-wrap,,,,
509,6767,same-sheet,10.4,20.9,same-wrap,,,,
509,8605,same-sheet,10.3,25.1,same-wrap,,,,
509,3317,same-sheet,13.2,287.4,same-wrap,29.1,107.8,4.23,
509,4156,same-sheet,12.5,238.7,same-wrap,172.1,52.8,1.49,
514,551,untestable,9.2,11.7,unresolved,,,,
514,577,same-sheet,10.3,39.9,same-wrap,,,,
514,8546,same-sheet,10.6,34.1,same-wrap,,,,
536,637,same-sheet,10.4,37.7,same-wrap,,,,
536,1074,same-sheet,8.3,10.3,same-wrap,,,,
536,1726,untestable,8.6,8.9,same-wrap,,,,
543,644,same-sheet,10.0,22.3,same-wrap,,,,
543,872,same-sheet,9.4,12.3,same-wrap,,,,
543,915,same-sheet,11.3,32.0,same-wrap,,,,
551,577,same-sheet,10.0,10.3,same-wrap,,,,
551,8546,same-sheet,9.6,17.7,same-wrap,,,,
568,576,untestable,11.3,27.7,same-wrap,,,,
568,666,same-sheet,8.8,11.1,same-wrap,,,,
568,699,same-sheet,8.8,11.4,same-wrap,,,,
568,9548,switch,107.6,459.8,adjacent,,,,
568,621,same-sheet,12.7,27.7,same-wrap,,,,
568,9679,switch,102.9,298.6,adjacent,,,,
576,813,untestable,12.6,12.6,same-wrap,,,,
576,621,same-sheet,8.8,20.7,same-wrap,,,,
576,9679,switch,123.4,317.5,adjacent,,,,
577,701,same-sheet,10.2,16.2,same-wrap,,,,
577,8546,same-sheet,11.9,34.4,same-wrap,,,,
585,624,same-sheet,9.8,16.6,same-wrap,,,,
585,646,same-sheet,10.9,22.6,same-wrap,,,,
585,679,same-sheet,12.3,49.1,same-wrap,,,,
585,766,same-sheet,8.8,15.4,same-wrap,,,,
585,881,same-sheet,9.1,12.2,same-wrap,,,,
623,5015,same-sheet,12.2,28.5,same-wrap,,,,
623,5924,untestable,193.6,480.9,adjacent,,,,
623,672,untestable,10.4,12.0,same-wrap,,,,
624,750,same-sheet,9.2,13.6,same-wrap,,,,
624,766,same-sheet,8.5,17.5,same-wrap,,,,
624,881,same-sheet,9.0,16.1,same-wrap,,,,
624,973,same-sheet,9.5,23.6,same-wrap,,,,
624,1081,same-sheet,9.3,9.8,same-wrap,,,,
637,1726,untestable,9.2,25.7,same-wrap,,,,
644,719,same-sheet,10.2,18.0,same-wrap,,,,
644,751,same-sheet,9.3,13.8,same-wrap,,,,
644,782,same-sheet,9.0,13.9,same-wrap,,,,
644,872,same-sheet,10.6,28.6,same-wrap,,,,
644,915,same-sheet,9.2,36.4,same-wrap,,,,
644,955,untestable,10.2,12.4,same-wrap,,,,
644,1134,same-sheet,8.5,8.9,same-wrap,,,,
646,653,same-sheet,8.7,14.6,same-wrap,,,,
646,679,same-sheet,9.7,28.9,same-wrap,,,,
646,766,same-sheet,9.3,17.1,same-wrap,,,,
653,679,untestable,9.3,10.6,same-wrap,,,,
653,889,untestable,9.3,11.4,same-wrap,,,,
661,757,untestable,10.2,12.8,same-wrap,,,,
661,962,same-sheet,11.9,27.8,same-wrap,,,,
666,670,same-sheet,11.0,23.7,same-wrap,,,,
666,699,same-sheet,9.3,14.9,same-wrap,,,,
666,735,same-sheet,8.3,9.3,same-wrap,,,,
666,621,ambiguous,8.0,8.2,same-wrap,,,,
670,699,same-sheet,13.0,15.5,same-wrap,,,,
670,701,untestable,9.3,9.7,same-wrap,,,,
670,722,same-sheet,8.5,13.4,same-wrap,,,,
670,924,same-sheet,9.0,13.6,same-wrap,,,,
670,1080,same-sheet,8.3,10.8,same-wrap,,,,
670,7542,same-sheet,9.7,16.8,same-wrap,,,,
675,62,untestable,10.4,11.4,same-wrap,,,,
679,766,same-sheet,8.6,9.8,same-wrap,,,,
679,865,same-sheet,9.5,25.5,same-wrap,,,,
679,875,same-sheet,9.0,15.4,same-wrap,,,,
679,889,same-sheet,9.3,19.6,same-wrap,,,,
679,973,same-sheet,9.8,15.8,same-wrap,,,,
680,689,same-sheet,14.1,50.8,same-wrap,,,,
680,821,same-sheet,11.8,28.5,same-wrap,,,,
680,844,same-sheet,12.5,44.1,same-wrap,,,,
680,10675,same-sheet,11.8,15.4,same-wrap,,,,
688,758,untestable,10.0,54.1,same-wrap,,,,
688,823,untestable,8.8,10.3,same-wrap,,,,
688,730,untestable,8.9,14.8,same-wrap,,,,
689,821,same-sheet,12.7,31.0,same-wrap,,,,
689,844,same-sheet,13.9,36.8,same-wrap,,,,
699,701,same-sheet,10.0,23.0,same-wrap,,,,
699,722,same-sheet,8.7,11.9,same-wrap,,,,
701,722,same-sheet,9.0,12.4,same-wrap,,,,
701,773,same-sheet,12.0,32.2,same-wrap,,,,
701,1286,same-sheet,8.9,9.8,same-wrap,,,,
701,6568,same-sheet,11.1,45.8,same-wrap,,,,
701,8798,ambiguous,146.7,526.7,adjacent,,,,
719,751,same-sheet,9.0,11.6,same-wrap,,,,
719,782,same-sheet,8.8,9.5,same-wrap,,,,
719,796,same-sheet,9.2,21.5,same-wrap,,,,
719,818,same-sheet,10.3,22.3,same-wrap,,,,
719,1134,same-sheet,10.0,26.7,same-wrap,,,,
722,773,same-sheet,9.3,17.2,same-wrap,,,,
722,3685,same-sheet,11.0,23.7,same-wrap,,,,
722,6568,same-sheet,10.2,19.9,same-wrap,,,,
722,7542,untestable,10.3,10.3,same-wrap,,,,
722,8798,ambiguous,150.6,522.0,adjacent,,,,
735,838,same-sheet,9.0,18.1,same-wrap,,,,
735,1080,same-sheet,8.0,8.0,same-wrap,,,,
735,1255,same-sheet,8.6,10.4,same-wrap,,,,
735,621,same-sheet,8.4,8.9,same-wrap,,,,
735,795,same-sheet,9.3,16.4,same-wrap,,,,
750,766,same-sheet,8.9,8.9,same-wrap,,,,
750,973,same-sheet,11.3,22.2,same-wrap,,,,
750,1081,same-sheet,9.5,28.0,same-wrap,,,,
750,804,same-sheet,9.3,30.9,same-wrap,,,,
750,1735,same-sheet,9.5,14.2,same-wrap,,,,
751,945,same-sheet,11.7,15.4,same-wrap,,,,
751,1131,same-sheet,10.4,32.9,same-wrap,,,,
751,1134,same-sheet,9.4,12.5,same-wrap,,,,
751,6385,ambiguous,138.5,454.9,adjacent,,,,
751,6698,ambiguous,157.4,406.4,adjacent,,,,
751,6699,ambiguous,164.3,464.6,adjacent,,,,
751,6865,ambiguous,95.1,308.9,adjacent,,,,
757,962,same-sheet,11.1,45.6,same-wrap,,,,
757,1107,same-sheet,10.1,17.5,same-wrap,,,,
758,1369,same-sheet,10.9,29.5,same-wrap,,,,
758,730,same-sheet,9.1,14.1,same-wrap,,,,
758,3336,untestable,8.7,9.2,same-wrap,,,,
766,875,same-sheet,9.3,15.9,same-wrap,,,,
766,881,same-sheet,8.9,9.6,same-wrap,,,,
766,973,same-sheet,8.8,15.8,same-wrap,,,,
773,2288,same-sheet,9.9,37.9,same-wrap,,,,
773,3685,same-sheet,8.1,8.7,same-wrap,,,,
773,6568,same-sheet,10.9,36.6,same-wrap,,,,
773,1073,same-sheet,10.3,20.6,same-wrap,,,,
779,1074,same-sheet,9.2,11.7,same-wrap,,,,
779,1079,untestable,9.3,10.4,same-wrap,,,,
779,1726,untestable,8.7,9.2,same-wrap,,,,
782,796,same-sheet,11.8,33.7,same-wrap,,,,
782,818,same-sheet,12.2,48.0,same-wrap,,,,
782,835,same-sheet,10.0,15.8,same-wrap,,,,
782,915,same-sheet,8.4,10.3,same-wrap,,,,
782,955,same-sheet,8.6,13.0,same-wrap,,,,
782,1134,same-sheet,10.6,18.3,same-wrap,,,,
796,818,same-sheet,8.6,12.7,same-wrap,,,,
796,835,same-sheet,11.2,15.7,same-wrap,,,,
796,894,same-sheet,8.4,9.8,same-wrap,,,,
796,1134,same-sheet,18.3,31.9,same-wrap,,,,
796,855,same-sheet,8.1,9.7,same-wrap,,,,
813,621,untestable,8.5,8.5,same-wrap,,,,
813,795,same-sheet,11.9,95.7,same-wrap,8.2,17.7,0.09,
815,1158,same-sheet,13.1,35.8,same-wrap,,,,
815,1849,same-sheet,13.9,32.2,same-wrap,,,,
815,1954,same-sheet,14.4,22.2,same-wrap,,,,
818,835,same-sheet,9.3,12.1,same-wrap,,,,
818,894,same-sheet,10.8,27.6,same-wrap,,,,
818,952,same-sheet,8.2,8.2,same-wrap,,,,
818,1473,same-sheet,8.5,8.6,same-wrap,,,,
818,1574,same-sheet,8.9,14.5,same-wrap,,,,
818,855,same-sheet,10.1,15.3,same-wrap,,,,
821,844,same-sheet,16.0,78.4,same-wrap,,,,
823,839,same-sheet,8.7,15.3,same-wrap,,,,
823,848,same-sheet,8.7,11.6,same-wrap,,,,
823,932,untestable,8.8,11.3,same-wrap,,,,
823,1205,same-sheet,9.1,24.3,same-wrap,,,,
823,730,same-sheet,8.6,11.6,same-wrap,,,,
823,949,same-sheet,8.3,8.3,same-wrap,,,,
835,955,same-sheet,8.0,8.2,same-wrap,,,,
835,6007,same-sheet,8.2,8.3,same-wrap,,,,
835,6019,same-sheet,9.7,12.1,same-wrap,,,,
838,926,same-sheet,9.9,18.1,same-wrap,,,,
838,928,same-sheet,9.0,9.5,same-wrap,,,,
838,986,same-sheet,8.2,8.2,same-wrap,,,,
838,1255,same-sheet,8.9,15.7,same-wrap,,,,
838,795,same-sheet,8.6,12.8,same-wrap,,,,
839,848,same-sheet,10.0,28.2,same-wrap,,,,
839,932,same-sheet,9.7,11.6,same-wrap,,,,
839,1205,same-sheet,9.3,11.7,same-wrap,,,,
839,1252,untestable,9.5,21.6,same-wrap,,,,
839,949,same-sheet,10.6,20.1,same-wrap,,,,
848,932,untestable,8.5,8.5,same-wrap,,,,
848,1243,same-sheet,9.1,13.7,same-wrap,,,,
848,1252,same-sheet,10.1,25.5,same-wrap,,,,
848,1628,same-sheet,9.2,12.0,same-wrap,,,,
848,949,same-sheet,9.1,10.3,same-wrap,,,,
865,875,same-sheet,11.3,16.8,same-wrap,,,,
865,889,same-sheet,10.2,21.6,same-wrap,,,,
865,921,untestable,12.2,20.6,same-wrap,,,,
872,915,same-sheet,8.8,13.2,same-wrap,,,,
872,955,same-sheet,8.5,8.5,same-wrap,,,,
872,1065,same-sheet,9.2,13.6,same-wrap,,,,
875,889,same-sheet,9.0,13.0,same-wrap,,,,
875,921,untestable,8.5,10.9,same-wrap,,,,
875,973,same-sheet,10.6,32.6,same-wrap,,,,
875,979,same-sheet,9.1,15.4,same-wrap,,,,
875,981,same-sheet,12.0,52.4,same-wrap,,,,
875,1373,same-sheet,11.2,23.5,same-wrap,,,,
889,921,untestable,9.8,14.8,same-wrap,,,,
894,952,same-sheet,9.5,17.2,same-wrap,,,,
894,1109,same-sheet,9.3,13.4,same-wrap,,,,
894,1134,same-sheet,9.3,14.5,same-wrap,,,,
894,1473,same-sheet,11.1,15.3,same-wrap,,,,
904,950,same-sheet,8.9,12.7,same-wrap,,,,
904,1070,same-sheet,10.8,18.8,same-wrap,,,,
904,1338,untestable,9.4,9.4,same-wrap,,,,
904,1427,untestable,8.2,8.2,same-wrap,,,,
904,1635,same-sheet,10.2,21.8,same-wrap,,,,
904,3069,same-sheet,9.2,10.4,same-wrap,,,,
904,929,same-sheet,9.4,31.8,same-wrap,,,,
904,1735,switch,155.0,581.1,adjacent,,,,
915,955,same-sheet,11.2,60.7,same-wrap,,,,
915,1065,same-sheet,12.5,24.7,same-wrap,,,,
915,1405,untestable,11.1,32.2,same-wrap,,,,
921,1373,untestable,15.8,235.7,same-wrap,73.2,95.6,0.63,
924,1080,same-sheet,10.2,14.1,same-wrap,,,,
924,1396,same-sheet,11.7,47.6,same-wrap,,,,
924,1397,same-sheet,11.3,46.1,same-wrap,,,,
924,7542,same-sheet,10.3,29.2,same-wrap,,,,
924,1303,same-sheet,8.2,10.5,same-wrap,,,,
926,928,same-sheet,9.4,13.6,same-wrap,,,,
926,935,same-sheet,10.1,43.6,same-wrap,,,,
926,943,same-sheet,10.0,22.0,same-wrap,,,,
926,986,same-sheet,9.7,17.8,same-wrap,,,,
926,1153,same-sheet,12.2,21.5,same-wrap,,,,
928,935,same-sheet,9.5,14.7,same-wrap,,,,
928,943,same-sheet,9.0,21.7,same-wrap,,,,
928,986,untestable,8.5,8.5,same-wrap,,,,
928,795,untestable,9.8,9.9,same-wrap,,,,
932,1007,untestable,8.3,8.5,same-wrap,,,,
932,1628,same-sheet,10.5,12.2,same-wrap,,,,
935,943,same-sheet,8.6,10.1,same-wrap,,,,
935,986,same-sheet,8.9,23.2,same-wrap,,,,
935,1153,same-sheet,9.1,12.2,same-wrap,,,,
935,1182,same-sheet,10.1,20.1,same-wrap,,,,
943,986,same-sheet,11.1,18.9,same-wrap,,,,
943,1182,untestable,9.1,18.2,same-wrap,,,,
945,1131,ambiguous,10.4,15.3,same-wrap,,,,
945,1134,same-sheet,8.3,8.3,same-wrap,,,,
945,6385,switch,212.3,463.9,adjacent,,,,
945,6698,switch,121.0,415.1,adjacent,,,,
945,6699,switch,129.3,468.4,adjacent,,,,
945,6865,ambiguous,142.8,444.0,adjacent,,,,
950,1330,same-sheet,9.5,12.7,same-wrap,,,,
950,1674,same-sheet,9.9,12.8,same-wrap,,,,
950,1910,untestable,9.7,11.2,same-wrap,,,,
950,3069,ambiguous,9.4,13.7,same-wrap,,,,
950,929,same-sheet,9.0,9.4,same-wrap,,,,
952,957,same-sheet,10.0,31.5,same-wrap,,,,
952,978,untestable,10.6,24.1,same-wrap,,,,
952,1108,same-sheet,8.5,11.8,same-wrap,,,,
952,1109,same-sheet,8.1,9.5,same-wrap,,,,
952,1134,same-sheet,8.8,12.1,same-wrap,,,,
952,855,same-sheet,8.7,8.9,same-wrap,,,,
955,1065,same-sheet,13.0,31.7,same-wrap,,,,
955,1405,untestable,12.0,32.3,same-wrap,,,,
955,5611,same-sheet,10.0,29.0,same-wrap,,,,
955,5655,same-sheet,8.8,11.9,same-wrap,,,,
955,6007,same-sheet,8.5,9.6,same-wrap,,,,
957,978,untestable,26.8,60.9,adjacent,,,,
957,1108,same-sheet,9.4,16.5,same-wrap,,,,
962,1107,same-sheet,11.2,33.1,same-wrap,,,,
962,1144,same-sheet,10.8,22.7,same-wrap,,,,
973,979,same-sheet,12.5,34.7,same-wrap,,,,
973,981,same-sheet,10.0,19.1,same-wrap,,,,
973,1018,same-sheet,10.4,34.3,same-wrap,,,,
973,1081,same-sheet,9.2,22.9,same-wrap,,,,
973,1276,same-sheet,9.6,21.8,same-wrap,,,,
973,1735,same-sheet,9.5,14.1,same-wrap,,,,
978,1109,untestable,10.5,15.8,same-wrap,,,,
978,62,untestable,79.8,365.9,adjacent,,,,
979,981,same-sheet,9.1,13.3,same-wrap,,,,
979,1018,same-sheet,9.4,22.6,same-wrap,,,,
981,1018,same-sheet,9.6,19.8,same-wrap,,,,
981,1248,same-sheet,9.2,12.0,same-wrap,,,,
981,1373,same-sheet,9.9,18.8,same-wrap,,,,
981,1648,same-sheet,10.4,18.6,same-wrap,,,,
981,1700,untestable,8.0,8.0,same-wrap,,,,
981,2266,untestable,9.0,12.3,same-wrap,,,,
986,1153,same-sheet,9.9,16.1,same-wrap,,,,
998,1347,same-sheet,10.1,23.8,same-wrap,,,,
998,1761,untestable,12.7,24.0,same-wrap,,,,
1007,1628,same-sheet,9.0,10.9,same-wrap,,,,
1007,929,same-sheet,10.1,14.4,same-wrap,,,,
1009,1120,same-sheet,9.4,17.4,same-wrap,,,,
1009,1477,same-sheet,8.7,10.6,same-wrap,,,,
1009,2378,same-sheet,11.1,13.1,same-wrap,,,,
1009,672,ambiguous,23.4,62.8,same-wrap,,,,
1009,2279,same-sheet,10.1,16.2,same-wrap,,,,
1018,1248,same-sheet,9.0,10.4,same-wrap,,,,
1018,1276,same-sheet,9.3,11.7,same-wrap,,,,
1018,1648,same-sheet,8.6,9.4,same-wrap,,,,
1018,1688,same-sheet,8.2,8.2,same-wrap,,,,
1065,1405,untestable,9.6,45.6,same-wrap,,,,
1065,5611,untestable,11.6,31.3,same-wrap,,,,
1070,1338,same-sheet,8.6,8.8,same-wrap,,,,
1070,1635,same-sheet,8.8,11.9,same-wrap,,,,
1070,1653,same-sheet,8.8,9.4,unresolved,,,,
1074,1079,untestable,8.6,13.2,same-wrap,,,,
1074,1726,untestable,9.0,10.1,same-wrap,,,,
1079,1691,untestable,9.5,10.3,same-wrap,,,,
1080,1255,same-sheet,10.1,12.5,same-wrap,,,,
1080,1396,same-sheet,35.2,58.2,same-wrap,,,,
1080,1397,same-sheet,21.7,59.1,same-wrap,,,,
1080,7542,same-sheet,9.1,16.9,same-wrap,,,,
1080,1303,same-sheet,10.3,15.7,same-wrap,,,,
1081,1276,same-sheet,9.9,43.5,same-wrap,,,,
1081,804,same-sheet,9.0,10.2,same-wrap,,,,
1081,1735,same-sheet,8.6,15.7,same-wrap,,,,
1107,1158,same-sheet,12.5,16.9,same-wrap,,,,
1107,1144,same-sheet,10.0,23.1,same-wrap,,,,
1108,1131,same-sheet,8.2,8.2,same-wrap,,,,
1109,1473,same-sheet,12.5,33.3,same-wrap,,,,
1109,3468,same-sheet,10.5,15.6,same-wrap,,,,
1120,1477,same-sheet,9.0,17.7,same-wrap,,,,
1120,2378,same-sheet,8.1,8.1,same-wrap,,,,
1120,7904,ambiguous,205.9,601.9,adjacent,,,,
1120,672,ambiguous,12.1,84.5,same-wrap,26.1,58.0,0.02,
1120,2279,same-sheet,9.8,28.8,same-wrap,,,,
1131,1134,ambiguous,9.1,20.2,same-wrap,,,,
1131,6385,switch,163.3,465.7,adjacent,,,,
1131,6698,switch,129.5,418.7,adjacent,,,,
1131,6699,switch,138.9,449.6,adjacent,,,,
1131,6865,ambiguous,135.7,442.2,adjacent,,,,
1134,855,same-sheet,10.0,24.3,same-wrap,,,,
1153,1224,same-sheet,8.5,20.0,same-wrap,,,,
1153,1280,same-sheet,9.8,19.1,same-wrap,,,,
1153,1350,same-sheet,10.9,31.6,same-wrap,,,,
1153,1420,same-sheet,10.3,45.0,same-wrap,,,,
1153,1922,same-sheet,8.0,8.1,same-wrap,,,,
1153,1182,same-sheet,10.8,32.1,same-wrap,,,,
1158,1849,same-sheet,13.6,31.2,same-wrap,,,,
1158,6252,same-sheet,19.5,57.8,same-wrap,,,,
1158,761,ambiguous,198.7,541.7,adjacent,,,,
1158,1144,same-sheet,12.8,35.4,same-wrap,,,,
1205,730,same-sheet,9.0,18.2,same-wrap,,,,
1205,949,same-sheet,11.9,24.5,same-wrap,,,,
1205,1876,same-sheet,11.0,11.0,same-wrap,,,,
1205,6024,switch,104.7,319.4,same-wrap,35.7,238.1,39.86,
1224,1280,same-sheet,9.6,18.8,same-wrap,,,,
1224,1316,same-sheet,9.7,14.8,same-wrap,,,,
1224,1350,same-sheet,9.2,11.2,same-wrap,,,,
1243,1252,same-sheet,9.2,23.0,same-wrap,,,,
1243,1330,same-sheet,9.8,35.2,same-wrap,,,,
1243,1446,untestable,11.3,15.9,same-wrap,,,,
1243,1628,same-sheet,10.4,27.1,same-wrap,,,,
1243,2077,same-sheet,8.7,13.5,same-wrap,,,,
1248,1373,untestable,8.4,8.4,same-wrap,,,,
1248,1648,same-sheet,11.5,32.6,same-wrap,,,,
1248,1700,same-sheet,9.6,19.1,same-wrap,,,,
1248,2266,untestable,9.2,19.3,same-wrap,,,,
1248,1917,same-sheet,11.9,23.7,same-wrap,,,,
1252,1330,same-sheet,8.9,12.7,same-wrap,,,,
1252,1374,same-sheet,9.2,11.9,same-wrap,,,,
1252,1584,same-sheet,9.9,11.4,same-wrap,,,,
1252,1627,same-sheet,9.4,24.9,same-wrap,,,,
1252,2077,same-sheet,8.5,9.8,same-wrap,,,,
1252,2843,same-sheet,9.4,12.0,same-wrap,,,,
1252,949,same-sheet,10.1,30.3,same-wrap,,,,
1252,1384,same-sheet,9.2,14.7,same-wrap,,,,
1255,2731,same-sheet,9.5,44.0,same-wrap,,,,
1255,1303,same-sheet,9.0,10.1,same-wrap,,,,
1263,1427,untestable,8.2,8.2,same-wrap,,,,
1263,2270,untestable,53.4,171.9,adjacent,,,,
1263,2467,untestable,8.5,8.7,same-wrap,,,,
1263,2732,untestable,149.9,501.6,adjacent,,,,
1276,1688,same-sheet,9.6,9.6,same-wrap,,,,
1276,1735,same-sheet,9.2,20.9,same-wrap,,,,
1280,1316,same-sheet,8.9,16.4,same-wrap,,,,
1280,1350,same-sheet,9.6,22.4,same-wrap,,,,
1280,1541,same-sheet,9.3,13.9,same-wrap,,,,
1280,1567,same-sheet,9.2,10.8,same-wrap,,,,
1286,1691,same-sheet,9.5,20.7,same-wrap,,,,
1286,6568,same-sheet,10.1,23.6,same-wrap,,,,
1286,1073,same-sheet,10.1,27.2,same-wrap,,,,
1316,1350,same-sheet,10.0,24.0,same-wrap,,,,
1316,1541,same-sheet,8.5,10.9,same-wrap,,,,
1316,1567,same-sheet,8.7,11.8,same-wrap,,,,
1330,1446,same-sheet,9.2,15.0,same-wrap,,,,
1330,1628,same-sheet,9.3,13.8,same-wrap,,,,
1330,1674,same-sheet,10.3,11.9,same-wrap,,,,
1330,1713,same-sheet,9.5,17.1,same-wrap,,,,
1330,1910,same-sheet,9.5,14.9,same-wrap,,,,
1330,2077,same-sheet,10.0,15.4,same-wrap,,,,
1330,929,same-sheet,13.4,13.4,same-wrap,,,,
1338,1486,same-sheet,8.7,10.0,same-wrap,,,,
1338,1674,untestable,13.0,14.1,same-wrap,,,,
1338,3069,same-sheet,9.0,9.9,same-wrap,,,,
1347,1761,same-sheet,11.7,21.4,same-wrap,,,,
1347,9948,same-sheet,9.3,13.2,same-wrap,,,,
1350,1541,same-sheet,9.4,17.1,same-wrap,,,,
1350,1567,same-sheet,10.1,18.3,same-wrap,,,,
1350,1922,same-sheet,9.1,13.2,same-wrap,,,,
1350,1932,same-sheet,9.4,15.9,same-wrap,,,,
1353,1385,same-sheet,9.3,19.2,same-wrap,,,,
1353,1482,untestable,9.2,9.2,same-wrap,,,,
1353,1613,same-sheet,9.2,18.8,same-wrap,,,,
1369,10667,switch,62.3,122.8,same-wrap,18.6,147.4,0.02,
1369,3336,same-sheet,10.4,13.5,same-wrap,,,,
1369,4156,same-sheet,10.8,32.5,same-wrap,,,,
1369,8058,same-sheet,14.1,101.6,unresolved,,,,
1373,1700,untestable,9.1,11.5,same-wrap,,,,
1373,2266,untestable,9.0,12.8,same-wrap,,,,
1374,1584,same-sheet,10.6,30.2,same-wrap,,,,
1374,1595,same-sheet,12.5,43.2,same-wrap,,,,
1374,1627,same-sheet,12.4,43.2,same-wrap,,,,
1374,1384,same-sheet,12.0,31.6,same-wrap,,,,
1385,1482,same-sheet,8.4,10.6,same-wrap,,,,
1385,1613,untestable,10.3,16.8,same-wrap,,,,
1385,1961,same-sheet,9.0,11.6,same-wrap,,,,
1396,1397,same-sheet,10.4,22.9,same-wrap,,,,
1396,7542,same-sheet,9.3,9.3,same-wrap,,,,
1396,1303,same-sheet,27.8,56.1,same-wrap,,,,
1397,2288,same-sheet,9.3,17.4,same-wrap,,,,
1397,2947,same-sheet,8.1,8.8,same-wrap,,,,
1397,3685,untestable,13.6,18.8,same-wrap,,,,
1397,1303,same-sheet,21.1,60.1,same-wrap,,,,
1405,1929,untestable,9.5,22.5,same-wrap,,,,
1420,1914,same-sheet,9.2,12.8,same-wrap,,,,
1420,1922,same-sheet,10.5,28.5,same-wrap,,,,
1420,1927,same-sheet,8.6,11.8,same-wrap,,,,
1420,2079,same-sheet,10.3,25.9,same-wrap,,,,
1420,1182,same-sheet,10.8,26.4,same-wrap,,,,
1427,1635,untestable,8.5,10.1,same-wrap,,,,
1427,1653,same-sheet,10.2,23.0,same-wrap,,,,
1446,1674,same-sheet,10.2,20.8,same-wrap,,,,
1446,1713,same-sheet,10.3,22.3,same-wrap,,,,
1446,1910,same-sheet,9.1,18.8,same-wrap,,,,
1446,2077,untestable,14.8,17.8,same-wrap,,,,
1446,3493,same-sheet,12.7,18.7,same-wrap,,,,
1473,1574,same-sheet,9.1,13.0,same-wrap,,,,
1473,3468,same-sheet,10.6,36.0,same-wrap,,,,
1477,2378,same-sheet,11.3,22.6,same-wrap,,,,
1477,2586,same-sheet,10.6,17.5,same-wrap,,,,
1477,2279,ambiguous,10.2,15.1,same-wrap,,,,
1482,1701,same-sheet,9.5,14.6,same-wrap,,,,
1482,1961,same-sheet,8.6,13.0,same-wrap,,,,
1482,2544,same-sheet,8.3,18.5,same-wrap,,,,
1486,1674,untestable,8.2,8.3,same-wrap,,,,
1486,1910,same-sheet,9.2,14.8,same-wrap,,,,
1486,2289,same-sheet,9.8,13.4,same-wrap,,,,
1486,3069,untestable,8.9,9.4,same-wrap,,,,
1541,1567,same-sheet,8.9,15.5,same-wrap,,,,
1541,1932,same-sheet,9.3,14.0,same-wrap,,,,
1541,6076,same-sheet,11.2,15.2,same-wrap,,,,
1541,9506,same-sheet,9.8,25.1,same-wrap,,,,
1541,9566,same-sheet,8.5,14.1,same-wrap,,,,
1567,2779,untestable,8.7,9.6,same-wrap,,,,
1567,2871,same-sheet,9.1,17.9,same-wrap,,,,
1567,4142,same-sheet,9.7,15.4,same-wrap,,,,
1567,6076,same-sheet,10.6,20.1,same-wrap,,,,
1567,9506,same-sheet,8.7,9.9,same-wrap,,,,
1574,1752,same-sheet,11.7,23.7,same-wrap,,,,
1574,3468,same-sheet,12.8,27.4,same-wrap,,,,
1574,1771,same-sheet,11.0,23.6,same-wrap,,,,
1584,1595,same-sheet,10.1,21.6,same-wrap,,,,
1584,1627,same-sheet,13.4,55.7,same-wrap,,,,
1584,1639,ambiguous,11.0,20.9,same-wrap,,,,
1584,1645,same-sheet,9.6,34.5,same-wrap,,,,
1584,1709,same-sheet,9.9,28.5,same-wrap,,,,
1584,1957,same-sheet,11.1,16.8,same-wrap,,,,
1584,1384,same-sheet,11.0,37.1,same-wrap,,,,
1595,1709,untestable,8.2,9.2,same-wrap,,,,
1595,1957,same-sheet,8.8,12.8,same-wrap,,,,
1595,1384,same-sheet,10.8,25.9,same-wrap,,,,
1613,2754,same-sheet,10.2,10.2,same-wrap,,,,
1613,2723,untestable,14.1,35.8,same-wrap,,,,
1626,1822,same-sheet,9.9,46.0,same-wrap,,,,
1626,2425,untestable,9.0,10.9,same-wrap,,,,
1626,2491,same-sheet,11.7,17.3,same-wrap,,,,
1626,2544,same-sheet,10.0,24.4,same-wrap,,,,
1626,3671,same-sheet,9.1,15.5,same-wrap,,,,
1626,300,same-sheet,10.1,24.0,same-wrap,,,,
1627,1633,same-sheet,10.2,18.8,same-wrap,,,,
1627,1639,same-sheet,9.9,21.3,same-wrap,,,,
1627,2108,same-sheet,9.1,12.7,same-wrap,,,,
1627,2843,same-sheet,9.4,15.2,same-wrap,,,,
1627,1384,same-sheet,11.6,50.2,same-wrap,,,,
1628,929,same-sheet,9.1,21.6,same-wrap,,,,
1633,1639,same-sheet,8.6,11.3,same-wrap,,,,
1633,2007,untestable,9.9,9.9,same-wrap,,,,
1633,2086,same-sheet,8.8,9.4,same-wrap,,,,
1633,2108,same-sheet,12.2,19.3,same-wrap,,,,
1633,2360,same-sheet,10.0,15.6,same-wrap,,,,
1633,2843,same-sheet,9.7,15.6,same-wrap,,,,
1633,3978,same-sheet,10.0,11.7,same-wrap,,,,
1635,1653,same-sheet,11.7,24.5,same-wrap,,,,
1635,2468,same-sheet,9.9,16.3,unresolved,,,,
1639,1645,same-sheet,12.0,31.8,same-wrap,,,,
1639,1709,same-sheet,9.8,18.5,same-wrap,,,,
1639,2007,same-sheet,9.0,11.0,same-wrap,,,,
1639,2360,same-sheet,9.8,17.1,same-wrap,,,,
1639,2843,untestable,8.6,8.6,same-wrap,,,,
1639,3978,same-sheet,8.8,15.8,same-wrap,,,,
1645,1709,same-sheet,11.3,29.2,same-wrap,,,,
1645,1957,untestable,9.3,11.1,same-wrap,,,,
1646,77,untestable,15.2,43.0,same-wrap,,,,
1646,241,same-sheet,9.9,17.3,same-wrap,,,,
1646,333,untestable,10.2,10.2,same-wrap,,,,
1648,1655,same-sheet,8.9,18.6,same-wrap,,,,
1648,1665,same-sheet,9.1,11.4,same-wrap,,,,
1648,1688,same-sheet,9.4,15.8,same-wrap,,,,
1648,1700,same-sheet,9.3,16.4,same-wrap,,,,
1648,5259,same-sheet,12.3,28.2,same-wrap,,,,
1648,5924,same-sheet,9.0,11.0,same-wrap,,,,
1648,1917,same-sheet,9.4,23.5,same-wrap,,,,
1653,2467,untestable,8.5,9.0,same-wrap,,,,
1653,2468,same-sheet,9.5,16.5,same-wrap,,,,
1655,1665,same-sheet,9.2,33.4,same-wrap,,,,
1655,1688,same-sheet,9.6,39.6,same-wrap,,,,
1655,5259,untestable,8.7,8.7,same-wrap,,,,
1655,1954,same-sheet,11.8,38.7,same-wrap,,,,
1665,1688,same-sheet,10.2,41.3,same-wrap,,,,
1665,5259,same-sheet,10.8,17.5,same-wrap,,,,
1665,5924,same-sheet,8.7,8.8,same-wrap,,,,
1665,6859,same-sheet,9.2,12.8,same-wrap,,,,
1665,7904,untestable,8.5,8.5,same-wrap,,,,
1665,1954,same-sheet,9.5,41.2,same-wrap,,,,
1674,1910,same-sheet,10.9,22.1,same-wrap,,,,
1674,3069,same-sheet,11.3,24.4,same-wrap,,,,
1688,2249,untestable,8.2,8.6,same-wrap,,,,
1688,2724,same-sheet,9.0,9.0,same-wrap,,,,
1688,1735,same-sheet,9.5,11.1,same-wrap,,,,
1688,1954,same-sheet,9.1,15.1,same-wrap,,,,
1688,2332,same-sheet,9.7,10.3,same-wrap,,,,
1691,6568,same-sheet,10.5,36.4,same-wrap,,,,
1691,1073,untestable,9.8,19.3,same-wrap,,,,
1700,2266,untestable,10.1,31.3,same-wrap,,,,
1700,5259,same-sheet,10.5,20.0,same-wrap,,,,
1700,1917,same-sheet,11.5,33.6,same-wrap,,,,
1701,1961,same-sheet,8.7,10.7,same-wrap,,,,
1701,2544,same-sheet,8.5,14.6,same-wrap,,,,
1709,1957,untestable,10.5,21.3,same-wrap,,,,
1709,2540,untestable,8.9,12.2,same-wrap,,,,
1713,1910,same-sheet,12.3,22.6,same-wrap,,,,
1713,2046,same-sheet,10.4,17.0,same-wrap,,,,
1713,2077,same-sheet,9.6,22.8,same-wrap,,,,
1713,3493,same-sheet,9.8,18.8,same-wrap,,,,
1752,1836,same-sheet,10.7,28.2,same-wrap,,,,
1752,1851,same-sheet,9.2,15.3,same-wrap,,,,
1752,3468,untestable,10.7,18.8,same-wrap,,,,
1752,3566,same-sheet,8.6,9.2,same-wrap,,,,
1752,1771,same-sheet,12.1,48.0,same-wrap,,,,
1761,9948,same-sheet,10.7,13.7,same-wrap,,,,
1766,2731,same-sheet,10.8,12.9,same-wrap,,,,
1766,2871,untestable,8.3,9.6,same-wrap,,,,
1766,4725,same-sheet,9.3,10.5,same-wrap,,,,
1766,1303,same-sheet,9.5,16.2,same-wrap,,,,
1822,2425,same-sheet,9.1,12.4,same-wrap,,,,
1822,2491,untestable,9.6,9.6,same-wrap,,,,
1822,2780,untestable,9.9,14.1,same-wrap,,,,
1822,3671,same-sheet,9.3,20.0,same-wrap,,,,
1822,2514,same-sheet,9.9,17.0,same-wrap,,,,
1836,1851,same-sheet,7.9,7.9,same-wrap,,,,
1836,3566,same-sheet,10.9,14.1,same-wrap,,,,
1836,4181,same-sheet,9.8,20.5,same-wrap,,,,
1836,6019,same-sheet,8.8,9.7,same-wrap,,,,
1849,6252,same-sheet,11.0,27.7,same-wrap,,,,
1849,761,ambiguous,61.2,127.5,adjacent,,,,
1849,1954,same-sheet,13.4,18.9,same-wrap,,,,
1849,2279,same-sheet,10.9,13.4,same-wrap,,,,
1851,1771,same-sheet,8.6,16.4,same-wrap,,,,
1851,5314,same-sheet,9.2,9.2,same-wrap,,,,
1851,5548,same-sheet,12.6,87.6,same-wrap,58.2,56.3,0.42,
1910,2102,same-sheet,9.3,10.3,same-wrap,,,,
1910,3069,ambiguous,10.7,17.4,same-wrap,,,,
1910,3493,same-sheet,9.4,12.8,same-wrap,,,,
1910,2109,same-sheet,9.2,13.7,same-wrap,,,,
1914,2079,same-sheet,9.7,26.6,same-wrap,,,,
1914,2162,untestable,8.8,12.2,same-wrap,,,,
1922,1927,same-sheet,10.1,23.4,same-wrap,,,,
1922,1932,same-sheet,10.9,21.5,same-wrap,,,,
1922,1934,same-sheet,9.5,20.3,same-wrap,,,,
1922,2079,same-sheet,11.0,23.2,same-wrap,,,,
1922,2681,same-sheet,10.0,22.8,same-wrap,,,,
1922,2719,same-sheet,11.5,15.6,same-wrap,,,,
1922,2781,same-sheet,8.7,9.3,same-wrap,,,,
1927,1934,same-sheet,9.8,25.1,same-wrap,,,,
1927,2048,same-sheet,10.4,35.6,same-wrap,,,,
1927,2079,same-sheet,10.1,25.2,same-wrap,,,,
1927,2162,same-sheet,15.2,34.0,same-wrap,,,,
1929,2062,untestable,10.4,22.4,same-wrap,,,,
1929,5611,untestable,9.3,16.8,same-wrap,,,,
1932,2681,same-sheet,9.8,21.2,same-wrap,,,,
1932,9506,ambiguous,8.2,8.5,same-wrap,,,,
1932,9566,same-sheet,9.2,11.9,same-wrap,,,,
1934,2048,same-sheet,9.4,22.4,same-wrap,,,,
1934,2079,same-sheet,11.0,13.7,same-wrap,,,,
1934,2269,same-sheet,9.2,26.9,same-wrap,,,,
1934,2681,same-sheet,8.4,10.2,same-wrap,,,,
1934,2719,same-sheet,9.5,14.2,same-wrap,,,,
1934,2781,same-sheet,8.2,8.3,same-wrap,,,,
1957,2046,same-sheet,9.9,15.2,same-wrap,,,,
1957,2396,same-sheet,8.1,8.5,same-wrap,,,,
1957,2540,untestable,10.4,17.6,same-wrap,,,,
1957,1384,same-sheet,10.4,22.4,same-wrap,,,,
1961,2076,same-sheet,8.3,11.0,same-wrap,,,,
1961,2544,same-sheet,8.6,17.9,same-wrap,,,,
1961,12933,untestable,234.2,849.5,adjacent,,,,
1961,11557,untestable,152.2,752.7,adjacent,,,,
2007,2086,same-sheet,9.1,12.6,same-wrap,,,,
2007,2108,same-sheet,9.2,9.8,same-wrap,,,,
2007,2360,same-sheet,10.4,22.5,same-wrap,,,,
2007,2611,same-sheet,9.2,12.0,same-wrap,,,,
2007,2843,same-sheet,8.4,8.4,same-wrap,,,,
2007,3876,same-sheet,9.9,14.7,same-wrap,,,,
2013,2191,same-sheet,10.5,13.1,same-wrap,,,,
2032,2270,same-sheet,9.7,16.6,same-wrap,,,,
2032,2467,switch,183.8,301.6,adjacent,,,,
2032,2724,same-sheet,8.4,9.3,same-wrap,,,,
2032,2732,same-sheet,9.0,10.0,same-wrap,,,,
2032,1954,same-sheet,9.0,10.2,same-wrap,,,,
2046,2102,same-sheet,8.4,12.4,same-wrap,,,,
2046,3493,same-sheet,9.7,35.7,same-wrap,,,,
2048,2079,same-sheet,9.7,20.8,same-wrap,,,,
2048,2162,same-sheet,10.5,26.4,same-wrap,,,,
2048,2269,same-sheet,9.2,16.7,same-wrap,,,,
2048,2577,same-sheet,9.5,13.0,same-wrap,,,,
2048,3617,same-sheet,10.4,34.3,same-wrap,,,,
2062,5611,untestable,8.7,8.9,same-wrap,,,,
2062,6950,same-sheet,8.4,10.9,same-wrap,,,,
2076,2334,untestable,9.4,11.9,same-wrap,,,,
2076,2544,same-sheet,8.5,8.5,same-wrap,,,,
2076,2514,untestable,8.7,9.2,same-wrap,,,,
2077,1384,same-sheet,8.8,8.8,same-wrap,,,,
2079,2162,same-sheet,9.0,13.2,same-wrap,,,,
2086,2164,same-sheet,8.9,12.8,same-wrap,,,,
2086,2360,same-sheet,10.1,17.0,same-wrap,,,,
2086,2463,same-sheet,9.6,27.0,same-wrap,,,,
2086,2611,same-sheet,8.6,11.9,same-wrap,,,,
2086,3978,same-sheet,9.8,12.2,same-wrap,,,,
2086,3876,same-sheet,10.0,19.1,same-wrap,,,,
2102,2585,same-sheet,11.6,29.7,same-wrap,,,,
2102,2718,same-sheet,12.4,22.0,same-wrap,,,,
2102,3493,same-sheet,9.1,11.8,same-wrap,,,,
2108,2843,same-sheet,9.5,11.8,same-wrap,,,,
2108,4911,same-sheet,10.3,20.7,same-wrap,,,,
2108,3876,same-sheet,10.8,15.4,same-wrap,,,,
2129,3097,same-sheet,10.6,24.2,same-wrap,,,,
2129,3272,same-sheet,9.7,19.8,same-wrap,,,,
2129,1876,same-sheet,8.8,18.1,same-wrap,,,,
2129,3317,same-sheet,12.7,523.7,same-wrap,32.9,33.3,4.64,
2129,8832,ambiguous,37.9,75.1,same-wrap,,,,
2162,3617,same-sheet,10.2,14.4,same-wrap,,,,
2162,3675,untestable,8.8,10.2,same-wrap,,,,
2164,2359,same-sheet,10.7,25.8,same-wrap,,,,
2164,2360,same-sheet,10.7,16.9,same-wrap,,,,
2164,2463,same-sheet,8.7,13.8,same-wrap,,,,
2164,2611,ambiguous,8.7,10.8,same-wrap,,,,
2164,2840,same-sheet,19.0,59.0,same-wrap,,,,
2164,2186,same-sheet,12.5,60.3,same-wrap,,,,
2184,2289,same-sheet,8.9,11.8,same-wrap,,,,
2184,2319,same-sheet,9.9,22.0,same-wrap,,,,
2184,2468,same-sheet,9.6,27.4,same-wrap,,,,
2184,2586,same-sheet,14.1,19.6,same-wrap,,,,
2191,241,same-sheet,9.8,12.8,same-wrap,,,,
2191,333,same-sheet,11.5,228.5,same-wrap,51.1,19.0,2.2,160.0
2249,2568,untestable,44.2,297.9,same-wrap,54.8,22.8,6.52,
2249,1735,same-sheet,9.4,16.6,same-wrap,,,,
2249,2332,same-sheet,9.6,13.5,same-wrap,,,,
2266,1917,untestable,9.8,18.1,same-wrap,,,,
2269,2577,same-sheet,10.3,19.3,same-wrap,,,,
2269,2696,same-sheet,10.5,57.7,same-wrap,,,,
2269,2781,untestable,8.7,8.7,same-wrap,,,,
2269,3036,same-sheet,9.5,16.2,same-wrap,,,,
2270,2467,same-sheet,114.6,253.1,adjacent,,,,
2270,2732,untestable,10.6,11.4,same-wrap,,,,
2288,3685,same-sheet,8.7,11.9,same-wrap,,,,
2289,2319,same-sheet,10.5,15.2,same-wrap,,,,
2289,2468,same-sheet,11.2,43.3,same-wrap,,,,
2319,2468,same-sheet,11.8,23.8,same-wrap,,,,
2319,2586,same-sheet,10.0,22.3,same-wrap,,,,
2319,2333,same-sheet,10.7,25.2,same-wrap,,,,
2334,2491,untestable,10.1,11.2,same-wrap,,,,
2334,2544,same-sheet,9.0,10.0,same-wrap,,,,
2334,2514,same-sheet,8.5,10.5,same-wrap,,,,
2350,2467,same-sheet,8.5,13.5,same-wrap,,,,
2350,1717,switch,59.7,95.4,adjacent,,,,
2350,2333,same-sheet,9.4,13.8,same-wrap,,,,
2359,2611,untestable,9.2,11.6,same-wrap,,,,
2359,2840,same-sheet,11.4,48.5,same-wrap,,,,
2359,5117,same-sheet,9.2,17.9,same-wrap,,,,
2359,6057,untestable,9.9,24.6,same-wrap,,,,
2359,2186,same-sheet,10.5,49.6,same-wrap,,,,
2359,5346,same-sheet,10.7,31.4,same-wrap,,,,
2360,2463,same-sheet,11.2,24.2,same-wrap,,,,
2360,3978,same-sheet,10.8,22.6,same-wrap,,,,
2378,5015,same-sheet,11.3,83.9,same-wrap,75.2,5.5,0.02,
2378,672,untestable,8.2,8.2,unresolved,,,,
2378,2279,same-sheet,9.7,17.0,same-wrap,,,,
2396,2540,same-sheet,8.6,16.1,same-wrap,,,,
2396,3148,same-sheet,9.6,27.7,same-wrap,,,,
2425,2491,untestable,12.8,17.3,same-wrap,,,,
2425,2780,same-sheet,9.2,13.3,same-wrap,,,,
2425,3671,same-sheet,8.7,9.8,same-wrap,,,,
2425,10142,untestable,8.2,8.2,same-wrap,,,,
2463,3978,untestable,8.9,9.2,same-wrap,,,,
2463,38829,switch,107.0,194.3,unresolved,,,,
2491,2544,same-sheet,9.9,15.5,same-wrap,,,,
2491,2514,same-sheet,9.4,19.5,same-wrap,,,,
2534,2603,untestable,8.7,10.8,same-wrap,,,,
2534,3225,untestable,10.7,71.0,same-wrap,,,,
2534,2564,same-sheet,8.6,9.8,same-wrap,,,,
2540,2735,untestable,10.3,25.5,same-wrap,,,,
2540,3148,same-sheet,9.1,18.4,same-wrap,,,,
2544,2514,untestable,8.8,9.2,same-wrap,,,,
2568,2724,same-sheet,12.6,37.3,same-wrap,,,,
2568,2732,untestable,11.0,23.9,same-wrap,,,,
2568,2332,same-sheet,10.9,287.8,same-wrap,14.6,41.5,6.41,
2577,2696,same-sheet,9.4,21.4,same-wrap,,,,
2577,3617,same-sheet,9.0,11.9,same-wrap,,,,
2577,3675,untestable,9.3,9.3,same-wrap,,,,
2577,5355,same-sheet,8.7,10.7,same-wrap,,,,
2577,3982,untestable,9.6,16.6,same-wrap,,,,
2585,2718,same-sheet,10.3,24.3,same-wrap,,,,
2585,3148,same-sheet,9.3,11.2,same-wrap,,,,
2585,2109,same-sheet,12.8,123.7,same-wrap,83.5,38.7,0.43,
2586,2109,same-sheet,8.7,8.7,same-wrap,,,,
2586,2279,same-sheet,11.1,30.7,same-wrap,,,,
2586,2333,same-sheet,10.3,22.6,same-wrap,,,,
2603,2652,same-sheet,10.3,26.1,same-wrap,,,,
2603,3366,same-sheet,11.7,36.2,same-wrap,,,,
2603,2564,same-sheet,9.5,19.0,same-wrap,,,,
2611,6057,same-sheet,8.8,17.6,same-wrap,,,,
2611,8119,ambiguous,77.0,166.7,same-wrap,50.3,69.7,39.23,
2611,10548,switch,147.6,445.8,adjacent,,,,
2611,11779,switch,131.9,330.4,unresolved,,,,
2611,3876,same-sheet,22.0,81.2,same-wrap,68.9,13.8,0.0,
2611,5059,same-sheet,14.4,47.7,same-wrap,,,,
2652,2821,same-sheet,9.4,13.9,same-wrap,,,,
2652,2846,same-sheet,10.7,22.8,same-wrap,,,,
2652,2968,same-sheet,14.7,32.6,same-wrap,,,,
2652,3342,same-sheet,10.2,24.1,same-wrap,,,,
2652,2564,same-sheet,9.1,13.2,same-wrap,,,,
2652,3735,same-sheet,12.8,45.3,same-wrap,,,,
2652,3813,same-sheet,11.4,54.3,same-wrap,,,,
2681,2719,same-sheet,8.6,11.7,same-wrap,,,,
2681,2781,same-sheet,9.4,12.0,same-wrap,,,,
2696,3036,same-sheet,10.1,32.3,same-wrap,,,,
2696,4310,same-sheet,10.0,11.3,same-wrap,,,,
2696,4862,same-sheet,10.6,10.6,same-wrap,,,,
2696,5355,same-sheet,8.9,14.0,same-wrap,,,,
2696,3982,same-sheet,10.7,11.8,same-wrap,,,,
2718,3016,ambiguous,10.3,19.4,same-wrap,,,,
2718,3148,same-sheet,8.6,11.0,same-wrap,,,,
2718,2109,switch,96.3,97.0,same-wrap,46.4,44.3,0.0,
2719,2781,same-sheet,8.8,13.0,same-wrap,,,,
2719,3036,same-sheet,8.3,8.3,same-wrap,,,,
2719,9566,untestable,8.7,8.7,same-wrap,,,,
2724,2732,untestable,9.2,10.7,same-wrap,,,,
2724,1954,same-sheet,9.2,12.6,same-wrap,,,,
2731,1303,same-sheet,9.2,12.0,same-wrap,,,,
2735,3148,untestable,8.4,9.5,same-wrap,,,,
2754,10321,same-sheet,13.6,34.4,same-wrap,,,,
2754,2723,untestable,8.2,9.3,same-wrap,,,,
2779,2871,same-sheet,9.5,10.0,same-wrap,,,,
2779,1303,untestable,9.5,10.1,same-wrap,,,,
2780,10142,untestable,9.5,9.5,same-wrap,,,,
2780,2514,untestable,8.6,8.6,unresolved,,,,
2781,3036,same-sheet,9.8,11.7,same-wrap,,,,
2781,9566,same-sheet,9.1,67.1,same-wrap,,,,
2781,3044,same-sheet,10.2,19.8,same-wrap,,,,
2821,2846,same-sheet,9.8,21.0,same-wrap,,,,
2821,2968,same-sheet,10.5,18.0,same-wrap,,,,
2821,3342,same-sheet,9.4,14.5,same-wrap,,,,
2821,3393,same-sheet,10.1,29.6,same-wrap,,,,
2821,3481,same-sheet,12.8,22.7,same-wrap,,,,
2821,3813,same-sheet,18.4,50.8,same-wrap,,,,
2840,5117,same-sheet,8.6,10.4,same-wrap,,,,
2840,2186,same-sheet,10.5,16.6,same-wrap,,,,
2840,5346,same-sheet,9.8,14.7,same-wrap,,,,
2840,30868,ambiguous,115.8,307.4,adjacent,,,,
2843,4911,same-sheet,10.3,19.2,same-wrap,,,,
2843,3876,same-sheet,10.1,17.0,same-wrap,,,,
2846,3342,same-sheet,9.3,10.0,same-wrap,,,,
2846,3372,same-sheet,10.9,12.4,same-wrap,,,,
2871,2947,same-sheet,11.0,17.3,same-wrap,,,,
2871,3929,same-sheet,8.4,11.7,same-wrap,,,,
2871,4142,same-sheet,9.0,9.0,same-wrap,,,,
2871,4725,same-sheet,10.5,18.6,same-wrap,,,,
2871,1303,same-sheet,9.5,26.1,same-wrap,,,,
2947,3929,untestable,8.8,11.3,same-wrap,,,,
2947,4142,untestable,12.0,21.9,same-wrap,,,,
2947,4725,same-sheet,8.7,8.7,same-wrap,,,,
2968,3393,untestable,12.1,12.5,same-wrap,,,,
2968,3481,same-sheet,10.4,26.6,same-wrap,,,,
2968,3735,same-sheet,9.9,15.7,same-wrap,,,,
2968,3813,same-sheet,33.1,52.0,unresolved,,,,
3016,5015,untestable,9.3,9.8,same-wrap,,,,
3016,8190,untestable,10.5,27.2,same-wrap,,,,
3036,3945,same-sheet,9.1,9.1,same-wrap,,,,
3036,4146,same-sheet,8.1,8.1,unresolved,,,,
3036,4856,same-sheet,8.8,12.6,same-wrap,,,,
3036,5355,same-sheet,10.5,27.5,same-wrap,,,,
3036,3031,same-sheet,9.7,17.7,same-wrap,,,,
3036,3044,same-sheet,11.3,16.7,same-wrap,,,,
3097,3272,same-sheet,9.4,15.9,same-wrap,,,,
3097,1876,same-sheet,10.2,10.2,same-wrap,,,,
3097,3317,same-sheet,10.8,42.0,same-wrap,,,,
3198,3273,untestable,11.8,22.1,same-wrap,,,,
3198,3486,untestable,10.7,35.2,same-wrap,,,,
3198,4303,untestable,8.2,8.2,same-wrap,,,,
3198,3031,same-sheet,8.8,15.4,same-wrap,,,,
3198,3044,same-sheet,9.0,11.9,same-wrap,,,,
3225,4440,same-sheet,9.4,15.5,same-wrap,,,,
3225,4709,same-sheet,8.0,8.0,same-wrap,,,,
3225,2564,same-sheet,10.3,12.7,same-wrap,,,,
3225,3540,same-sheet,9.2,17.0,same-wrap,,,,
3272,3341,same-sheet,9.7,13.4,same-wrap,,,,
3272,3317,same-sheet,10.4,32.6,same-wrap,,,,
3272,5059,same-sheet,8.3,9.3,same-wrap,,,,
3273,3486,untestable,18.3,18.3,unresolved,,,,
3273,4303,untestable,9.4,13.4,same-wrap,,,,
3273,8262,untestable,9.5,15.5,same-wrap,,,,
3273,3031,same-sheet,10.2,18.4,same-wrap,,,,
3273,3044,same-sheet,10.7,51.1,same-wrap,,,,
3341,7076,switch,87.0,193.1,same-wrap,0.3,195.5,0.03,
3341,8698,same-sheet,11.9,45.8,same-wrap,,,,
3341,3317,same-sheet,14.7,50.3,same-wrap,,,,
3341,3677,same-sheet,10.7,13.3,same-wrap,,,,
3341,5059,untestable,8.1,8.1,same-wrap,,,,
3342,3366,untestable,9.2,10.4,same-wrap,,,,
3342,3393,same-sheet,11.9,47.8,same-wrap,,,,
3342,4070,same-sheet,9.5,18.0,same-wrap,,,,
3342,3372,same-sheet,8.9,24.7,same-wrap,,,,
3366,3372,untestable,8.9,10.5,same-wrap,,,,
3393,3481,same-sheet,9.8,16.7,same-wrap,,,,
3393,3850,ambiguous,9.7,13.4,same-wrap,,,,
3393,4070,same-sheet,8.9,13.3,same-wrap,,,,
3393,5217,same-sheet,8.8,8.8,same-wrap,,,,
3393,5316,same-sheet,11.1,11.4,same-wrap,,,,
3393,3372,same-sheet,9.2,10.8,same-wrap,,,,
3407,3486,same-sheet,9.1,13.2,same-wrap,,,,
3407,3676,same-sheet,12.4,40.7,same-wrap,,,,
3407,3945,same-sheet,12.9,80.4,same-wrap,13.3,31.8,0.29,
3407,4046,same-sheet,11.3,35.1,same-wrap,,,,
3407,3031,same-sheet,9.9,20.8,same-wrap,,,,
3468,1771,same-sheet,10.9,38.6,same-wrap,,,,
3481,3825,same-sheet,8.3,8.9,same-wrap,,,,
3481,3850,same-sheet,9.0,13.5,same-wrap,,,,
3481,4219,same-sheet,10.7,21.1,same-wrap,,,,
3481,3735,same-sheet,9.5,20.9,same-wrap,,,,
3481,3813,same-sheet,9.3,13.1,same-wrap,,,,
3486,4046,same-sheet,10.0,27.2,same-wrap,,,,
3486,4303,same-sheet,10.0,38.7,same-wrap,,,,
3486,4546,same-sheet,9.3,17.0,same-wrap,,,,
3495,3881,untestable,8.6,9.1,same-wrap,,,,
3495,300,same-sheet,10.5,10.5,same-wrap,,,,
3566,3841,same-sheet,11.6,46.5,same-wrap,,,,
3566,3885,same-sheet,21.4,66.2,adjacent,,,,
3566,4147,same-sheet,15.8,51.3,same-wrap,,,,
3566,4181,same-sheet,9.6,15.6,same-wrap,,,,
3566,6784,ambiguous,74.7,180.3,adjacent,,,,
3566,5314,same-sheet,12.2,61.8,same-wrap,,,,
3566,7046,ambiguous,84.1,131.5,adjacent,,,,
3617,3675,same-sheet,10.2,12.6,same-wrap,,,,
3617,3982,same-sheet,10.2,13.9,same-wrap,,,,
3671,300,untestable,8.5,13.7,same-wrap,,,,
3675,3982,same-sheet,10.0,27.2,same-wrap,,,,
3676,3945,same-sheet,10.7,15.4,same-wrap,,,,
3676,4046,same-sheet,9.3,14.1,same-wrap,,,,
3676,4169,same-sheet,9.2,9.2,same-wrap,,,,
3676,4297,same-sheet,9.8,14.1,same-wrap,,,,
3676,3031,same-sheet,13.0,26.7,same-wrap,,,,
3685,7542,same-sheet,11.4,31.9,same-wrap,,,,
3736,136,same-sheet,9.0,12.7,same-wrap,,,,
3817,4233,same-sheet,13.7,78.9,same-wrap,,,,
3817,6057,same-sheet,10.4,30.2,same-wrap,,,,
3817,7382,same-sheet,13.9,78.5,same-wrap,,,,
3817,10142,same-sheet,24.7,72.7,same-wrap,,,,
3817,3677,same-sheet,10.8,35.4,same-wrap,,,,
3825,3850,same-sheet,11.1,24.1,same-wrap,,,,
3825,3861,same-sheet,9.3,18.0,same-wrap,,,,
3825,4219,same-sheet,9.7,17.8,same-wrap,,,,
3825,3735,same-sheet,10.8,19.7,same-wrap,,,,
3841,4147,same-sheet,9.3,14.7,same-wrap,,,,
3841,4173,same-sheet,11.2,17.9,same-wrap,,,,
3841,4181,same-sheet,8.4,9.9,same-wrap,,,,
3841,4593,same-sheet,10.6,22.8,same-wrap,,,,
3841,8366,switch,82.0,188.0,adjacent,,,,
3841,3540,same-sheet,8.8,13.1,same-wrap,,,,
3841,3813,same-sheet,8.6,12.5,same-wrap,,,,
3841,5314,same-sheet,21.7,37.4,same-wrap,,,,
3850,3861,same-sheet,9.5,32.0,same-wrap,,,,
3850,4219,same-sheet,10.7,24.1,same-wrap,,,,
3850,5217,same-sheet,8.5,8.6,same-wrap,,,,
3850,5316,same-sheet,8.8,11.3,same-wrap,,,,
3850,5395,same-sheet,10.0,22.3,same-wrap,,,,
3850,3735,same-sheet,9.8,10.9,same-wrap,,,,
3861,4219,same-sheet,8.4,8.4,same-wrap,,,,
3861,4757,same-sheet,12.4,40.2,same-wrap,,,,
3861,5294,same-sheet,14.6,55.0,same-wrap,,,,
3861,5395,same-sheet,8.4,9.0,same-wrap,,,,
3861,12610,same-sheet,16.8,66.5,same-wrap,,,,
3881,4233,same-sheet,8.8,13.5,same-wrap,,,,
3881,6767,same-sheet,12.0,12.0,same-wrap,,,,
3881,7382,same-sheet,9.5,15.0,same-wrap,,,,
3881,8605,untestable,8.0,8.0,same-wrap,,,,
3881,8698,same-sheet,9.5,12.9,same-wrap,,,,
3885,4147,same-sheet,12.5,41.6,unresolved,,,,
3885,6784,ambiguous,94.0,241.9,adjacent,,,,
3885,5314,same-sheet,17.9,72.5,adjacent,,,,
3885,7046,ambiguous,67.7,167.0,adjacent,,,,
3893,4310,same-sheet,10.0,16.8,same-wrap,,,,
3893,4414,same-sheet,10.4,29.2,same-wrap,,,,
3893,4862,same-sheet,10.4,14.5,same-wrap,,,,
3893,5096,untestable,10.0,11.5,same-wrap,,,,
3893,5355,same-sheet,8.8,17.5,same-wrap,,,,
3893,3982,same-sheet,8.1,8.2,same-wrap,,,,
3929,4142,same-sheet,8.9,10.3,same-wrap,,,,
3929,6076,untestable,8.8,9.6,same-wrap,,,,
3945,4046,same-sheet,9.4,17.3,same-wrap,,,,
3945,4146,same-sheet,12.9,26.0,same-wrap,,,,
3945,4169,same-sheet,9.8,10.9,same-wrap,,,,
3945,4297,same-sheet,10.2,15.5,same-wrap,,,,
3945,4723,same-sheet,9.3,11.8,same-wrap,,,,
3945,4920,same-sheet,10.0,20.2,same-wrap,,,,
3945,3031,same-sheet,9.1,11.4,same-wrap,,,,
3978,38829,switch,112.5,227.0,unresolved,,,,
4046,4169,untestable,14.4,14.4,same-wrap,,,,
4046,4297,same-sheet,10.8,35.6,same-wrap,,,,
4046,4303,same-sheet,11.3,27.7,same-wrap,,,,
4046,4546,same-sheet,9.8,32.9,same-wrap,,,,
4070,4774,same-sheet,8.7,10.5,same-wrap,,,,
4070,5217,untestable,10.0,16.2,same-wrap,,,,
4070,5316,same-sheet,10.8,16.9,same-wrap,,,,
4070,3372,same-sheet,9.8,27.8,same-wrap,,,,
4070,4364,same-sheet,10.2,17.1,same-wrap,,,,
4133,4152,untestable,9.7,42.0,same-wrap,,,,
4133,4462,untestable,10.0,21.8,same-wrap,,,,
4133,3372,untestable,9.6,13.4,same-wrap,,,,
4142,6076,same-sheet,10.7,35.1,same-wrap,,,,
4146,4723,same-sheet,9.9,24.8,same-wrap,,,,
4146,4856,same-sheet,9.3,12.8,same-wrap,,,,
4146,4920,same-sheet,10.2,40.7,same-wrap,,,,
4146,5065,same-sheet,8.3,8.6,same-wrap,,,,
4146,5355,same-sheet,9.7,15.9,same-wrap,,,,
4146,5791,same-sheet,12.1,16.7,same-wrap,,,,
4147,6784,ambiguous,103.6,529.4,adjacent,,,,
4147,3813,same-sheet,10.3,18.1,same-wrap,,,,
4147,5314,same-sheet,15.5,35.1,same-wrap,,,,
4152,4462,same-sheet,9.7,64.0,same-wrap,,,,
4169,4297,same-sheet,11.7,36.8,same-wrap,,,,
4169,4920,same-sheet,11.5,33.9,same-wrap,,,,
4169,5065,same-sheet,12.2,13.9,same-wrap,,,,
4173,4181,same-sheet,8.5,13.6,same-wrap,,,,
4173,4593,same-sheet,8.8,13.0,same-wrap,,,,
4181,4593,same-sheet,9.7,29.0,same-wrap,,,,
4181,6019,untestable,8.5,9.1,same-wrap,,,,
4219,5380,same-sheet,11.4,37.0,same-wrap,,,,
4219,5948,same-sheet,15.2,70.4,same-wrap,,,,
4219,3735,same-sheet,9.7,38.5,same-wrap,,,,
4219,4715,same-sheet,11.6,40.7,same-wrap,,,,
4233,6767,same-sheet,11.6,12.4,same-wrap,,,,
4233,7382,same-sheet,9.4,31.9,same-wrap,,,,
4233,8698,same-sheet,11.3,19.7,same-wrap,,,,
4297,4337,same-sheet,9.8,14.3,same-wrap,,,,
4297,4546,same-sheet,9.6,26.5,same-wrap,,,,
4297,4920,same-sheet,18.0,38.9,same-wrap,,,,
4297,4933,same-sheet,9.1,13.9,same-wrap,,,,
4297,5065,same-sheet,10.2,15.7,same-wrap,,,,
4303,4546,same-sheet,12.5,22.0,same-wrap,,,,
4303,5129,untestable,11.6,41.6,same-wrap,,,,
4310,4414,same-sheet,11.1,23.3,same-wrap,,,,
4310,4862,same-sheet,10.7,18.8,same-wrap,,,,
4310,5096,same-sheet,10.7,17.9,same-wrap,,,,
4310,5355,same-sheet,10.0,17.6,same-wrap,,,,
4337,4546,same-sheet,10.8,13.2,same-wrap,,,,
4337,4933,same-sheet,8.7,10.7,same-wrap,,,,
4337,5129,same-sheet,14.0,27.9,same-wrap,,,,
4337,7253,same-sheet,9.5,13.8,same-wrap,,,,
4382,4686,untestable,8.2,8.2,same-wrap,,,,
4382,6179,untestable,10.0,32.6,same-wrap,,,,
4382,4830,untestable,9.8,15.6,same-wrap,,,,
4414,4862,same-sheet,9.4,20.2,same-wrap,,,,
4414,5096,untestable,12.6,52.5,same-wrap,,,,
4414,3982,untestable,8.8,11.0,same-wrap,,,,
4440,4709,same-sheet,9.8,13.5,same-wrap,,,,
4440,5720,same-sheet,8.1,9.8,same-wrap,,,,
4440,3540,same-sheet,11.1,29.9,same-wrap,,,,
4462,4466,same-sheet,9.6,9.9,same-wrap,,,,
4462,4993,untestable,10.9,18.8,same-wrap,,,,
4462,5624,untestable,9.6,15.8,same-wrap,,,,
4462,5736,same-sheet,11.1,21.4,same-wrap,,,,
4462,7792,same-sheet,10.4,16.7,same-wrap,,,,
4462,8661,same-sheet,9.2,13.9,same-wrap,,,,
4466,5291,untestable,17.7,43.3,same-wrap,,,,
4546,5129,same-sheet,13.7,76.5,same-wrap,,,,
4562,4774,same-sheet,8.9,12.6,same-wrap,,,,
4562,4776,same-sheet,12.0,26.2,same-wrap,,,,
4593,5720,same-sheet,8.7,36.4,same-wrap,,,,
4593,6007,same-sheet,9.7,28.6,same-wrap,,,,
4593,6019,same-sheet,10.1,15.6,same-wrap,,,,
4686,6179,same-sheet,9.5,24.4,same-wrap,,,,
4686,6694,same-sheet,8.8,9.4,same-wrap,,,,
4686,6939,same-sheet,8.4,8.5,same-wrap,,,,
4686,7170,same-sheet,10.8,15.9,same-wrap,,,,
4709,6950,same-sheet,9.0,9.0,adjacent,,,,
4723,4856,same-sheet,9.0,12.7,same-wrap,,,,
4723,4862,same-sheet,9.1,13.8,same-wrap,,,,
4723,4920,same-sheet,10.3,23.4,same-wrap,,,,
4723,5065,same-sheet,8.9,16.4,same-wrap,,,,
4723,5355,same-sheet,9.8,23.7,same-wrap,,,,
4723,5551,same-sheet,9.4,28.4,same-wrap,,,,
4723,5791,same-sheet,9.5,26.0,same-wrap,,,,
4725,1303,same-sheet,8.9,11.6,same-wrap,,,,
4757,5150,same-sheet,8.9,24.0,same-wrap,,,,
4757,5294,same-sheet,10.8,44.7,same-wrap,,,,
4757,5792,same-sheet,8.4,23.6,same-wrap,,,,
4757,12610,ambiguous,15.1,38.9,same-wrap,,,,
4757,4715,same-sheet,10.0,20.3,same-wrap,,,,
4766,4773,same-sheet,8.4,11.5,same-wrap,,,,
4766,6314,untestable,8.6,8.6,same-wrap,,,,
4766,4830,same-sheet,8.8,17.4,same-wrap,,,,
4773,5055,same-sheet,8.6,11.1,same-wrap,,,,
4773,5360,same-sheet,10.2,13.8,same-wrap,,,,
4773,7440,same-sheet,10.9,36.6,same-wrap,,,,
4773,4830,same-sheet,9.4,27.6,same-wrap,,,,
4774,3372,untestable,9.1,10.3,same-wrap,,,,
4774,4364,same-sheet,8.5,8.7,same-wrap,,,,
4774,4776,same-sheet,8.8,11.1,same-wrap,,,,
4856,4862,untestable,8.5,8.6,same-wrap,,,,
4856,5355,same-sheet,9.5,16.3,same-wrap,,,,
4862,5096,same-sheet,9.5,19.9,same-wrap,,,,
4862,5313,same-sheet,11.2,19.0,same-wrap,,,,
4862,5355,same-sheet,10.0,22.1,same-wrap,,,,
4862,5414,same-sheet,13.9,33.1,same-wrap,,,,
4862,5791,same-sheet,10.9,33.9,same-wrap,,,,
4911,3876,same-sheet,7.9,8.1,same-wrap,,,,
4920,4933,same-sheet,8.5,8.5,same-wrap,,,,
4920,5065,same-sheet,9.7,16.6,same-wrap,,,,
4920,5551,same-sheet,9.2,13.3,same-wrap,,,,
4920,5791,same-sheet,10.0,19.5,same-wrap,,,,
4933,5065,same-sheet,10.7,25.7,same-wrap,,,,
4964,5129,untestable,9.8,13.8,same-wrap,,,,
4964,5221,untestable,8.0,8.0,same-wrap,,,,
4964,5536,same-sheet,10.6,30.1,same-wrap,,,,
4993,5624,untestable,10.2,27.7,same-wrap,,,,
4993,5736,untestable,13.1,29.8,same-wrap,,,,
5013,5301,same-sheet,8.5,17.3,unresolved,,,,
5013,7076,same-sheet,10.7,14.5,unresolved,,,,
5013,3336,ambiguous,12.8,40.9,same-wrap,,,,
5013,3607,same-sheet,14.0,44.3,same-wrap,,,,
5013,5751,same-sheet,10.6,14.2,unresolved,,,,
5013,6233,same-sheet,10.7,13.7,unresolved,,,,
5013,8058,ambiguous,25.4,87.3,adjacent,,,,
5013,8832,ambiguous,60.9,94.7,same-wrap,97.9,14.3,0.03,
5015,8190,untestable,11.6,14.7,same-wrap,,,,
5015,672,same-sheet,19.8,24.7,same-wrap,,,,
5055,5075,same-sheet,9.7,14.2,same-wrap,,,,
5055,5248,same-sheet,10.3,18.1,same-wrap,,,,
5055,5360,same-sheet,10.9,27.7,same-wrap,,,,
5055,5691,same-sheet,8.6,10.2,same-wrap,,,,
5055,6314,same-sheet,9.4,16.8,same-wrap,,,,
5055,7440,untestable,8.8,8.8,same-wrap,,,,
5055,4830,same-sheet,9.7,10.4,same-wrap,,,,
5065,5069,same-sheet,12.1,14.8,same-wrap,,,,
5065,5527,same-sheet,10.3,14.0,same-wrap,,,,
5065,5551,same-sheet,9.2,12.0,same-wrap,,,,
5065,5791,same-sheet,9.7,21.0,same-wrap,,,,
5065,5869,untestable,8.4,10.2,same-wrap,,,,
5065,6200,same-sheet,10.9,30.0,same-wrap,,,,
5069,5527,same-sheet,11.0,21.6,same-wrap,,,,
5069,5551,same-sheet,10.1,16.1,same-wrap,,,,
5069,5791,untestable,10.2,10.2,same-wrap,,,,
5069,5869,untestable,8.2,8.2,same-wrap,,,,
5069,6200,same-sheet,11.5,41.3,same-wrap,,,,
5075,5248,same-sheet,8.7,9.9,same-wrap,,,,
5075,6075,same-sheet,8.6,9.3,same-wrap,,,,
5075,6314,same-sheet,9.5,17.2,same-wrap,,,,
5075,4830,same-sheet,9.3,18.7,same-wrap,,,,
5091,5291,same-sheet,9.7,20.2,same-wrap,,,,
5091,12332,switch,98.1,147.5,adjacent,,,,
5091,4776,same-sheet,9.6,20.6,same-wrap,,,,
5091,10879,switch,105.3,266.9,adjacent,,,,
5096,5313,untestable,10.1,43.7,same-wrap,,,,
5096,5355,same-sheet,12.9,12.9,same-wrap,,,,
5096,5414,same-sheet,20.3,65.1,same-wrap,,,,
5117,5346,same-sheet,9.3,18.5,same-wrap,,,,
5117,30868,ambiguous,142.3,306.7,same-wrap,1.5,102.1,40.36,
5129,5536,untestable,8.6,8.8,same-wrap,,,,
5129,7253,untestable,16.3,18.4,same-wrap,,,,
5150,5294,untestable,8.2,9.0,same-wrap,,,,
5150,5479,untestable,8.3,9.9,same-wrap,,,,
5150,5792,same-sheet,9.7,18.9,same-wrap,,,,
5150,4715,same-sheet,9.4,25.6,same-wrap,,,,
5217,5316,same-sheet,9.6,16.9,same-wrap,,,,
5217,4776,same-sheet,9.6,12.4,same-wrap,,,,
5221,5536,same-sheet,9.9,34.5,same-wrap,,,,
5221,5778,same-sheet,10.0,31.1,same-wrap,,,,
5221,6823,untestable,8.8,8.8,same-wrap,,,,
5248,5360,same-sheet,10.9,32.9,same-wrap,,,,
5248,5691,same-sheet,9.3,20.9,same-wrap,,,,
5248,5858,same-sheet,9.7,13.6,same-wrap,,,,
5248,16662,same-sheet,10.2,19.1,same-wrap,,,,
5248,9149,same-sheet,10.2,18.1,same-wrap,,,,
5248,18552,ambiguous,93.7,575.4,adjacent,,,,
5259,5924,same-sheet,11.2,40.5,same-wrap,,,,
5259,6859,same-sheet,8.3,8.9,same-wrap,,,,
5259,1917,same-sheet,11.7,26.1,same-wrap,,,,
5291,5316,same-sheet,9.3,16.8,same-wrap,,,,
5291,5331,same-sheet,8.6,11.6,same-wrap,,,,
5291,5768,same-sheet,9.3,10.3,same-wrap,,,,
5291,10646,ambiguous,75.9,270.3,adjacent,,,,
5291,12332,ambiguous,94.5,270.9,adjacent,,,,
5291,4776,same-sheet,11.9,43.3,same-wrap,,,,
5291,5835,same-sheet,9.5,10.3,same-wrap,,,,
5291,6126,untestable,9.2,9.2,same-wrap,,,,
5291,10879,switch,105.3,249.7,adjacent,,,,
5294,5732,same-sheet,9.0,11.9,same-wrap,,,,
5294,5792,same-sheet,9.3,14.9,same-wrap,,,,
5294,12610,same-sheet,13.5,55.3,same-wrap,,,,
5294,5329,same-sheet,8.7,11.6,same-wrap,,,,
5301,10337,same-sheet,11.0,11.3,unresolved,,,,
5301,5751,same-sheet,9.2,20.7,same-wrap,,,,
5303,6202,untestable,12.7,21.0,same-wrap,,,,
5303,6206,same-sheet,9.7,15.0,same-wrap,,,,
5303,6766,same-sheet,9.6,13.7,same-wrap,,,,
5313,5414,same-sheet,10.7,29.2,same-wrap,,,,
5316,5331,same-sheet,10.3,22.8,same-wrap,,,,
5316,5395,same-sheet,9.4,14.6,same-wrap,,,,
5316,4776,same-sheet,9.9,35.8,same-wrap,,,,
5331,5395,same-sheet,10.6,30.3,same-wrap,,,,
5331,5470,same-sheet,10.4,13.1,same-wrap,,,,
5331,5585,same-sheet,10.4,14.7,same-wrap,,,,
5331,6126,same-sheet,10.5,35.4,same-wrap,,,,
5355,3982,same-sheet,8.5,8.5,same-wrap,,,,
5360,7440,untestable,8.6,8.6,same-wrap,,,,
5360,7523,same-sheet,8.5,9.2,same-wrap,,,,
5360,9066,same-sheet,9.6,17.7,same-wrap,,,,
5360,16572,same-sheet,10.0,16.0,same-wrap,,,,
5360,16662,same-sheet,9.7,17.6,same-wrap,,,,
5360,9149,same-sheet,8.9,9.7,same-wrap,,,,
5365,5380,same-sheet,9.3,14.7,same-wrap,,,,
5365,5479,same-sheet,10.7,22.9,same-wrap,,,,
5365,5314,untestable,8.3,10.1,same-wrap,,,,
5365,5548,same-sheet,9.5,21.6,same-wrap,,,,
5380,5479,same-sheet,8.8,9.3,same-wrap,,,,
5380,5948,same-sheet,9.2,16.0,same-wrap,,,,
5380,3735,same-sheet,148.9,286.9,same-wrap,84.2,138.6,0.99,
5380,4715,same-sheet,9.9,27.0,same-wrap,,,,
5380,5314,same-sheet,9.9,13.3,same-wrap,,,,
5413,5613,same-sheet,8.9,15.8,same-wrap,,,,
5413,5679,untestable,8.7,8.7,same-wrap,,,,
5413,6202,same-sheet,9.7,15.9,same-wrap,,,,
5414,5791,same-sheet,10.4,19.7,same-wrap,,,,
5414,5869,untestable,8.5,8.5,same-wrap,,,,
5414,6474,untestable,11.2,28.1,same-wrap,,,,
5470,5768,same-sheet,8.8,12.4,same-wrap,,,,
5470,6401,ambiguous,25.3,53.5,same-wrap,,,,
5470,6549,switch,20.5,42.5,same-wrap,,,,
5470,5835,untestable,8.8,8.8,unresolved,,,,
5470,6126,ambiguous,13.2,57.9,same-wrap,,,,
5479,5792,same-sheet,9.2,13.5,same-wrap,,,,
5479,4715,same-sheet,13.4,18.7,same-wrap,,,,
5479,5314,same-sheet,8.8,9.6,same-wrap,,,,
5479,5548,same-sheet,10.3,36.5,same-wrap,,,,
5527,6200,same-sheet,9.3,23.0,same-wrap,,,,
5527,7253,same-sheet,9.2,10.3,same-wrap,,,,
5536,5600,ambiguous,8.7,11.1,same-wrap,,,,
5536,5778,same-sheet,10.9,23.2,same-wrap,,,,
5536,5979,same-sheet,9.3,10.3,same-wrap,,,,
5536,6200,switch,53.9,64.5,same-wrap,,,,
5536,7253,same-sheet,8.6,13.9,same-wrap,,,,
5551,5791,same-sheet,9.3,19.4,same-wrap,,,,
5585,5732,same-sheet,9.7,27.1,same-wrap,,,,
5585,6549,same-sheet,9.6,14.9,same-wrap,,,,
5585,12610,untestable,9.8,10.3,unresolved,,,,
5585,5329,same-sheet,8.0,8.3,same-wrap,,,,
5600,5979,same-sheet,9.9,17.9,same-wrap,,,,
5600,6135,same-sheet,8.4,15.3,same-wrap,,,,
5600,7007,same-sheet,9.1,14.9,same-wrap,,,,
5613,5679,same-sheet,9.2,18.9,same-wrap,,,,
5613,5718,same-sheet,10.3,15.0,same-wrap,,,,
5613,5940,same-sheet,9.5,9.5,unresolved,,,,
5613,6202,same-sheet,9.8,17.3,same-wrap,,,,
5613,7009,same-sheet,9.3,14.9,same-wrap,,,,
5613,7189,untestable,8.0,8.0,same-wrap,,,,
5624,5736,untestable,9.5,18.0,same-wrap,,,,
5624,8661,untestable,10.8,12.8,same-wrap,,,,
5655,6950,same-sheet,10.4,15.8,same-wrap,,,,
5679,5718,same-sheet,9.0,27.8,same-wrap,,,,
5679,6377,untestable,8.6,9.9,same-wrap,,,,
5691,5838,same-sheet,8.6,8.9,same-wrap,,,,
5691,5858,same-sheet,9.0,16.1,same-wrap,,,,
5691,6075,same-sheet,8.4,9.0,same-wrap,,,,
5691,6164,same-sheet,8.7,9.3,same-wrap,,,,
5691,7666,same-sheet,8.2,8.2,same-wrap,,,,
5691,9149,same-sheet,8.8,21.6,same-wrap,,,,
5718,6377,same-sheet,10.0,15.9,same-wrap,,,,
5718,6738,same-sheet,10.2,23.3,same-wrap,,,,
5718,7009,same-sheet,12.7,15.9,same-wrap,,,,
5718,6685,untestable,9.0,9.4,same-wrap,,,,
5720,6950,same-sheet,8.9,9.6,same-wrap,,,,
5732,6283,same-sheet,9.2,11.9,same-wrap,,,,
5732,6549,same-sheet,10.4,24.9,same-wrap,,,,
5732,12610,same-sheet,8.4,8.7,same-wrap,,,,
5732,5329,same-sheet,9.0,12.1,same-wrap,,,,
5736,5846,same-sheet,9.8,20.7,same-wrap,,,,
5736,6069,same-sheet,12.6,30.7,same-wrap,,,,
5736,6071,untestable,10.8,14.3,same-wrap,,,,
5736,7792,same-sheet,10.2,15.6,same-wrap,,,,
5736,8661,same-sheet,10.9,51.1,same-wrap,,,,
5768,6509,same-sheet,13.6,52.5,same-wrap,,,,
5768,5835,untestable,8.1,8.1,same-wrap,,,,
5768,6409,same-sheet,8.8,10.3,same-wrap,,,,
5778,6823,same-sheet,9.9,22.0,same-wrap,,,,
5791,5869,same-sheet,9.4,14.3,same-wrap,,,,
5791,6474,untestable,9.1,19.6,same-wrap,,,,
5792,5548,untestable,10.9,15.6,same-wrap,,,,
5838,5858,same-sheet,8.3,8.5,same-wrap,,,,
5838,6075,same-sheet,8.4,13.2,same-wrap,,,,
5838,6164,same-sheet,10.9,20.6,same-wrap,,,,
5838,7666,same-sheet,8.9,9.1,same-wrap,,,,
5846,6069,same-sheet,8.6,11.6,same-wrap,,,,
5846,6071,untestable,9.0,11.5,same-wrap,,,,
5846,6151,same-sheet,9.1,13.1,same-wrap,,,,
5846,6298,untestable,10.7,21.4,same-wrap,,,,
5858,5862,same-sheet,10.2,45.2,same-wrap,,,,
5858,6066,same-sheet,10.6,27.9,same-wrap,,,,
5858,6075,same-sheet,11.0,12.5,same-wrap,,,,
5858,6164,same-sheet,9.5,12.9,same-wrap,,,,
5858,6388,same-sheet,9.2,19.6,same-wrap,,,,
5858,7666,same-sheet,10.7,34.0,same-wrap,,,,
5858,8737,same-sheet,9.9,10.0,same-wrap,,,,
5858,9149,same-sheet,11.3,19.6,same-wrap,,,,
5862,6066,same-sheet,10.6,38.5,same-wrap,,,,
5862,6388,same-sheet,11.1,19.7,same-wrap,,,,
5862,7639,same-sheet,11.1,28.4,same-wrap,,,,
5862,7666,same-sheet,11.8,61.9,same-wrap,,,,
5862,6107,same-sheet,10.0,36.9,same-wrap,,,,
5869,6200,same-sheet,9.8,21.6,same-wrap,,,,
5869,6474,untestable,9.2,11.6,same-wrap,,,,
5869,6969,same-sheet,8.9,10.5,same-wrap,,,,
5869,7458,same-sheet,10.1,11.6,same-wrap,,,,
5924,6859,same-sheet,14.0,30.5,same-wrap,,,,
5924,1917,same-sheet,9.5,15.7,same-wrap,,,,
5940,7009,same-sheet,11.0,19.2,same-wrap,,,,
5940,7189,same-sheet,9.6,25.0,same-wrap,,,,
5940,7467,same-sheet,9.7,26.0,same-wrap,,,,
5940,8688,same-sheet,14.4,45.7,same-wrap,,,,
5948,3735,same-sheet,127.9,297.1,same-wrap,78.3,161.3,0.72,
5948,3813,untestable,9.4,10.2,same-wrap,,,,
5948,4715,untestable,12.7,35.6,same-wrap,,,,
5948,5314,same-sheet,8.3,8.3,same-wrap,,,,
5973,6166,same-sheet,10.2,19.7,same-wrap,,,,
5973,6384,untestable,9.6,15.5,same-wrap,,,,
5973,6692,same-sheet,8.7,11.5,same-wrap,,,,
5973,7049,same-sheet,8.9,13.2,same-wrap,,,,
5973,7086,same-sheet,9.6,11.3,same-wrap,,,,
5973,7443,untestable,9.5,9.5,same-wrap,,,,
5979,6135,same-sheet,19.0,19.0,same-wrap,,,,
6057,10142,same-sheet,14.0,69.4,same-wrap,,,,
6057,3677,same-sheet,10.5,41.0,same-wrap,,,,
6057,5346,same-sheet,9.4,15.7,same-wrap,,,,
6066,6353,untestable,9.5,13.8,same-wrap,,,,
6066,7639,untestable,9.3,13.2,same-wrap,,,,
6066,7666,same-sheet,11.0,30.6,same-wrap,,,,
6066,6107,same-sheet,9.6,17.8,same-wrap,,,,
6069,6071,same-sheet,9.4,28.5,same-wrap,,,,
6069,6151,same-sheet,8.9,20.0,same-wrap,,,,
6069,6235,same-sheet,9.3,22.1,same-wrap,,,,
6069,6240,same-sheet,8.9,18.8,same-wrap,,,,
6069,6298,same-sheet,11.9,29.8,same-wrap,,,,
6069,7530,same-sheet,8.9,18.1,same-wrap,,,,
6071,6240,untestable,9.1,10.8,same-wrap,,,,
6071,6298,untestable,9.7,27.0,same-wrap,,,,
6075,6164,same-sheet,9.7,31.1,same-wrap,,,,
6075,6314,same-sheet,9.1,11.6,same-wrap,,,,
6075,7666,same-sheet,9.5,9.5,same-wrap,,,,
6076,9506,same-sheet,16.9,32.1,same-wrap,,,,
6135,7007,same-sheet,8.3,8.5,same-wrap,,,,
6151,6235,same-sheet,9.4,12.5,same-wrap,,,,
6164,6282,ambiguous,8.6,11.5,same-wrap,,,,
6164,6353,ambiguous,10.8,15.3,same-wrap,,,,
6164,6572,switch,9.6,10.7,same-wrap,,,,
6164,7666,same-sheet,9.8,19.6,same-wrap,,,,
6166,6692,same-sheet,12.1,28.9,same-wrap,,,,
6166,6694,same-sheet,10.3,19.7,same-wrap,,,,
6166,6939,same-sheet,10.4,36.8,same-wrap,,,,
6166,6972,same-sheet,9.4,18.2,same-wrap,,,,
6166,7049,same-sheet,8.9,14.4,same-wrap,,,,
6166,7086,same-sheet,8.8,15.5,same-wrap,,,,
6166,7170,same-sheet,13.1,21.7,same-wrap,,,,
6168,10321,untestable,9.2,13.2,same-wrap,,,,
6168,10675,untestable,8.7,8.7,same-wrap,,,,
6168,13288,untestable,137.1,492.4,adjacent,,,,
6179,6314,untestable,9.4,9.4,same-wrap,,,,
6179,7170,same-sheet,8.7,14.3,same-wrap,,,,
6179,7263,same-sheet,11.1,25.7,same-wrap,,,,
6179,4830,same-sheet,9.6,10.5,same-wrap,,,,
6200,7253,same-sheet,8.1,8.1,same-wrap,,,,
6202,6206,same-sheet,8.9,11.5,same-wrap,,,,
6202,6385,untestable,9.3,9.3,same-wrap,,,,
6202,7189,same-sheet,8.4,10.1,same-wrap,,,,
6202,8688,same-sheet,9.2,10.6,same-wrap,,,,
6206,6385,same-sheet,8.9,10.2,same-wrap,,,,
6206,6766,same-sheet,10.8,23.6,same-wrap,,,,
6206,7805,same-sheet,9.0,10.2,same-wrap,,,,
6206,8688,untestable,9.0,9.0,same-wrap,,,,
6235,6240,same-sheet,9.7,12.5,same-wrap,,,,
6235,7172,same-sheet,10.6,15.5,unresolved,,,,
6235,7530,same-sheet,11.7,25.0,same-wrap,,,,
6235,8012,same-sheet,11.1,24.1,same-wrap,,,,
6235,10306,same-sheet,9.5,19.0,same-wrap,,,,
6235,7079,same-sheet,9.7,12.2,same-wrap,,,,
6240,6298,same-sheet,9.8,23.6,same-wrap,,,,
6240,7530,same-sheet,9.6,14.0,same-wrap,,,,
6240,7686,same-sheet,9.2,18.3,same-wrap,,,,
6252,761,ambiguous,71.6,266.7,adjacent,,,,
6252,1954,same-sheet,9.7,13.6,same-wrap,,,,
6252,2279,ambiguous,114.4,441.4,adjacent,,,,
6282,6353,same-sheet,10.2,19.5,same-wrap,,,,
6282,6572,same-sheet,14.1,66.2,same-wrap,,,,
6282,7666,same-sheet,9.1,10.7,same-wrap,,,,
6282,6677,same-sheet,13.4,53.7,same-wrap,,,,
6282,7472,same-sheet,11.0,73.1,same-wrap,,,,
6282,12483,untestable,15.8,15.8,same-wrap,,,,
6283,6380,same-sheet,8.5,9.0,same-wrap,,,,
6283,6401,same-sheet,8.3,9.5,same-wrap,,,,
6283,6549,same-sheet,8.4,10.3,same-wrap,,,,
6298,7530,untestable,11.3,23.1,same-wrap,,,,
6298,7686,untestable,10.6,30.3,same-wrap,,,,
6298,8572,untestable,9.4,10.8,same-wrap,,,,
6314,7263,same-sheet,9.2,25.3,same-wrap,,,,
6314,4830,same-sheet,9.4,20.4,same-wrap,,,,
6314,6677,same-sheet,8.6,10.5,same-wrap,,,,
6353,6572,ambiguous,10.1,27.7,same-wrap,,,,
6353,7666,same-sheet,11.0,18.9,same-wrap,,,,
6353,11089,untestable,9.2,10.1,same-wrap,,,,
6353,6107,same-sheet,9.1,15.9,same-wrap,,,,
6353,7472,same-sheet,8.5,13.3,same-wrap,,,,
6353,12483,same-sheet,10.0,19.4,same-wrap,,,,
6377,6738,same-sheet,10.9,34.2,same-wrap,,,,
6377,7205,untestable,14.8,17.4,same-wrap,,,,
6377,6685,same-sheet,10.2,23.9,same-wrap,,,,
6380,6401,same-sheet,7.9,7.9,same-wrap,,,,
6380,7334,untestable,10.7,14.5,same-wrap,,,,
6384,7049,same-sheet,8.2,16.0,same-wrap,,,,
6384,7443,untestable,8.8,13.3,same-wrap,,,,
6385,6698,same-sheet,10.6,31.9,same-wrap,,,,
6385,7468,same-sheet,8.4,9.6,same-wrap,,,,
6385,7805,same-sheet,10.3,23.1,same-wrap,,,,
6385,8173,same-sheet,8.2,8.3,same-wrap,,,,
6385,6699,same-sheet,10.4,26.3,same-wrap,,,,
6385,6865,same-sheet,8.6,13.4,same-wrap,,,,
6388,7639,same-sheet,8.6,35.6,same-wrap,,,,
6388,8737,same-sheet,8.6,10.2,same-wrap,,,,
6388,6564,same-sheet,8.6,10.3,same-wrap,,,,
6388,7863,untestable,9.2,17.9,same-wrap,,,,
6388,7896,same-sheet,9.8,15.7,same-wrap,,,,
6401,6549,same-sheet,9.9,15.3,same-wrap,,,,
6401,14210,same-sheet,11.3,23.8,same-wrap,,,,
6401,5835,same-sheet,26.3,51.2,same-wrap,,,,
6401,6126,ambiguous,11.8,24.2,same-wrap,,,,
6401,6545,same-sheet,9.5,13.6,same-wrap,,,,
6401,14288,same-sheet,41.1,80.0,same-wrap,52.0,31.3,0.37,110.0
6474,6969,same-sheet,11.3,17.9,same-wrap,,,,
6509,7792,same-sheet,12.4,22.8,same-wrap,,,,
6509,8661,same-sheet,9.3,13.6,same-wrap,,,,
6509,6409,same-sheet,11.0,30.0,same-wrap,,,,
6549,7334,same-sheet,8.3,8.8,same-wrap,,,,
6549,5329,same-sheet,8.9,12.5,same-wrap,,,,
6549,6126,ambiguous,9.2,17.0,same-wrap,,,,
6549,6545,same-sheet,8.8,9.5,same-wrap,,,,
6568,1073,same-sheet,10.0,18.7,same-wrap,,,,
6572,6677,same-sheet,9.7,34.5,same-wrap,,,,
6572,7472,same-sheet,8.3,8.5,same-wrap,,,,
6572,12483,same-sheet,8.2,8.2,same-wrap,,,,
6692,6939,same-sheet,10.3,16.7,same-wrap,,,,
6692,6972,same-sheet,9.8,17.7,same-wrap,,,,
6692,7049,same-sheet,8.6,12.0,same-wrap,,,,
6692,7086,same-sheet,8.8,12.0,same-wrap,,,,
6692,7807,same-sheet,11.2,25.4,same-wrap,,,,
6694,6939,same-sheet,10.0,15.3,same-wrap,,,,
6694,7170,same-sheet,8.2,8.2,same-wrap,,,,
6698,7805,same-sheet,8.9,12.0,same-wrap,,,,
6698,6699,same-sheet,9.1,13.0,same-wrap,,,,
6698,6865,same-sheet,11.3,22.5,same-wrap,,,,
6738,6760,same-sheet,13.9,50.8,same-wrap,,,,
6738,7009,same-sheet,11.5,15.6,same-wrap,,,,
6738,9573,switch,13.1,53.1,same-wrap,,,,
6738,6685,same-sheet,11.0,24.4,same-wrap,,,,
6760,7828,same-sheet,7.9,7.9,same-wrap,,,,
6760,9573,same-sheet,23.0,53.9,same-wrap,,,,
6760,6685,same-sheet,9.0,10.1,same-wrap,,,,
6766,7468,same-sheet,9.2,23.0,same-wrap,,,,
6766,10884,untestable,324.6,324.6,adjacent,,,,
6767,8605,same-sheet,10.9,16.1,same-wrap,,,,
6767,8698,same-sheet,8.7,9.9,same-wrap,,,,
6767,3317,same-sheet,12.3,34.6,same-wrap,,,,
6784,6828,same-sheet,10.1,23.4,same-wrap,,,,
6784,7041,untestable,8.6,8.8,same-wrap,,,,
6784,7146,same-sheet,22.5,45.8,same-wrap,,,,
6784,7205,same-sheet,10.7,16.1,same-wrap,,,,
6784,6685,same-sheet,8.3,11.1,same-wrap,,,,
6784,7046,same-sheet,10.4,48.0,same-wrap,,,,
6823,7292,same-sheet,11.1,15.8,same-wrap,,,,
6823,7876,same-sheet,10.9,34.1,same-wrap,,,,
6823,8092,same-sheet,11.8,13.9,same-wrap,,,,
6823,24099,same-sheet,9.5,21.5,same-wrap,,,,
6828,7041,same-sheet,8.8,10.8,same-wrap,,,,
6828,7140,same-sheet,8.9,14.1,same-wrap,,,,
6828,7157,same-sheet,9.0,14.8,same-wrap,,,,
6828,7279,same-sheet,10.2,14.6,same-wrap,,,,
6828,6685,same-sheet,10.3,18.4,same-wrap,,,,
6828,7046,same-sheet,10.0,22.7,same-wrap,,,,
6859,7904,untestable,10.4,10.7,same-wrap,,,,
6939,6972,same-sheet,9.8,11.4,same-wrap,,,,
6939,7170,same-sheet,9.2,20.0,same-wrap,,,,
6946,7555,untestable,9.8,12.0,same-wrap,,,,
6946,7925,same-sheet,9.3,25.8,same-wrap,,,,
6946,6953,untestable,10.2,30.5,same-wrap,,,,
6969,7074,untestable,8.9,13.0,same-wrap,,,,
6969,7458,same-sheet,8.5,8.7,same-wrap,,,,
6969,7609,same-sheet,8.6,8.9,same-wrap,,,,
6972,7086,same-sheet,9.5,9.5,same-wrap,,,,
6972,7170,same-sheet,9.8,13.8,same-wrap,,,,
6972,7807,same-sheet,9.1,11.2,same-wrap,,,,
6972,9692,same-sheet,9.6,16.6,same-wrap,,,,
6972,9910,same-sheet,9.0,9.9,same-wrap,,,,
7007,7292,same-sheet,9.2,18.1,same-wrap,,,,
7007,7609,same-sheet,9.2,17.3,same-wrap,,,,
7009,7189,same-sheet,9.2,11.1,same-wrap,,,,
7009,7467,same-sheet,11.2,32.0,same-wrap,,,,
7041,7157,same-sheet,9.7,24.5,same-wrap,,,,
7041,7279,same-sheet,8.3,17.6,same-wrap,,,,
7041,7435,same-sheet,13.5,21.9,same-wrap,,,,
7041,8347,same-sheet,12.0,20.6,same-wrap,,,,
7041,7160,same-sheet,9.4,12.9,same-wrap,,,,
7049,7086,same-sheet,9.1,19.5,same-wrap,,,,
7049,7443,same-sheet,9.3,18.9,same-wrap,,,,
7049,7548,untestable,11.3,23.2,same-wrap,,,,
7049,7689,same-sheet,8.4,8.4,same-wrap,,,,
7049,7807,same-sheet,9.5,25.6,same-wrap,,,,
7049,9464,same-sheet,9.9,13.9,same-wrap,,,,
7074,7458,same-sheet,9.5,23.2,same-wrap,,,,
7074,7609,same-sheet,8.7,19.1,same-wrap,,,,
7076,8119,same-sheet,9.1,12.2,same-wrap,,,,
7076,8198,same-sheet,9.7,13.4,same-wrap,,,,
7076,8698,ambiguous,61.2,166.3,same-wrap,60.6,78.8,37.59,
7076,8922,same-sheet,22.5,26.7,unresolved,,,,
7076,23264,same-sheet,11.1,14.0,same-wrap,,,,
7076,3317,switch,92.8,506.2,same-wrap,53.8,136.6,36.54,
7076,3336,same-sheet,12.1,20.4,same-wrap,,,,
7076,3607,untestable,9.5,10.2,same-wrap,,,,
7076,6233,same-sheet,12.1,104.8,same-wrap,55.6,55.8,0.15,160.0
7076,8772,ambiguous,215.5,659.6,adjacent,,,,
7086,7443,same-sheet,12.1,29.6,same-wrap,,,,
7086,7689,same-sheet,11.4,52.6,same-wrap,,,,
7086,7807,same-sheet,11.2,52.8,same-wrap,,,,
7086,9464,same-sheet,11.1,55.5,same-wrap,,,,
7086,9692,same-sheet,9.8,17.7,same-wrap,,,,
7140,7279,same-sheet,10.4,21.7,same-wrap,,,,
7140,7332,same-sheet,9.9,27.2,same-wrap,,,,
7140,7435,same-sheet,10.5,27.7,same-wrap,,,,
7140,9535,same-sheet,8.8,12.7,same-wrap,,,,
7140,11430,same-sheet,11.8,26.3,same-wrap,,,,
7140,7046,same-sheet,8.9,11.5,same-wrap,,,,
7140,7585,same-sheet,11.1,20.7,same-wrap,,,,
7146,7828,same-sheet,8.7,11.0,same-wrap,,,,
7146,5314,ambiguous,78.4,363.5,adjacent,,,,
7146,7046,same-sheet,12.2,17.3,same-wrap,,,,
7157,7205,same-sheet,9.5,20.7,same-wrap,,,,
7157,7279,same-sheet,9.7,22.9,same-wrap,,,,
7157,7435,same-sheet,10.4,15.8,unresolved,,,,
7157,8347,same-sheet,9.7,19.8,same-wrap,,,,
7157,7160,same-sheet,10.2,25.8,same-wrap,,,,
7170,7263,same-sheet,12.0,19.4,same-wrap,,,,
7170,9692,same-sheet,9.7,14.0,same-wrap,,,,
7170,9910,same-sheet,9.8,47.7,same-wrap,,,,
7170,11062,same-sheet,11.9,11.9,same-wrap,,,,
7170,13918,ambiguous,87.2,297.4,adjacent,,,,
7170,13987,switch,104.6,361.8,adjacent,,,,
7170,6677,same-sheet,13.7,48.4,adjacent,,,,
7170,7472,same-sheet,10.8,48.5,adjacent,,,,
7172,7328,same-sheet,8.9,12.5,same-wrap,,,,
7172,7530,untestable,10.8,20.8,same-wrap,,,,
7172,7786,same-sheet,9.4,38.0,same-wrap,,,,
7172,8012,same-sheet,9.7,17.0,same-wrap,,,,
7172,7079,same-sheet,9.9,13.8,same-wrap,,,,
7172,7635,same-sheet,11.2,16.7,same-wrap,,,,
7172,8772,same-sheet,9.6,9.6,same-wrap,,,,
7189,7467,same-sheet,11.5,33.5,same-wrap,,,,
7189,7842,same-sheet,9.5,16.1,same-wrap,,,,
7189,8688,same-sheet,14.2,41.9,same-wrap,,,,
7205,6685,same-sheet,10.8,30.0,same-wrap,,,,
7205,7160,same-sheet,14.1,50.8,unresolved,,,,
7263,4830,same-sheet,8.2,8.2,same-wrap,,,,
7263,6677,untestable,8.1,8.1,same-wrap,,,,
7279,7435,same-sheet,9.6,25.4,same-wrap,,,,
7279,8347,same-sheet,10.3,15.0,same-wrap,,,,
7279,7046,untestable,10.0,12.2,same-wrap,,,,
7279,7585,same-sheet,9.4,13.3,same-wrap,,,,
7292,7609,same-sheet,9.2,21.9,same-wrap,,,,
7292,7614,same-sheet,8.4,9.0,same-wrap,,,,
7322,9544,same-sheet,12.3,32.6,same-wrap,,,,
7322,15589,same-sheet,9.4,13.1,same-wrap,,,,
7322,6545,untestable,8.2,8.2,same-wrap,,,,
7328,7786,same-sheet,8.5,9.3,same-wrap,,,,
7328,8492,same-sheet,11.7,13.6,same-wrap,,,,
7328,7341,same-sheet,9.7,14.5,same-wrap,,,,
7328,7635,same-sheet,10.0,34.4,same-wrap,,,,
7328,8772,same-sheet,10.6,18.2,same-wrap,,,,
7332,9227,same-sheet,11.6,15.6,same-wrap,,,,
7332,9535,same-sheet,8.5,14.7,same-wrap,,,,
7332,11400,same-sheet,9.8,21.3,same-wrap,,,,
7332,7046,same-sheet,8.2,13.8,same-wrap,,,,
7334,14805,untestable,8.3,8.3,same-wrap,,,,
7334,13195,switch,81.7,229.5,adjacent,,,,
7382,300,same-sheet,13.9,48.5,same-wrap,,,,
7386,7828,same-sheet,12.8,19.1,same-wrap,,,,
7386,8366,same-sheet,10.2,33.8,same-wrap,,,,
7386,7046,same-sheet,9.1,11.5,same-wrap,,,,
7435,8347,same-sheet,10.2,18.4,same-wrap,,,,
7435,7585,same-sheet,8.9,17.3,same-wrap,,,,
7435,9035,same-sheet,8.8,11.9,same-wrap,,,,
7440,7523,same-sheet,9.6,19.5,same-wrap,,,,
7440,8421,same-sheet,9.3,26.2,same-wrap,,,,
7440,9066,same-sheet,11.2,27.3,same-wrap,,,,
7443,7471,same-sheet,9.0,21.2,same-wrap,,,,
7443,7548,untestable,9.0,18.3,same-wrap,,,,
7443,7689,same-sheet,10.3,23.7,same-wrap,,,,
7443,7696,same-sheet,8.2,8.6,same-wrap,,,,
7443,7807,same-sheet,9.2,15.3,same-wrap,,,,
7443,9464,same-sheet,9.6,19.3,same-wrap,,,,
7458,7609,same-sheet,9.5,17.0,same-wrap,,,,
7467,7489,same-sheet,8.4,8.5,same-wrap,,,,
7467,7601,same-sheet,9.1,9.1,unresolved,,,,
7467,7842,same-sheet,8.8,13.2,same-wrap,,,,
7467,9573,same-sheet,9.4,13.3,same-wrap,,,,
7467,7575,same-sheet,8.6,12.6,same-wrap,,,,
7468,10884,same-sheet,11.2,63.7,same-wrap,,,,
7471,7548,same-sheet,9.6,12.4,same-wrap,,,,
7471,7689,same-sheet,12.9,15.4,same-wrap,,,,
7471,7696,same-sheet,8.6,11.2,same-wrap,,,,
7471,8372,same-sheet,9.9,10.8,same-wrap,,,,
7471,8653,same-sheet,9.0,10.9,same-wrap,,,,
7471,9464,same-sheet,10.0,18.7,same-wrap,,,,
7471,9723,same-sheet,8.3,8.3,same-wrap,,,,
7471,7508,same-sheet,8.5,12.9,same-wrap,,,,
7489,7842,same-sheet,9.2,15.7,same-wrap,,,,
7489,8688,same-sheet,9.1,9.7,same-wrap,,,,
7489,6699,same-sheet,8.2,8.2,same-wrap,,,,
7523,8191,untestable,11.0,14.5,same-wrap,,,,
7523,8421,untestable,9.7,13.9,same-wrap,,,,
7523,9066,same-sheet,9.4,21.9,same-wrap,,,,
7530,7686,same-sheet,10.6,28.3,same-wrap,,,,
7530,7079,same-sheet,10.2,17.1,same-wrap,,,,
7555,7925,same-sheet,9.5,20.2,same-wrap,,,,
7555,8145,same-sheet,9.7,21.2,same-wrap,,,,
7555,8917,ambiguous,9.5,14.0,same-wrap,,,,
7555,10298,same-sheet,9.5,14.9,same-wrap,,,,
7555,6953,same-sheet,8.6,11.7,same-wrap,,,,
7573,8492,untestable,10.6,14.4,same-wrap,,,,
7573,8532,same-sheet,13.1,33.6,same-wrap,,,,
7573,9234,same-sheet,12.2,19.3,same-wrap,,,,
7573,7341,same-sheet,11.8,45.9,same-wrap,,,,
7573,7635,same-sheet,11.6,19.1,same-wrap,,,,
7573,8996,same-sheet,10.4,12.2,same-wrap,,,,
7573,10265,same-sheet,9.2,10.2,same-wrap,,,,
7601,7692,same-sheet,10.6,20.6,same-wrap,,,,
7601,7842,same-sheet,9.6,12.8,same-wrap,,,,
7601,8043,same-sheet,9.4,12.9,same-wrap,,,,
7601,7575,same-sheet,9.8,25.0,same-wrap,,,,
7609,7614,ambiguous,9.0,10.6,same-wrap,,,,
7609,8519,same-sheet,10.3,11.0,unresolved,,,,
7609,7853,same-sheet,9.4,13.8,same-wrap,,,,
7614,8519,ambiguous,13.1,68.6,same-wrap,,,,
7614,7853,same-sheet,8.6,12.6,same-wrap,,,,
7638,8160,same-sheet,9.6,18.4,same-wrap,,,,
7638,7160,untestable,8.6,15.8,same-wrap,,,,
7638,19071,same-sheet,8.7,9.3,same-wrap,,,,
7639,6107,untestable,10.5,21.9,same-wrap,,,,
7639,7896,untestable,10.0,30.7,same-wrap,,,,
7666,6107,same-sheet,11.4,56.0,same-wrap,,,,
7686,8572,same-sheet,10.4,21.8,same-wrap,,,,
7686,9936,same-sheet,9.3,9.5,same-wrap,,,,
7686,7635,same-sheet,11.0,86.1,same-wrap,43.5,48.6,0.02,
7689,7807,same-sheet,10.9,32.6,same-wrap,,,,
7689,7821,untestable,8.2,8.2,same-wrap,,,,
7689,9464,same-sheet,9.7,17.4,same-wrap,,,,
7689,9692,same-sheet,8.8,10.6,same-wrap,,,,
7692,7736,same-sheet,8.7,13.4,same-wrap,,,,
7692,7842,same-sheet,11.0,23.7,same-wrap,,,,
7692,8043,untestable,10.7,26.2,same-wrap,,,,
7692,8717,untestable,8.3,11.1,same-wrap,,,,
7692,13402,same-sheet,10.0,14.0,same-wrap,,,,
7692,7575,same-sheet,9.6,18.5,same-wrap,,,,
7696,8122,same-sheet,10.5,31.7,same-wrap,,,,
7696,8653,same-sheet,9.4,40.6,same-wrap,,,,
7696,8986,same-sheet,9.2,14.4,same-wrap,,,,
7696,9464,same-sheet,9.5,10.5,same-wrap,,,,
7696,9723,same-sheet,8.8,9.2,same-wrap,,,,
7696,7508,same-sheet,10.0,22.0,same-wrap,,,,
7696,8314,same-sheet,9.6,19.4,same-wrap,,,,
7696,9836,same-sheet,10.6,19.0,same-wrap,,,,
7736,8043,same-sheet,8.9,18.7,same-wrap,,,,
7736,8683,same-sheet,8.2,8.4,same-wrap,,,,
7736,8717,untestable,9.1,17.4,same-wrap,,,,
7786,8012,same-sheet,8.6,24.3,same-wrap,,,,
7786,12673,same-sheet,10.4,20.1,same-wrap,,,,
7786,19682,ambiguous,15.5,166.2,same-wrap,116.9,80.8,39.36,
7786,7079,same-sheet,9.9,9.9,same-wrap,,,,
7786,8772,same-sheet,12.2,34.8,same-wrap,,,,
7792,8661,same-sheet,10.9,19.8,same-wrap,,,,
7805,8688,same-sheet,9.4,14.4,same-wrap,,,,
7805,6699,same-sheet,10.7,19.9,same-wrap,,,,
7807,7821,same-sheet,10.8,38.8,same-wrap,,,,
7807,8078,same-sheet,9.7,30.5,same-wrap,,,,
7807,8372,untestable,9.4,9.5,same-wrap,,,,
7807,9464,same-sheet,10.5,33.1,same-wrap,,,,
7807,9692,same-sheet,11.1,48.6,same-wrap,,,,
7807,9910,same-sheet,8.9,9.4,same-wrap,,,,
7821,8078,same-sheet,9.9,27.8,same-wrap,,,,
7821,8261,same-sheet,8.6,11.7,same-wrap,,,,
7821,8372,same-sheet,9.1,11.2,same-wrap,,,,
7821,9464,same-sheet,10.2,20.6,same-wrap,,,,
7821,9692,same-sheet,9.8,27.1,same-wrap,,,,
7828,7046,same-sheet,9.9,11.6,same-wrap,,,,
7828,7575,same-sheet,8.4,13.2,same-wrap,,,,
7842,8043,same-sheet,9.5,19.0,same-wrap,,,,
7842,6699,untestable,10.6,10.9,same-wrap,,,,
7842,7575,same-sheet,9.4,19.6,same-wrap,,,,
7876,9099,untestable,8.8,12.9,same-wrap,,,,
7876,23470,untestable,8.6,9.2,same-wrap,,,,
7876,23839,same-sheet,11.6,23.8,same-wrap,,,,
7876,24099,same-sheet,9.2,15.8,same-wrap,,,,
7925,8145,same-sheet,12.3,46.6,same-wrap,,,,
7925,8404,same-sheet,10.2,19.3,same-wrap,,,,
7925,8552,same-sheet,9.9,23.3,same-wrap,,,,
7925,8798,same-sheet,8.3,10.0,same-wrap,,,,
7925,8917,same-sheet,11.2,20.5,same-wrap,,,,
7925,23470,same-sheet,9.6,14.1,same-wrap,,,,
7925,6953,untestable,10.3,10.3,same-wrap,,,,
7925,9786,same-sheet,8.7,12.2,same-wrap,,,,
7925,20729,untestable,8.0,8.0,same-wrap,,,,
7939,8230,untestable,9.0,13.9,same-wrap,,,,
7939,8519,same-sheet,9.6,17.6,same-wrap,,,,
7939,9820,untestable,9.3,11.4,same-wrap,,,,
7939,7853,same-sheet,8.5,20.4,same-wrap,,,,
7939,8838,same-sheet,9.1,12.9,same-wrap,,,,
7982,8007,same-sheet,9.0,19.3,same-wrap,,,,
7982,8044,same-sheet,8.9,8.9,same-wrap,,,,
7982,9676,same-sheet,9.8,12.1,same-wrap,,,,
7982,7863,same-sheet,12.0,62.4,same-wrap,,,,
7982,7896,same-sheet,9.0,15.0,same-wrap,,,,
8007,8044,same-sheet,10.3,10.3,same-wrap,,,,
8007,17755,untestable,9.6,23.4,same-wrap,,,,
8007,7896,untestable,9.7,13.9,same-wrap,,,,
8007,17280,untestable,11.8,13.6,same-wrap,,,,
8012,10306,ambiguous,10.5,17.4,same-wrap,,,,
8012,11323,same-sheet,9.3,12.7,same-wrap,,,,
8012,12673,same-sheet,11.2,21.3,same-wrap,,,,
8012,19682,same-sheet,14.2,23.1,unresolved,,,,
8012,7079,same-sheet,22.5,79.8,same-wrap,39.1,35.7,0.02,
8012,13446,same-sheet,9.1,10.0,same-wrap,,,,
8043,7681,untestable,9.4,10.5,same-wrap,,,,
8044,9676,same-sheet,10.9,21.6,same-wrap,,,,
8044,12172,same-sheet,12.2,24.7,same-wrap,,,,
8044,14931,same-sheet,14.6,28.4,same-wrap,,,,
8044,7863,untestable,8.3,8.3,same-wrap,,,,
8078,8261,same-sheet,9.8,39.9,same-wrap,,,,
8078,8321,same-sheet,9.9,18.4,same-wrap,,,,
8078,8372,same-sheet,10.1,20.3,same-wrap,,,,
8078,8597,same-sheet,9.9,33.4,same-wrap,,,,
8078,9160,same-sheet,11.4,27.5,same-wrap,,,,
8078,9464,same-sheet,9.8,40.0,same-wrap,,,,
8078,9692,same-sheet,10.3,48.7,same-wrap,,,,
8078,11062,same-sheet,9.7,39.1,same-wrap,,,,
8119,8198,same-sheet,12.3,49.5,same-wrap,,,,
8119,12673,switch,228.8,903.2,unresolved,,,,
8119,23264,same-sheet,10.7,17.8,same-wrap,,,,
8119,8266,ambiguous,30.6,116.7,adjacent,,,,
8119,8772,ambiguous,180.6,527.1,unresolved,,,,
8119,13446,ambiguous,177.0,795.1,adjacent,,,,
8122,8986,untestable,9.5,11.0,same-wrap,,,,
8122,10151,same-sheet,22.9,42.8,adjacent,,,,
8122,17322,switch,95.4,296.7,adjacent,,,,
8122,17764,same-sheet,28.7,68.1,adjacent,,,,
8122,18473,switch,79.7,179.2,adjacent,,,,
8122,8314,same-sheet,8.3,9.7,same-wrap,,,,
8145,8552,same-sheet,10.8,19.9,same-wrap,,,,
8145,8798,same-sheet,10.8,25.3,same-wrap,,,,
8145,8917,same-sheet,11.7,24.3,same-wrap,,,,
8160,15889,same-sheet,9.1,12.9,same-wrap,,,,
8160,18540,untestable,10.9,14.7,same-wrap,,,,
8160,19071,same-sheet,11.1,19.4,same-wrap,,,,
8173,6865,ambiguous,13.5,67.2,same-wrap,,,,
8173,10511,same-sheet,8.7,10.6,same-wrap,,,,
8191,8421,untestable,8.9,32.0,same-wrap,,,,
8191,9013,untestable,8.6,16.9,same-wrap,,,,
8198,19682,switch,89.8,294.9,unresolved,,,,
8198,23264,ambiguous,9.6,13.1,unresolved,,,,
8198,8266,ambiguous,11.0,22.2,same-wrap,,,,
8198,13446,switch,70.5,143.8,same-wrap,118.7,206.8,39.17,
8230,7853,untestable,83.5,106.5,same-wrap,54.5,59.8,0.01,140.0
8230,8838,same-sheet,10.5,41.3,same-wrap,,,,
8256,8267,same-sheet,8.5,11.7,same-wrap,,,,
8256,8276,same-sheet,8.7,21.7,same-wrap,,,,
8256,8300,same-sheet,10.5,29.9,same-wrap,,,,
8256,8536,same-sheet,14.3,14.3,same-wrap,,,,
8256,5751,same-sheet,8.4,10.4,unresolved,,,,
8256,6024,same-sheet,9.5,10.7,same-wrap,,,,
8256,8657,untestable,8.2,8.2,same-wrap,,,,
8261,8321,untestable,9.4,10.4,same-wrap,,,,
8261,8372,same-sheet,12.9,24.2,same-wrap,,,,
8261,10150,same-sheet,10.9,33.2,same-wrap,,,,
8261,11336,same-sheet,9.8,24.5,same-wrap,,,,
8261,10828,same-sheet,8.4,8.4,same-wrap,,,,
8262,9356,untestable,9.8,15.8,same-wrap,,,,
8262,9566,same-sheet,11.0,27.9,same-wrap,,,,
8262,3044,same-sheet,11.0,54.0,same-wrap,,,,
8267,8300,same-sheet,8.1,8.4,unresolved,,,,
8267,5751,same-sheet,11.3,54.5,same-wrap,,,,
8267,8832,same-sheet,11.1,23.3,same-wrap,,,,
8276,8300,same-sheet,10.0,18.7,unresolved,,,,
8276,8536,same-sheet,9.7,16.9,same-wrap,,,,
8276,5751,same-sheet,13.3,17.1,same-wrap,,,,
8276,6024,same-sheet,28.8,62.2,same-wrap,,,,
8300,5751,same-sheet,9.2,27.6,unresolved,,,,
8300,6024,same-sheet,8.5,11.6,unresolved,,,,
8300,8657,same-sheet,9.6,18.1,same-wrap,,,,
8300,8832,same-sheet,8.6,12.5,unresolved,,,,
8321,8597,same-sheet,10.4,22.2,same-wrap,,,,
8321,10150,same-sheet,13.3,38.4,same-wrap,,,,
8347,20221,switch,105.0,373.9,adjacent,,,,
8347,21822,switch,138.7,683.1,unresolved,,,,
8347,7160,same-sheet,10.1,23.1,same-wrap,,,,
8358,8540,same-sheet,9.1,15.0,same-wrap,,,,
8358,8797,same-sheet,10.5,15.0,same-wrap,,,,
8358,8911,ambiguous,108.1,193.3,adjacent,,,,
8358,6699,switch,130.8,276.8,adjacent,,,,
8358,8298,same-sheet,10.6,24.3,same-wrap,,,,
8358,8681,same-sheet,9.0,13.6,same-wrap,,,,
8366,9535,same-sheet,9.7,12.6,same-wrap,,,,
8366,9811,same-sheet,13.3,49.3,same-wrap,,,,
8366,2564,ambiguous,116.2,197.4,adjacent,,,,
8366,3540,ambiguous,92.2,256.9,adjacent,,,,
8366,3813,ambiguous,62.8,71.6,adjacent,,,,
8366,10282,same-sheet,19.5,50.0,adjacent,,,,
8372,9464,same-sheet,9.8,25.2,same-wrap,,,,
8372,11336,same-sheet,10.0,17.3,same-wrap,,,,
8372,7508,same-sheet,9.3,13.9,same-wrap,,,,
8404,8552,same-sheet,9.8,10.6,same-wrap,,,,
8404,23470,same-sheet,10.8,22.5,same-wrap,,,,
8404,9786,untestable,8.9,10.6,same-wrap,,,,
8404,10769,switch,53.1,106.4,adjacent,,,,
8404,13340,switch,88.8,174.1,adjacent,,,,
8404,20729,same-sheet,31.7,67.7,adjacent,,,,
8421,9013,same-sheet,9.7,20.6,same-wrap,,,,
8421,9066,same-sheet,10.5,12.4,same-wrap,,,,
8492,8955,same-sheet,10.7,33.9,same-wrap,,,,
8492,9234,same-sheet,10.3,23.6,same-wrap,,,,
8492,9669,untestable,10.1,10.1,same-wrap,,,,
8492,7341,same-sheet,11.7,24.1,same-wrap,,,,
8519,9820,same-sheet,9.6,10.6,same-wrap,,,,
8519,21279,untestable,8.1,8.1,same-wrap,,,,
8519,7853,same-sheet,10.0,23.2,same-wrap,,,,
8519,8838,same-sheet,10.2,15.3,same-wrap,,,,
8532,9234,same-sheet,10.8,21.5,same-wrap,,,,
8532,10460,same-sheet,10.8,42.3,same-wrap,,,,
8532,7341,same-sheet,11.9,23.3,same-wrap,,,,
8532,8996,same-sheet,10.9,27.9,same-wrap,,,,
8532,10265,same-sheet,8.5,8.5,same-wrap,,,,
8536,8983,same-sheet,9.6,12.3,same-wrap,,,,
8536,10337,same-sheet,12.9,14.9,same-wrap,,,,
8536,949,ambiguous,89.3,200.9,same-wrap,174.9,10.3,37.21,
8536,5751,same-sheet,13.9,41.0,same-wrap,,,,
8536,6024,same-sheet,24.8,61.3,same-wrap,,,,
8540,8662,same-sheet,9.8,38.9,same-wrap,,,,
8540,8759,same-sheet,8.7,10.9,same-wrap,,,,
8540,8797,same-sheet,11.8,30.3,same-wrap,,,,
8540,8815,untestable,10.5,10.7,same-wrap,,,,
8540,8911,ambiguous,122.9,224.2,adjacent,,,,
8540,14098,same-sheet,8.4,9.0,same-wrap,,,,
8540,8298,same-sheet,9.6,25.4,same-wrap,,,,
8540,8681,same-sheet,8.8,10.0,same-wrap,,,,
8552,8798,same-sheet,10.1,19.7,same-wrap,,,,
8552,23470,same-sheet,11.1,11.1,same-wrap,,,,
8552,9786,same-sheet,10.5,41.5,same-wrap,,,,
8572,9936,same-sheet,10.1,14.8,same-wrap,,,,
8597,9160,same-sheet,10.2,21.0,same-wrap,,,,
8605,8698,untestable,8.5,8.5,same-wrap,,,,
8653,9723,same-sheet,9.6,16.3,same-wrap,,,,
8653,10188,same-sheet,10.0,11.6,same-wrap,,,,
8653,10952,same-sheet,9.6,34.3,same-wrap,,,,
8653,7508,same-sheet,21.2,64.5,adjacent,,,,
8653,8314,same-sheet,10.5,25.9,same-wrap,,,,
8653,15484,same-sheet,8.5,10.8,same-wrap,,,,
8653,18811,switch,108.2,162.9,adjacent,,,,
8661,11381,same-sheet,10.0,18.3,unresolved,,,,
8661,6409,same-sheet,9.8,13.0,same-wrap,,,,
8661,6895,same-sheet,9.1,17.7,same-wrap,,,,
8662,8759,same-sheet,8.8,20.7,same-wrap,,,,
8662,8815,same-sheet,9.2,13.1,same-wrap,,,,
8662,8948,same-sheet,9.9,20.4,same-wrap,,,,
8662,8681,same-sheet,9.6,19.0,same-wrap,,,,
8683,8717,untestable,10.0,11.9,same-wrap,,,,
8683,13402,same-sheet,9.4,10.8,same-wrap,,,,
8688,6699,same-sheet,12.5,24.6,same-wrap,,,,
8698,3317,same-sheet,14.4,53.5,same-wrap,,,,
8717,13402,same-sheet,8.9,10.5,same-wrap,,,,
8737,16662,same-sheet,13.5,33.5,same-wrap,,,,
8737,9149,same-sheet,14.4,67.2,same-wrap,,,,
8759,8815,same-sheet,8.7,12.2,same-wrap,,,,
8759,8830,same-sheet,9.7,19.9,same-wrap,,,,
8759,12300,same-sheet,9.7,20.0,same-wrap,,,,
8759,12742,same-sheet,8.9,12.3,same-wrap,,,,
8759,14098,same-sheet,10.8,25.2,same-wrap,,,,
8759,22376,ambiguous,9.7,14.7,same-wrap,,,,
8759,8681,same-sheet,9.3,13.7,same-wrap,,,,
8797,8911,same-sheet,24.4,92.4,same-wrap,16.9,27.1,40.47,
8797,9276,same-sheet,9.4,21.4,same-wrap,,,,
8797,9960,untestable,8.7,12.8,same-wrap,,,,
8797,6699,ambiguous,134.5,316.2,adjacent,,,,
8797,7681,ambiguous,132.0,269.2,adjacent,,,,
8797,8298,same-sheet,13.7,57.3,same-wrap,,,,
8797,8681,untestable,9.8,11.0,same-wrap,,,,
8797,10013,same-sheet,12.3,46.8,same-wrap,,,,
8798,8917,same-sheet,12.4,25.8,same-wrap,,,,
8798,9786,same-sheet,19.4,39.1,same-wrap,,,,
8815,8866,same-sheet,10.0,21.2,same-wrap,,,,
8815,8948,same-sheet,9.2,20.6,same-wrap,,,,
8815,9559,same-sheet,11.6,23.4,same-wrap,,,,
8815,10023,same-sheet,8.9,18.3,same-wrap,,,,
8815,10586,same-sheet,10.3,10.9,same-wrap,,,,
8815,11406,same-sheet,9.8,20.0,same-wrap,,,,
8815,11892,same-sheet,11.0,29.7,same-wrap,,,,
8815,12742,same-sheet,8.2,8.9,same-wrap,,,,
8815,22733,same-sheet,8.1,8.1,same-wrap,,,,
8815,8681,same-sheet,8.6,11.3,same-wrap,,,,
8830,10279,same-sheet,12.1,26.5,same-wrap,,,,
8830,10376,same-sheet,11.6,23.7,same-wrap,,,,
8830,12300,same-sheet,8.9,16.3,same-wrap,,,,
8830,12742,same-sheet,8.8,21.4,same-wrap,,,,
8830,15018,same-sheet,10.9,23.3,same-wrap,,,,
8830,22376,same-sheet,10.8,24.2,same-wrap,,,,
8866,11406,same-sheet,10.5,23.6,same-wrap,,,,
8866,11892,same-sheet,9.7,13.5,same-wrap,,,,
8866,18303,same-sheet,11.4,16.8,same-wrap,,,,
8866,22733,untestable,9.4,9.8,same-wrap,,,,
8866,10953,same-sheet,14.1,18.3,same-wrap,,,,
8911,9875,untestable,12.3,26.1,same-wrap,,,,
8911,6699,same-sheet,19.6,56.5,same-wrap,,,,
8911,7681,same-sheet,26.9,56.6,same-wrap,,,,
8911,8298,ambiguous,82.0,214.6,adjacent,,,,
8911,10013,same-sheet,10.9,22.0,same-wrap,,,,
8917,10298,same-sheet,12.0,41.1,same-wrap,,,,
8917,12076,same-sheet,12.3,35.0,same-wrap,,,,
8917,12170,same-sheet,10.6,30.9,same-wrap,,,,
8922,14822,ambiguous,114.1,346.0,unresolved,,,,
8922,15036,ambiguous,162.3,567.8,same-wrap,207.7,44.2,38.84,
8922,23264,same-sheet,8.7,12.9,same-wrap,,,,
8922,27987,same-sheet,9.7,13.1,same-wrap,,,,
8922,8772,same-sheet,29.5,140.5,adjacent,,,,
8948,9276,same-sheet,13.1,34.4,same-wrap,,,,
8948,9559,same-sheet,9.3,11.2,same-wrap,,,,
8948,9908,same-sheet,9.5,9.6,same-wrap,,,,
8948,10069,same-sheet,9.5,22.6,same-wrap,,,,
8948,10887,same-sheet,12.4,20.2,same-wrap,,,,
8948,8681,same-sheet,8.5,15.7,same-wrap,,,,
8955,9181,same-sheet,11.2,17.4,same-wrap,,,,
8955,9234,same-sheet,9.8,21.2,same-wrap,,,,
8955,9505,same-sheet,9.5,9.5,same-wrap,,,,
8955,9669,same-sheet,8.4,10.9,same-wrap,,,,
8955,7341,same-sheet,14.5,30.3,same-wrap,,,,
8983,10337,same-sheet,11.3,24.5,same-wrap,,,,
8983,5751,same-sheet,12.8,46.3,unresolved,,,,
8986,9836,untestable,9.2,12.2,same-wrap,,,,
9013,9031,same-sheet,8.9,11.7,same-wrap,,,,
9013,9066,same-sheet,8.8,17.2,same-wrap,,,,
9031,9066,same-sheet,11.1,27.5,same-wrap,,,,
9031,9232,same-sheet,8.4,9.4,same-wrap,,,,
9031,12111,same-sheet,9.5,16.3,same-wrap,,,,
9031,13097,same-sheet,14.6,21.0,same-wrap,,,,
9066,9232,same-sheet,8.9,9.8,same-wrap,,,,
9066,12111,same-sheet,9.6,9.6,same-wrap,,,,
9066,13097,same-sheet,8.9,13.4,same-wrap,,,,
9066,16572,same-sheet,8.0,8.0,unresolved,,,,
9099,23470,untestable,9.0,9.7,same-wrap,,,,
9111,9472,same-sheet,9.4,12.2,same-wrap,,,,
9111,9648,same-sheet,9.1,31.4,same-wrap,,,,
9111,9972,ambiguous,10.6,17.0,same-wrap,,,,
9111,11448,same-sheet,8.7,9.2,same-wrap,,,,
9111,9035,same-sheet,8.4,9.5,same-wrap,,,,
9111,10695,same-sheet,10.6,14.4,same-wrap,,,,
9160,9692,same-sheet,9.4,21.6,same-wrap,,,,
9160,10159,same-sheet,9.2,18.0,same-wrap,,,,
9160,11062,same-sheet,9.9,27.3,same-wrap,,,,
9160,12483,same-sheet,8.9,14.3,same-wrap,,,,
9181,9234,same-sheet,9.0,13.5,same-wrap,,,,
9181,9669,same-sheet,16.6,63.9,same-wrap,,,,
9181,11195,same-sheet,36.6,64.6,same-wrap,,,,
9181,14822,same-sheet,12.6,33.0,same-wrap,,,,
9227,10044,same-sheet,9.0,13.7,same-wrap,,,,
9227,10099,same-sheet,9.8,12.5,same-wrap,,,,
9227,11400,same-sheet,8.8,9.2,same-wrap,,,,
9227,11430,same-sheet,13.3,31.9,same-wrap,,,,
9232,12111,same-sheet,8.2,8.2,same-wrap,,,,
9232,12172,same-sheet,11.5,17.1,same-wrap,,,,
9232,13097,same-sheet,9.0,14.6,same-wrap,,,,
9234,9505,same-sheet,8.6,20.7,same-wrap,,,,
9234,9640,same-sheet,8.5,12.9,same-wrap,,,,
9234,9646,same-sheet,9.0,9.2,same-wrap,,,,
9234,9669,same-sheet,9.3,14.8,same-wrap,,,,
9234,7341,same-sheet,11.2,40.6,same-wrap,,,,
9234,10265,same-sheet,10.7,51.6,same-wrap,,,,
9276,10069,same-sheet,11.6,30.6,same-wrap,,,,
9276,10726,same-sheet,8.6,9.5,same-wrap,,,,
9276,10887,same-sheet,8.4,9.7,same-wrap,,,,
9276,8681,same-sheet,16.8,52.5,same-wrap,,,,
9356,9506,same-sheet,8.6,11.5,same-wrap,,,,
9356,9566,same-sheet,8.8,10.9,same-wrap,,,,
9464,9692,same-sheet,8.3,11.4,same-wrap,,,,
9464,7508,same-sheet,9.3,17.2,same-wrap,,,,
9472,9606,same-sheet,13.2,37.3,same-wrap,,,,
9472,9751,same-sheet,8.3,8.6,same-wrap,,,,
9472,11448,same-sheet,9.7,11.2,same-wrap,,,,
9472,9035,same-sheet,11.0,40.3,same-wrap,,,,
9505,9640,same-sheet,9.4,24.3,same-wrap,,,,
9505,9646,same-sheet,9.0,12.2,same-wrap,,,,
9505,9669,same-sheet,9.5,15.5,same-wrap,,,,
9505,9867,same-sheet,9.4,14.3,same-wrap,,,,
9505,10893,untestable,12.2,21.5,same-wrap,,,,
9505,10938,same-sheet,12.4,14.1,same-wrap,,,,
9505,11219,same-sheet,10.2,18.9,same-wrap,,,,
9506,9566,same-sheet,9.7,16.9,same-wrap,,,,
9535,9811,same-sheet,17.0,54.3,same-wrap,,,,
9535,2564,ambiguous,72.4,107.0,adjacent,,,,
9535,3540,same-sheet,50.7,87.1,adjacent,,,,
9535,7046,same-sheet,8.8,10.9,same-wrap,,,,
9535,10282,same-sheet,18.9,53.2,same-wrap,,,,
9544,6545,untestable,11.3,34.9,same-wrap,,,,
9548,8926,untestable,9.7,12.6,same-wrap,,,,
9548,9254,same-sheet,9.6,36.0,same-wrap,,,,
9548,9679,same-sheet,11.7,54.3,same-wrap,,,,
9548,10237,same-sheet,8.2,11.3,same-wrap,,,,
9559,9908,same-sheet,8.7,9.5,same-wrap,,,,
9559,10023,same-sheet,11.9,35.3,same-wrap,,,,
9559,10069,same-sheet,8.8,9.4,same-wrap,,,,
9559,10586,same-sheet,9.3,13.1,same-wrap,,,,
9566,3044,same-sheet,9.4,27.0,same-wrap,,,,
9573,7575,same-sheet,10.7,23.2,same-wrap,,,,
9606,9751,same-sheet,10.1,61.8,same-wrap,,,,
9606,9758,same-sheet,10.3,20.9,same-wrap,,,,
9606,10044,same-sheet,11.2,21.4,same-wrap,,,,
9606,7585,same-sheet,9.1,14.5,same-wrap,,,,
9606,9035,same-sheet,10.4,36.9,same-wrap,,,,
9640,9646,same-sheet,8.7,9.1,same-wrap,,,,
9640,9669,same-sheet,10.2,18.8,same-wrap,,,,
9640,9867,same-sheet,9.7,16.3,same-wrap,,,,
9640,10893,same-sheet,8.6,13.2,same-wrap,,,,
9640,11219,same-sheet,9.5,20.0,same-wrap,,,,
9640,10156,same-sheet,9.4,20.0,same-wrap,,,,
9646,9724,same-sheet,9.1,15.7,same-wrap,,,,
9646,10024,same-sheet,8.9,16.4,same-wrap,,,,
9646,10026,same-sheet,10.9,38.7,same-wrap,,,,
9646,10288,same-sheet,9.4,20.4,same-wrap,,,,
9646,11219,untestable,8.0,8.0,same-wrap,,,,
9646,13304,same-sheet,9.1,13.9,same-wrap,,,,
9646,13433,same-sheet,9.7,13.8,same-wrap,,,,
9646,10156,same-sheet,9.1,9.6,unresolved,,,,
9646,10265,same-sheet,8.8,9.4,same-wrap,,,,
9648,9972,same-sheet,20.7,34.7,same-wrap,,,,
9648,10223,same-sheet,9.3,21.3,same-wrap,,,,
9648,16072,same-sheet,8.7,9.4,same-wrap,,,,
9648,9035,same-sheet,11.1,15.2,same-wrap,,,,
9648,9315,same-sheet,9.3,16.0,same-wrap,,,,
9669,10893,same-sheet,8.4,8.7,same-wrap,,,,
9669,10938,same-sheet,9.1,22.8,same-wrap,,,,
9669,11195,same-sheet,10.4,18.6,same-wrap,,,,
9669,11219,same-sheet,9.5,15.2,same-wrap,,,,
9676,14931,same-sheet,10.9,26.3,same-wrap,,,,
9676,7863,same-sheet,9.0,9.0,same-wrap,,,,
9692,9910,same-sheet,10.0,20.8,same-wrap,,,,
9692,10159,same-sheet,9.0,16.3,same-wrap,,,,
9692,11062,same-sheet,9.1,21.8,same-wrap,,,,
9723,9796,same-sheet,8.7,12.3,same-wrap,,,,
9723,9834,same-sheet,10.3,23.6,same-wrap,,,,
9723,10018,same-sheet,9.9,22.8,same-wrap,,,,
9723,10188,same-sheet,9.6,15.0,same-wrap,,,,
9723,10952,same-sheet,8.5,10.5,same-wrap,,,,
9723,7508,same-sheet,9.9,64.9,same-wrap,,,,
9723,10828,same-sheet,9.9,10.1,same-wrap,,,,
9723,18811,switch,104.4,471.8,adjacent,,,,
9724,10024,same-sheet,8.2,10.0,same-wrap,,,,
9724,10288,untestable,8.6,8.6,same-wrap,,,,
9724,11856,same-sheet,9.8,24.3,same-wrap,,,,
9724,12024,same-sheet,10.8,20.0,same-wrap,,,,
9751,9758,same-sheet,10.7,46.7,same-wrap,,,,
9751,9986,untestable,9.0,12.8,same-wrap,,,,
9751,10044,same-sheet,8.6,9.7,same-wrap,,,,
9751,10099,same-sheet,10.4,19.5,same-wrap,,,,
9751,10879,same-sheet,11.7,30.5,same-wrap,,,,
9751,11203,same-sheet,8.9,22.7,same-wrap,,,,
9758,11448,same-sheet,9.0,10.8,same-wrap,,,,
9758,10879,same-sheet,9.5,16.6,same-wrap,,,,
9758,11203,same-sheet,9.7,12.5,same-wrap,,,,
9796,9834,same-sheet,11.5,49.0,same-wrap,,,,
9796,10188,same-sheet,8.6,17.4,same-wrap,,,,
9796,10410,same-sheet,10.3,25.7,same-wrap,,,,
9796,13977,same-sheet,10.1,23.7,same-wrap,,,,
9796,15757,untestable,11.3,14.9,same-wrap,,,,
9811,2564,switch,100.9,187.5,adjacent,,,,
9811,10282,same-sheet,20.5,49.8,unresolved,,,,
9820,18046,same-sheet,10.3,11.0,same-wrap,,,,
9820,19273,untestable,9.5,9.5,same-wrap,,,,
9820,8838,same-sheet,8.3,8.3,same-wrap,,,,
9820,8926,same-sheet,8.6,9.1,same-wrap,,,,
9820,11088,switch,105.4,300.4,adjacent,,,,
9820,13312,ambiguous,37.2,74.2,adjacent,,,,
9834,10188,same-sheet,8.9,9.6,same-wrap,,,,
9834,10410,untestable,8.9,18.7,same-wrap,,,,
9834,13977,same-sheet,10.0,19.7,same-wrap,,,,
9867,10893,same-sheet,13.0,13.4,same-wrap,,,,
9867,11219,same-sheet,9.2,15.0,same-wrap,,,,
9867,10156,same-sheet,8.9,12.0,same-wrap,,,,
9875,8298,ambiguous,79.6,246.6,adjacent,,,,
9875,10013,same-sheet,10.6,14.1,same-wrap,,,,
9908,10069,same-sheet,8.3,9.6,same-wrap,,,,
9908,10586,same-sheet,11.0,24.6,same-wrap,,,,
9908,10887,same-sheet,8.8,15.8,same-wrap,,,,
9910,11062,same-sheet,9.2,9.7,same-wrap,,,,
9910,7472,same-sheet,11.8,32.4,same-wrap,,,,
9910,12483,same-sheet,8.8,12.7,same-wrap,,,,
9936,12450,untestable,10.4,13.1,same-wrap,,,,
9936,8996,ambiguous,12.5,47.3,same-wrap,,,,
9936,11599,untestable,11.3,20.2,same-wrap,,,,
9947,10159,untestable,9.5,18.1,same-wrap,,,,
9947,11062,untestable,8.7,9.6,same-wrap,,,,
9947,12483,same-sheet,10.8,10.8,same-wrap,,,,
9948,1717,same-sheet,10.6,15.4,same-wrap,,,,
9960,10016,same-sheet,8.8,12.1,same-wrap,,,,
9960,10726,same-sheet,10.4,23.1,same-wrap,,,,
9960,10307,untestable,11.7,11.7,same-wrap,,,,
9972,10646,same-sheet,9.5,15.2,same-wrap,,,,
9972,11448,same-sheet,9.6,16.9,same-wrap,,,,
9972,16072,same-sheet,36.9,59.7,adjacent,,,,
9972,10695,same-sheet,9.9,26.0,same-wrap,,,,
10016,10726,same-sheet,9.7,15.8,same-wrap,,,,
10016,13156,same-sheet,9.6,15.9,same-wrap,,,,
10016,14071,untestable,13.7,13.7,same-wrap,,,,
10016,10307,same-sheet,9.4,22.6,same-wrap,,,,
10018,11336,same-sheet,8.8,10.3,same-wrap,,,,
10018,7508,same-sheet,8.1,8.1,same-wrap,,,,
10018,10828,same-sheet,10.2,55.6,same-wrap,,,,
10023,10586,same-sheet,9.0,9.0,same-wrap,,,,
10023,10706,same-sheet,9.8,21.6,same-wrap,,,,
10023,11513,same-sheet,9.2,13.7,same-wrap,,,,
10023,11564,same-sheet,8.6,13.7,same-wrap,,,,
10023,11888,same-sheet,12.4,36.0,same-wrap,,,,
10023,11892,same-sheet,8.7,12.9,same-wrap,,,,
10024,12615,same-sheet,9.6,21.8,same-wrap,,,,
10024,13304,same-sheet,8.1,8.5,same-wrap,,,,
10024,13433,same-sheet,9.5,17.3,same-wrap,,,,
10026,10288,same-sheet,8.2,17.3,same-wrap,,,,
10026,10265,untestable,10.6,14.6,same-wrap,,,,
10044,10099,same-sheet,8.9,12.7,same-wrap,,,,
10044,11430,same-sheet,10.3,44.6,same-wrap,,,,
10044,7585,same-sheet,10.3,14.1,same-wrap,,,,
10053,10399,same-sheet,8.4,8.6,same-wrap,,,,
10053,17281,same-sheet,12.7,19.4,same-wrap,,,,
10053,6699,same-sheet,8.4,8.8,same-wrap,,,,
10053,6865,same-sheet,37.9,76.6,same-wrap,,,,
10069,10586,same-sheet,9.7,24.5,same-wrap,,,,
10069,10726,same-sheet,9.9,23.8,same-wrap,,,,
10069,10887,same-sheet,8.6,10.8,same-wrap,,,,
10069,8681,same-sheet,10.1,27.5,same-wrap,,,,
10099,11400,untestable,11.4,18.7,same-wrap,,,,
10142,3677,same-sheet,18.2,87.3,same-wrap,91.1,19.7,0.36,
10150,11336,same-sheet,9.1,23.1,same-wrap,,,,
10150,10828,same-sheet,11.9,53.7,same-wrap,,,,
10151,10516,same-sheet,8.6,19.8,same-wrap,,,,
10151,8314,untestable,9.3,11.2,same-wrap,,,,
10151,9836,same-sheet,17.8,23.2,adjacent,,,,
10151,10637,same-sheet,9.6,13.9,same-wrap,,,,
10151,10874,same-sheet,9.4,13.3,same-wrap,,,,
10151,11088,same-sheet,10.4,24.6,same-wrap,,,,
10159,10899,same-sheet,9.0,10.5,same-wrap,,,,
10159,11062,same-sheet,9.7,20.7,same-wrap,,,,
10159,11089,untestable,11.4,16.6,same-wrap,,,,
10159,12483,same-sheet,9.5,22.8,same-wrap,,,,
10188,10952,same-sheet,9.0,9.4,same-wrap,,,,
10188,13977,same-sheet,9.4,11.5,same-wrap,,,,
10188,15757,same-sheet,9.5,20.6,same-wrap,,,,
10223,15889,same-sheet,15.5,42.0,same-wrap,,,,
10223,16072,same-sheet,13.7,66.0,same-wrap,,,,
10223,10695,same-sheet,10.7,13.4,adjacent,,,,
10240,12333,untestable,8.5,17.8,same-wrap,,,,
10240,14246,ambiguous,71.6,122.8,adjacent,,,,
10240,18494,ambiguous,85.2,123.4,adjacent,,,,
10240,9315,same-sheet,12.8,77.6,same-wrap,,,,
10279,10376,same-sheet,10.5,34.8,same-wrap,,,,
10279,12300,same-sheet,11.4,27.3,same-wrap,,,,
10279,15018,same-sheet,14.5,22.1,same-wrap,,,,
10279,22376,untestable,12.8,26.1,same-wrap,,,,
10288,11757,same-sheet,9.6,17.2,same-wrap,,,,
10288,12024,untestable,8.7,8.8,same-wrap,,,,
10298,12076,same-sheet,12.5,22.7,same-wrap,,,,
10298,17859,ambiguous,99.7,322.4,adjacent,,,,
10298,18752,ambiguous,128.0,555.1,adjacent,,,,
10298,6953,same-sheet,34.2,84.7,adjacent,,,,
10298,12170,same-sheet,11.6,41.5,same-wrap,,,,
10306,11323,same-sheet,9.0,13.4,same-wrap,,,,
10306,11381,same-sheet,8.5,8.6,same-wrap,,,,
10306,7079,ambiguous,11.4,80.7,same-wrap,44.9,41.1,0.01,
10321,10675,same-sheet,10.3,28.2,same-wrap,,,,
10337,5751,same-sheet,10.8,37.4,same-wrap,,,,
10342,12439,same-sheet,9.0,12.7,same-wrap,,,,
10342,14144,switch,11.7,11.7,same-wrap,,,,
10342,23470,same-sheet,9.2,18.5,same-wrap,,,,
10342,9786,untestable,8.1,8.1,same-wrap,,,,
10342,10769,same-sheet,9.9,18.8,same-wrap,,,,
10355,10420,ambiguous,9.0,14.9,same-wrap,,,,
10355,17659,untestable,17.6,70.6,same-wrap,,,,
10355,6699,same-sheet,12.1,44.3,same-wrap,,,,
10355,8298,ambiguous,79.3,244.4,adjacent,,,,
10355,10013,same-sheet,12.5,45.7,same-wrap,,,,
10376,10463,same-sheet,9.8,24.8,same-wrap,,,,
10376,10594,ambiguous,10.0,13.4,same-wrap,,,,
10376,12300,same-sheet,9.6,21.6,same-wrap,,,,
10376,15018,same-sheet,10.5,18.6,same-wrap,,,,
10399,10420,same-sheet,10.1,13.4,same-wrap,,,,
10399,17281,same-sheet,10.2,27.7,same-wrap,,,,
10399,6699,same-sheet,9.4,19.0,same-wrap,,,,
10399,6865,same-sheet,8.1,10.2,same-wrap,,,,
10410,13977,same-sheet,10.9,28.8,same-wrap,,,,
10410,16342,untestable,11.3,21.9,same-wrap,,,,
10420,17281,untestable,8.3,8.5,same-wrap,,,,
10420,17659,untestable,11.3,14.1,same-wrap,,,,
10460,8996,same-sheet,14.2,46.3,same-wrap,,,,
10460,10265,ambiguous,59.1,511.5,same-wrap,13.4,26.4,0.96,190.0
10460,11599,ambiguous,38.8,437.9,same-wrap,12.3,30.0,1.76,190.0
10463,10594,same-sheet,9.5,27.1,same-wrap,,,,
10463,10753,same-sheet,10.2,25.6,same-wrap,,,,
10463,12300,same-sheet,9.5,13.7,same-wrap,,,,
10463,14927,same-sheet,9.9,11.1,same-wrap,,,,
10463,15018,same-sheet,9.3,13.8,same-wrap,,,,
10463,10538,same-sheet,11.0,17.5,same-wrap,,,,
10516,10637,same-sheet,8.7,10.6,same-wrap,,,,
10516,10874,same-sheet,8.8,8.8,same-wrap,,,,
10516,11088,same-sheet,10.4,16.6,same-wrap,,,,
10548,11779,same-sheet,10.5,27.3,same-wrap,,,,
10548,12270,same-sheet,9.3,11.7,unresolved,,,,
10548,8266,ambiguous,31.0,113.8,same-wrap,42.1,154.9,0.01,
10548,13446,ambiguous,96.7,272.4,unresolved,,,,
10574,12111,untestable,18.9,66.4,same-wrap,,,,
10574,9679,same-sheet,11.3,20.0,same-wrap,,,,
10574,10237,same-sheet,8.7,9.8,same-wrap,,,,
10586,10706,same-sheet,8.2,8.4,same-wrap,,,,
10586,10887,same-sheet,9.7,18.6,same-wrap,,,,
10586,11513,same-sheet,9.4,9.8,same-wrap,,,,
10586,11888,same-sheet,10.3,19.6,same-wrap,,,,
10594,14085,same-sheet,9.5,15.6,same-wrap,,,,
10594,14927,same-sheet,9.4,9.5,same-wrap,,,,
10594,15018,same-sheet,9.4,12.2,same-wrap,,,,
10594,15074,same-sheet,11.1,34.6,same-wrap,,,,
10594,15244,untestable,9.1,10.0,same-wrap,,,,
10594,10538,same-sheet,9.8,26.4,same-wrap,,,,
10646,11448,untestable,9.4,19.2,same-wrap,,,,
10646,12332,same-sheet,11.2,15.9,same-wrap,,,,
10646,12800,same-sheet,10.1,21.2,same-wrap,,,,
10646,4776,same-sheet,36.6,82.2,adjacent,,,,
10646,10695,same-sheet,11.0,36.9,same-wrap,,,,
10646,10879,untestable,9.2,9.2,unresolved,,,,
10667,8058,switch,97.5,161.5,unresolved,,,,
10667,8657,same-sheet,9.1,24.2,unresolved,,,,
10667,8832,switch,109.1,160.9,unresolved,,,,
10677,11400,same-sheet,8.9,10.0,same-wrap,,,,
10677,10282,untestable,8.6,9.3,same-wrap,,,,
10706,11513,same-sheet,9.4,14.6,same-wrap,,,,
10706,11564,same-sheet,9.5,15.8,same-wrap,,,,
10706,11888,same-sheet,13.9,40.5,same-wrap,,,,
10706,11949,same-sheet,11.8,15.6,same-wrap,,,,
10706,12390,same-sheet,8.6,8.6,same-wrap,,,,
10706,12579,untestable,8.2,8.2,same-wrap,,,,
10726,10887,same-sheet,10.1,21.4,same-wrap,,,,
10726,10307,same-sheet,10.0,13.3,same-wrap,,,,
10749,11130,untestable,10.3,37.6,same-wrap,,,,
10749,15365,untestable,10.0,10.0,same-wrap,,,,
10753,11464,same-sheet,9.2,22.8,same-wrap,,,,
10753,14927,same-sheet,12.2,36.5,same-wrap,,,,
10753,18547,untestable,8.9,10.1,same-wrap,,,,
10753,10538,same-sheet,8.8,12.4,same-wrap,,,,
10884,11705,same-sheet,10.2,17.3,same-wrap,,,,
10884,10511,same-sheet,8.7,11.5,same-wrap,,,,
10884,11327,same-sheet,8.3,8.3,same-wrap,,,,
10884,11616,same-sheet,56.9,68.1,adjacent,,,,
10884,13377,ambiguous,163.9,1040.0,adjacent,,,,
10887,14663,same-sheet,9.9,22.1,same-wrap,,,,
10887,10307,same-sheet,9.3,9.3,same-wrap,,,,
10893,10938,same-sheet,9.6,17.5,same-wrap,,,,
10893,11195,same-sheet,8.5,10.9,same-wrap,,,,
10893,11219,same-sheet,10.5,11.1,same-wrap,,,,
10893,10156,same-sheet,8.0,8.0,same-wrap,,,,
10899,11062,untestable,10.1,10.6,same-wrap,,,,
10899,11089,same-sheet,8.5,12.3,same-wrap,,,,
10899,12483,same-sheet,8.7,9.4,same-wrap,,,,
10938,11195,same-sheet,9.8,20.8,same-wrap,,,,
10938,11219,same-sheet,8.6,9.5,same-wrap,,,,
10952,13088,same-sheet,10.2,20.6,same-wrap,,,,
10952,15757,same-sheet,9.3,15.7,same-wrap,,,,
10952,12756,untestable,10.0,16.6,same-wrap,,,,
10952,15484,same-sheet,9.3,12.7,same-wrap,,,,
11062,7472,same-sheet,9.9,19.4,same-wrap,,,,
11062,12483,same-sheet,9.8,21.9,same-wrap,,,,
11102,10874,same-sheet,9.0,32.3,same-wrap,,,,
11102,10989,same-sheet,14.7,56.3,adjacent,,,,
11102,11088,same-sheet,10.5,14.5,same-wrap,,,,
11102,12100,same-sheet,34.7,58.1,adjacent,,,,
11130,11387,same-sheet,9.8,25.7,same-wrap,,,,
11130,11447,same-sheet,8.5,14.4,same-wrap,,,,
11130,11796,same-sheet,10.3,11.0,same-wrap,,,,
11130,12645,same-sheet,16.2,70.4,same-wrap,,,,
11130,13206,switch,119.6,322.8,adjacent,,,,
11130,14688,switch,93.3,151.8,adjacent,,,,
11130,15365,same-sheet,8.5,11.3,same-wrap,,,,
11130,11499,same-sheet,12.8,20.4,same-wrap,,,,
11195,11216,same-sheet,10.1,14.7,same-wrap,,,,
11195,11219,same-sheet,10.5,26.7,same-wrap,,,,
11195,11444,same-sheet,9.1,14.3,same-wrap,,,,
11216,11444,same-sheet,8.5,11.9,same-wrap,,,,
11216,14822,same-sheet,10.5,20.3,same-wrap,,,,
11216,15036,untestable,10.1,13.7,same-wrap,,,,
11216,27987,switch,132.9,553.7,unresolved,,,,
11219,12933,same-sheet,9.6,16.0,same-wrap,,,,
11219,10156,same-sheet,10.5,26.9,same-wrap,,,,
11219,11557,same-sheet,9.1,16.8,same-wrap,,,,
11323,11381,same-sheet,12.4,47.0,same-wrap,,,,
11323,17334,same-sheet,10.1,13.7,same-wrap,,,,
11323,6895,same-sheet,14.0,25.8,same-wrap,,,,
11336,7508,same-sheet,9.6,10.9,same-wrap,,,,
11336,10828,same-sheet,10.5,25.7,same-wrap,,,,
11381,6895,same-sheet,11.2,11.7,same-wrap,,,,
11387,12645,same-sheet,9.6,16.0,same-wrap,,,,
11387,13478,same-sheet,10.2,16.1,same-wrap,,,,
11387,17826,ambiguous,99.8,269.2,adjacent,,,,
11406,11892,same-sheet,13.1,35.7,same-wrap,,,,
11406,11949,untestable,11.4,11.8,same-wrap,,,,
11406,10953,same-sheet,12.1,22.4,same-wrap,,,,
11430,7585,same-sheet,8.7,8.7,unresolved,,,,
11444,14822,same-sheet,8.8,12.9,same-wrap,,,,
11444,20756,untestable,8.5,10.9,same-wrap,,,,
11447,11796,ambiguous,32.5,93.6,adjacent,,,,
11447,13206,switch,118.7,282.8,adjacent,,,,
11447,15365,same-sheet,8.6,9.7,same-wrap,,,,
11447,11499,same-sheet,13.5,55.7,same-wrap,,,,
11448,12332,same-sheet,10.2,13.9,same-wrap,,,,
11448,10879,same-sheet,9.2,14.3,same-wrap,,,,
11464,14927,same-sheet,8.5,10.1,same-wrap,,,,
11464,17462,untestable,10.7,10.7,same-wrap,,,,
11464,18547,untestable,9.6,20.0,same-wrap,,,,
11513,11564,same-sheet,10.2,19.4,same-wrap,,,,
11513,11888,same-sheet,10.6,62.8,same-wrap,,,,
11513,12390,same-sheet,9.0,13.1,same-wrap,,,,
11513,12579,same-sheet,8.7,14.0,same-wrap,,,,
11513,12120,untestable,8.7,9.3,same-wrap,,,,
11564,11892,same-sheet,8.6,13.9,same-wrap,,,,
11564,11949,same-sheet,10.2,28.8,same-wrap,,,,
11603,11757,untestable,9.8,54.4,same-wrap,,,,
11603,12024,untestable,9.1,12.8,same-wrap,,,,
11603,11402,untestable,9.1,15.2,same-wrap,,,,
11617,11748,same-sheet,8.2,10.1,same-wrap,,,,
11617,12147,same-sheet,9.2,15.8,same-wrap,,,,
11617,12765,untestable,8.9,13.1,same-wrap,,,,
11617,10511,same-sheet,64.1,108.0,adjacent,,,,
11617,11616,same-sheet,29.8,61.5,same-wrap,,,,
11705,12322,ambiguous,154.9,789.6,adjacent,,,,
11705,13288,ambiguous,10.1,11.4,same-wrap,,,,
11705,14612,ambiguous,94.6,717.1,adjacent,,,,
11705,11373,same-sheet,20.1,28.4,same-wrap,,,,
11705,11616,ambiguous,66.0,228.1,adjacent,,,,
11705,12265,same-sheet,10.5,11.0,same-wrap,,,,
11705,13377,ambiguous,288.4,978.2,adjacent,,,,
11722,11796,same-sheet,10.4,26.0,same-wrap,,,,
11722,11912,same-sheet,12.2,33.6,same-wrap,,,,
11722,12013,same-sheet,9.0,10.0,same-wrap,,,,
11722,12307,same-sheet,9.2,31.0,same-wrap,,,,
11722,13557,ambiguous,94.6,337.1,adjacent,,,,
11722,10695,ambiguous,114.9,290.2,adjacent,,,,
11722,11330,ambiguous,90.5,469.8,adjacent,,,,
11722,12872,same-sheet,8.9,12.8,same-wrap,,,,
11722,12932,ambiguous,19.3,30.2,same-wrap,,,,
11722,13527,same-sheet,10.4,12.0,same-wrap,,,,
11748,11778,same-sheet,9.3,28.9,same-wrap,,,,
11748,12147,same-sheet,9.9,15.9,same-wrap,,,,
11748,12765,same-sheet,8.6,10.8,same-wrap,,,,
11748,14612,same-sheet,8.8,8.8,same-wrap,,,,
11748,14816,untestable,8.3,9.1,same-wrap,,,,
11748,15095,same-sheet,9.3,23.9,same-wrap,,,,
11748,15507,same-sheet,11.2,11.5,same-wrap,,,,
11748,12475,same-sheet,10.5,27.0,same-wrap,,,,
11757,12024,same-sheet,9.9,13.5,same-wrap,,,,
11757,12450,untestable,8.3,8.3,unresolved,,,,
11757,11402,untestable,9.0,9.8,same-wrap,,,,
11757,11599,untestable,8.3,8.3,same-wrap,,,,
11778,14816,ambiguous,11.1,20.3,same-wrap,,,,
11778,15095,same-sheet,10.7,26.3,same-wrap,,,,
11778,15507,same-sheet,10.4,27.2,same-wrap,,,,
11779,12270,same-sheet,8.8,10.5,unresolved,,,,
11779,8266,same-sheet,18.1,133.3,same-wrap,41.9,152.7,0.33,
11784,13088,untestable,8.8,10.9,same-wrap,,,,
11784,21279,ambiguous,75.2,132.7,adjacent,,,,
11784,10989,same-sheet,12.1,31.6,same-wrap,,,,
11784,12100,same-sheet,10.3,34.5,same-wrap,,,,
11784,12756,same-sheet,11.4,17.3,same-wrap,,,,
11796,12013,same-sheet,12.9,41.8,same-wrap,,,,
11796,12053,same-sheet,15.8,58.9,unresolved,,,,
11796,13206,same-sheet,26.0,70.5,unresolved,,,,
11796,14688,untestable,20.4,31.5,adjacent,,,,
11796,11499,switch,112.8,293.7,adjacent,,,,
11796,12932,same-sheet,8.0,8.0,same-wrap,,,,
11856,12024,same-sheet,10.0,14.6,same-wrap,,,,
11856,11402,untestable,11.5,11.5,same-wrap,,,,
11888,12390,same-sheet,9.6,15.0,same-wrap,,,,
11888,12579,same-sheet,9.4,31.7,same-wrap,,,,
11888,12738,same-sheet,9.6,14.5,same-wrap,,,,
11892,11949,same-sheet,10.2,27.7,same-wrap,,,,
11892,10953,same-sheet,8.6,8.6,same-wrap,,,,
11912,12307,same-sheet,9.5,21.9,same-wrap,,,,
11912,13557,ambiguous,86.7,380.6,adjacent,,,,
11912,10695,ambiguous,103.5,607.8,adjacent,,,,
11912,11330,ambiguous,113.3,629.3,adjacent,,,,
11912,12829,same-sheet,11.1,22.5,same-wrap,,,,
11912,12872,same-sheet,11.4,41.5,same-wrap,,,,
11949,12390,untestable,8.9,10.9,same-wrap,,,,
12013,14246,same-sheet,8.7,9.3,same-wrap,,,,
12013,15202,untestable,8.9,11.6,same-wrap,,,,
12027,12456,same-sheet,9.8,25.7,same-wrap,,,,
12027,12701,untestable,8.4,8.4,same-wrap,,,,
12027,18046,ambiguous,58.4,96.8,adjacent,,,,
12027,8926,ambiguous,61.1,313.5,adjacent,,,,
12027,10237,ambiguous,144.1,340.2,adjacent,,,,
12027,11178,same-sheet,8.4,10.7,same-wrap,,,,
12027,13312,same-sheet,11.4,24.1,same-wrap,,,,
12027,13496,same-sheet,10.0,52.5,same-wrap,,,,
12053,12251,same-sheet,8.9,13.0,same-wrap,,,,
12053,13206,untestable,17.1,45.2,same-wrap,,,,
12053,15809,same-sheet,8.3,8.5,same-wrap,,,,
12053,16383,untestable,8.7,8.7,same-wrap,,,,
12053,12255,same-sheet,9.6,11.7,same-wrap,,,,
12076,12869,untestable,37.9,59.3,same-wrap,,,,
12076,18145,same-sheet,44.2,66.5,adjacent,,,,
12076,12170,same-sheet,11.4,41.2,same-wrap,,,,
12108,14805,same-sheet,22.7,66.5,same-wrap,,,,
12108,20511,same-sheet,10.2,16.3,same-wrap,,,,
12108,20920,untestable,9.2,9.2,same-wrap,,,,
12108,14520,same-sheet,11.9,30.9,same-wrap,,,,
12108,17297,same-sheet,16.1,84.9,same-wrap,38.1,14.2,40.98,
12111,12172,same-sheet,9.1,12.0,same-wrap,,,,
12111,17104,same-sheet,9.8,11.2,same-wrap,,,,
12111,17516,same-sheet,8.8,12.4,same-wrap,,,,
12147,12765,same-sheet,10.6,19.5,same-wrap,,,,
12147,14134,same-sheet,9.0,23.1,same-wrap,,,,
12147,12475,same-sheet,8.8,12.2,same-wrap,,,,
12172,13097,same-sheet,10.4,11.4,same-wrap,,,,
12172,13432,same-sheet,9.4,9.4,same-wrap,,,,
12172,14931,same-sheet,14.7,28.3,same-wrap,,,,
12251,15809,same-sheet,9.7,13.9,same-wrap,,,,
12251,16383,same-sheet,8.5,10.6,same-wrap,,,,
12251,16450,same-sheet,8.9,12.8,same-wrap,,,,
12251,12255,same-sheet,10.8,22.9,same-wrap,,,,
12270,38829,same-sheet,8.9,11.0,same-wrap,,,,
12300,14098,same-sheet,11.3,29.7,same-wrap,,,,
12307,12315,same-sheet,8.2,8.2,same-wrap,,,,
12307,12324,same-sheet,10.0,14.8,same-wrap,,,,
12307,12363,same-sheet,11.3,28.3,same-wrap,,,,
12307,12490,same-sheet,8.5,9.7,same-wrap,,,,
12307,13058,same-sheet,11.5,22.7,same-wrap,,,,
12307,14246,same-sheet,10.7,20.5,same-wrap,,,,
12307,16072,ambiguous,145.5,519.3,adjacent,,,,
12307,10695,ambiguous,104.8,605.7,adjacent,,,,
12307,11330,ambiguous,128.5,590.0,adjacent,,,,
12307,12829,same-sheet,9.5,19.2,same-wrap,,,,
12307,12872,same-sheet,11.2,48.3,same-wrap,,,,
12307,13350,same-sheet,10.7,24.2,same-wrap,,,,
12315,13058,same-sheet,10.6,17.8,same-wrap,,,,
12315,12829,untestable,8.7,11.9,same-wrap,,,,
12315,13350,untestable,10.0,15.6,same-wrap,,,,
12322,13288,ambiguous,181.7,949.0,adjacent,,,,
12322,14612,same-sheet,9.4,13.3,same-wrap,,,,
12322,15115,untestable,9.8,14.6,same-wrap,,,,
12322,11373,ambiguous,64.2,120.7,adjacent,,,,
12322,11616,same-sheet,20.5,81.8,same-wrap,28.7,10.3,40.73,
12322,12265,ambiguous,91.0,622.9,adjacent,,,,
12322,13062,same-sheet,8.6,11.8,same-wrap,,,,
12324,12333,same-sheet,8.4,10.6,same-wrap,,,,
12324,13058,same-sheet,9.2,14.7,same-wrap,,,,
12324,13350,same-sheet,8.2,9.7,same-wrap,,,,
12332,12800,same-sheet,10.9,28.7,same-wrap,,,,
12332,4776,switch,106.0,156.9,adjacent,,,,
12332,10695,same-sheet,9.9,23.4,same-wrap,,,,
12332,10879,same-sheet,11.6,18.3,same-wrap,,,,
12333,18405,same-sheet,11.3,20.4,same-wrap,,,,
12333,13350,same-sheet,9.3,17.7,same-wrap,,,,
12363,12490,same-sheet,9.8,14.7,same-wrap,,,,
12363,14246,same-sheet,9.9,19.9,same-wrap,,,,
12363,15202,same-sheet,8.9,14.2,same-wrap,,,,
12363,16072,ambiguous,149.0,526.1,adjacent,,,,
12365,13206,same-sheet,10.4,15.9,same-wrap,,,,
12365,13357,same-sheet,10.2,29.6,same-wrap,,,,
12365,12255,same-sheet,9.1,13.7,same-wrap,,,,
12365,12548,same-sheet,9.1,15.4,same-wrap,,,,
12368,12811,same-sheet,8.2,9.0,same-wrap,,,,
12368,13143,same-sheet,9.7,12.8,same-wrap,,,,
12368,12319,same-sheet,9.1,10.7,same-wrap,,,,
12368,13654,same-sheet,8.8,9.1,same-wrap,,,,
12390,12579,untestable,9.4,12.4,same-wrap,,,,
12390,12120,untestable,10.3,17.4,same-wrap,,,,
12439,14144,same-sheet,8.7,11.0,same-wrap,,,,
12439,9786,same-sheet,8.9,12.6,same-wrap,,,,
12450,8996,same-sheet,10.6,11.8,same-wrap,,,,
12450,11599,same-sheet,12.0,14.0,same-wrap,,,,
12456,12701,same-sheet,9.5,20.5,same-wrap,,,,
12456,13810,same-sheet,13.1,13.1,same-wrap,,,,
12456,10237,ambiguous,164.2,347.2,adjacent,,,,
12456,13496,same-sheet,10.8,30.6,same-wrap,,,,
12485,12811,same-sheet,8.4,10.2,same-wrap,,,,
12485,13037,same-sheet,10.3,30.8,same-wrap,,,,
12485,12319,same-sheet,9.3,14.8,same-wrap,,,,
12485,13085,same-sheet,8.0,8.1,same-wrap,,,,
12485,13654,same-sheet,9.5,12.9,same-wrap,,,,
12490,14246,same-sheet,9.2,17.0,same-wrap,,,,
12490,18494,same-sheet,10.8,10.8,same-wrap,,,,
12579,12738,same-sheet,10.1,48.6,same-wrap,,,,
12579,12120,untestable,8.1,8.2,same-wrap,,,,
12610,5329,same-sheet,10.8,17.4,same-wrap,,,,
12615,12773,same-sheet,10.9,22.8,same-wrap,,,,
12615,12915,same-sheet,9.2,14.3,same-wrap,,,,
12615,11402,untestable,12.3,23.2,same-wrap,,,,
12615,12370,same-sheet,14.0,27.6,same-wrap,,,,
12615,12843,ambiguous,9.9,49.7,same-wrap,,,,
12626,12727,untestable,14.6,29.9,unresolved,,,,
12626,12751,untestable,12.5,48.5,same-wrap,,,,
12626,12883,untestable,13.5,30.4,adjacent,,,,
12626,21703,same-sheet,9.4,15.7,same-wrap,,,,
12626,11402,untestable,92.3,397.9,adjacent,,,,
12626,12370,switch,151.1,544.8,adjacent,,,,
12645,12758,same-sheet,11.7,40.6,same-wrap,,,,
12645,13478,same-sheet,9.7,15.1,same-wrap,,,,
12645,17826,switch,101.6,202.1,adjacent,,,,
12673,18448,switch,69.4,90.8,unresolved,,,,
12673,19682,same-sheet,12.8,95.1,same-wrap,58.6,39.0,39.62,
12673,23264,switch,81.4,362.6,adjacent,,,,
12673,8772,same-sheet,18.9,20.8,same-wrap,,,,
12673,13446,same-sheet,10.9,28.0,same-wrap,,,,
12690,13116,same-sheet,9.0,18.9,same-wrap,,,,
12690,12265,same-sheet,8.2,10.5,same-wrap,,,,
12690,12995,untestable,10.9,20.8,same-wrap,,,,
12701,13810,same-sheet,8.4,9.3,same-wrap,,,,
12701,15930,untestable,8.4,8.5,same-wrap,,,,
12701,18689,same-sheet,9.0,12.7,same-wrap,,,,
12701,19249,same-sheet,11.1,18.4,same-wrap,,,,
12727,12751,untestable,16.6,49.6,same-wrap,,,,
12727,12883,untestable,11.4,31.4,same-wrap,,,,
12727,12905,untestable,9.4,33.4,same-wrap,,,,
12727,11402,untestable,86.8,295.8,adjacent,,,,
12727,12370,switch,76.9,112.9,adjacent,,,,
12738,13953,same-sheet,8.6,9.7,same-wrap,,,,
12738,14663,same-sheet,9.7,11.4,same-wrap,,,,
12738,12739,same-sheet,10.7,19.6,same-wrap,,,,
12738,13377,untestable,9.0,11.8,same-wrap,,,,
12742,22376,same-sheet,10.2,34.0,same-wrap,,,,
12742,22733,same-sheet,12.7,51.3,same-wrap,,,,
12751,12883,same-sheet,13.4,47.1,same-wrap,,,,
12751,21703,same-sheet,8.5,10.1,same-wrap,,,,
12751,11402,untestable,90.3,360.1,adjacent,,,,
12751,12370,switch,181.4,546.1,adjacent,,,,
12751,12941,same-sheet,8.0,8.0,same-wrap,,,,
12758,12944,untestable,9.9,19.1,same-wrap,,,,
12758,13478,same-sheet,9.9,17.9,same-wrap,,,,
12758,14088,same-sheet,9.0,13.2,same-wrap,,,,
12758,19065,switch,130.2,405.2,adjacent,,,,
12758,29364,same-sheet,9.4,19.4,same-wrap,,,,
12765,14134,same-sheet,10.5,21.7,same-wrap,,,,
12765,14663,same-sheet,8.7,15.0,same-wrap,,,,
12765,10307,same-sheet,10.3,23.9,same-wrap,,,,
12765,12475,same-sheet,9.0,12.8,same-wrap,,,,
12765,17361,ambiguous,89.8,273.8,adjacent,,,,
12773,26395,untestable,166.9,539.8,adjacent,,,,
12773,11402,untestable,10.9,28.6,same-wrap,,,,
12773,12370,same-sheet,11.7,20.0,same-wrap,,,,
12800,13557,same-sheet,12.0,17.5,same-wrap,,,,
12800,10695,same-sheet,8.8,12.3,same-wrap,,,,
12800,10879,same-sheet,9.4,10.8,same-wrap,,,,
12800,11499,ambiguous,11.9,51.6,same-wrap,,,,
12811,12896,same-sheet,10.6,17.9,same-wrap,,,,
12811,13143,same-sheet,9.3,23.8,same-wrap,,,,
12811,14929,same-sheet,8.2,8.5,same-wrap,,,,
12811,12319,same-sheet,9.3,14.7,same-wrap,,,,
12828,13088,same-sheet,9.2,15.1,same-wrap,,,,
12828,14012,same-sheet,8.9,13.5,same-wrap,,,,
12828,19273,switch,84.4,127.4,adjacent,,,,
12828,12100,same-sheet,10.9,23.0,same-wrap,,,,
12828,12435,same-sheet,8.8,11.2,same-wrap,,,,
12828,13300,same-sheet,8.9,11.4,same-wrap,,,,
12828,14259,same-sheet,12.2,39.8,same-wrap,,,,
12828,16634,same-sheet,9.2,9.8,same-wrap,,,,
12869,13432,same-sheet,10.8,22.0,same-wrap,,,,
12869,17104,untestable,9.7,20.6,same-wrap,,,,
12869,18145,untestable,8.9,8.9,same-wrap,,,,
12869,12170,same-sheet,13.5,53.0,same-wrap,,,,
12873,13331,untestable,8.5,10.5,same-wrap,,,,
12873,13348,untestable,9.0,13.0,same-wrap,,,,
12873,14137,same-sheet,10.0,14.0,same-wrap,,,,
12873,14860,untestable,12.1,12.1,same-wrap,,,,
12873,15393,untestable,11.5,20.2,same-wrap,,,,
12873,12829,same-sheet,11.9,36.1,same-wrap,,,,
12883,12905,untestable,9.5,12.1,same-wrap,,,,
12883,12993,untestable,8.3,8.3,same-wrap,,,,
12883,13450,untestable,9.2,9.4,same-wrap,,,,
12883,16392,same-sheet,8.8,11.5,same-wrap,,,,
12883,11402,untestable,86.7,308.9,adjacent,,,,
12883,12370,switch,166.8,382.4,adjacent,,,,
12883,12941,same-sheet,8.2,11.2,same-wrap,,,,
12896,12963,same-sheet,8.2,9.8,same-wrap,,,,
12896,13143,same-sheet,9.6,25.7,same-wrap,,,,
12896,13918,same-sheet,10.6,23.6,same-wrap,,,,
12896,13987,same-sheet,10.7,21.1,same-wrap,,,,
12896,14052,same-sheet,8.2,8.3,same-wrap,,,,
12896,14819,same-sheet,12.1,26.8,same-wrap,,,,
12898,13557,same-sheet,10.7,21.6,same-wrap,,,,
12898,13941,same-sheet,8.2,9.6,same-wrap,,,,
12898,13997,same-sheet,8.4,13.3,same-wrap,,,,
12898,14094,untestable,8.3,9.1,same-wrap,,,,
12898,15147,same-sheet,8.0,8.7,same-wrap,,,,
12898,13195,same-sheet,10.0,24.9,same-wrap,,,,
12898,14288,same-sheet,10.0,20.4,same-wrap,,,,
12905,12993,same-sheet,12.3,24.7,same-wrap,,,,
12905,13619,same-sheet,9.7,10.5,same-wrap,,,,
12905,26363,switch,80.8,143.5,adjacent,,,,
12905,12941,untestable,10.9,12.6,same-wrap,,,,
12915,16312,switch,142.5,325.3,adjacent,,,,
12915,17281,same-sheet,11.1,58.7,same-wrap,,,,
12933,13121,same-sheet,8.9,10.4,same-wrap,,,,
12933,10156,same-sheet,8.5,9.5,same-wrap,,,,
12933,11557,same-sheet,8.5,11.8,same-wrap,,,,
12944,14088,untestable,8.5,10.2,same-wrap,,,,
12963,13143,same-sheet,12.0,18.6,same-wrap,,,,
12963,14819,same-sheet,9.0,11.6,same-wrap,,,,
12963,13654,same-sheet,9.4,9.4,same-wrap,,,,
12993,13619,same-sheet,8.7,8.9,same-wrap,,,,
12993,13699,same-sheet,10.1,11.4,same-wrap,,,,
12993,14570,same-sheet,8.1,8.1,same-wrap,,,,
12993,16272,same-sheet,9.5,19.3,same-wrap,,,,
12993,16392,untestable,9.0,9.0,same-wrap,,,,
12993,26363,switch,79.6,190.5,adjacent,,,,
12993,12941,same-sheet,9.9,24.0,same-wrap,,,,
12993,25843,switch,97.5,226.2,adjacent,,,,
13037,16729,switch,179.8,561.2,adjacent,,,,
13037,12319,ambiguous,10.1,29.4,same-wrap,,,,
13037,13085,same-sheet,10.6,26.9,same-wrap,,,,
13037,13654,same-sheet,11.2,53.6,same-wrap,,,,
13037,14464,same-sheet,19.8,54.2,same-wrap,,,,
13058,12829,same-sheet,10.8,17.0,same-wrap,,,,
13058,13350,same-sheet,9.1,16.9,same-wrap,,,,
13088,15757,untestable,8.3,10.1,same-wrap,,,,
13088,10989,untestable,9.5,16.8,same-wrap,,,,
13088,12100,same-sheet,10.0,23.0,same-wrap,,,,
13088,12435,same-sheet,8.9,9.4,same-wrap,,,,
13088,13300,same-sheet,10.5,38.6,same-wrap,,,,
13088,13340,same-sheet,9.1,10.1,same-wrap,,,,
13097,16572,ambiguous,21.4,53.8,adjacent,,,,
13097,16662,same-sheet,10.0,18.6,same-wrap,,,,
13116,13301,same-sheet,8.6,11.6,same-wrap,,,,
13116,13433,same-sheet,11.5,33.3,same-wrap,,,,
13116,13706,same-sheet,10.5,26.3,same-wrap,,,,
13116,13795,same-sheet,9.0,10.3,same-wrap,,,,
13116,12265,same-sheet,8.8,11.4,same-wrap,,,,
13116,12995,same-sheet,11.3,45.3,same-wrap,,,,
13121,13301,same-sheet,8.4,15.2,same-wrap,,,,
13121,13433,same-sheet,10.3,18.9,same-wrap,,,,
13121,13706,same-sheet,9.8,23.5,same-wrap,,,,
13121,13999,untestable,10.6,19.7,same-wrap,,,,
13121,10156,same-sheet,10.7,12.0,same-wrap,,,,
13143,13918,same-sheet,9.4,12.0,same-wrap,,,,
13143,13987,same-sheet,9.3,12.5,same-wrap,,,,
13143,14052,same-sheet,9.9,17.1,same-wrap,,,,
13143,14204,same-sheet,9.5,11.5,same-wrap,,,,
13143,14929,same-sheet,8.7,14.1,same-wrap,,,,
13143,14117,untestable,8.8,8.9,same-wrap,,,,
13156,14071,same-sheet,8.9,15.8,same-wrap,,,,
13156,18175,same-sheet,8.9,13.3,same-wrap,,,,
13156,10307,same-sheet,10.8,13.2,same-wrap,,,,
13206,13237,same-sheet,8.5,9.2,same-wrap,,,,
13206,14509,untestable,9.5,13.2,same-wrap,,,,
13206,11499,ambiguous,74.9,162.5,adjacent,,,,
13206,12255,same-sheet,8.4,8.9,same-wrap,,,,
13206,12548,same-sheet,10.0,16.7,same-wrap,,,,
13237,14509,same-sheet,9.9,14.7,same-wrap,,,,
13237,15787,same-sheet,12.4,26.1,same-wrap,,,,
13237,12548,same-sheet,9.0,16.8,same-wrap,,,,
13288,14612,ambiguous,128.3,871.4,adjacent,,,,
13288,11373,same-sheet,14.1,24.2,same-wrap,,,,
13288,11616,ambiguous,68.3,252.8,adjacent,,,,
13288,12265,same-sheet,9.4,17.4,same-wrap,,,,
13301,13706,same-sheet,9.3,39.6,same-wrap,,,,
13301,13795,same-sheet,10.4,21.2,same-wrap,,,,
13301,13999,same-sheet,11.8,28.1,same-wrap,,,,
13301,12265,same-sheet,10.5,13.6,same-wrap,,,,
13304,13433,same-sheet,15.3,45.3,same-wrap,,,,
13304,13706,same-sheet,10.0,31.2,same-wrap,,,,
13304,10156,same-sheet,13.0,61.1,same-wrap,,,,
13331,13348,untestable,8.9,13.9,same-wrap,,,,
13331,14137,same-sheet,9.5,26.0,same-wrap,,,,
13331,14860,same-sheet,9.8,16.8,same-wrap,,,,
13331,15393,untestable,12.8,29.3,same-wrap,,,,
13348,14137,untestable,9.6,39.1,same-wrap,,,,
13348,14860,same-sheet,9.8,16.1,same-wrap,,,,
13348,15153,untestable,10.4,14.4,same-wrap,,,,
13348,15393,same-sheet,9.7,26.0,same-wrap,,,,
13348,12829,untestable,8.3,8.3,same-wrap,,,,
13357,14593,same-sheet,12.3,22.5,same-wrap,,,,
13357,11203,same-sheet,11.5,39.7,same-wrap,,,,
13357,12255,same-sheet,15.0,63.1,adjacent,,,,
13357,12548,untestable,10.7,24.4,same-wrap,,,,
13372,11327,same-sheet,8.0,9.4,same-wrap,,,,
13372,12475,ambiguous,84.9,323.5,adjacent,,,,
13402,7575,same-sheet,8.5,11.1,same-wrap,,,,
13432,14931,same-sheet,10.1,18.1,same-wrap,,,,
13432,17104,same-sheet,9.5,19.5,same-wrap,,,,
13432,17516,same-sheet,9.9,22.1,same-wrap,,,,
13432,18145,same-sheet,11.6,21.8,same-wrap,,,,
13432,12170,ambiguous,11.6,20.7,same-wrap,,,,
13433,13706,same-sheet,10.6,22.1,same-wrap,,,,
13433,10156,same-sheet,22.0,55.7,same-wrap,,,,
13433,12843,switch,51.8,68.4,same-wrap,,,,
13433,12995,same-sheet,12.8,29.8,same-wrap,,,,
13450,13490,same-sheet,17.9,25.7,same-wrap,,,,
13450,16454,ambiguous,13.9,42.7,same-wrap,,,,
13450,16641,same-sheet,12.8,19.1,same-wrap,,,,
13450,21703,same-sheet,8.7,14.8,same-wrap,,,,
13478,15316,same-sheet,10.3,32.8,same-wrap,,,,
13478,17045,untestable,9.2,9.8,same-wrap,,,,
13478,29364,same-sheet,12.0,22.6,same-wrap,,,,
13478,33634,same-sheet,8.0,9.4,adjacent,,,,
13490,16365,untestable,10.6,11.1,same-wrap,,,,
13490,16392,untestable,8.9,9.9,same-wrap,,,,
13490,16641,untestable,9.4,14.2,same-wrap,,,,
13544,16312,same-sheet,17.5,375.3,same-wrap,25.9,44.6,1.02,130.0
13544,20159,same-sheet,11.2,13.9,same-wrap,,,,
13544,12475,same-sheet,13.3,301.6,same-wrap,6.5,61.4,0.64,100.0
13557,10695,same-sheet,21.2,43.9,adjacent,,,,
13557,11330,ambiguous,22.0,67.7,adjacent,,,,
13557,11432,same-sheet,14.9,14.9,unresolved,,,,
13557,12872,ambiguous,100.0,460.1,adjacent,,,,
13557,14288,ambiguous,12.6,52.4,same-wrap,,,,
13607,13782,same-sheet,10.9,17.3,same-wrap,,,,
13607,13803,same-sheet,9.5,9.9,same-wrap,,,,
13607,14249,same-sheet,8.5,10.8,same-wrap,,,,
13607,17503,same-sheet,10.0,21.5,same-wrap,,,,
13607,13147,same-sheet,11.5,18.0,same-wrap,,,,
13619,13699,same-sheet,9.2,13.7,same-wrap,,,,
13619,14570,same-sheet,8.7,10.3,same-wrap,,,,
13619,15057,same-sheet,9.8,26.6,same-wrap,,,,
13619,15251,same-sheet,9.1,9.8,same-wrap,,,,
13619,16272,same-sheet,9.4,19.5,same-wrap,,,,
13619,16413,untestable,14.4,28.5,same-wrap,,,,
13619,26363,switch,74.8,175.2,adjacent,,,,
13619,25843,ambiguous,84.2,204.5,adjacent,,,,
13656,13771,same-sheet,8.6,9.2,same-wrap,,,,
13656,14503,same-sheet,12.5,26.7,same-wrap,,,,
13656,16044,same-sheet,9.1,16.8,same-wrap,,,,
13656,13496,same-sheet,10.9,27.5,same-wrap,,,,
13656,14395,same-sheet,9.9,23.0,same-wrap,,,,
13688,13997,same-sheet,8.9,13.9,same-wrap,,,,
13688,15047,same-sheet,9.2,12.3,same-wrap,,,,
13688,18540,same-sheet,9.4,27.9,same-wrap,,,,
13688,13195,untestable,9.5,29.6,same-wrap,,,,
13699,13909,same-sheet,10.4,32.3,same-wrap,,,,
13699,14342,same-sheet,8.6,16.2,same-wrap,,,,
13699,14570,same-sheet,8.8,13.4,same-wrap,,,,
13699,15251,same-sheet,11.1,17.7,same-wrap,,,,
13699,16272,same-sheet,10.3,10.9,same-wrap,,,,
13699,16392,same-sheet,11.4,29.6,adjacent,,,,
13699,12941,same-sheet,11.2,14.7,unresolved,,,,
13699,25729,ambiguous,84.3,190.3,adjacent,,,,
13706,10156,same-sheet,24.8,62.8,same-wrap,,,,
13706,12995,same-sheet,10.5,11.6,same-wrap,,,,
13771,14711,same-sheet,9.0,10.7,same-wrap,,,,
13771,16044,same-sheet,9.7,13.1,same-wrap,,,,
13771,13496,same-sheet,30.6,76.2,same-wrap,,,,
13782,13803,same-sheet,8.1,9.7,same-wrap,,,,
13782,14249,same-sheet,9.3,11.9,same-wrap,,,,
13782,17503,same-sheet,10.3,16.0,same-wrap,,,,
13782,13147,same-sheet,10.7,12.2,same-wrap,,,,
13795,13999,same-sheet,9.0,15.7,same-wrap,,,,
13803,14249,same-sheet,8.6,10.3,same-wrap,,,,
13803,14550,same-sheet,8.4,8.7,same-wrap,,,,
13803,15007,same-sheet,9.3,11.5,same-wrap,,,,
13803,17503,same-sheet,9.4,9.4,same-wrap,,,,
13803,17712,same-sheet,8.9,8.9,same-wrap,,,,
13810,13883,same-sheet,12.9,24.8,same-wrap,,,,
13883,14711,same-sheet,16.8,30.3,unresolved,,,,
13883,16044,same-sheet,10.5,15.9,same-wrap,,,,
13883,16046,same-sheet,9.9,10.7,same-wrap,,,,
13909,14342,same-sheet,10.7,11.9,same-wrap,,,,
13909,14570,same-sheet,9.4,17.8,same-wrap,,,,
13909,15251,same-sheet,10.3,13.7,same-wrap,,,,
13909,16392,same-sheet,8.7,8.8,unresolved,,,,
13909,25729,same-sheet,18.5,39.5,unresolved,,,,
13918,13987,same-sheet,17.4,49.1,same-wrap,,,,
13918,14819,untestable,9.7,16.2,same-wrap,,,,
13918,6677,ambiguous,81.4,278.7,adjacent,,,,
13918,7472,ambiguous,72.2,151.9,adjacent,,,,
13941,14094,same-sheet,8.2,8.9,same-wrap,,,,
13941,14190,same-sheet,10.0,17.4,same-wrap,,,,
13941,15147,same-sheet,11.0,20.2,same-wrap,,,,
13953,14663,untestable,8.5,9.4,same-wrap,,,,
13953,12739,same-sheet,10.0,26.8,same-wrap,,,,
13977,15757,same-sheet,9.6,21.6,same-wrap,,,,
13977,16342,same-sheet,10.3,25.1,same-wrap,,,,
13987,14052,same-sheet,8.4,10.0,same-wrap,,,,
13987,14313,same-sheet,9.3,16.3,same-wrap,,,,
13987,14819,same-sheet,11.7,32.1,same-wrap,,,,
13987,14986,same-sheet,12.2,14.3,same-wrap,,,,
13987,6677,ambiguous,60.1,245.3,adjacent,,,,
13987,7472,switch,88.3,192.0,adjacent,,,,
13997,15047,same-sheet,9.9,23.1,same-wrap,,,,
13997,15889,same-sheet,8.7,14.2,same-wrap,,,,
13997,16072,ambiguous,20.4,48.3,same-wrap,,,,
13997,18540,same-sheet,8.5,9.9,same-wrap,,,,
13997,11330,untestable,14.6,21.2,same-wrap,,,,
13997,11432,same-sheet,9.3,26.0,same-wrap,,,,
13997,13195,same-sheet,8.9,15.5,same-wrap,,,,
13999,20794,untestable,120.5,258.4,adjacent,,,,
14012,17859,ambiguous,41.0,51.9,unresolved,,,,
14012,18752,ambiguous,10.0,58.5,same-wrap,,,,
14012,13300,same-sheet,9.5,14.7,same-wrap,,,,
14012,14259,same-sheet,9.5,18.0,same-wrap,,,,
14012,16634,same-sheet,9.1,14.5,same-wrap,,,,
14052,14204,same-sheet,8.0,8.0,same-wrap,,,,
14052,14313,same-sheet,11.2,23.7,same-wrap,,,,
14052,14422,same-sheet,9.3,14.4,same-wrap,,,,
14052,14986,same-sheet,8.6,9.2,same-wrap,,,,
14052,15627,same-sheet,8.4,13.0,same-wrap,,,,
14052,15784,same-sheet,10.8,11.0,same-wrap,,,,
14052,16297,same-sheet,10.2,12.5,same-wrap,,,,
14052,14117,same-sheet,9.1,10.8,same-wrap,,,,
14071,16560,same-sheet,9.3,9.3,same-wrap,,,,
14071,18175,same-sheet,10.5,16.6,same-wrap,,,,
14071,18923,same-sheet,8.1,8.1,same-wrap,,,,
14071,8298,untestable,9.9,9.9,same-wrap,,,,
14071,9063,same-sheet,9.3,14.3,same-wrap,,,,
14071,10307,same-sheet,9.0,10.8,same-wrap,,,,
14071,14451,same-sheet,9.1,11.9,same-wrap,,,,
14085,14927,same-sheet,8.0,8.0,same-wrap,,,,
14085,15074,same-sheet,10.0,18.9,same-wrap,,,,
14085,15640,same-sheet,10.5,22.3,same-wrap,,,,
14085,16322,same-sheet,10.6,15.1,same-wrap,,,,
14085,10538,untestable,10.2,11.6,same-wrap,,,,
14088,14091,same-sheet,10.6,19.7,same-wrap,,,,
14088,14574,untestable,11.0,19.6,same-wrap,,,,
14088,22909,same-sheet,9.2,16.5,same-wrap,,,,
14091,14122,same-sheet,10.0,16.6,same-wrap,,,,
14091,14272,same-sheet,8.4,12.0,same-wrap,,,,
14091,14460,same-sheet,9.7,17.6,same-wrap,,,,
14091,14574,same-sheet,10.7,22.7,same-wrap,,,,
14091,22909,same-sheet,9.2,22.7,same-wrap,,,,
14094,14190,same-sheet,9.1,16.7,same-wrap,,,,
14094,14824,same-sheet,11.7,25.4,same-wrap,,,,
14094,15147,same-sheet,11.2,27.8,same-wrap,,,,
14094,16551,same-sheet,15.2,24.8,same-wrap,,,,
14094,17045,same-sheet,23.9,47.9,same-wrap,,,,
14122,14272,same-sheet,9.5,12.3,same-wrap,,,,
14122,14460,same-sheet,9.4,18.7,same-wrap,,,,
14122,14574,same-sheet,9.0,11.8,same-wrap,,,,
14122,16272,same-sheet,8.3,8.3,same-wrap,,,,
14122,18091,same-sheet,8.9,9.5,same-wrap,,,,
14122,22909,same-sheet,9.0,17.0,same-wrap,,,,
14134,14663,ambiguous,11.4,46.4,same-wrap,,,,
14134,17376,ambiguous,66.7,174.0,adjacent,,,,
14134,19546,ambiguous,50.7,95.7,adjacent,,,,
14134,12739,untestable,7.9,7.9,same-wrap,,,,
14134,17361,ambiguous,67.7,138.1,adjacent,,,,
14137,14860,untestable,9.2,11.8,same-wrap,,,,
14137,15393,same-sheet,9.7,16.8,same-wrap,,,,
14137,12829,untestable,8.3,8.3,same-wrap,,,,
14137,12872,same-sheet,9.9,17.0,same-wrap,,,,
14158,16615,untestable,10.3,22.4,same-wrap,,,,
14158,17322,same-sheet,9.1,11.1,same-wrap,,,,
14158,17517,same-sheet,8.5,9.1,same-wrap,,,,
14158,17775,same-sheet,8.7,12.1,same-wrap,,,,
14158,15188,untestable,8.9,11.6,same-wrap,,,,
14190,14497,same-sheet,12.2,24.8,same-wrap,,,,
14190,14824,same-sheet,10.2,27.2,same-wrap,,,,
14190,15147,same-sheet,13.5,34.3,same-wrap,,,,
14190,17045,same-sheet,10.0,11.0,same-wrap,,,,
14190,14288,same-sheet,11.6,36.7,same-wrap,,,,
14204,14929,same-sheet,11.9,83.2,same-wrap,28.6,19.7,0.08,
14204,16297,same-sheet,9.8,20.1,same-wrap,,,,
14204,17167,untestable,10.9,27.3,same-wrap,,,,
14204,14117,same-sheet,10.0,31.9,same-wrap,,,,
14210,5835,untestable,10.4,12.6,same-wrap,,,,
14246,15202,same-sheet,9.0,15.1,same-wrap,,,,
14246,15536,untestable,8.8,9.3,same-wrap,,,,
14246,15599,same-sheet,8.4,8.4,same-wrap,,,,
14246,16228,same-sheet,8.1,8.1,same-wrap,,,,
14246,16383,same-sheet,11.4,14.7,same-wrap,,,,
14246,18494,same-sheet,9.5,18.3,same-wrap,,,,
14246,9315,switch,137.2,291.2,adjacent,,,,
14246,15425,same-sheet,9.7,20.7,same-wrap,,,,
14246,15504,same-sheet,9.9,18.6,same-wrap,,,,
14249,14550,same-sheet,8.3,8.3,same-wrap,,,,
14249,14716,same-sheet,10.2,21.7,same-wrap,,,,
14249,17712,same-sheet,10.0,12.3,same-wrap,,,,
14249,18000,same-sheet,11.1,20.1,same-wrap,,,,
14249,13147,same-sheet,10.2,26.7,same-wrap,,,,
14249,13527,same-sheet,9.1,12.0,same-wrap,,,,
14272,16637,same-sheet,10.1,22.3,same-wrap,,,,
14272,16638,same-sheet,11.3,24.5,same-wrap,,,,
14272,20047,same-sheet,12.4,53.8,same-wrap,,,,
14272,20758,same-sheet,14.1,51.5,same-wrap,,,,
14272,22909,same-sheet,9.5,15.9,same-wrap,,,,
14272,23544,ambiguous,171.8,457.3,adjacent,,,,
14272,17588,switch,84.9,219.2,adjacent,,,,
14313,14422,same-sheet,9.7,19.9,same-wrap,,,,
14313,14819,same-sheet,9.8,16.4,same-wrap,,,,
14313,14986,same-sheet,9.9,16.4,same-wrap,,,,
14313,15755,same-sheet,8.0,8.0,same-wrap,,,,
14313,15784,same-sheet,9.4,22.6,same-wrap,,,,
14313,15878,same-sheet,10.6,31.8,same-wrap,,,,
14313,16127,same-sheet,9.6,19.4,same-wrap,,,,
14342,14570,same-sheet,9.8,18.3,same-wrap,,,,
14342,14731,same-sheet,10.1,15.8,same-wrap,,,,
14342,15251,same-sheet,10.4,19.7,same-wrap,,,,
14342,15468,same-sheet,9.8,11.3,same-wrap,,,,
14342,16082,same-sheet,10.1,22.7,same-wrap,,,,
14342,18633,same-sheet,11.4,27.0,same-wrap,,,,
14422,15627,same-sheet,9.3,12.1,same-wrap,,,,
14422,15784,same-sheet,8.2,8.2,same-wrap,,,,
14422,16016,untestable,8.6,8.6,same-wrap,,,,
14422,16297,same-sheet,9.6,13.1,same-wrap,,,,
14422,18101,same-sheet,8.8,15.5,same-wrap,,,,
14422,19617,same-sheet,9.2,12.5,same-wrap,,,,
14422,14117,same-sheet,8.9,8.9,same-wrap,,,,
14460,14574,same-sheet,12.1,32.8,same-wrap,,,,
14460,15542,same-sheet,11.1,24.3,same-wrap,,,,
14460,16272,ambiguous,19.3,64.7,same-wrap,,,,
14460,19262,same-sheet,13.7,51.5,same-wrap,,,,
14482,15930,same-sheet,9.7,13.2,same-wrap,,,,
14482,19249,switch,10.6,22.9,same-wrap,,,,
14482,14464,same-sheet,9.1,24.9,same-wrap,,,,
14482,19010,untestable,101.5,539.4,adjacent,,,,
14497,14288,same-sheet,11.7,75.7,same-wrap,,,,
14503,16044,same-sheet,8.5,8.5,same-wrap,,,,
14503,14395,same-sheet,9.7,25.9,same-wrap,,,,
14509,14688,same-sheet,9.1,11.1,same-wrap,,,,
14509,15470,same-sheet,8.6,10.3,same-wrap,,,,
14509,15787,same-sheet,8.2,8.6,same-wrap,,,,
14550,14641,same-sheet,9.1,11.6,same-wrap,,,,
14550,15007,same-sheet,9.9,14.0,same-wrap,,,,
14550,15134,same-sheet,9.4,19.3,same-wrap,,,,
14550,16100,same-sheet,11.7,60.0,same-wrap,,,,
14550,17712,same-sheet,8.5,10.2,same-wrap,,,,
14550,15386,same-sheet,8.4,8.7,same-wrap,,,,
14570,15251,same-sheet,8.7,10.4,same-wrap,,,,
14570,16272,same-sheet,8.6,9.8,same-wrap,,,,
14574,15542,untestable,10.3,19.4,same-wrap,,,,
14575,15772,same-sheet,8.9,14.1,same-wrap,,,,
14575,15829,same-sheet,8.8,16.7,same-wrap,,,,
14575,16044,same-sheet,9.1,10.0,same-wrap,,,,
14575,16169,same-sheet,11.5,22.8,same-wrap,,,,
14593,15699,same-sheet,9.5,17.5,same-wrap,,,,
14593,16450,same-sheet,16.4,16.4,same-wrap,,,,
14593,11203,ambiguous,71.1,111.4,adjacent,,,,
14593,15315,untestable,8.5,9.2,same-wrap,,,,
14593,16091,untestable,8.2,9.9,same-wrap,,,,
14612,14816,same-sheet,9.5,26.7,same-wrap,,,,
14612,15115,same-sheet,9.8,16.7,same-wrap,,,,
14612,20794,same-sheet,12.8,17.7,same-wrap,,,,
14612,10511,same-sheet,61.5,79.1,adjacent,,,,
14612,11373,ambiguous,88.0,154.3,adjacent,,,,
14612,11616,same-sheet,13.9,48.2,same-wrap,,,,
14612,12265,switch,115.1,612.1,adjacent,,,,
14612,13062,same-sheet,11.3,15.7,same-wrap,,,,
14612,16068,same-sheet,10.4,21.9,same-wrap,,,,
14612,16442,same-sheet,10.1,16.6,same-wrap,,,,
14641,15663,same-sheet,9.6,38.0,same-wrap,,,,
14641,16100,same-sheet,8.6,9.6,same-wrap,,,,
14641,23544,same-sheet,34.0,52.2,same-wrap,,,,
14641,17588,same-sheet,33.6,64.9,same-wrap,,,,
14652,16218,same-sheet,13.1,44.2,same-wrap,,,,
14652,17334,same-sheet,12.1,32.8,same-wrap,,,,
14652,19682,same-sheet,10.0,10.3,unresolved,,,,
14652,23138,switch,20.0,44.8,same-wrap,,,,
14652,8266,ambiguous,92.9,374.6,same-wrap,47.0,262.6,39.16,
14652,13446,same-sheet,16.6,76.0,same-wrap,,,,
14663,12739,same-sheet,11.1,45.4,same-wrap,,,,
14663,17361,ambiguous,77.1,146.4,adjacent,,,,
14688,15470,same-sheet,9.0,9.6,same-wrap,,,,
14688,12932,same-sheet,8.9,8.9,same-wrap,,,,
14711,16044,same-sheet,10.3,23.9,same-wrap,,,,
14716,17345,same-sheet,9.7,18.8,same-wrap,,,,
14716,17936,untestable,9.4,11.0,same-wrap,,,,
14716,18000,same-sheet,10.1,15.5,same-wrap,,,,
14716,13527,same-sheet,9.0,9.3,same-wrap,,,,
14731,15810,same-sheet,9.2,10.2,same-wrap,,,,
14731,16251,same-sheet,9.2,13.3,same-wrap,,,,
14731,16392,same-sheet,10.1,11.1,same-wrap,,,,
14731,18633,same-sheet,9.2,14.1,same-wrap,,,,
14731,21264,same-sheet,21.1,45.6,same-wrap,,,,
14731,17424,same-sheet,20.6,56.8,same-wrap,,,,
14805,15589,same-sheet,12.3,16.0,same-wrap,,,,
14805,6545,same-sheet,8.5,9.9,same-wrap,,,,
14805,14520,same-sheet,13.4,74.7,same-wrap,,,,
14805,17297,same-sheet,8.8,11.7,same-wrap,,,,
14816,15507,same-sheet,11.9,21.0,same-wrap,,,,
14816,16068,same-sheet,9.2,16.0,same-wrap,,,,
14816,16442,same-sheet,9.4,20.8,same-wrap,,,,
14819,14986,same-sheet,9.7,10.5,same-wrap,,,,
14819,15755,same-sheet,9.3,15.5,same-wrap,,,,
14819,16202,same-sheet,10.7,21.3,same-wrap,,,,
14819,16623,same-sheet,9.8,14.0,same-wrap,,,,
14819,19105,same-sheet,9.6,17.8,same-wrap,,,,
14822,15036,same-sheet,10.3,15.5,same-wrap,,,,
14822,27987,switch,95.6,440.8,adjacent,,,,
14824,15147,untestable,8.5,8.5,same-wrap,,,,
14824,15316,same-sheet,8.4,11.1,same-wrap,,,,
14824,17045,same-sheet,10.6,25.7,same-wrap,,,,
14824,32064,same-sheet,15.1,34.6,same-wrap,,,,
14860,15153,same-sheet,9.9,16.7,same-wrap,,,,
14860,15393,same-sheet,10.5,23.7,same-wrap,,,,
14860,12872,ambiguous,16.9,50.9,same-wrap,,,,
14860,13147,same-sheet,15.9,54.6,same-wrap,,,,
14927,15640,same-sheet,16.3,25.4,same-wrap,,,,
14927,17498,same-sheet,9.6,14.9,same-wrap,,,,
14927,18547,same-sheet,9.2,15.3,same-wrap,,,,
14927,10538,ambiguous,34.2,50.8,same-wrap,,,,
14929,14117,same-sheet,9.8,27.7,same-wrap,,,,
14931,17104,untestable,7.9,7.9,same-wrap,,,,
14931,12170,same-sheet,10.4,25.3,same-wrap,,,,
14931,17280,same-sheet,8.7,10.8,same-wrap,,,,
14986,15755,same-sheet,8.9,17.3,same-wrap,,,,
14986,16127,same-sheet,9.1,9.1,same-wrap,,,,
14986,16199,same-sheet,9.8,14.8,same-wrap,,,,
14986,16623,same-sheet,10.0,12.0,same-wrap,,,,
14986,19105,same-sheet,9.5,15.5,same-wrap,,,,
15007,16446,untestable,10.1,12.6,same-wrap,,,,
15007,17503,same-sheet,14.5,21.0,same-wrap,,,,
15007,17536,same-sheet,11.5,15.4,same-wrap,,,,
15018,15283,untestable,9.2,10.6,same-wrap,,,,
15018,22376,same-sheet,12.4,21.8,same-wrap,,,,
15036,18448,same-sheet,8.2,8.2,same-wrap,,,,
15042,15811,same-sheet,9.3,14.7,same-wrap,,,,
15042,15855,same-sheet,9.3,15.9,same-wrap,,,,
15042,15992,same-sheet,8.5,9.0,same-wrap,,,,
15042,17331,untestable,8.5,9.4,same-wrap,,,,
15042,17764,same-sheet,9.8,46.1,same-wrap,,,,
15042,10637,same-sheet,69.6,148.9,adjacent,,,,
15042,11088,ambiguous,147.4,318.8,adjacent,,,,
15047,15889,same-sheet,8.8,14.6,same-wrap,,,,
15047,16072,ambiguous,11.7,42.9,same-wrap,,,,
15047,18540,same-sheet,9.7,16.9,same-wrap,,,,
15057,16272,same-sheet,9.0,10.9,same-wrap,,,,
15057,16413,untestable,8.4,9.7,same-wrap,,,,
15057,19262,untestable,8.8,10.8,same-wrap,,,,
15074,15244,same-sheet,10.1,37.5,same-wrap,,,,
15074,15640,same-sheet,9.6,14.2,same-wrap,,,,
15074,16322,same-sheet,10.5,15.7,same-wrap,,,,
15074,16324,same-sheet,9.1,14.0,same-wrap,,,,
15074,16459,same-sheet,10.6,17.5,same-wrap,,,,
15074,10538,same-sheet,8.8,13.7,same-wrap,,,,
15095,15385,same-sheet,9.7,16.3,same-wrap,,,,
15095,15507,same-sheet,10.1,21.2,same-wrap,,,,
15095,16312,same-sheet,9.2,14.5,same-wrap,,,,
15095,16454,untestable,8.7,8.7,same-wrap,,,,
15095,21703,same-sheet,8.5,11.4,same-wrap,,,,
15115,20794,same-sheet,10.2,22.4,same-wrap,,,,
15115,13062,untestable,11.4,28.6,same-wrap,,,,
15134,17712,same-sheet,8.1,8.9,same-wrap,,,,
15134,18000,untestable,9.1,10.9,same-wrap,,,,
15134,15386,same-sheet,10.7,14.7,same-wrap,,,,
15134,18682,same-sheet,10.4,16.6,same-wrap,,,,
15147,16551,same-sheet,9.5,24.4,same-wrap,,,,
15147,16638,same-sheet,8.7,9.9,same-wrap,,,,
15147,17045,same-sheet,15.8,56.0,same-wrap,,,,
15147,32064,same-sheet,10.6,10.9,same-wrap,,,,
15153,15393,same-sheet,9.6,23.4,same-wrap,,,,
15153,17503,untestable,9.5,10.6,same-wrap,,,,
15153,13147,untestable,10.8,13.9,same-wrap,,,,
15202,16383,same-sheet,10.1,80.3,same-wrap,18.2,22.3,41.82,
15202,15504,same-sheet,9.8,12.6,same-wrap,,,,
15244,15283,same-sheet,9.1,12.2,same-wrap,,,,
15244,16324,same-sheet,12.5,13.2,same-wrap,,,,
15244,16793,same-sheet,10.4,18.1,same-wrap,,,,
15244,18303,same-sheet,14.1,24.9,same-wrap,,,,
15251,15468,same-sheet,9.9,14.4,same-wrap,,,,
15251,16082,same-sheet,10.1,13.7,same-wrap,,,,
15251,16272,same-sheet,9.9,37.5,same-wrap,,,,
15251,18091,same-sheet,9.1,11.0,same-wrap,,,,
15283,18303,same-sheet,11.7,17.3,same-wrap,,,,
15283,22376,same-sheet,11.9,45.1,same-wrap,,,,
15283,22733,same-sheet,10.0,38.1,same-wrap,,,,
15316,17045,same-sheet,9.4,13.9,same-wrap,,,,
15385,16312,same-sheet,10.7,10.7,unresolved,,,,
15393,15565,same-sheet,10.8,28.4,same-wrap,,,,
15393,17074,untestable,10.3,12.6,same-wrap,,,,
15468,16082,same-sheet,9.9,29.9,same-wrap,,,,
15468,18091,same-sheet,9.8,12.8,same-wrap,,,,
15468,18633,same-sheet,10.5,21.8,same-wrap,,,,
15470,15787,same-sheet,8.9,18.6,same-wrap,,,,
15470,17345,same-sheet,8.7,19.7,same-wrap,,,,
15470,17826,same-sheet,9.6,18.7,same-wrap,,,,
15470,17936,same-sheet,7.9,8.6,same-wrap,,,,
15470,12932,same-sheet,18.3,48.2,same-wrap,,,,
15470,13527,same-sheet,19.8,75.2,same-wrap,,,,
15495,15699,same-sheet,10.2,13.7,same-wrap,,,,
15495,16206,untestable,9.3,9.8,same-wrap,,,,
15495,15315,untestable,9.0,18.6,same-wrap,,,,
15495,16091,same-sheet,9.5,16.9,same-wrap,,,,
15507,16365,same-sheet,8.4,15.1,same-wrap,,,,
15507,16392,same-sheet,10.1,22.0,same-wrap,,,,
15507,16431,same-sheet,9.7,12.8,same-wrap,,,,
15507,16641,untestable,9.7,9.7,same-wrap,,,,
15507,16068,same-sheet,10.4,22.5,same-wrap,,,,
15507,16442,same-sheet,8.8,10.9,same-wrap,,,,
15536,15599,same-sheet,8.5,8.6,same-wrap,,,,
15536,16380,same-sheet,8.0,8.0,same-wrap,,,,
15536,16792,same-sheet,8.8,8.8,same-wrap,,,,
15536,18494,same-sheet,11.8,35.7,same-wrap,,,,
15536,21822,same-sheet,8.6,11.0,same-wrap,,,,
15536,15425,same-sheet,11.6,26.7,same-wrap,,,,
15542,16413,untestable,10.8,24.3,same-wrap,,,,
15542,19262,same-sheet,14.5,40.6,same-wrap,,,,
15565,17503,same-sheet,8.2,8.5,same-wrap,,,,
15565,17536,same-sheet,9.2,15.6,same-wrap,,,,
15565,17074,same-sheet,10.6,38.0,same-wrap,,,,
15589,23138,untestable,7.9,7.9,same-wrap,,,,
15589,6545,same-sheet,10.9,35.8,same-wrap,,,,
15599,16228,same-sheet,10.2,16.1,same-wrap,,,,
15599,16380,same-sheet,9.5,22.4,same-wrap,,,,
15599,16489,ambiguous,8.8,17.2,same-wrap,,,,
15599,16579,same-sheet,8.8,8.8,same-wrap,,,,
15599,15425,same-sheet,9.5,16.8,same-wrap,,,,
15627,16297,same-sheet,8.3,9.1,same-wrap,,,,
15627,17167,same-sheet,8.7,8.7,same-wrap,,,,
15640,16322,same-sheet,9.2,12.9,same-wrap,,,,
15640,16459,ambiguous,31.1,85.0,same-wrap,56.3,29.3,0.69,
15640,17498,switch,55.7,87.8,unresolved,,,,
15663,16100,same-sheet,8.9,12.5,same-wrap,,,,
15663,19779,same-sheet,9.5,22.2,same-wrap,,,,
15663,19780,same-sheet,10.7,15.4,same-wrap,,,,
15663,23544,same-sheet,49.0,75.9,same-wrap,,,,
15663,17588,same-sheet,51.7,73.0,same-wrap,,,,
15699,16383,untestable,9.3,9.3,same-wrap,,,,
15699,16450,same-sheet,8.6,32.1,same-wrap,,,,
15699,15315,untestable,9.0,14.8,same-wrap,,,,
15699,16091,same-sheet,8.7,14.6,same-wrap,,,,
15755,15994,same-sheet,9.5,9.7,same-wrap,,,,
15755,16127,same-sheet,9.6,15.7,same-wrap,,,,
15755,16199,same-sheet,9.1,12.8,same-wrap,,,,
15755,16202,same-sheet,9.6,15.6,same-wrap,,,,
15755,16249,same-sheet,8.5,8.7,same-wrap,,,,
15755,16623,same-sheet,8.2,8.2,same-wrap,,,,
15755,19105,same-sheet,9.3,14.5,same-wrap,,,,
15757,16342,same-sheet,9.5,15.8,same-wrap,,,,
15757,13340,same-sheet,8.2,8.2,same-wrap,,,,
15772,15829,untestable,9.0,9.0,same-wrap,,,,
15772,16169,same-sheet,8.0,10.4,same-wrap,,,,
15784,15878,same-sheet,9.1,20.2,same-wrap,,,,
15784,16016,same-sheet,8.8,12.3,same-wrap,,,,
15784,16127,same-sheet,8.0,8.9,same-wrap,,,,
15784,19617,same-sheet,10.5,23.9,same-wrap,,,,
15787,17218,untestable,10.9,12.1,same-wrap,,,,
15787,17345,same-sheet,9.2,9.2,same-wrap,,,,
15787,17826,same-sheet,13.4,51.2,adjacent,,,,
15809,16383,same-sheet,9.5,15.3,same-wrap,,,,
15809,16450,same-sheet,9.7,11.6,same-wrap,,,,
15809,12255,ambiguous,12.5,23.1,same-wrap,,,,
15810,16251,same-sheet,9.3,17.1,same-wrap,,,,
15810,16392,same-sheet,8.6,15.7,same-wrap,,,,
15810,16431,same-sheet,10.2,13.8,same-wrap,,,,
15810,18633,same-sheet,10.1,11.8,same-wrap,,,,
15810,12941,same-sheet,9.7,11.0,same-wrap,,,,
15810,17424,same-sheet,9.1,18.4,same-wrap,,,,
15811,15855,same-sheet,10.3,18.4,same-wrap,,,,
15811,15992,same-sheet,9.2,13.7,same-wrap,,,,
15811,16166,same-sheet,10.5,53.0,same-wrap,,,,
15811,16247,same-sheet,11.9,17.5,same-wrap,,,,
15811,17331,untestable,10.0,13.8,same-wrap,,,,
15829,15840,same-sheet,9.2,11.4,same-wrap,,,,
15829,16044,same-sheet,9.1,14.7,same-wrap,,,,
15829,16046,same-sheet,10.5,14.3,same-wrap,,,,
15829,16169,same-sheet,9.4,15.2,same-wrap,,,,
15829,16313,same-sheet,9.3,9.3,same-wrap,,,,
15829,16948,same-sheet,9.0,10.3,same-wrap,,,,
15829,6564,switch,96.4,148.2,adjacent,,,,
15829,16255,untestable,8.1,8.1,same-wrap,,,,
15840,16169,same-sheet,8.5,9.1,same-wrap,,,,
15840,16948,same-sheet,9.7,10.4,same-wrap,,,,
15840,17755,untestable,144.2,283.1,adjacent,,,,
15840,16255,same-sheet,9.3,12.8,same-wrap,,,,
15840,17280,switch,123.7,274.8,adjacent,,,,
15855,15992,same-sheet,9.0,17.3,same-wrap,,,,
15855,16247,same-sheet,8.8,12.1,same-wrap,,,,
15855,20133,same-sheet,9.7,13.3,same-wrap,,,,
15855,16508,same-sheet,8.7,14.2,same-wrap,,,,
15878,16016,same-sheet,9.9,21.0,same-wrap,,,,
15878,16127,same-sheet,8.6,9.4,same-wrap,,,,
15878,16353,untestable,9.3,11.9,same-wrap,,,,
15878,19617,same-sheet,10.4,13.9,same-wrap,,,,
15889,16072,same-sheet,12.7,58.6,same-wrap,,,,
15889,17926,untestable,8.5,9.1,same-wrap,,,,
15889,18540,same-sheet,9.0,10.3,same-wrap,,,,
15930,18689,same-sheet,10.0,12.5,same-wrap,,,,
15930,19249,ambiguous,14.7,39.1,same-wrap,,,,
15930,13855,same-sheet,9.6,16.6,same-wrap,,,,
15930,14464,same-sheet,10.0,16.0,same-wrap,,,,
15949,15950,same-sheet,8.9,19.5,same-wrap,,,,
15949,16856,same-sheet,10.0,14.4,same-wrap,,,,
15949,16536,same-sheet,10.7,42.5,same-wrap,,,,
15949,16559,same-sheet,10.3,14.0,same-wrap,,,,
15950,16856,same-sheet,10.2,31.5,same-wrap,,,,
15950,16916,same-sheet,9.6,13.5,same-wrap,,,,
15950,17430,same-sheet,12.3,52.4,same-wrap,,,,
15950,15990,same-sheet,8.9,15.9,same-wrap,,,,
15950,16536,same-sheet,10.8,17.4,same-wrap,,,,
15950,16559,untestable,9.9,9.9,same-wrap,,,,
15992,16024,same-sheet,9.7,22.2,same-wrap,,,,
15992,16166,same-sheet,10.8,34.3,same-wrap,,,,
15992,16661,untestable,9.6,9.6,unresolved,,,,
15992,17011,same-sheet,8.5,8.6,same-wrap,,,,
15992,17321,same-sheet,8.1,8.1,same-wrap,,,,
15992,17331,untestable,9.2,12.6,same-wrap,,,,
15992,17558,same-sheet,9.0,10.3,same-wrap,,,,
15994,16202,same-sheet,9.4,12.4,same-wrap,,,,
15994,16249,same-sheet,8.4,8.6,same-wrap,,,,
15994,19105,same-sheet,10.0,10.0,same-wrap,,,,
16016,18605,same-sheet,11.9,23.3,same-wrap,,,,
16016,19617,same-sheet,10.8,33.3,same-wrap,,,,
16016,20953,same-sheet,8.8,13.8,same-wrap,,,,
16024,17430,same-sheet,9.5,13.9,same-wrap,,,,
16024,18725,same-sheet,10.0,10.3,same-wrap,,,,
16024,15990,same-sheet,10.1,89.5,same-wrap,35.4,68.2,0.02,
16024,16887,ambiguous,20.2,59.8,same-wrap,,,,
16024,17558,same-sheet,10.4,34.0,same-wrap,,,,
16044,16046,same-sheet,11.7,20.4,same-wrap,,,,
16046,16611,same-sheet,8.1,8.3,same-wrap,,,,
16046,24771,untestable,10.8,10.8,unresolved,,,,
16072,10695,same-sheet,12.6,78.7,same-wrap,,,,
16082,18633,same-sheet,10.4,22.1,same-wrap,,,,
16082,18679,ambiguous,82.8,171.1,adjacent,,,,
16082,23548,same-sheet,10.5,64.8,same-wrap,,,,
16082,23027,switch,106.7,212.9,adjacent,,,,
16100,16749,same-sheet,10.2,18.4,same-wrap,,,,
16100,19316,same-sheet,8.4,9.1,same-wrap,,,,
16100,19779,untestable,9.1,15.2,same-wrap,,,,
16100,19780,same-sheet,11.0,16.4,same-wrap,,,,
16100,15386,same-sheet,9.9,13.4,same-wrap,,,,
16127,16199,same-sheet,9.4,17.8,same-wrap,,,,
16127,16353,same-sheet,8.9,13.6,same-wrap,,,,
16166,16661,untestable,9.6,11.1,same-wrap,,,,
16166,17331,untestable,9.4,12.7,same-wrap,,,,
16166,17430,untestable,9.2,10.1,same-wrap,,,,
16169,17859,same-sheet,9.1,16.4,same-wrap,,,,
16169,18752,same-sheet,9.2,18.4,same-wrap,,,,
16199,16202,same-sheet,8.0,8.0,same-wrap,,,,
16199,16249,same-sheet,10.5,33.6,same-wrap,,,,
16199,16353,untestable,9.4,16.4,same-wrap,,,,
16199,16499,same-sheet,13.2,41.7,same-wrap,,,,
16202,16249,same-sheet,8.8,9.8,same-wrap,,,,
16202,16623,same-sheet,9.4,13.9,same-wrap,,,,
16202,19105,same-sheet,9.8,11.8,same-wrap,,,,
16202,16490,same-sheet,9.6,9.6,same-wrap,,,,
16206,16461,untestable,11.1,13.7,same-wrap,,,,
16206,16091,same-sheet,9.4,12.2,same-wrap,,,,
16218,17334,same-sheet,8.9,31.8,unresolved,,,,
16218,19682,same-sheet,17.2,30.0,same-wrap,,,,
16218,20276,ambiguous,10.0,18.1,same-wrap,,,,
16218,20511,same-sheet,10.5,10.5,same-wrap,,,,
16218,23138,same-sheet,11.5,59.9,same-wrap,,,,
16218,8266,ambiguous,134.6,582.5,same-wrap,27.9,253.0,39.4,
16218,13446,ambiguous,24.3,83.8,unresolved,,,,
16228,16383,same-sheet,8.0,8.2,same-wrap,,,,
16228,15425,same-sheet,9.9,30.9,same-wrap,,,,
16228,15504,same-sheet,10.3,17.2,same-wrap,,,,
16228,16091,same-sheet,10.5,18.6,same-wrap,,,,
16247,16861,same-sheet,10.1,25.5,same-wrap,,,,
16247,16981,untestable,9.9,9.9,same-wrap,,,,
16247,18473,same-sheet,11.2,35.4,same-wrap,,,,
16247,20082,same-sheet,11.9,31.1,same-wrap,,,,
16247,16508,same-sheet,9.0,18.9,same-wrap,,,,
16249,16824,same-sheet,8.7,10.7,same-wrap,,,,
16249,19105,same-sheet,8.1,9.7,same-wrap,,,,
16249,16490,same-sheet,9.0,16.2,same-wrap,,,,
16249,16499,same-sheet,10.8,52.1,same-wrap,,,,
16251,16392,same-sheet,9.1,21.5,same-wrap,,,,
16251,16431,same-sheet,10.0,13.0,same-wrap,,,,
16251,16546,same-sheet,11.8,16.1,same-wrap,,,,
16251,17424,same-sheet,10.2,22.2,same-wrap,,,,
16272,16413,same-sheet,9.6,24.1,same-wrap,,,,
16272,19262,same-sheet,11.1,33.1,same-wrap,,,,
16297,16615,untestable,9.4,9.4,same-wrap,,,,
16297,17167,same-sheet,8.9,16.2,same-wrap,,,,
16297,18101,same-sheet,9.4,12.1,same-wrap,,,,
16297,14117,same-sheet,10.6,19.5,same-wrap,,,,
16312,16454,same-sheet,8.0,8.0,same-wrap,,,,
16312,20159,same-sheet,8.9,9.1,same-wrap,,,,
16312,21703,same-sheet,8.4,8.5,same-wrap,,,,
16313,16824,same-sheet,9.4,14.3,same-wrap,,,,
16313,16876,same-sheet,9.0,14.7,same-wrap,,,,
16313,16948,same-sheet,8.4,14.1,same-wrap,,,,
16313,16255,same-sheet,9.1,21.2,same-wrap,,,,
16322,16324,same-sheet,9.8,14.4,same-wrap,,,,
16322,16459,same-sheet,8.5,45.6,same-wrap,,,,
16322,16890,ambiguous,8.5,10.5,same-wrap,,,,
16324,16428,same-sheet,10.5,44.8,same-wrap,,,,
16324,16459,same-sheet,8.3,9.5,same-wrap,,,,
16324,16793,same-sheet,11.6,14.5,same-wrap,,,,
16324,16890,same-sheet,9.5,14.2,same-wrap,,,,
16324,17041,same-sheet,8.0,9.5,same-wrap,,,,
16365,16392,same-sheet,9.8,18.5,same-wrap,,,,
16365,16641,same-sheet,10.2,21.4,same-wrap,,,,
16365,12941,same-sheet,8.3,11.1,same-wrap,,,,
16366,16638,same-sheet,9.6,11.1,unresolved,,,,
16366,16816,untestable,9.4,14.5,same-wrap,,,,
16366,18039,same-sheet,9.4,14.0,same-wrap,,,,
16366,18105,same-sheet,10.3,28.6,same-wrap,,,,
16366,18320,same-sheet,11.3,37.3,same-wrap,,,,
16366,11556,same-sheet,10.6,43.1,same-wrap,,,,
16380,16439,same-sheet,8.2,12.5,same-wrap,,,,
16380,16792,same-sheet,8.6,9.6,same-wrap,,,,
16380,15425,same-sheet,10.0,10.8,same-wrap,,,,
16383,16450,same-sheet,9.0,14.7,same-wrap,,,,
16383,15504,same-sheet,8.2,13.5,same-wrap,,,,
16383,16091,same-sheet,7.9,7.9,same-wrap,,,,
16392,16431,same-sheet,10.6,43.1,same-wrap,,,,
16392,16641,same-sheet,13.1,26.3,same-wrap,,,,
16392,12941,same-sheet,9.8,27.8,same-wrap,,,,
16392,17424,same-sheet,10.1,21.5,same-wrap,,,,
16392,25729,switch,113.0,233.9,adjacent,,,,
16413,19262,same-sheet,9.9,25.5,same-wrap,,,,
16428,16459,same-sheet,9.2,12.8,same-wrap,,,,
16428,16793,untestable,9.9,15.4,same-wrap,,,,
16428,16890,same-sheet,9.7,15.0,same-wrap,,,,
16431,16546,same-sheet,9.1,9.1,same-wrap,,,,
16431,16641,same-sheet,8.3,8.3,same-wrap,,,,
16431,17397,same-sheet,8.7,19.4,same-wrap,,,,
16431,16442,same-sheet,10.1,11.3,same-wrap,,,,
16431,17424,same-sheet,9.8,18.0,same-wrap,,,,
16439,16459,same-sheet,11.0,26.5,same-wrap,,,,
16439,16792,same-sheet,11.3,17.8,same-wrap,,,,
16446,17742,same-sheet,9.4,13.9,same-wrap,,,,
16446,17912,same-sheet,8.1,8.1,same-wrap,,,,
16446,17588,same-sheet,8.9,11.1,same-wrap,,,,
16450,12255,ambiguous,11.3,58.6,same-wrap,,,,
16450,16091,untestable,9.2,9.2,same-wrap,,,,
16454,16641,untestable,8.1,8.2,same-wrap,,,,
16454,21703,ambiguous,11.2,53.1,same-wrap,,,,
16456,16546,same-sheet,9.7,10.7,same-wrap,,,,
16456,17397,same-sheet,9.8,15.8,same-wrap,,,,
16456,19077,untestable,9.7,29.7,same-wrap,,,,
16456,16442,same-sheet,8.4,8.4,same-wrap,,,,
16456,16632,same-sheet,9.2,15.9,same-wrap,,,,
16461,17072,same-sheet,11.8,35.2,same-wrap,,,,
16461,16091,same-sheet,8.4,9.6,same-wrap,,,,
16489,16579,same-sheet,9.9,28.3,same-wrap,,,,
16489,17072,same-sheet,17.8,20.9,unresolved,,,,
16489,16091,same-sheet,8.7,9.1,same-wrap,,,,
16546,17397,same-sheet,10.3,27.9,same-wrap,,,,
16546,19077,untestable,10.7,10.8,same-wrap,,,,
16546,21264,same-sheet,9.6,11.2,same-wrap,,,,
16546,22389,switch,162.7,335.6,adjacent,,,,
16546,22824,ambiguous,96.2,266.0,adjacent,,,,
16546,16632,same-sheet,8.9,14.7,same-wrap,,,,
16546,17424,same-sheet,9.3,13.1,same-wrap,,,,
16551,16637,same-sheet,13.5,40.4,same-wrap,,,,
16551,16638,same-sheet,11.9,44.0,same-wrap,,,,
16551,17045,untestable,13.3,29.0,same-wrap,,,,
16551,18604,untestable,8.8,11.5,same-wrap,,,,
16551,32064,same-sheet,11.5,43.0,same-wrap,,,,
16560,18175,same-sheet,10.7,17.7,same-wrap,,,,
16560,18923,same-sheet,9.2,14.3,same-wrap,,,,
16560,20159,same-sheet,11.2,24.1,same-wrap,,,,
16560,26395,same-sheet,9.6,10.1,same-wrap,,,,
16572,16662,ambiguous,15.6,64.7,unresolved,,,,
16574,18115,ambiguous,83.3,209.6,adjacent,,,,
16574,18516,ambiguous,103.4,254.0,adjacent,,,,
16574,19105,same-sheet,10.1,26.5,same-wrap,,,,
16574,19748,switch,79.7,127.8,adjacent,,,,
16574,16490,same-sheet,12.4,28.1,same-wrap,,,,
16574,18509,switch,9.9,22.5,same-wrap,,,,
16574,22616,ambiguous,55.9,90.0,same-wrap,10.0,6.4,27.04,50.0
16579,16956,same-sheet,9.4,17.0,same-wrap,,,,
16579,17072,same-sheet,8.7,8.8,same-wrap,,,,
16579,17250,same-sheet,9.6,11.2,same-wrap,,,,
16611,17681,ambiguous,164.0,343.1,adjacent,,,,
16611,23507,ambiguous,115.4,246.9,adjacent,,,,
16611,18075,same-sheet,12.6,49.3,same-wrap,,,,
16615,17167,untestable,9.2,14.0,same-wrap,,,,
16615,17775,same-sheet,9.0,14.4,same-wrap,,,,
16615,18101,same-sheet,7.9,7.9,same-wrap,,,,
16623,19105,same-sheet,10.1,30.2,same-wrap,,,,
16623,13654,same-sheet,9.8,11.4,same-wrap,,,,
16637,16638,same-sheet,10.6,25.8,same-wrap,,,,
16637,22909,same-sheet,10.0,11.5,same-wrap,,,,
16637,32064,same-sheet,12.6,39.5,same-wrap,,,,
16638,16732,same-sheet,8.8,11.5,same-wrap,,,,
16638,18039,same-sheet,8.9,10.8,same-wrap,,,,
16638,18290,same-sheet,10.7,13.5,same-wrap,,,,
16638,18320,same-sheet,8.5,10.8,unresolved,,,,
16638,18604,same-sheet,10.9,26.6,same-wrap,,,,
16638,20047,same-sheet,9.5,10.7,adjacent,,,,
16638,22909,same-sheet,11.2,20.9,same-wrap,,,,
16638,32064,same-sheet,11.4,22.2,same-wrap,,,,
16641,21703,ambiguous,8.5,29.2,same-wrap,,,,
16641,12941,same-sheet,9.5,13.1,same-wrap,,,,
16647,16729,same-sheet,10.2,18.3,same-wrap,,,,
16647,16889,same-sheet,8.9,11.9,same-wrap,,,,
16647,16559,same-sheet,11.2,20.4,same-wrap,,,,
16661,17430,same-sheet,9.3,15.1,same-wrap,,,,
16662,9149,same-sheet,11.9,39.6,same-wrap,,,,
16662,18552,same-sheet,64.4,99.3,adjacent,,,,
16729,16889,same-sheet,9.4,26.1,same-wrap,,,,
16729,16909,same-sheet,9.0,18.8,same-wrap,,,,
16729,16994,same-sheet,9.1,9.1,same-wrap,,,,
16729,17683,same-sheet,10.8,14.6,same-wrap,,,,
16729,19281,same-sheet,12.8,25.9,same-wrap,,,,
16729,14464,same-sheet,193.6,585.3,adjacent,,,,
16729,16536,untestable,9.0,10.8,same-wrap,,,,
16729,16559,same-sheet,10.0,20.4,same-wrap,,,,
16729,19010,untestable,9.2,34.6,same-wrap,,,,
16732,18290,same-sheet,12.0,17.3,same-wrap,,,,
16732,18320,same-sheet,8.6,9.2,same-wrap,,,,
16732,20758,switch,40.5,70.9,same-wrap,,,,
16749,17984,same-sheet,10.7,21.1,same-wrap,,,,
16749,18894,untestable,10.6,13.0,same-wrap,,,,
16749,19316,same-sheet,9.0,14.8,same-wrap,,,,
16749,19779,same-sheet,12.1,12.1,same-wrap,,,,
16749,15386,same-sheet,9.9,10.8,same-wrap,,,,
16792,28324,same-sheet,11.1,32.1,same-wrap,,,,
16793,17494,untestable,8.1,8.1,same-wrap,,,,
16793,17041,same-sheet,8.4,8.5,same-wrap,,,,
16816,17049,same-sheet,8.8,12.9,same-wrap,,,,
16816,18105,same-sheet,9.0,10.7,same-wrap,,,,
16824,16876,same-sheet,8.9,14.3,same-wrap,,,,
16824,16948,same-sheet,10.0,28.2,same-wrap,,,,
16824,16490,same-sheet,8.0,8.1,same-wrap,,,,
16824,16499,same-sheet,8.7,10.9,same-wrap,,,,
16824,18075,same-sheet,9.1,18.6,same-wrap,,,,
16856,16916,same-sheet,10.5,26.7,same-wrap,,,,
16856,17254,same-sheet,8.6,9.5,same-wrap,,,,
16856,17430,same-sheet,8.2,8.4,same-wrap,,,,
16856,15990,same-sheet,10.2,20.5,same-wrap,,,,
16856,16559,same-sheet,10.7,19.5,same-wrap,,,,
16861,16981,same-sheet,11.0,32.9,same-wrap,,,,
16861,18473,same-sheet,9.3,12.1,same-wrap,,,,
16861,20082,same-sheet,9.7,10.9,same-wrap,,,,
16861,16508,same-sheet,11.9,31.9,same-wrap,,,,
16861,17920,same-sheet,9.6,10.4,same-wrap,,,,
16876,16948,same-sheet,10.8,14.7,same-wrap,,,,
16876,16499,same-sheet,8.3,8.8,same-wrap,,,,
16889,16909,same-sheet,9.7,22.4,same-wrap,,,,
16889,16994,same-sheet,10.6,23.1,same-wrap,,,,
16889,17683,same-sheet,9.1,13.6,same-wrap,,,,
16889,18516,ambiguous,15.3,30.1,same-wrap,,,,
16889,19281,same-sheet,9.4,11.6,same-wrap,,,,
16889,16559,same-sheet,9.7,18.0,same-wrap,,,,
16909,16994,same-sheet,9.0,18.5,same-wrap,,,,
16909,17683,same-sheet,10.2,23.5,same-wrap,,,,
16909,19281,same-sheet,10.5,23.0,same-wrap,,,,
16916,17119,same-sheet,10.2,33.3,same-wrap,,,,
16916,17254,same-sheet,8.7,11.6,same-wrap,,,,
16916,17681,same-sheet,8.1,11.0,same-wrap,,,,
16916,19756,same-sheet,8.1,8.1,same-wrap,,,,
16916,15990,same-sheet,11.7,13.2,same-wrap,,,,
16916,16536,same-sheet,8.6,12.3,same-wrap,,,,
16916,16559,same-sheet,9.8,34.7,same-wrap,,,,
16948,6564,switch,124.2,317.5,adjacent,,,,
16948,16255,same-sheet,8.6,13.5,same-wrap,,,,
16956,17035,same-sheet,8.4,8.7,same-wrap,,,,
16956,17072,untestable,11.0,11.0,same-wrap,,,,
16956,17250,same-sheet,9.2,13.3,same-wrap,,,,
16956,17498,same-sheet,8.1,8.1,same-wrap,,,,
16981,17024,same-sheet,8.7,9.5,same-wrap,,,,
16981,17147,same-sheet,9.1,9.4,same-wrap,,,,
16981,20082,same-sheet,8.8,10.5,same-wrap,,,,
16981,16508,same-sheet,11.1,31.6,same-wrap,,,,
16981,17388,same-sheet,10.3,27.3,same-wrap,,,,
16981,17920,same-sheet,8.2,8.3,same-wrap,,,,
16994,17683,same-sheet,10.7,21.3,same-wrap,,,,
16994,19281,same-sheet,8.0,8.0,same-wrap,,,,
16994,21050,same-sheet,11.0,34.7,same-wrap,,,,
16994,21358,same-sheet,11.0,19.1,same-wrap,,,,
17011,17321,same-sheet,8.5,12.9,same-wrap,,,,
17011,20133,same-sheet,9.9,17.2,same-wrap,,,,
17011,17558,same-sheet,9.1,13.8,same-wrap,,,,
17024,17147,same-sheet,10.3,24.5,same-wrap,,,,
17024,17559,same-sheet,9.5,12.5,same-wrap,,,,
17024,17832,same-sheet,10.1,16.8,same-wrap,,,,
17024,21096,same-sheet,8.9,10.3,same-wrap,,,,
17024,17388,same-sheet,10.5,26.4,same-wrap,,,,
17024,17920,same-sheet,8.2,15.3,same-wrap,,,,
17024,18811,same-sheet,9.4,17.1,same-wrap,,,,
17024,18845,same-sheet,8.7,9.0,same-wrap,,,,
17035,17250,ambiguous,10.5,17.4,same-wrap,,,,
17035,17498,same-sheet,8.7,11.9,same-wrap,,,,
17045,32064,same-sheet,10.9,55.1,same-wrap,,,,
17045,33634,same-sheet,10.1,21.7,same-wrap,,,,
17049,17425,same-sheet,9.4,15.4,same-wrap,,,,
17049,18105,same-sheet,9.5,12.9,same-wrap,,,,
17049,18290,same-sheet,9.8,23.3,same-wrap,,,,
17049,19831,untestable,8.9,9.2,same-wrap,,,,
17072,17250,same-sheet,9.5,11.1,same-wrap,,,,
17072,16091,same-sheet,12.8,20.6,same-wrap,,,,
17095,18778,untestable,9.1,11.4,same-wrap,,,,
17095,21399,untestable,10.0,20.6,same-wrap,,,,
17104,17516,same-sheet,8.6,11.9,same-wrap,,,,
17104,18145,same-sheet,9.4,13.8,same-wrap,,,,
17104,12170,same-sheet,12.2,47.0,same-wrap,,,,
17104,17790,same-sheet,10.7,15.7,same-wrap,,,,
17119,17681,same-sheet,20.7,73.9,same-wrap,,,,
17119,16559,same-sheet,9.2,20.2,same-wrap,,,,
17119,17405,same-sheet,9.5,18.1,same-wrap,,,,
17119,24771,ambiguous,109.4,186.5,adjacent,,,,
17147,17832,same-sheet,9.4,23.8,same-wrap,,,,
17147,17388,same-sheet,9.4,11.3,same-wrap,,,,
17147,18845,same-sheet,17.9,39.7,same-wrap,,,,
17203,20511,same-sheet,13.4,54.5,same-wrap,,,,
17203,23138,same-sheet,16.4,27.0,same-wrap,,,,
17203,17297,same-sheet,9.7,12.1,same-wrap,,,,
17218,17826,same-sheet,7.9,7.9,same-wrap,,,,
17218,19065,same-sheet,8.2,20.1,same-wrap,,,,
17218,19243,untestable,9.9,9.9,same-wrap,,,,
17250,17462,same-sheet,11.0,31.0,same-wrap,,,,
17250,17498,same-sheet,10.1,13.6,same-wrap,,,,
17254,17681,same-sheet,9.4,16.5,same-wrap,,,,
17254,18419,same-sheet,10.3,20.0,same-wrap,,,,
17254,18725,same-sheet,12.3,19.4,same-wrap,,,,
17254,19756,same-sheet,8.7,9.5,same-wrap,,,,
17254,15990,same-sheet,9.1,9.1,same-wrap,,,,
17321,18725,same-sheet,9.0,10.5,same-wrap,,,,
17321,20133,untestable,9.9,11.6,same-wrap,,,,
17321,12100,ambiguous,80.5,199.9,adjacent,,,,
17321,17558,untestable,8.5,12.6,same-wrap,,,,
17322,17517,same-sheet,9.6,16.9,same-wrap,,,,
17322,17764,same-sheet,16.6,73.5,same-wrap,,,,
17322,18473,same-sheet,9.9,35.8,same-wrap,,,,
17322,20082,same-sheet,10.5,23.9,same-wrap,,,,
17322,9836,switch,113.3,319.8,adjacent,,,,
17322,15188,untestable,10.2,10.3,same-wrap,,,,
17334,6895,same-sheet,10.4,32.2,same-wrap,,,,
17334,13446,same-sheet,11.8,29.0,same-wrap,,,,
17345,17826,same-sheet,9.0,15.2,same-wrap,,,,
17345,17936,same-sheet,8.7,18.1,same-wrap,,,,
17345,18491,same-sheet,9.4,12.3,same-wrap,,,,
17345,19243,same-sheet,8.9,17.1,same-wrap,,,,
17376,19157,same-sheet,9.0,10.8,same-wrap,,,,
17376,19180,same-sheet,9.3,19.2,same-wrap,,,,
17376,19546,untestable,9.0,10.9,same-wrap,,,,
17376,21858,same-sheet,9.4,11.1,same-wrap,,,,
17376,17361,same-sheet,15.9,53.6,same-wrap,,,,
17376,18892,same-sheet,9.5,16.6,same-wrap,,,,
17397,19077,untestable,9.0,13.3,same-wrap,,,,
17397,16068,same-sheet,10.0,10.2,same-wrap,,,,
17397,16442,same-sheet,9.6,30.0,same-wrap,,,,
17397,17424,same-sheet,10.9,13.3,same-wrap,,,,
17425,18105,same-sheet,9.5,19.3,same-wrap,,,,
17425,18290,same-sheet,9.3,24.4,same-wrap,,,,
17425,18593,same-sheet,8.2,8.3,same-wrap,,,,
17426,20974,same-sheet,291.5,593.4,adjacent,,,,
17426,13300,same-sheet,21.6,81.8,adjacent,,,,
17426,16634,untestable,8.7,10.8,same-wrap,,,,
17426,19539,same-sheet,44.7,70.8,adjacent,,,,
17430,15990,same-sheet,9.2,20.7,same-wrap,,,,
17462,17498,untestable,9.1,9.1,same-wrap,,,,
17462,18547,same-sheet,9.1,18.8,same-wrap,,,,
17494,17831,same-sheet,8.5,8.5,same-wrap,,,,
17494,18500,same-sheet,8.8,8.8,same-wrap,,,,
17494,20266,same-sheet,10.4,15.3,same-wrap,,,,
17494,17041,same-sheet,9.3,13.4,same-wrap,,,,
17498,18547,same-sheet,9.9,26.7,same-wrap,,,,
17516,18145,same-sheet,9.5,20.4,same-wrap,,,,
17516,17790,same-sheet,9.6,13.3,same-wrap,,,,
17517,17775,same-sheet,9.1,9.8,same-wrap,,,,
17517,17998,same-sheet,8.8,11.4,same-wrap,,,,
17517,20082,same-sheet,9.2,14.6,same-wrap,,,,
17517,15188,same-sheet,10.9,16.6,same-wrap,,,,
17517,17920,same-sheet,10.2,23.5,same-wrap,,,,
17536,17577,same-sheet,12.4,40.6,same-wrap,,,,
17536,17742,same-sheet,12.2,56.6,same-wrap,,,,
17536,25271,untestable,8.9,9.5,same-wrap,,,,
17536,17074,same-sheet,10.7,23.1,same-wrap,,,,
17559,17998,same-sheet,56.5,73.2,unresolved,,,,
17559,18199,same-sheet,42.5,73.8,same-wrap,,,,
17559,7508,ambiguous,43.5,86.1,adjacent,,,,
17559,17920,same-sheet,16.1,59.9,same-wrap,,,,
17559,18811,same-sheet,13.8,18.2,same-wrap,,,,
17577,17742,same-sheet,11.3,68.3,same-wrap,,,,
17577,18466,same-sheet,9.4,12.1,same-wrap,,,,
17577,25271,untestable,11.0,14.5,same-wrap,,,,
17577,17074,untestable,11.2,19.3,same-wrap,,,,
17677,19831,same-sheet,10.9,29.1,same-wrap,,,,
17677,16632,untestable,10.6,17.5,same-wrap,,,,
17681,17915,same-sheet,10.0,27.1,same-wrap,,,,
17681,18082,same-sheet,10.9,12.7,same-wrap,,,,
17681,18419,same-sheet,9.1,15.6,same-wrap,,,,
17681,18704,same-sheet,9.9,23.6,same-wrap,,,,
17681,23507,same-sheet,8.7,9.6,same-wrap,,,,
17681,18075,switch,170.3,497.1,adjacent,,,,
17681,18087,same-sheet,9.3,12.2,same-wrap,,,,
17681,24771,ambiguous,69.3,96.3,adjacent,,,,
17683,18516,same-sheet,10.6,12.9,same-wrap,,,,
17683,19313,same-sheet,9.0,14.0,same-wrap,,,,
17683,19554,same-sheet,11.6,34.0,same-wrap,,,,
17683,19748,same-sheet,14.1,14.1,same-wrap,,,,
17683,20164,same-sheet,9.7,13.2,same-wrap,,,,
17683,21358,same-sheet,10.9,29.4,same-wrap,,,,
17724,17831,untestable,8.1,8.1,same-wrap,,,,
17724,18219,same-sheet,16.0,23.7,same-wrap,,,,
17724,18631,untestable,8.4,8.4,same-wrap,,,,
17724,20067,same-sheet,15.0,16.8,same-wrap,,,,
17724,20266,same-sheet,8.6,8.8,same-wrap,,,,
17724,17041,same-sheet,10.1,21.3,same-wrap,,,,
17742,17912,same-sheet,9.4,14.1,same-wrap,,,,
17742,18118,untestable,8.4,10.0,same-wrap,,,,
17742,18466,same-sheet,8.6,10.7,same-wrap,,,,
17742,18746,same-sheet,9.8,29.1,same-wrap,,,,
17742,25271,same-sheet,8.4,11.2,same-wrap,,,,
17755,7896,untestable,8.3,9.7,same-wrap,,,,
17755,17280,untestable,21.2,86.2,same-wrap,25.1,36.0,31.07,60.0
17764,18473,same-sheet,10.2,12.4,same-wrap,,,,
17764,20082,same-sheet,14.9,52.5,same-wrap,,,,
17764,9714,untestable,127.6,339.9,adjacent,,,,
17764,9836,same-sheet,128.9,346.5,adjacent,,,,
17764,10637,ambiguous,90.2,244.4,adjacent,,,,
17764,11088,ambiguous,109.5,324.7,adjacent,,,,
17764,15188,same-sheet,17.3,79.0,same-wrap,,,,
17775,17998,same-sheet,9.2,13.1,same-wrap,,,,
17775,18101,same-sheet,9.8,17.4,same-wrap,,,,
17775,18459,same-sheet,9.8,9.8,same-wrap,,,,
17826,18491,untestable,8.4,9.6,same-wrap,,,,
17831,18219,same-sheet,8.6,12.2,same-wrap,,,,
17831,18500,same-sheet,9.3,12.3,same-wrap,,,,
17831,18631,untestable,8.8,12.7,same-wrap,,,,
17831,20067,same-sheet,10.3,10.3,same-wrap,,,,
17831,17041,same-sheet,15.4,22.1,same-wrap,,,,
17832,21096,same-sheet,11.3,24.2,same-wrap,,,,
17832,17388,same-sheet,10.2,25.7,same-wrap,,,,
17832,18811,same-sheet,9.1,15.2,same-wrap,,,,
17832,18845,same-sheet,11.0,26.4,same-wrap,,,,
17859,18752,same-sheet,9.5,11.6,same-wrap,,,,
17859,6953,same-sheet,39.9,68.7,same-wrap,,,,
17859,12170,switch,108.2,340.4,adjacent,,,,
17859,17280,switch,108.3,153.7,adjacent,,,,
17909,20067,ambiguous,133.3,234.8,unresolved,,,,
17909,21399,same-sheet,10.2,18.5,same-wrap,,,,
17909,25795,same-sheet,11.0,26.8,same-wrap,,,,
17909,16890,same-sheet,9.2,12.7,same-wrap,,,,
17909,17041,same-sheet,23.2,146.6,same-wrap,34.1,214.8,0.4,100.0
17912,18466,same-sheet,10.0,16.1,same-wrap,,,,
17912,18679,same-sheet,9.0,13.0,same-wrap,,,,
17912,18746,same-sheet,9.3,16.0,same-wrap,,,,
17915,18082,same-sheet,9.0,9.2,same-wrap,,,,
17915,18704,same-sheet,9.9,28.6,same-wrap,,,,
17915,20503,same-sheet,9.5,12.2,same-wrap,,,,
17915,21079,ambiguous,8.7,10.3,same-wrap,,,,
17915,18087,same-sheet,10.9,26.5,same-wrap,,,,
17926,19071,same-sheet,9.6,52.4,same-wrap,,,,
17984,18737,same-sheet,9.1,9.1,same-wrap,,,,
17984,18894,same-sheet,9.5,19.4,same-wrap,,,,
17984,19316,same-sheet,10.0,15.1,same-wrap,,,,
17984,19640,same-sheet,8.1,8.1,same-wrap,,,,
17984,20142,same-sheet,10.7,12.4,unresolved,,,,
17984,15386,untestable,9.4,9.4,same-wrap,,,,
17998,18101,same-sheet,8.3,10.6,same-wrap,,,,
17998,18199,same-sheet,10.6,18.5,same-wrap,,,,
17998,18459,same-sheet,9.4,19.9,same-wrap,,,,
17998,18605,same-sheet,14.0,17.7,same-wrap,,,,
17998,19617,same-sheet,9.3,9.7,same-wrap,,,,
17998,20082,same-sheet,8.5,13.9,same-wrap,,,,
17998,17920,same-sheet,11.5,29.3,same-wrap,,,,
17998,18811,switch,83.7,91.9,same-wrap,28.5,35.3,58.43,50.0
18000,18682,same-sheet,12.2,12.6,same-wrap,,,,
18039,18604,same-sheet,10.9,13.2,same-wrap,,,,
18046,18743,untestable,10.2,10.2,same-wrap,,,,
18046,19273,same-sheet,8.8,12.5,same-wrap,,,,
18046,8926,same-sheet,15.0,70.0,same-wrap,,,,
18046,11088,ambiguous,140.7,236.1,adjacent,,,,
18046,11178,same-sheet,8.6,9.2,same-wrap,,,,
18046,13312,ambiguous,69.9,164.0,adjacent,,,,
18046,13496,ambiguous,72.4,187.5,adjacent,,,,
18046,17790,same-sheet,23.0,67.4,adjacent,,,,
18082,21079,same-sheet,9.0,15.7,same-wrap,,,,
18082,18087,same-sheet,9.0,10.6,same-wrap,,,,
18091,20758,same-sheet,11.9,20.5,same-wrap,,,,
18101,18459,same-sheet,9.7,14.1,same-wrap,,,,
18101,19617,same-sheet,9.3,14.9,same-wrap,,,,
18105,18290,same-sheet,9.4,14.0,same-wrap,,,,
18105,18320,same-sheet,10.9,16.7,same-wrap,,,,
18115,18516,ambiguous,11.8,67.5,unresolved,,,,
18115,19105,ambiguous,85.5,210.2,adjacent,,,,
18115,19748,ambiguous,23.1,63.4,adjacent,,,,
18115,16490,ambiguous,64.5,126.2,adjacent,,,,
18115,17405,untestable,9.2,11.8,same-wrap,,,,
18115,18509,ambiguous,101.3,209.5,adjacent,,,,
18115,22616,ambiguous,18.5,64.2,same-wrap,,,,
18118,18466,untestable,9.0,11.7,same-wrap,,,,
18118,18746,untestable,10.2,12.3,same-wrap,,,,
18118,25271,untestable,10.4,25.9,same-wrap,,,,
18145,12170,same-sheet,11.6,26.9,same-wrap,,,,
18145,14259,same-sheet,60.9,106.9,adjacent,,,,
18145,14395,switch,98.9,413.6,adjacent,,,,
18145,17790,same-sheet,9.8,12.6,same-wrap,,,,
18175,10307,same-sheet,8.3,9.7,same-wrap,,,,
18199,18459,same-sheet,10.5,24.0,same-wrap,,,,
18199,18605,same-sheet,9.7,15.0,same-wrap,,,,
18199,19138,same-sheet,9.1,9.1,same-wrap,,,,
18199,17920,same-sheet,10.9,45.5,same-wrap,,,,
18199,18811,ambiguous,43.0,91.4,adjacent,,,,
18219,18631,untestable,8.2,8.4,same-wrap,,,,
18219,20067,untestable,10.5,12.8,same-wrap,,,,
18219,17041,untestable,13.6,30.0,same-wrap,,,,
18290,18593,same-sheet,8.6,11.3,same-wrap,,,,
18290,18633,ambiguous,12.4,15.1,same-wrap,,,,
18290,19831,same-sheet,10.8,15.3,same-wrap,,,,
18290,23548,same-sheet,9.4,15.1,same-wrap,,,,
18303,22733,untestable,9.9,9.9,same-wrap,,,,
18303,10953,same-sheet,18.3,52.8,same-wrap,,,,
18382,18646,same-sheet,9.9,16.8,same-wrap,,,,
18382,19375,same-sheet,12.0,18.5,same-wrap,,,,
18382,19488,same-sheet,10.1,22.6,same-wrap,,,,
18382,20555,untestable,9.1,10.1,same-wrap,,,,
18382,18774,same-sheet,9.1,18.0,same-wrap,,,,
18405,18778,untestable,18.9,34.7,same-wrap,,,,
18405,21822,untestable,10.7,10.8,same-wrap,,,,
18419,18725,same-sheet,8.6,11.4,same-wrap,,,,
18419,19756,same-sheet,9.7,16.7,same-wrap,,,,
18419,20503,same-sheet,8.3,10.1,same-wrap,,,,
18419,19842,same-sheet,8.4,8.4,same-wrap,,,,
18448,19682,same-sheet,9.4,20.6,same-wrap,,,,
18448,20276,same-sheet,13.7,23.1,same-wrap,,,,
18459,18605,same-sheet,9.2,14.9,same-wrap,,,,
18459,19617,same-sheet,9.4,15.5,same-wrap,,,,
18459,20953,same-sheet,9.0,17.0,same-wrap,,,,
18466,18497,same-sheet,9.8,28.8,same-wrap,,,,
18466,18746,same-sheet,11.7,28.3,same-wrap,,,,
18466,22594,untestable,9.1,10.7,same-wrap,,,,
18466,25271,untestable,13.1,35.7,same-wrap,,,,
18473,20082,same-sheet,9.6,49.4,same-wrap,,,,
18473,15188,same-sheet,16.6,49.9,same-wrap,,,,
18491,19243,same-sheet,13.4,22.9,same-wrap,,,,
18494,9315,switch,133.5,310.7,adjacent,,,,
18494,15425,same-sheet,9.0,12.9,same-wrap,,,,
18497,18746,same-sheet,10.3,21.9,same-wrap,,,,
18497,22594,untestable,8.3,15.4,same-wrap,,,,
18500,18631,untestable,10.2,15.8,same-wrap,,,,
18500,20266,same-sheet,11.0,30.3,same-wrap,,,,
18516,19105,switch,105.9,259.8,adjacent,,,,
18516,19748,same-sheet,10.5,22.1,same-wrap,,,,
18516,16490,switch,80.9,164.6,adjacent,,,,
18516,17405,same-sheet,8.6,9.7,same-wrap,,,,
18516,18509,ambiguous,101.9,211.2,adjacent,,,,
18516,22616,ambiguous,16.6,44.7,same-wrap,,,,
18540,13195,untestable,9.5,71.6,same-wrap,,,,
18593,18633,same-sheet,8.0,8.0,same-wrap,,,,
18593,19831,same-sheet,8.6,13.1,same-wrap,,,,
18605,19138,same-sheet,12.0,33.9,same-wrap,,,,
18605,19617,ambiguous,8.3,10.7,same-wrap,,,,
18605,20953,same-sheet,10.1,32.2,same-wrap,,,,
18605,21228,untestable,9.1,16.8,same-wrap,,,,
18633,19831,same-sheet,9.6,25.7,same-wrap,,,,
18633,21264,same-sheet,10.8,29.2,same-wrap,,,,
18633,23548,same-sheet,9.1,14.7,same-wrap,,,,
18633,17424,same-sheet,26.2,55.9,adjacent,,,,
18633,23027,switch,118.5,278.3,adjacent,,,,
18646,19488,same-sheet,10.0,33.3,same-wrap,,,,
18646,20555,untestable,9.7,24.6,same-wrap,,,,
18646,21134,same-sheet,9.8,26.3,same-wrap,,,,
18646,18774,same-sheet,12.5,20.0,same-wrap,,,,
18679,23548,switch,117.3,313.4,adjacent,,,,
18679,37272,switch,95.8,221.1,adjacent,,,,
18679,38250,ambiguous,83.9,106.5,adjacent,,,,
18704,19748,same-sheet,10.0,19.9,same-wrap,,,,
18704,23507,same-sheet,9.4,13.1,same-wrap,,,,
18704,18087,same-sheet,10.5,32.0,same-wrap,,,,
18704,19719,same-sheet,9.4,15.3,same-wrap,,,,
18725,19446,same-sheet,10.3,13.8,same-wrap,,,,
18725,19756,same-sheet,11.8,22.3,same-wrap,,,,
18725,20503,ambiguous,9.5,17.8,same-wrap,,,,
18725,14395,switch,156.3,339.4,adjacent,,,,
18725,16887,ambiguous,46.8,66.4,same-wrap,,,,
18725,17558,ambiguous,14.9,43.8,same-wrap,,,,
18725,19842,same-sheet,10.8,36.9,same-wrap,,,,
18737,18894,same-sheet,9.9,9.9,unresolved,,,,
18737,19640,untestable,13.7,23.5,same-wrap,,,,
18737,19727,untestable,12.4,19.0,same-wrap,,,,
18743,19273,same-sheet,16.8,65.7,adjacent,,,,
18743,9786,same-sheet,32.7,66.1,unresolved,,,,
18743,12435,ambiguous,61.8,103.9,adjacent,,,,
18743,17790,ambiguous,8.2,8.4,same-wrap,,,,
18746,22594,same-sheet,8.7,12.9,same-wrap,,,,
18746,22894,same-sheet,8.8,9.3,same-wrap,,,,
18746,29261,switch,109.5,284.1,adjacent,,,,
18746,33256,switch,127.7,784.3,adjacent,,,,
18752,6953,ambiguous,91.1,156.3,same-wrap,13.4,13.8,32.29,30.0
18752,12170,ambiguous,151.4,561.7,adjacent,,,,
18752,14259,same-sheet,8.8,12.6,same-wrap,,,,
18778,20221,same-sheet,8.5,8.8,same-wrap,,,,
18778,21822,untestable,8.2,9.7,same-wrap,,,,
18894,19243,same-sheet,11.8,27.9,same-wrap,,,,
18894,15386,same-sheet,9.4,23.6,same-wrap,,,,
18894,18682,same-sheet,12.8,39.5,same-wrap,,,,
18923,20159,same-sheet,9.8,19.0,same-wrap,,,,
18923,26395,same-sheet,12.1,30.6,same-wrap,,,,
18923,14451,untestable,11.5,65.9,same-wrap,,,,
19065,19243,untestable,11.4,19.6,same-wrap,,,,
19065,19640,untestable,8.1,9.2,same-wrap,,,,
19077,16442,untestable,9.4,15.4,same-wrap,,,,
19077,16632,untestable,10.7,13.6,same-wrap,,,,
19105,19748,switch,102.5,351.9,adjacent,,,,
19105,13085,same-sheet,10.0,21.1,same-wrap,,,,
19105,13654,same-sheet,10.6,19.3,same-wrap,,,,
19105,16490,same-sheet,9.6,25.6,same-wrap,,,,
19105,18509,same-sheet,8.8,15.1,same-wrap,,,,
19105,18552,same-sheet,17.0,17.0,same-wrap,,,,
19105,22616,ambiguous,54.0,90.1,adjacent,,,,
19138,21096,same-sheet,12.6,46.5,same-wrap,,,,
19138,21228,untestable,10.0,39.7,same-wrap,,,,
19138,18811,same-sheet,8.9,12.7,same-wrap,,,,
19157,19546,same-sheet,9.7,17.8,same-wrap,,,,
19157,19701,same-sheet,9.9,21.2,same-wrap,,,,
19157,20252,same-sheet,9.1,13.6,same-wrap,,,,
19157,20349,same-sheet,10.0,19.2,same-wrap,,,,
19157,20405,same-sheet,9.7,15.0,same-wrap,,,,
19157,20488,same-sheet,10.8,41.8,same-wrap,,,,
19157,18892,same-sheet,10.2,25.9,same-wrap,,,,
19180,19205,same-sheet,9.0,9.9,same-wrap,,,,
19180,19292,same-sheet,10.5,54.3,same-wrap,,,,
19180,19546,same-sheet,10.1,13.7,same-wrap,,,,
19180,19742,same-sheet,8.9,15.3,same-wrap,,,,
19180,20106,same-sheet,11.3,20.5,same-wrap,,,,
19180,21858,same-sheet,9.9,13.9,same-wrap,,,,
19180,23592,same-sheet,8.7,18.4,same-wrap,,,,
19180,18892,same-sheet,9.7,19.2,same-wrap,,,,
19205,19742,same-sheet,10.4,16.2,same-wrap,,,,
19205,21858,same-sheet,9.0,9.3,same-wrap,,,,
19205,23221,same-sheet,9.3,15.8,same-wrap,,,,
19205,23592,same-sheet,8.7,13.2,same-wrap,,,,
19205,23685,same-sheet,10.4,10.4,same-wrap,,,,
19205,25162,same-sheet,10.0,37.0,same-wrap,,,,
19205,26404,same-sheet,9.7,12.8,same-wrap,,,,
19243,18682,same-sheet,9.2,13.5,same-wrap,,,,
19249,14464,untestable,9.3,11.6,same-wrap,,,,
19249,19010,untestable,80.4,441.4,adjacent,,,,
19273,21279,same-sheet,9.4,12.5,same-wrap,,,,
19273,9786,same-sheet,11.5,13.2,same-wrap,,,,
19273,12435,switch,74.7,131.8,adjacent,,,,
19273,14259,switch,77.5,93.9,adjacent,,,,
19273,17790,same-sheet,8.7,10.9,same-wrap,,,,
19281,14464,switch,169.4,497.1,adjacent,,,,
19292,19742,same-sheet,9.8,11.1,same-wrap,,,,
19292,20106,untestable,13.0,20.8,same-wrap,,,,
19292,21794,same-sheet,10.6,34.6,same-wrap,,,,
19292,18892,same-sheet,11.7,19.1,same-wrap,,,,
19313,19554,same-sheet,11.8,44.5,same-wrap,,,,
19313,20164,same-sheet,13.7,26.4,same-wrap,,,,
19313,21358,same-sheet,10.3,31.8,same-wrap,,,,
19313,20516,same-sheet,12.3,25.1,same-wrap,,,,
19316,19779,same-sheet,10.4,21.0,same-wrap,,,,
19316,19780,same-sheet,8.8,8.8,same-wrap,,,,
19316,20142,same-sheet,12.3,15.2,same-wrap,,,,
19316,22158,same-sheet,10.0,19.8,same-wrap,,,,
19316,22240,same-sheet,10.3,15.8,same-wrap,,,,
19375,19513,same-sheet,11.5,26.6,same-wrap,,,,
19375,18774,same-sheet,10.8,20.4,same-wrap,,,,
19446,14395,switch,114.3,273.0,adjacent,,,,
19446,19842,same-sheet,9.0,11.2,same-wrap,,,,
19488,20079,same-sheet,9.9,23.6,same-wrap,,,,
19488,20555,same-sheet,9.7,18.5,same-wrap,,,,
19488,21134,same-sheet,10.4,24.6,same-wrap,,,,
19488,21495,same-sheet,9.1,9.1,same-wrap,,,,
19488,21928,same-sheet,10.5,17.2,same-wrap,,,,
19488,24666,same-sheet,8.5,8.5,same-wrap,,,,
19488,32412,same-sheet,66.5,160.3,adjacent,,,,
19488,18774,same-sheet,9.0,11.6,same-wrap,,,,
19488,20075,same-sheet,13.7,47.2,same-wrap,,,,
19488,20313,same-sheet,11.3,13.0,unresolved,,,,
19513,21550,same-sheet,8.5,8.5,same-wrap,,,,
19513,22198,switch,140.6,375.0,adjacent,,,,
19513,22264,switch,179.3,678.7,adjacent,,,,
19513,18774,same-sheet,8.9,14.6,same-wrap,,,,
19513,20086,switch,164.6,602.2,adjacent,,,,
19546,20008,same-sheet,12.7,37.2,same-wrap,,,,
19546,20252,same-sheet,14.5,20.4,same-wrap,,,,
19546,20405,same-sheet,14.4,33.4,same-wrap,,,,
19546,20488,untestable,11.6,11.6,same-wrap,,,,
19546,21858,same-sheet,10.9,13.3,same-wrap,,,,
19546,30564,same-sheet,9.5,12.3,same-wrap,,,,
19546,13062,switch,142.9,351.3,adjacent,,,,
19546,17361,untestable,11.6,18.7,same-wrap,,,,
19546,18892,same-sheet,10.5,36.3,same-wrap,,,,
19554,20164,same-sheet,11.5,52.4,same-wrap,,,,
19554,20634,untestable,9.0,9.3,same-wrap,,,,
19554,21358,same-sheet,11.8,42.0,same-wrap,,,,
19554,26759,same-sheet,12.0,26.9,same-wrap,,,,
19554,20516,same-sheet,9.4,15.8,same-wrap,,,,
19554,20598,same-sheet,9.7,24.6,same-wrap,,,,
19640,19727,untestable,9.7,14.8,same-wrap,,,,
19682,20276,same-sheet,10.0,16.0,same-wrap,,,,
19682,8266,ambiguous,91.6,295.2,same-wrap,55.9,243.5,0.46,
19682,8772,switch,133.5,294.5,adjacent,,,,
19682,13446,same-sheet,12.9,87.1,same-wrap,37.4,35.1,0.34,160.0
19701,20106,same-sheet,9.7,32.2,same-wrap,,,,
19701,20349,same-sheet,8.8,11.6,same-wrap,,,,
19701,20381,same-sheet,9.9,22.0,same-wrap,,,,
19701,20403,same-sheet,9.5,11.4,same-wrap,,,,
19701,20708,same-sheet,11.5,11.5,same-wrap,,,,
19701,18892,same-sheet,8.1,8.2,same-wrap,,,,
19742,21794,same-sheet,10.1,13.2,same-wrap,,,,
19742,22263,same-sheet,8.2,8.2,same-wrap,,,,
19742,26404,same-sheet,9.4,22.7,same-wrap,,,,
19748,20164,same-sheet,9.2,21.7,same-wrap,,,,
19748,20847,same-sheet,10.4,22.2,same-wrap,,,,
19748,23507,same-sheet,9.6,10.3,adjacent,,,,
19748,16490,ambiguous,150.0,524.7,adjacent,,,,
19748,18075,ambiguous,209.0,700.1,adjacent,,,,
19748,19719,same-sheet,10.2,42.1,same-wrap,,,,
19748,22616,same-sheet,13.2,32.3,unresolved,,,,
19756,15990,same-sheet,18.8,25.5,same-wrap,,,,
19756,16887,switch,69.0,110.8,same-wrap,138.6,36.2,0.02,
19756,17558,same-sheet,45.6,55.4,same-wrap,,,,
19779,19780,same-sheet,9.5,16.9,same-wrap,,,,
19779,20142,same-sheet,8.5,8.5,same-wrap,,,,
19779,22240,same-sheet,10.2,21.6,same-wrap,,,,
19780,20080,same-sheet,10.8,25.3,same-wrap,,,,
19780,21881,same-sheet,9.0,13.3,same-wrap,,,,
19780,22240,same-sheet,9.2,19.4,same-wrap,,,,
19780,23544,same-sheet,11.1,25.1,same-wrap,,,,
19780,23665,same-sheet,9.9,11.7,same-wrap,,,,
19831,21264,same-sheet,12.2,38.6,same-wrap,,,,
19831,22594,switch,151.4,472.7,adjacent,,,,
19831,16632,untestable,9.3,9.3,same-wrap,,,,
20008,27346,untestable,10.7,12.7,same-wrap,,,,
20008,30564,same-sheet,15.0,33.7,unresolved,,,,
20008,27826,untestable,8.7,12.0,same-wrap,,,,
20047,20758,same-sheet,8.5,12.7,same-wrap,,,,
20047,23544,switch,93.3,319.1,adjacent,,,,
20047,17588,switch,98.3,198.3,adjacent,,,,
20067,16890,same-sheet,44.5,150.1,same-wrap,181.2,33.8,0.02,
20067,17041,same-sheet,11.1,76.9,same-wrap,,,,
20079,23213,untestable,7.9,7.9,same-wrap,,,,
20079,24666,untestable,10.0,11.6,same-wrap,,,,
20079,20313,same-sheet,12.0,52.5,same-wrap,,,,
20080,21881,same-sheet,11.5,24.2,same-wrap,,,,
20080,22647,same-sheet,9.9,19.0,same-wrap,,,,
20080,23544,same-sheet,9.4,9.9,same-wrap,,,,
20080,23665,same-sheet,10.5,16.8,same-wrap,,,,
20082,15188,same-sheet,8.3,12.4,same-wrap,,,,
20082,17920,same-sheet,9.5,27.4,same-wrap,,,,
20102,21550,same-sheet,10.6,32.6,same-wrap,,,,
20102,21995,same-sheet,10.0,14.4,same-wrap,,,,
20102,23213,ambiguous,11.4,15.3,same-wrap,,,,
20102,24666,same-sheet,32.8,104.2,same-wrap,52.6,59.9,0.88,
20102,18774,same-sheet,10.1,34.9,same-wrap,,,,
20102,21714,same-sheet,10.2,25.0,same-wrap,,,,
20106,18892,same-sheet,10.6,45.3,same-wrap,,,,
20133,21304,same-sheet,16.7,34.4,same-wrap,,,,
20133,12100,ambiguous,72.3,246.7,adjacent,,,,
20133,12435,ambiguous,60.0,101.6,adjacent,,,,
20133,16508,same-sheet,8.4,8.5,same-wrap,,,,
20133,17388,same-sheet,10.0,10.7,same-wrap,,,,
20142,20340,same-sheet,11.8,27.7,same-wrap,,,,
20142,21907,same-sheet,9.6,18.8,same-wrap,,,,
20142,22158,same-sheet,11.0,30.1,same-wrap,,,,
20142,22240,same-sheet,10.7,29.3,same-wrap,,,,
20159,21703,same-sheet,10.2,20.9,same-wrap,,,,
20159,26395,same-sheet,9.9,30.7,same-wrap,,,,
20164,20847,same-sheet,10.0,12.5,same-wrap,,,,
20164,25226,same-sheet,10.8,18.4,same-wrap,,,,
20164,26713,same-sheet,9.7,20.4,same-wrap,,,,
20164,26759,same-sheet,10.1,15.9,same-wrap,,,,
20164,19719,untestable,8.2,8.2,same-wrap,,,,
20221,21822,same-sheet,11.5,44.1,same-wrap,,,,
20252,20405,same-sheet,8.2,11.2,same-wrap,,,,
20252,20488,same-sheet,9.1,12.6,same-wrap,,,,
20252,20498,untestable,9.4,13.0,same-wrap,,,,
20331,20738,same-sheet,9.9,13.0,same-wrap,,,,
20331,20974,untestable,11.2,14.6,same-wrap,,,,
20331,21304,same-sheet,8.0,8.3,same-wrap,,,,
20331,16634,ambiguous,129.1,342.4,adjacent,,,,
20331,17388,same-sheet,8.9,11.5,same-wrap,,,,
20331,19539,untestable,59.3,147.6,adjacent,,,,
20331,19842,same-sheet,8.8,14.7,same-wrap,,,,
20340,21907,same-sheet,10.3,16.5,same-wrap,,,,
20340,22158,same-sheet,10.3,25.7,same-wrap,,,,
20340,25097,untestable,8.9,13.3,same-wrap,,,,
20349,20381,same-sheet,9.8,9.8,same-wrap,,,,
20349,20488,same-sheet,9.6,31.7,same-wrap,,,,
20349,20708,same-sheet,8.0,8.1,same-wrap,,,,
20349,20860,same-sheet,8.9,12.3,same-wrap,,,,
20349,22041,same-sheet,8.5,9.2,same-wrap,,,,
20381,20403,same-sheet,9.5,16.6,same-wrap,,,,
20381,20708,same-sheet,10.2,17.9,same-wrap,,,,
20381,20860,same-sheet,8.2,9.6,same-wrap,,,,
20381,21652,same-sheet,9.6,22.0,same-wrap,,,,
20403,20708,same-sheet,11.8,20.3,same-wrap,,,,
20403,21652,same-sheet,8.3,8.5,same-wrap,,,,
20403,21962,same-sheet,9.8,16.5,same-wrap,,,,
20405,20488,same-sheet,8.7,10.3,same-wrap,,,,
20405,20498,untestable,9.1,15.8,same-wrap,,,,
20405,20725,untestable,8.3,9.7,same-wrap,,,,
20488,20498,untestable,8.6,11.2,same-wrap,,,,
20488,20725,untestable,10.0,14.4,same-wrap,,,,
20488,22041,untestable,8.6,8.8,same-wrap,,,,
20498,20725,untestable,9.2,15.9,same-wrap,,,,
20498,22041,untestable,11.8,14.9,same-wrap,,,,
20503,21079,same-sheet,10.1,27.3,same-wrap,,,,
20503,19842,same-sheet,8.9,12.8,same-wrap,,,,
20511,23138,same-sheet,16.6,40.0,same-wrap,,,,
20511,17297,same-sheet,17.0,29.8,same-wrap,,,,
20555,21134,same-sheet,10.2,24.2,same-wrap,,,,
20634,21820,same-sheet,9.1,12.7,same-wrap,,,,
20634,22095,same-sheet,8.7,11.2,same-wrap,,,,
20634,22943,same-sheet,8.4,11.0,same-wrap,,,,
20634,26759,same-sheet,9.1,12.8,same-wrap,,,,
20634,26904,same-sheet,8.3,9.5,same-wrap,,,,
20634,20516,same-sheet,8.4,13.9,same-wrap,,,,
20669,21050,same-sheet,9.9,20.7,same-wrap,,,,
20669,22838,same-sheet,12.5,17.8,same-wrap,,,,
20669,20598,same-sheet,10.0,15.4,same-wrap,,,,
20708,20860,same-sheet,9.8,19.7,same-wrap,,,,
20708,21652,same-sheet,9.6,15.5,same-wrap,,,,
20708,24940,same-sheet,10.4,14.6,same-wrap,,,,
20725,22041,same-sheet,9.6,10.2,same-wrap,,,,
20738,20974,untestable,8.5,10.5,same-wrap,,,,
20738,19842,same-sheet,9.3,21.1,same-wrap,,,,
20756,20920,same-sheet,8.7,9.9,same-wrap,,,,
20758,17588,switch,80.8,166.9,adjacent,,,,
20787,21079,same-sheet,9.4,53.0,same-wrap,,,,
20787,16255,switch,71.8,123.3,adjacent,,,,
20787,19842,same-sheet,8.7,9.9,same-wrap,,,,
20794,16068,untestable,9.9,9.9,same-wrap,,,,
20794,16442,untestable,9.1,14.4,same-wrap,,,,
20847,16499,switch,160.3,504.2,adjacent,,,,
20847,19719,same-sheet,10.0,23.9,same-wrap,,,,
20860,21652,same-sheet,10.4,10.4,same-wrap,,,,
20860,22824,same-sheet,18.0,19.1,unresolved,,,,
20860,24940,same-sheet,8.2,9.1,same-wrap,,,,
20860,23895,same-sheet,10.6,32.4,same-wrap,,,,
20860,25729,same-sheet,10.8,16.4,same-wrap,,,,
20974,13300,same-sheet,174.5,582.6,adjacent,,,,
20974,16634,same-sheet,212.3,582.8,adjacent,,,,
20974,19539,untestable,132.0,294.5,adjacent,,,,
21050,21358,same-sheet,10.8,21.2,same-wrap,,,,
21050,20598,same-sheet,10.2,20.4,same-wrap,,,,
21079,19842,same-sheet,15.9,60.2,same-wrap,,,,
21096,21228,untestable,8.5,9.7,same-wrap,,,,
21096,18811,same-sheet,15.1,35.4,same-wrap,,,,
21096,18845,same-sheet,11.5,41.9,same-wrap,,,,
21134,21913,same-sheet,9.8,16.4,same-wrap,,,,
21134,21928,same-sheet,10.0,23.3,same-wrap,,,,
21134,22295,same-sheet,8.4,8.4,same-wrap,,,,
21134,32412,same-sheet,204.8,1032.5,adjacent,,,,
21134,20075,same-sheet,21.4,47.9,same-wrap,,,,
21264,22389,same-sheet,30.9,74.1,same-wrap,,,,
21264,22824,same-sheet,53.0,77.9,adjacent,,,,
21264,16632,same-sheet,10.9,13.4,same-wrap,,,,
21264,17424,same-sheet,13.1,41.6,same-wrap,,,,
21274,21347,same-sheet,8.9,17.5,same-wrap,,,,
21274,21670,same-sheet,9.6,39.3,same-wrap,,,,
21274,21820,same-sheet,10.4,37.3,same-wrap,,,,
21274,22838,same-sheet,10.8,22.2,same-wrap,,,,
21274,20516,same-sheet,8.4,10.0,same-wrap,,,,
21274,20598,same-sheet,11.2,22.5,same-wrap,,,,
21279,10989,ambiguous,88.5,257.8,adjacent,,,,
21279,12100,ambiguous,84.5,255.8,adjacent,,,,
21304,12100,switch,70.7,109.8,adjacent,,,,
21304,12435,ambiguous,112.3,287.7,adjacent,,,,
21304,17388,same-sheet,8.9,13.8,same-wrap,,,,
21304,19842,same-sheet,10.3,21.7,same-wrap,,,,
21347,21670,same-sheet,10.9,40.0,same-wrap,,,,
21347,21820,same-sheet,13.3,50.4,same-wrap,,,,
21347,22838,ambiguous,9.6,45.0,same-wrap,,,,
21347,22917,switch,25.4,64.0,same-wrap,,,,
21347,20598,same-sheet,9.0,9.0,same-wrap,,,,
21358,20516,same-sheet,8.9,12.4,same-wrap,,,,
21358,20598,same-sheet,8.1,8.1,same-wrap,,,,
21399,21822,same-sheet,8.2,9.3,same-wrap,,,,
21399,25795,same-sheet,14.1,35.8,same-wrap,,,,
21399,28324,same-sheet,9.7,14.5,same-wrap,,,,
21495,22174,same-sheet,10.1,12.4,same-wrap,,,,
21495,26712,ambiguous,203.4,508.1,adjacent,,,,
21495,37320,ambiguous,111.4,335.1,adjacent,,,,
21550,21596,same-sheet,10.9,20.3,same-wrap,,,,
21550,21809,same-sheet,9.6,15.9,same-wrap,,,,
21550,21995,same-sheet,11.2,27.6,same-wrap,,,,
21550,18774,same-sheet,10.6,16.8,same-wrap,,,,
21550,21622,same-sheet,8.5,13.0,same-wrap,,,,
21550,21714,same-sheet,10.1,36.2,same-wrap,,,,
21590,21796,same-sheet,11.1,17.9,same-wrap,,,,
21590,22198,same-sheet,12.0,27.6,same-wrap,,,,
21590,22264,same-sheet,9.6,13.0,same-wrap,,,,
21590,22878,untestable,9.7,12.1,same-wrap,,,,
21590,20086,untestable,8.8,13.3,same-wrap,,,,
21596,21809,same-sheet,8.4,10.0,same-wrap,,,,
21596,21622,same-sheet,9.8,12.5,same-wrap,,,,
21596,21714,same-sheet,11.9,78.7,same-wrap,,,,
21596,21831,same-sheet,8.9,21.6,same-wrap,,,,
21652,21962,same-sheet,9.1,14.3,same-wrap,,,,
21652,24940,same-sheet,9.3,12.2,same-wrap,,,,
21670,21820,same-sheet,8.6,12.1,same-wrap,,,,
21670,22838,same-sheet,9.3,10.8,same-wrap,,,,
21703,26395,same-sheet,11.7,20.5,same-wrap,,,,
21721,21732,untestable,9.5,9.6,same-wrap,,,,
21721,21809,same-sheet,9.2,14.3,same-wrap,,,,
21721,22613,same-sheet,9.0,11.0,same-wrap,,,,
21721,22790,same-sheet,10.2,32.0,same-wrap,,,,
21721,21622,same-sheet,9.1,16.9,same-wrap,,,,
21721,21831,same-sheet,11.2,23.6,same-wrap,,,,
21721,22600,same-sheet,10.0,16.4,same-wrap,,,,
21732,22561,untestable,9.4,15.4,same-wrap,,,,
21732,22613,same-sheet,8.9,10.0,same-wrap,,,,
21732,22790,same-sheet,11.3,25.3,same-wrap,,,,
21732,26078,untestable,11.0,22.7,same-wrap,,,,
21794,22263,same-sheet,9.5,10.0,same-wrap,,,,
21794,23756,same-sheet,8.7,12.1,same-wrap,,,,
21794,33988,untestable,18.6,18.6,same-wrap,,,,
21794,34844,same-sheet,14.3,24.9,same-wrap,,,,
21794,21814,same-sheet,13.6,32.5,same-wrap,,,,
21796,22198,same-sheet,9.4,18.4,same-wrap,,,,
21796,22264,same-sheet,9.1,14.1,same-wrap,,,,
21796,22878,untestable,8.0,8.0,same-wrap,,,,
21796,22962,same-sheet,8.9,10.5,same-wrap,,,,
21796,23455,same-sheet,10.9,20.2,same-wrap,,,,
21796,20086,untestable,16.3,21.6,same-wrap,,,,
21809,21910,same-sheet,10.2,21.3,same-wrap,,,,
21809,21995,same-sheet,10.6,27.8,same-wrap,,,,
21809,22005,same-sheet,11.3,28.3,same-wrap,,,,
21809,22613,same-sheet,8.5,8.8,same-wrap,,,,
21809,21622,same-sheet,8.8,19.8,same-wrap,,,,
21809,22147,same-sheet,9.3,21.1,same-wrap,,,,
21809,22505,same-sheet,13.7,43.8,same-wrap,,,,
21820,22095,same-sheet,9.0,16.7,same-wrap,,,,
21820,22276,same-sheet,11.2,29.2,same-wrap,,,,
21820,22838,same-sheet,9.2,12.9,same-wrap,,,,
21820,26849,same-sheet,9.3,9.3,same-wrap,,,,
21820,20516,same-sheet,9.0,12.7,same-wrap,,,,
21822,28324,same-sheet,9.0,14.0,same-wrap,,,,
21822,15425,same-sheet,8.7,8.8,same-wrap,,,,
21858,23554,same-sheet,12.5,56.9,same-wrap,,,,
21858,23685,untestable,8.5,8.5,same-wrap,,,,
21858,17361,ambiguous,45.2,74.0,adjacent,,,,
21858,18892,same-sheet,14.9,21.5,same-wrap,,,,
21881,22240,same-sheet,8.2,12.4,same-wrap,,,,
21881,23665,same-sheet,10.5,28.2,same-wrap,,,,
21881,24171,switch,8.1,8.1,same-wrap,,,,
21907,22158,same-sheet,10.1,22.2,same-wrap,,,,
21907,22240,same-sheet,8.0,8.0,same-wrap,,,,
21907,25097,untestable,10.5,37.6,same-wrap,,,,
21907,23008,untestable,8.9,10.1,same-wrap,,,,
21910,21995,same-sheet,8.8,12.7,same-wrap,,,,
21910,22005,same-sheet,9.5,20.1,same-wrap,,,,
21910,23871,same-sheet,10.6,22.1,same-wrap,,,,
21910,22505,same-sheet,9.6,18.7,same-wrap,,,,
21913,21928,untestable,8.8,11.5,same-wrap,,,,
21913,22295,untestable,8.4,10.7,same-wrap,,,,
21928,22295,same-sheet,11.5,24.4,same-wrap,,,,
21928,32412,same-sheet,177.1,924.6,adjacent,,,,
21928,20075,same-sheet,10.7,52.3,same-wrap,,,,
21928,34928,ambiguous,92.3,234.3,adjacent,,,,
21936,23298,untestable,10.0,14.5,same-wrap,,,,
21936,23903,untestable,10.4,13.7,same-wrap,,,,
21936,24057,untestable,11.4,18.6,same-wrap,,,,
21962,26123,ambiguous,127.8,315.2,adjacent,,,,
21962,27099,same-sheet,9.3,13.4,same-wrap,,,,
21962,29314,same-sheet,16.3,30.8,same-wrap,,,,
21962,30432,same-sheet,43.9,60.5,unresolved,,,,
21962,33049,same-sheet,43.8,62.1,same-wrap,,,,
21962,44059,ambiguous,81.6,142.5,adjacent,,,,
21995,24673,same-sheet,8.3,8.6,same-wrap,,,,
21995,21622,untestable,8.8,9.0,same-wrap,,,,
22005,23871,same-sheet,9.2,11.1,same-wrap,,,,
22005,22147,ambiguous,12.9,39.6,same-wrap,,,,
22005,22505,same-sheet,9.6,42.2,same-wrap,,,,
22041,22389,same-sheet,9.7,18.5,same-wrap,,,,
22041,22109,untestable,8.9,13.5,same-wrap,,,,
22095,22276,same-sheet,9.8,45.9,same-wrap,,,,
22095,22302,same-sheet,9.7,23.6,same-wrap,,,,
22095,22943,same-sheet,9.4,24.0,same-wrap,,,,
22095,23146,same-sheet,9.1,11.4,same-wrap,,,,
22095,23868,same-sheet,9.5,16.0,same-wrap,,,,
22095,24510,same-sheet,9.7,16.0,same-wrap,,,,
22095,26904,same-sheet,9.7,18.9,same-wrap,,,,
22128,21831,same-sheet,12.2,44.4,same-wrap,,,,
22128,22600,same-sheet,10.9,20.7,same-wrap,,,,
22158,22240,same-sheet,11.0,47.3,same-wrap,,,,
22158,24631,same-sheet,20.2,29.8,same-wrap,,,,
22158,25097,untestable,8.8,11.0,same-wrap,,,,
22158,23008,untestable,8.4,9.6,same-wrap,,,,
22174,22295,same-sheet,8.5,10.6,same-wrap,,,,
22174,23247,same-sheet,9.3,17.8,unresolved,,,,
22198,22264,same-sheet,10.7,40.4,same-wrap,,,,
22198,22878,untestable,8.9,14.5,same-wrap,,,,
22198,20086,same-sheet,14.9,45.5,unresolved,,,,
22238,22647,same-sheet,9.9,20.2,same-wrap,,,,
22238,22857,same-sheet,9.3,10.9,same-wrap,,,,
22238,23665,same-sheet,10.2,13.8,same-wrap,,,,
22240,24631,same-sheet,11.9,26.8,same-wrap,,,,
22240,25097,untestable,8.1,8.2,unresolved,,,,
22240,23008,untestable,8.8,10.5,same-wrap,,,,
22263,22631,ambiguous,8.9,31.2,same-wrap,,,,
22263,23756,untestable,26.2,52.2,same-wrap,,,,
22263,26404,same-sheet,9.3,13.3,same-wrap,,,,
22264,22366,same-sheet,8.3,8.7,same-wrap,,,,
22264,22525,same-sheet,9.2,10.2,same-wrap,,,,
22264,22679,same-sheet,10.8,21.0,same-wrap,,,,
22264,22878,same-sheet,11.2,32.7,same-wrap,,,,
22264,22962,same-sheet,9.0,19.9,same-wrap,,,,
22264,20086,untestable,9.9,30.1,same-wrap,,,,
22276,23146,same-sheet,8.8,13.2,same-wrap,,,,
22276,23868,same-sheet,10.1,24.0,same-wrap,,,,
22276,23987,same-sheet,14.0,41.0,same-wrap,,,,
22276,24016,same-sheet,8.7,13.9,same-wrap,,,,
22276,24495,same-sheet,13.9,42.7,same-wrap,,,,
22276,26849,same-sheet,10.9,26.4,same-wrap,,,,
22295,23154,same-sheet,9.1,16.9,same-wrap,,,,
22295,23247,same-sheet,12.9,62.2,same-wrap,,,,
22295,49315,same-sheet,9.2,9.5,same-wrap,,,,
22302,22943,same-sheet,10.1,28.1,same-wrap,,,,
22302,23146,same-sheet,8.4,9.1,same-wrap,,,,
22302,23868,same-sheet,8.7,8.9,same-wrap,,,,
22302,24510,same-sheet,9.5,18.0,same-wrap,,,,
22302,24537,untestable,8.2,8.2,same-wrap,,,,
22366,22461,same-sheet,9.2,12.3,same-wrap,,,,
22366,22525,same-sheet,9.3,14.2,same-wrap,,,,
22366,22679,same-sheet,8.1,10.0,same-wrap,,,,
22366,22962,same-sheet,8.2,8.2,same-wrap,,,,
22376,22733,same-sheet,13.9,96.9,same-wrap,19.1,18.8,0.51,140.0
22389,22824,same-sheet,15.0,54.8,same-wrap,,,,
22389,17424,switch,96.7,268.5,adjacent,,,,
22389,22109,untestable,8.8,10.7,same-wrap,,,,
22461,22525,same-sheet,9.4,17.4,same-wrap,,,,
22461,22679,untestable,8.1,8.1,same-wrap,,,,
22461,23124,same-sheet,9.7,16.8,same-wrap,,,,
22461,24730,same-sheet,9.1,12.6,same-wrap,,,,
22461,22850,untestable,9.0,9.8,same-wrap,,,,
22525,22962,same-sheet,8.9,14.2,same-wrap,,,,
22525,23124,same-sheet,10.0,18.6,same-wrap,,,,
22525,24334,same-sheet,8.5,8.5,same-wrap,,,,
22525,25218,same-sheet,8.3,8.4,same-wrap,,,,
22525,25123,untestable,8.9,8.9,same-wrap,,,,
22561,22613,same-sheet,11.0,20.0,same-wrap,,,,
22561,22790,same-sheet,10.5,29.3,same-wrap,,,,
22561,26078,untestable,12.2,37.3,same-wrap,,,,
22613,22790,same-sheet,10.2,17.5,same-wrap,,,,
22613,26078,untestable,9.4,12.1,same-wrap,,,,
22613,28822,same-sheet,8.9,12.5,same-wrap,,,,
22613,21622,same-sheet,9.6,17.0,same-wrap,,,,
22613,22147,same-sheet,8.5,10.3,same-wrap,,,,
22613,22843,same-sheet,9.6,21.3,same-wrap,,,,
22631,26404,same-sheet,10.0,19.0,same-wrap,,,,
22631,28462,untestable,8.2,8.3,unresolved,,,,
22631,22799,untestable,8.3,9.3,same-wrap,,,,
22631,24875,ambiguous,104.7,323.4,adjacent,,,,
22647,22857,same-sheet,9.4,16.7,same-wrap,,,,
22647,22894,same-sheet,8.6,12.4,same-wrap,,,,
22647,22990,same-sheet,9.6,21.3,same-wrap,,,,
22647,23665,same-sheet,10.2,30.4,same-wrap,,,,
22647,24171,same-sheet,10.7,19.8,same-wrap,,,,
22679,22710,untestable,10.1,10.2,same-wrap,,,,
22679,24730,untestable,8.2,8.9,same-wrap,,,,
22679,20086,untestable,8.8,14.9,same-wrap,,,,
22710,24730,untestable,22.7,56.7,adjacent,,,,
22710,28462,untestable,9.0,18.9,same-wrap,,,,
22710,22850,untestable,11.0,38.1,unresolved,,,,
22790,24335,same-sheet,9.1,14.8,same-wrap,,,,
22790,22600,same-sheet,8.3,10.4,same-wrap,,,,
22824,17424,ambiguous,92.3,270.6,adjacent,,,,
22838,22917,same-sheet,8.7,11.5,same-wrap,,,,
22838,20598,same-sheet,12.4,25.6,same-wrap,,,,
22857,22894,same-sheet,10.0,29.7,same-wrap,,,,
22857,23895,untestable,8.7,8.8,same-wrap,,,,
22878,31308,same-sheet,11.6,26.4,same-wrap,,,,
22878,31582,same-sheet,10.7,21.9,same-wrap,,,,
22894,23027,same-sheet,8.3,8.3,same-wrap,,,,
22894,23895,same-sheet,9.8,16.9,same-wrap,,,,
22909,29364,untestable,45.0,65.1,same-wrap,,,,
22909,32064,same-sheet,10.9,23.9,same-wrap,,,,
22909,33634,same-sheet,10.5,22.5,same-wrap,,,,
22917,24495,switch,8.3,13.0,same-wrap,,,,
22917,24683,same-sheet,9.4,10.8,same-wrap,,,,
22917,26849,same-sheet,10.0,20.9,same-wrap,,,,
22943,24510,ambiguous,10.4,18.7,same-wrap,,,,
22943,26904,untestable,8.1,9.7,same-wrap,,,,
22962,23455,same-sheet,8.8,9.4,same-wrap,,,,
22962,24540,untestable,8.0,8.0,same-wrap,,,,
22962,25218,same-sheet,8.5,17.3,same-wrap,,,,
23124,24334,same-sheet,8.5,8.7,same-wrap,,,,
23124,26142,untestable,8.1,8.1,same-wrap,,,,
23124,22850,same-sheet,8.8,10.3,same-wrap,,,,
23124,26501,same-sheet,8.5,8.8,same-wrap,,,,
23138,17297,untestable,14.7,26.8,same-wrap,,,,
23146,23868,same-sheet,9.3,21.0,same-wrap,,,,
23146,24510,same-sheet,9.0,9.1,same-wrap,,,,
23154,23247,same-sheet,10.5,12.0,same-wrap,,,,
23154,39092,ambiguous,64.6,89.5,unresolved,,,,
23154,41235,ambiguous,41.2,74.3,unresolved,,,,
23154,24677,same-sheet,9.4,11.7,same-wrap,,,,
23178,23221,same-sheet,9.6,17.8,same-wrap,,,,
23178,24673,same-sheet,10.3,23.3,same-wrap,,,,
23178,26404,same-sheet,11.1,17.2,same-wrap,,,,
23178,28462,same-sheet,45.5,79.4,adjacent,,,,
23178,22799,same-sheet,10.3,68.1,same-wrap,,,,
23178,24518,same-sheet,11.1,30.9,same-wrap,,,,
23213,23934,same-sheet,15.0,41.7,same-wrap,,,,
23213,24492,same-sheet,10.1,18.9,same-wrap,,,,
23213,24666,same-sheet,13.0,47.5,same-wrap,,,,
23213,18774,untestable,10.4,10.6,same-wrap,,,,
23213,20313,same-sheet,8.7,12.0,same-wrap,,,,
23213,21714,same-sheet,11.8,19.3,same-wrap,,,,
23221,23871,same-sheet,9.6,15.3,same-wrap,,,,
23221,24673,same-sheet,10.5,26.3,same-wrap,,,,
23221,25162,same-sheet,9.3,22.0,same-wrap,,,,
23221,26404,same-sheet,9.6,25.1,same-wrap,,,,
23221,22799,same-sheet,9.4,17.0,same-wrap,,,,
23221,24518,same-sheet,9.9,31.9,same-wrap,,,,
23247,23909,same-sheet,9.2,30.6,same-wrap,,,,
23247,24219,ambiguous,8.9,10.1,same-wrap,,,,
23247,24677,same-sheet,9.3,13.7,same-wrap,,,,
23264,27987,same-sheet,9.2,20.3,same-wrap,,,,
23264,8266,ambiguous,10.6,14.9,same-wrap,,,,
23264,8772,ambiguous,152.1,358.2,adjacent,,,,
23264,30868,same-sheet,10.2,19.8,unresolved,,,,
23298,23903,same-sheet,9.6,29.0,same-wrap,,,,
23298,24057,same-sheet,9.5,12.1,same-wrap,,,,
23298,24329,same-sheet,8.3,8.3,unresolved,,,,
23298,24875,same-sheet,9.5,30.1,same-wrap,,,,
23455,23843,same-sheet,9.5,23.2,same-wrap,,,,
23455,24061,same-sheet,9.0,20.5,same-wrap,,,,
23455,25218,same-sheet,8.8,11.0,same-wrap,,,,
23470,23839,same-sheet,9.2,15.4,same-wrap,,,,
23470,24099,same-sheet,9.2,19.9,same-wrap,,,,
23470,9786,same-sheet,8.9,9.6,same-wrap,,,,
23470,10769,ambiguous,44.1,101.3,unresolved,,,,
23470,13340,switch,107.9,328.2,adjacent,,,,
23470,20729,same-sheet,10.8,61.4,same-wrap,,,,
23507,16490,ambiguous,136.3,505.7,adjacent,,,,
23507,17405,same-sheet,10.3,45.2,same-wrap,,,,
23507,18075,ambiguous,205.0,631.4,adjacent,,,,
23507,19719,same-sheet,9.0,14.5,same-wrap,,,,
23507,22616,same-sheet,11.3,14.6,same-wrap,,,,
23544,17588,same-sheet,26.4,56.8,same-wrap,,,,
23548,23027,switch,109.9,259.4,adjacent,,,,
23554,23685,same-sheet,7.9,7.9,same-wrap,,,,
23554,25208,switch,123.1,260.5,adjacent,,,,
23554,26757,ambiguous,69.1,122.8,adjacent,,,,
23554,28153,ambiguous,112.3,262.3,adjacent,,,,
23554,30564,untestable,11.6,17.5,same-wrap,,,,
23592,23685,same-sheet,9.6,18.0,same-wrap,,,,
23592,25162,same-sheet,9.3,10.3,same-wrap,,,,
23665,24171,same-sheet,10.7,27.3,same-wrap,,,,
23665,25843,same-sheet,12.2,14.1,same-wrap,,,,
23685,25162,same-sheet,9.2,13.4,same-wrap,,,,
23685,27346,untestable,9.5,9.5,same-wrap,,,,
23685,30564,same-sheet,15.4,22.5,same-wrap,,,,
23685,31112,same-sheet,10.2,26.1,same-wrap,,,,
23685,22505,same-sheet,8.5,10.1,same-wrap,,,,
23756,31229,same-sheet,9.1,10.1,same-wrap,,,,
23756,21814,untestable,10.3,42.2,same-wrap,,,,
23839,24099,same-sheet,9.1,32.0,same-wrap,,,,
23843,24061,same-sheet,9.0,25.8,same-wrap,,,,
23843,24615,same-sheet,8.8,11.0,same-wrap,,,,
23843,36784,same-sheet,8.9,8.9,same-wrap,,,,
23868,23987,same-sheet,10.7,11.6,same-wrap,,,,
23868,24016,same-sheet,9.7,27.4,same-wrap,,,,
23868,24227,same-sheet,8.8,17.9,same-wrap,,,,
23868,24510,same-sheet,8.4,11.1,same-wrap,,,,
23868,24537,same-sheet,8.8,11.7,same-wrap,,,,
23868,25732,same-sheet,10.1,24.6,same-wrap,,,,
23871,24673,same-sheet,11.0,11.9,same-wrap,,,,
23871,25162,same-sheet,9.5,23.7,same-wrap,,,,
23871,22505,same-sheet,10.2,20.4,same-wrap,,,,
23903,24057,same-sheet,10.6,28.3,same-wrap,,,,
23903,25119,same-sheet,9.8,11.6,same-wrap,,,,
23903,24329,same-sheet,10.3,19.3,same-wrap,,,,
23903,24875,same-sheet,9.2,12.2,same-wrap,,,,
23909,24219,untestable,14.5,17.1,same-wrap,,,,
23909,24313,untestable,8.7,8.7,same-wrap,,,,
23909,24499,same-sheet,9.3,17.0,same-wrap,,,,
23909,24553,same-sheet,10.9,19.1,same-wrap,,,,
23909,25416,same-sheet,10.1,18.1,same-wrap,,,,
23909,25825,untestable,17.0,17.1,same-wrap,,,,
23909,27405,same-sheet,11.3,34.2,same-wrap,,,,
23909,24677,untestable,10.8,17.1,same-wrap,,,,
23934,24492,untestable,11.2,11.5,same-wrap,,,,
23934,24615,ambiguous,209.9,833.4,adjacent,,,,
23934,24787,same-sheet,10.9,26.4,same-wrap,,,,
23934,27405,same-sheet,9.1,11.1,same-wrap,,,,
23934,39706,ambiguous,110.1,346.6,adjacent,,,,
23934,20313,ambiguous,29.3,111.2,adjacent,,,,
23934,36784,ambiguous,113.1,316.0,adjacent,,,,
23987,24016,same-sheet,10.2,15.0,same-wrap,,,,
23987,24495,same-sheet,9.6,21.0,same-wrap,,,,
23987,24683,same-sheet,9.2,12.8,same-wrap,,,,
23987,26849,same-sheet,11.6,37.7,same-wrap,,,,
24016,24227,same-sheet,9.3,14.3,same-wrap,,,,
24016,24510,ambiguous,8.7,11.1,same-wrap,,,,
24016,24683,same-sheet,8.3,9.6,same-wrap,,,,
24016,25641,same-sheet,8.8,16.2,same-wrap,,,,
24016,25732,same-sheet,9.0,16.1,same-wrap,,,,
24057,24139,same-sheet,8.7,10.8,same-wrap,,,,
24057,24329,same-sheet,8.8,14.7,same-wrap,,,,
24057,24875,untestable,11.9,12.6,same-wrap,,,,
24057,25987,same-sheet,8.5,8.5,same-wrap,,,,
24061,24615,same-sheet,8.2,8.6,same-wrap,,,,
24061,28779,same-sheet,12.7,56.3,same-wrap,,,,
24061,34259,same-sheet,13.0,36.0,same-wrap,,,,
24139,26735,same-sheet,10.1,11.9,same-wrap,,,,
24139,39099,switch,93.4,345.7,adjacent,,,,
24139,24329,same-sheet,8.9,12.3,same-wrap,,,,
24139,24522,same-sheet,20.1,74.9,adjacent,,,,
24139,25987,same-sheet,16.8,61.1,adjacent,,,,
24171,26355,same-sheet,10.3,14.2,same-wrap,,,,
24171,30288,ambiguous,172.5,441.2,adjacent,,,,
24171,25843,same-sheet,8.7,22.4,same-wrap,,,,
24219,24313,same-sheet,9.4,21.3,same-wrap,,,,
24219,25416,same-sheet,11.2,24.4,same-wrap,,,,
24219,24677,same-sheet,8.7,12.8,same-wrap,,,,
24227,24510,same-sheet,9.2,31.6,same-wrap,,,,
24227,24537,same-sheet,9.6,25.8,same-wrap,,,,
24227,24856,same-sheet,8.5,11.6,same-wrap,,,,
24227,25732,same-sheet,9.0,18.6,same-wrap,,,,
24227,38225,same-sheet,11.4,16.5,same-wrap,,,,
24313,25416,same-sheet,9.0,9.0,same-wrap,,,,
24313,26786,same-sheet,10.5,14.6,same-wrap,,,,
24313,29285,same-sheet,10.9,17.0,same-wrap,,,,
24313,24677,same-sheet,9.7,14.2,same-wrap,,,,
24313,25758,same-sheet,11.7,18.8,same-wrap,,,,
24334,24540,same-sheet,10.2,14.8,same-wrap,,,,
24334,25524,same-sheet,10.6,15.5,same-wrap,,,,
24334,26142,same-sheet,9.8,18.3,same-wrap,,,,
24334,25123,same-sheet,15.3,20.6,same-wrap,,,,
24334,25430,same-sheet,19.9,67.2,same-wrap,,,,
24335,25090,same-sheet,9.4,23.1,same-wrap,,,,
24335,27139,same-sheet,8.3,12.8,same-wrap,,,,
24335,33491,same-sheet,11.3,20.7,same-wrap,,,,
24335,22600,same-sheet,10.5,23.1,same-wrap,,,,
24495,24683,same-sheet,8.8,13.2,same-wrap,,,,
24495,26849,same-sheet,10.0,47.5,same-wrap,,,,
24499,24553,same-sheet,9.6,12.6,same-wrap,,,,
24499,25416,same-sheet,10.1,13.8,same-wrap,,,,
24499,25825,same-sheet,8.9,14.0,same-wrap,,,,
24499,27405,same-sheet,9.5,18.6,same-wrap,,,,
24510,24537,same-sheet,9.4,17.9,same-wrap,,,,
24510,24856,same-sheet,11.3,14.9,same-wrap,,,,
24537,24856,same-sheet,10.2,31.7,same-wrap,,,,
24540,25218,same-sheet,9.7,16.5,same-wrap,,,,
24540,25524,same-sheet,9.5,14.8,same-wrap,,,,
24540,26142,same-sheet,10.2,15.1,same-wrap,,,,
24540,25123,same-sheet,11.0,18.8,same-wrap,,,,
24540,25430,same-sheet,20.4,66.5,unresolved,,,,
24553,24787,same-sheet,10.4,18.8,same-wrap,,,,
24553,25416,same-sheet,9.6,12.8,same-wrap,,,,
24553,25825,same-sheet,10.1,19.3,same-wrap,,,,
24553,26244,same-sheet,11.5,19.8,same-wrap,,,,
24553,27405,same-sheet,10.8,34.1,same-wrap,,,,
24615,24813,untestable,8.7,8.7,same-wrap,,,,
24615,29476,same-sheet,9.8,21.2,same-wrap,,,,
24615,34259,same-sheet,9.9,16.8,same-wrap,,,,
24615,39706,same-sheet,15.8,46.9,same-wrap,,,,
24615,36784,same-sheet,11.0,39.5,same-wrap,,,,
24631,25097,untestable,12.6,25.9,same-wrap,,,,
24631,39360,untestable,18.6,62.9,same-wrap,,,,
24631,23008,same-sheet,15.1,31.6,same-wrap,,,,
24666,18774,same-sheet,9.0,15.1,same-wrap,,,,
24666,20313,same-sheet,10.8,67.2,same-wrap,,,,
24673,24518,same-sheet,8.3,8.9,same-wrap,,,,
24683,25641,same-sheet,9.1,10.5,same-wrap,,,,
24683,26849,same-sheet,10.0,19.5,same-wrap,,,,
24683,29482,untestable,8.7,12.9,same-wrap,,,,
24730,28462,untestable,36.2,54.0,adjacent,,,,
24730,22850,same-sheet,9.0,10.0,same-wrap,,,,
24787,26244,same-sheet,8.7,12.8,same-wrap,,,,
24787,27405,same-sheet,9.0,13.2,same-wrap,,,,
24813,26231,same-sheet,8.5,11.0,same-wrap,,,,
24813,26276,same-sheet,8.6,10.4,same-wrap,,,,
24813,29476,same-sheet,9.9,29.5,same-wrap,,,,
24813,39706,same-sheet,8.2,15.7,same-wrap,,,,
24856,25732,same-sheet,8.9,12.5,same-wrap,,,,
24856,28096,untestable,8.6,9.6,same-wrap,,,,
24856,28132,same-sheet,13.0,26.8,same-wrap,,,,
24856,28687,same-sheet,11.0,17.8,same-wrap,,,,
24856,38225,same-sheet,9.2,19.5,same-wrap,,,,
24856,27786,same-sheet,8.8,14.4,same-wrap,,,,
24940,25729,same-sheet,12.7,28.4,same-wrap,,,,
25090,27139,same-sheet,9.8,17.7,same-wrap,,,,
25097,23008,untestable,10.1,27.4,same-wrap,,,,
25119,25208,same-sheet,10.6,40.4,same-wrap,,,,
25119,32206,same-sheet,8.0,8.0,same-wrap,,,,
25119,24329,same-sheet,8.9,11.1,same-wrap,,,,
25119,24875,same-sheet,9.6,19.7,same-wrap,,,,
25119,26501,same-sheet,8.0,8.0,same-wrap,,,,
25119,27134,same-sheet,13.0,21.4,same-wrap,,,,
25162,26404,same-sheet,9.1,12.7,same-wrap,,,,
25162,22505,same-sheet,11.1,16.0,same-wrap,,,,
25208,25366,same-sheet,12.5,34.4,same-wrap,,,,
25208,26757,same-sheet,9.4,30.3,same-wrap,,,,
25208,28153,same-sheet,9.2,24.5,same-wrap,,,,
25208,32206,same-sheet,9.3,13.7,same-wrap,,,,
25208,24329,same-sheet,10.9,19.5,same-wrap,,,,
25208,26755,untestable,10.3,10.8,same-wrap,,,,
25208,27134,same-sheet,10.3,18.5,same-wrap,,,,
25218,25507,same-sheet,9.4,28.0,same-wrap,,,,
25218,25617,same-sheet,9.5,13.7,same-wrap,,,,
25218,25748,same-sheet,465.4,4321.6,same-wrap,8.9,19.0,6.86,100.0
25218,25841,same-sheet,10.4,43.2,same-wrap,,,,
25218,29094,same-sheet,9.0,18.5,same-wrap,,,,
25218,25123,same-sheet,9.4,11.8,same-wrap,,,,
25226,26713,untestable,9.4,14.1,same-wrap,,,,
25226,26759,untestable,9.5,19.3,same-wrap,,,,
25271,17074,untestable,10.2,18.9,same-wrap,,,,
25347,26296,untestable,11.2,49.9,unresolved,,,,
25347,26910,same-sheet,15.0,48.5,same-wrap,,,,
25347,33278,switch,65.6,81.8,adjacent,,,,
25347,22850,switch,64.8,86.8,adjacent,,,,
25347,24875,same-sheet,10.1,17.5,same-wrap,,,,
25347,31837,ambiguous,65.3,156.7,adjacent,,,,
25366,26535,same-sheet,8.7,9.3,same-wrap,,,,
25366,26601,same-sheet,9.2,14.4,same-wrap,,,,
25366,26757,same-sheet,10.1,21.4,same-wrap,,,,
25366,29168,untestable,8.4,8.4,same-wrap,,,,
25366,31247,same-sheet,11.7,20.2,same-wrap,,,,
25366,31824,same-sheet,9.3,15.0,same-wrap,,,,
25366,36771,same-sheet,10.2,16.8,same-wrap,,,,
25366,26755,same-sheet,9.8,20.2,same-wrap,,,,
25366,27134,same-sheet,9.4,12.8,same-wrap,,,,
25416,25825,same-sheet,9.6,12.9,same-wrap,,,,
25416,27405,untestable,9.4,9.5,same-wrap,,,,
25507,25841,same-sheet,10.9,17.8,same-wrap,,,,
25524,26142,same-sheet,12.9,45.0,same-wrap,,,,
25524,26416,same-sheet,8.2,8.2,same-wrap,,,,
25524,26873,same-sheet,11.3,16.9,same-wrap,,,,
25524,32206,same-sheet,9.2,17.0,same-wrap,,,,
25524,25123,same-sheet,10.6,11.9,unresolved,,,,
25524,25430,same-sheet,13.5,69.6,unresolved,,,,
25543,24522,ambiguous,67.0,92.5,adjacent,,,,
25543,25913,same-sheet,10.2,17.8,adjacent,,,,
25543,33049,same-sheet,61.2,105.9,adjacent,,,,
25617,25748,same-sheet,9.4,14.1,same-wrap,,,,
25617,29094,same-sheet,9.2,12.6,same-wrap,,,,
25641,25732,same-sheet,9.7,16.4,same-wrap,,,,
25641,29482,same-sheet,10.2,14.6,same-wrap,,,,
25641,29698,same-sheet,10.5,34.4,same-wrap,,,,
25732,25876,ambiguous,16.3,27.4,same-wrap,,,,
25732,26095,same-sheet,10.9,37.4,same-wrap,,,,
25732,29698,same-sheet,9.2,11.5,same-wrap,,,,
25732,38225,ambiguous,9.7,21.6,same-wrap,,,,
25748,26105,same-sheet,9.2,20.6,same-wrap,,,,
25748,26416,same-sheet,9.7,16.7,same-wrap,,,,
25748,29094,same-sheet,9.7,21.7,same-wrap,,,,
25748,25430,same-sheet,8.1,9.3,same-wrap,,,,
25795,28324,same-sheet,12.1,17.2,same-wrap,,,,
25795,16890,same-sheet,9.5,17.3,same-wrap,,,,
25825,27405,same-sheet,8.6,9.2,same-wrap,,,,
25825,29285,same-sheet,9.6,12.2,same-wrap,,,,
25841,26854,same-sheet,10.0,18.5,same-wrap,,,,
25841,28168,same-sheet,9.2,11.4,same-wrap,,,,
25841,28779,untestable,8.1,8.1,same-wrap,,,,
25841,29094,same-sheet,10.3,15.4,same-wrap,,,,
25876,26095,same-sheet,9.9,20.2,same-wrap,,,,
25876,27919,untestable,9.2,12.4,same-wrap,,,,
25876,29579,ambiguous,11.2,16.1,same-wrap,,,,
25876,29613,same-sheet,11.0,43.3,same-wrap,,,,
25876,29698,untestable,10.6,22.2,same-wrap,,,,
25876,27751,same-sheet,10.9,22.3,same-wrap,,,,
25883,26343,same-sheet,12.9,61.8,same-wrap,,,,
25883,28460,untestable,8.1,8.5,same-wrap,,,,
25883,28589,same-sheet,12.9,39.6,same-wrap,,,,
25883,39889,same-sheet,9.0,16.2,same-wrap,,,,
25883,45190,same-sheet,8.7,9.8,same-wrap,,,,
25883,24677,untestable,8.1,8.1,same-wrap,,,,
25883,25758,untestable,10.5,14.5,same-wrap,,,,
26078,22843,untestable,8.5,9.7,same-wrap,,,,
26095,29579,same-sheet,9.3,16.2,same-wrap,,,,
26095,29613,same-sheet,12.3,25.0,same-wrap,,,,
26095,29698,untestable,8.9,10.0,same-wrap,,,,
26095,38225,ambiguous,8.9,11.6,same-wrap,,,,
26095,27751,same-sheet,13.1,48.7,same-wrap,,,,
26105,28813,untestable,8.6,12.6,same-wrap,,,,
26105,29094,same-sheet,13.4,23.0,same-wrap,,,,
26105,29277,same-sheet,9.1,12.2,same-wrap,,,,
26123,26735,same-sheet,8.7,12.7,same-wrap,,,,
26123,27099,ambiguous,128.3,472.3,adjacent,,,,
26123,29168,untestable,11.1,11.1,same-wrap,,,,
26123,25913,same-sheet,10.6,19.7,same-wrap,,,,
26123,25987,same-sheet,8.5,12.8,same-wrap,,,,
26123,27134,same-sheet,9.5,10.6,same-wrap,,,,
26123,33049,same-sheet,18.7,49.1,same-wrap,,,,
26142,26873,same-sheet,11.8,12.2,same-wrap,,,,
26142,32206,same-sheet,9.9,21.0,same-wrap,,,,
26142,26501,untestable,8.0,8.0,same-wrap,,,,
26231,26276,same-sheet,10.0,25.6,same-wrap,,,,
26231,26331,same-sheet,10.5,14.4,same-wrap,,,,
26231,27480,same-sheet,9.0,11.3,same-wrap,,,,
26231,28365,same-sheet,8.9,10.2,same-wrap,,,,
26231,39706,same-sheet,8.5,9.0,same-wrap,,,,
26244,27405,untestable,10.0,24.4,same-wrap,,,,
26244,33491,same-sheet,12.6,22.2,same-wrap,,,,
26244,22600,same-sheet,11.5,17.6,same-wrap,,,,
26276,26331,ambiguous,11.1,16.8,same-wrap,,,,
26276,26712,same-sheet,21.5,24.4,same-wrap,,,,
26276,27480,same-sheet,11.4,32.3,same-wrap,,,,
26276,28365,same-sheet,11.4,39.5,same-wrap,,,,
26276,26793,same-sheet,11.9,31.0,same-wrap,,,,
26276,29858,untestable,8.5,8.5,same-wrap,,,,
26296,26910,untestable,8.1,9.5,same-wrap,,,,
26296,27493,untestable,9.0,11.4,same-wrap,,,,
26296,33278,untestable,8.2,8.2,same-wrap,,,,
26296,22850,switch,84.1,125.8,adjacent,,,,
26296,26501,same-sheet,41.7,65.5,adjacent,,,,
26296,29309,same-sheet,10.5,11.9,same-wrap,,,,
26296,31837,same-sheet,35.2,68.5,unresolved,,,,
26331,26712,ambiguous,9.7,17.3,same-wrap,,,,
26331,27480,ambiguous,9.0,10.5,same-wrap,,,,
26343,26786,same-sheet,11.6,20.5,same-wrap,,,,
26343,25758,same-sheet,16.2,57.6,same-wrap,,,,
26355,26363,same-sheet,10.7,11.2,same-wrap,,,,
26355,39360,same-sheet,11.5,20.8,same-wrap,,,,
26355,25843,same-sheet,11.0,27.8,same-wrap,,,,
26363,25729,ambiguous,10.7,16.1,same-wrap,,,,
26363,25843,ambiguous,9.3,10.3,same-wrap,,,,
26395,14451,same-sheet,10.6,72.3,same-wrap,,,,
26404,28462,untestable,10.9,11.6,unresolved,,,,
26404,22799,same-sheet,9.6,26.1,same-wrap,,,,
26404,24875,ambiguous,184.6,630.9,adjacent,,,,
26416,26873,same-sheet,8.8,8.9,same-wrap,,,,
26416,27161,same-sheet,11.1,22.6,same-wrap,,,,
26416,27655,same-sheet,10.9,18.9,same-wrap,,,,
26416,29277,same-sheet,9.7,11.1,same-wrap,,,,
26416,32206,same-sheet,9.3,16.5,same-wrap,,,,
26416,25430,same-sheet,10.3,22.7,same-wrap,,,,
26535,26601,same-sheet,8.8,12.3,same-wrap,,,,
26535,27807,same-sheet,8.8,12.7,same-wrap,,,,
26535,36771,same-sheet,10.7,17.1,same-wrap,,,,
26535,26755,same-sheet,8.7,17.4,same-wrap,,,,
26580,27346,untestable,8.4,10.7,same-wrap,,,,
26580,22843,untestable,10.7,21.2,same-wrap,,,,
26580,27826,untestable,9.5,12.3,same-wrap,,,,
26601,27807,same-sheet,9.9,19.7,same-wrap,,,,
26601,36771,same-sheet,11.4,29.1,same-wrap,,,,
26601,26755,same-sheet,10.3,34.2,same-wrap,,,,
26712,27480,ambiguous,8.7,15.4,same-wrap,,,,
26712,37320,same-sheet,28.5,67.9,same-wrap,,,,
26712,38189,ambiguous,17.2,48.3,same-wrap,,,,
26712,39706,same-sheet,8.9,9.1,same-wrap,,,,
26713,26759,ambiguous,8.8,9.9,same-wrap,,,,
26713,26904,untestable,8.4,8.8,same-wrap,,,,
26735,29168,same-sheet,9.1,13.7,same-wrap,,,,
26735,24329,same-sheet,9.4,15.0,same-wrap,,,,
26735,25987,same-sheet,9.5,18.8,same-wrap,,,,
26735,27134,same-sheet,9.0,10.8,same-wrap,,,,
26735,34531,same-sheet,8.2,9.1,same-wrap,,,,
26757,28153,same-sheet,9.8,13.7,same-wrap,,,,
26757,28652,untestable,8.2,8.2,same-wrap,,,,
26757,28677,same-sheet,9.1,12.3,same-wrap,,,,
26757,31247,same-sheet,9.6,12.5,same-wrap,,,,
26759,26904,same-sheet,9.1,16.5,same-wrap,,,,
26854,27393,same-sheet,12.1,44.1,same-wrap,,,,
26854,28168,same-sheet,9.1,20.9,same-wrap,,,,
26854,28779,same-sheet,10.9,11.5,same-wrap,,,,
26854,29094,same-sheet,8.8,13.7,same-wrap,,,,
26854,27066,same-sheet,9.8,25.9,same-wrap,,,,
26873,27161,same-sheet,9.3,15.0,same-wrap,,,,
26873,32206,same-sheet,9.3,11.8,same-wrap,,,,
26910,27493,untestable,10.7,16.1,same-wrap,,,,
26910,33278,ambiguous,13.8,70.1,adjacent,,,,
26910,24875,same-sheet,20.5,58.3,adjacent,,,,
26910,31837,same-sheet,18.8,61.1,adjacent,,,,
27099,29314,same-sheet,11.1,23.3,same-wrap,,,,
27099,33988,same-sheet,9.8,18.0,same-wrap,,,,
27099,25913,same-sheet,25.8,78.1,same-wrap,,,,
27099,33049,same-sheet,41.7,79.8,same-wrap,14.0,14.4,45.18,
27139,33491,same-sheet,8.8,8.8,same-wrap,,,,
27161,27655,same-sheet,11.0,11.7,same-wrap,,,,
27161,29277,same-sheet,10.1,32.7,same-wrap,,,,
27161,32206,same-sheet,8.9,10.9,same-wrap,,,,
27346,30564,same-sheet,9.3,23.1,same-wrap,,,,
27346,31112,same-sheet,9.7,23.7,same-wrap,,,,
27346,22843,same-sheet,12.0,34.2,same-wrap,,,,
27346,27826,same-sheet,9.3,13.2,same-wrap,,,,
27393,29094,same-sheet,8.7,12.6,same-wrap,,,,
27393,27066,untestable,9.3,17.4,same-wrap,,,,
27452,27984,untestable,8.9,11.8,same-wrap,,,,
27480,28365,same-sheet,8.4,8.4,same-wrap,,,,
27480,29120,same-sheet,9.4,16.7,same-wrap,,,,
27480,29442,same-sheet,9.4,10.8,same-wrap,,,,
27480,29518,same-sheet,9.2,9.2,same-wrap,,,,
27480,30236,untestable,11.0,11.2,same-wrap,,,,
27480,33708,same-sheet,9.2,19.1,same-wrap,,,,
27480,26793,same-sheet,9.0,10.0,same-wrap,,,,
27480,29858,same-sheet,9.8,20.4,same-wrap,,,,
27493,29191,untestable,9.6,24.1,same-wrap,,,,
27493,29234,untestable,8.5,9.7,same-wrap,,,,
27493,29309,same-sheet,9.8,19.8,same-wrap,,,,
27655,28153,same-sheet,8.9,20.5,same-wrap,,,,
27655,28652,same-sheet,11.1,26.8,same-wrap,,,,
27655,28677,same-sheet,16.9,31.1,same-wrap,,,,
27655,29277,same-sheet,10.1,38.6,same-wrap,,,,
27807,29168,same-sheet,8.5,14.1,same-wrap,,,,
27807,35702,same-sheet,8.6,17.0,same-wrap,,,,
27807,37790,same-sheet,9.5,19.3,same-wrap,,,,
27807,26755,same-sheet,9.3,14.3,same-wrap,,,,
27807,28607,same-sheet,10.5,29.8,same-wrap,,,,
27919,28981,untestable,17.3,23.8,same-wrap,,,,
27919,29613,same-sheet,11.2,21.0,same-wrap,,,,
27919,29698,same-sheet,10.5,25.6,same-wrap,,,,
27919,32130,same-sheet,11.2,13.3,same-wrap,,,,
27919,27751,same-sheet,10.1,41.5,same-wrap,,,,
27919,27948,same-sheet,10.4,25.7,same-wrap,,,,
27984,29285,untestable,8.3,9.2,same-wrap,,,,
27987,30868,untestable,8.8,8.8,unresolved,,,,
28096,28132,untestable,11.7,16.1,same-wrap,,,,
28096,28687,untestable,9.8,29.2,same-wrap,,,,
28132,28687,same-sheet,10.8,41.8,same-wrap,,,,
28132,27786,same-sheet,9.7,14.5,same-wrap,,,,
28153,28652,same-sheet,10.7,53.1,same-wrap,,,,
28153,32206,same-sheet,8.8,12.6,same-wrap,,,,
28168,28779,same-sheet,8.3,8.3,same-wrap,,,,
28168,31596,same-sheet,10.7,11.8,same-wrap,,,,
28168,27066,same-sheet,11.6,22.4,same-wrap,,,,
28365,29769,same-sheet,10.9,12.8,same-wrap,,,,
28365,30517,untestable,11.6,11.6,same-wrap,,,,
28365,32103,untestable,15.9,22.5,same-wrap,,,,
28365,26793,same-sheet,10.0,18.4,same-wrap,,,,
28460,28589,same-sheet,19.3,47.5,same-wrap,,,,
28460,34840,same-sheet,9.8,17.2,same-wrap,,,,
28460,36151,same-sheet,9.3,11.1,same-wrap,,,,
28460,36766,same-sheet,9.8,39.0,same-wrap,,,,
28460,38564,same-sheet,10.9,17.2,same-wrap,,,,
28460,39889,same-sheet,9.8,18.5,same-wrap,,,,
28460,25758,same-sheet,9.4,10.4,same-wrap,,,,
28462,22799,same-sheet,31.3,57.6,same-wrap,,,,
28462,22850,ambiguous,62.2,93.5,adjacent,,,,
28462,24518,ambiguous,68.6,124.3,adjacent,,,,
28589,34840,same-sheet,10.6,20.7,same-wrap,,,,
28589,38564,same-sheet,18.7,86.6,same-wrap,41.7,28.7,0.54,
28589,39092,untestable,9.7,12.8,same-wrap,,,,
28589,24677,same-sheet,9.9,15.4,same-wrap,,,,
28589,25758,same-sheet,10.6,22.9,same-wrap,,,,
28652,28677,same-sheet,8.3,9.0,same-wrap,,,,
28652,29277,same-sheet,9.4,25.1,same-wrap,,,,
28652,31666,untestable,9.1,9.1,same-wrap,,,,
28677,29277,same-sheet,9.1,11.9,same-wrap,,,,
28677,31247,same-sheet,10.8,56.0,same-wrap,,,,
28677,31666,same-sheet,10.4,19.7,same-wrap,,,,
28678,31009,untestable,8.7,18.0,same-wrap,,,,
28687,29258,untestable,20.8,44.3,adjacent,,,,
28687,29365,untestable,15.0,17.1,same-wrap,,,,
28779,29279,same-sheet,9.0,21.2,same-wrap,,,,
28779,31596,same-sheet,11.9,17.9,same-wrap,,,,
28779,34259,same-sheet,10.3,22.6,same-wrap,,,,
28813,29094,untestable,9.9,11.7,same-wrap,,,,
28822,22147,same-sheet,10.1,10.6,same-wrap,,,,
28822,22505,same-sheet,8.7,8.7,same-wrap,,,,
28822,22843,same-sheet,9.8,15.0,same-wrap,,,,
28981,29421,untestable,9.8,17.6,same-wrap,,,,
28981,29613,same-sheet,8.2,8.2,same-wrap,,,,
28981,29834,untestable,8.6,8.6,same-wrap,,,,
28981,32130,same-sheet,9.9,40.0,same-wrap,,,,
28981,27948,same-sheet,8.8,14.2,same-wrap,,,,
28981,29154,untestable,11.5,22.8,same-wrap,,,,
28983,29039,same-sheet,9.7,18.2,same-wrap,,,,
28983,29080,untestable,8.7,8.7,same-wrap,,,,
28983,29758,same-sheet,9.7,13.9,same-wrap,,,,
28983,31691,same-sheet,12.7,35.2,same-wrap,,,,
28983,28607,same-sheet,8.8,21.5,same-wrap,,,,
28983,29261,same-sheet,9.4,13.1,same-wrap,,,,
29039,29688,same-sheet,10.4,13.9,same-wrap,,,,
29039,29758,same-sheet,9.2,13.8,same-wrap,,,,
29039,30159,untestable,10.0,13.9,same-wrap,,,,
29039,31549,same-sheet,9.1,9.1,same-wrap,,,,
29039,28607,same-sheet,10.5,44.5,same-wrap,,,,
29039,29261,same-sheet,10.2,17.8,same-wrap,,,,
29039,29699,same-sheet,8.8,11.2,same-wrap,,,,
29039,30713,same-sheet,9.9,17.9,same-wrap,,,,
29039,44616,ambiguous,92.3,190.7,adjacent,,,,
29080,31691,untestable,9.3,22.6,same-wrap,,,,
29120,29442,same-sheet,9.0,16.8,same-wrap,,,,
29120,29518,same-sheet,8.4,10.9,same-wrap,,,,
29120,29586,untestable,45.8,51.4,same-wrap,,,,
29120,30305,same-sheet,9.8,12.3,same-wrap,,,,
29120,29858,same-sheet,8.2,8.2,same-wrap,,,,
29168,30222,same-sheet,8.8,11.2,same-wrap,,,,
29168,31534,same-sheet,8.6,8.6,same-wrap,,,,
29168,26755,same-sheet,9.6,35.6,same-wrap,,,,
29168,27134,same-sheet,9.7,33.0,same-wrap,,,,
29168,28607,same-sheet,8.4,8.4,same-wrap,,,,
29168,34531,same-sheet,8.9,13.0,same-wrap,,,,
29191,29417,same-sheet,10.8,21.7,same-wrap,,,,
29191,30638,same-sheet,10.5,24.1,same-wrap,,,,
29191,51049,untestable,123.3,595.9,adjacent,,,,
29191,29234,same-sheet,9.9,22.3,same-wrap,,,,
29191,29309,same-sheet,10.2,18.2,same-wrap,,,,
29258,29365,untestable,11.4,33.9,same-wrap,,,,
29277,31666,same-sheet,9.2,20.9,same-wrap,,,,
29279,29476,same-sheet,10.9,23.7,same-wrap,,,,
29279,31344,same-sheet,10.7,26.9,same-wrap,,,,
29279,31596,same-sheet,9.4,13.9,same-wrap,,,,
29279,32103,same-sheet,13.3,16.9,same-wrap,,,,
29279,34259,same-sheet,9.9,22.3,same-wrap,,,,
29314,33988,same-sheet,11.4,28.6,same-wrap,,,,
29364,33634,same-sheet,22.8,105.2,same-wrap,88.7,1.8,0.06,
29365,29545,same-sheet,11.5,48.9,same-wrap,,,,
29365,29579,same-sheet,19.2,52.9,same-wrap,,,,
29365,29669,same-sheet,34.1,48.0,same-wrap,,,,
29365,29595,same-sheet,9.7,16.5,same-wrap,,,,
29417,29734,same-sheet,8.7,13.8,same-wrap,,,,
29417,30351,same-sheet,9.9,22.3,same-wrap,,,,
29417,30638,same-sheet,9.7,27.3,same-wrap,,,,
29417,31740,same-sheet,10.2,23.2,same-wrap,,,,
29417,35862,same-sheet,9.5,9.8,same-wrap,,,,
29417,29234,same-sheet,9.1,14.7,same-wrap,,,,
29417,30490,same-sheet,10.0,14.8,same-wrap,,,,
29421,29834,same-sheet,10.2,14.4,same-wrap,,,,
29421,29876,untestable,10.0,16.2,same-wrap,,,,
29421,29997,same-sheet,9.6,17.2,same-wrap,,,,
29421,30173,same-sheet,11.6,19.9,same-wrap,,,,
29421,29154,untestable,10.0,18.8,same-wrap,,,,
29442,29518,untestable,7.9,7.9,same-wrap,,,,
29442,30900,same-sheet,9.4,28.3,same-wrap,,,,
29442,31455,same-sheet,10.9,14.2,same-wrap,,,,
29442,29858,same-sheet,9.0,9.4,same-wrap,,,,
29476,34259,same-sheet,8.3,8.3,same-wrap,,,,
29485,29555,same-sheet,9.3,16.2,same-wrap,,,,
29485,29624,same-sheet,10.3,27.9,same-wrap,,,,
29485,31740,same-sheet,9.7,20.8,same-wrap,,,,
29485,29234,same-sheet,10.4,23.1,same-wrap,,,,
29485,29309,same-sheet,9.6,28.7,same-wrap,,,,
29485,29746,same-sheet,9.2,10.7,same-wrap,,,,
29518,29586,same-sheet,8.9,9.2,same-wrap,,,,
29518,30305,same-sheet,10.9,28.6,same-wrap,,,,
29518,31884,same-sheet,8.7,8.7,same-wrap,,,,
29518,31907,same-sheet,11.5,24.0,same-wrap,,,,
29518,32642,same-sheet,11.9,23.3,same-wrap,,,,
29545,29579,untestable,8.5,8.5,same-wrap,,,,
29545,29595,same-sheet,9.2,15.5,same-wrap,,,,
29555,29624,same-sheet,11.7,15.4,same-wrap,,,,
29555,30409,same-sheet,11.8,18.6,same-wrap,,,,
29555,31590,same-sheet,10.0,26.6,same-wrap,,,,
29555,29309,same-sheet,10.3,29.2,same-wrap,,,,
29555,29746,same-sheet,9.8,17.1,same-wrap,,,,
29555,29784,same-sheet,10.5,16.7,same-wrap,,,,
29555,31837,same-sheet,13.0,21.0,same-wrap,,,,
29579,29613,same-sheet,9.4,11.0,same-wrap,,,,
29579,29669,same-sheet,8.5,12.8,same-wrap,,,,
29579,30134,same-sheet,8.3,8.3,same-wrap,,,,
29579,32130,same-sheet,8.3,8.4,same-wrap,,,,
29579,38225,same-sheet,9.7,27.6,same-wrap,,,,
29579,27751,untestable,8.3,8.3,same-wrap,,,,
29579,27786,same-sheet,11.0,12.5,same-wrap,,,,
29579,30087,untestable,9.6,9.6,same-wrap,,,,
29586,31884,same-sheet,10.3,14.5,same-wrap,,,,
29586,31907,same-sheet,9.2,9.5,same-wrap,,,,
29586,32060,same-sheet,8.6,12.4,same-wrap,,,,
29586,34909,same-sheet,8.9,10.3,same-wrap,,,,
29586,35235,same-sheet,12.9,13.1,same-wrap,,,,
29586,35661,same-sheet,9.3,18.0,same-wrap,,,,
29613,29698,same-sheet,12.3,33.6,same-wrap,,,,
29613,30180,same-sheet,8.0,8.2,same-wrap,,,,
29613,32130,same-sheet,10.3,11.1,same-wrap,,,,
29613,27751,same-sheet,10.4,16.3,same-wrap,,,,
29613,27948,same-sheet,10.1,35.2,same-wrap,,,,
29624,29726,same-sheet,9.3,10.0,same-wrap,,,,
29624,31740,same-sheet,10.4,24.7,same-wrap,,,,
29624,31756,same-sheet,9.2,13.7,same-wrap,,,,
29624,29234,same-sheet,12.1,33.4,same-wrap,,,,
29624,29309,same-sheet,9.1,9.1,same-wrap,,,,
29624,29746,same-sheet,8.7,9.9,same-wrap,,,,
29624,29783,same-sheet,8.6,15.8,same-wrap,,,,
29624,30259,same-sheet,10.9,10.9,same-wrap,,,,
29669,30134,switch,8.1,8.5,same-wrap,,,,
29669,29595,same-sheet,9.3,18.3,same-wrap,,,,
29669,30087,same-sheet,9.9,27.0,same-wrap,,,,
29688,29940,ambiguous,36.1,64.1,adjacent,,,,
29688,30636,switch,14.0,65.0,adjacent,,,,
29688,31549,ambiguous,37.9,64.1,adjacent,,,,
29688,23062,switch,181.6,693.4,adjacent,,,,
29688,29699,same-sheet,11.4,37.3,same-wrap,,,,
29698,27751,same-sheet,11.8,37.8,same-wrap,,,,
29698,27948,same-sheet,11.1,31.3,same-wrap,,,,
29726,31740,same-sheet,10.8,11.0,same-wrap,,,,
29726,31756,same-sheet,8.8,12.4,same-wrap,,,,
29726,29746,same-sheet,9.3,10.8,same-wrap,,,,
29726,29783,same-sheet,8.5,11.3,same-wrap,,,,
29726,30259,same-sheet,10.2,13.5,same-wrap,,,,
29734,30351,same-sheet,9.5,19.1,same-wrap,,,,
29734,35682,same-sheet,9.1,31.2,same-wrap,,,,
29734,35862,same-sheet,11.3,20.3,same-wrap,,,,
29734,30490,same-sheet,8.1,8.1,same-wrap,,,,
29758,29261,same-sheet,9.8,14.3,same-wrap,,,,
29758,30713,same-sheet,9.9,16.0,same-wrap,,,,
29758,33256,same-sheet,10.6,21.5,same-wrap,,,,
29758,44616,ambiguous,106.9,315.1,adjacent,,,,
29769,30517,same-sheet,9.9,10.6,same-wrap,,,,
29769,31013,same-sheet,11.5,12.1,unresolved,,,,
29769,32103,ambiguous,9.7,12.2,same-wrap,,,,
29769,32358,same-sheet,9.8,22.5,same-wrap,,,,
29769,26793,same-sheet,8.9,23.3,same-wrap,,,,
29834,29876,untestable,8.9,15.9,same-wrap,,,,
29834,29997,same-sheet,8.4,9.0,same-wrap,,,,
29834,30096,same-sheet,11.2,24.5,same-wrap,,,,
29834,30173,untestable,8.7,10.0,same-wrap,,,,
29834,30180,same-sheet,11.2,32.3,same-wrap,,,,
29834,30516,same-sheet,8.3,11.8,same-wrap,,,,
29834,32130,same-sheet,11.0,30.9,same-wrap,,,,
29834,29154,untestable,13.9,18.1,same-wrap,,,,
29876,29997,same-sheet,9.6,14.3,same-wrap,,,,
29876,30173,same-sheet,9.5,26.3,same-wrap,,,,
29940,30125,same-sheet,9.5,14.0,same-wrap,,,,
29940,30159,same-sheet,8.0,8.0,same-wrap,,,,
29940,30288,same-sheet,9.1,15.7,same-wrap,,,,
29940,30636,same-sheet,11.0,25.2,same-wrap,,,,
29940,31534,same-sheet,8.7,15.3,same-wrap,,,,
29940,31549,same-sheet,23.5,33.0,same-wrap,,,,
29940,23062,switch,86.3,230.3,adjacent,,,,
29940,29699,same-sheet,9.2,13.0,same-wrap,,,,
29997,30173,same-sheet,9.4,16.4,same-wrap,,,,
29997,30182,same-sheet,9.6,16.0,unresolved,,,,
29997,31000,same-sheet,10.8,23.3,same-wrap,,,,
29997,32710,same-sheet,11.1,33.6,same-wrap,,,,
30015,30432,same-sheet,8.8,10.4,same-wrap,,,,
30096,30173,same-sheet,9.8,25.6,same-wrap,,,,
30096,30180,same-sheet,10.0,36.8,same-wrap,,,,
30096,30516,same-sheet,9.9,16.2,same-wrap,,,,
30096,32130,same-sheet,9.3,16.1,same-wrap,,,,
30125,31534,same-sheet,9.7,15.6,same-wrap,,,,
30125,33924,same-sheet,63.2,105.6,adjacent,,,,
30125,35547,ambiguous,70.0,113.3,adjacent,,,,
30125,38395,ambiguous,70.1,100.9,adjacent,,,,
30125,34531,same-sheet,10.5,14.3,same-wrap,,,,
30125,37310,same-sheet,11.2,11.2,adjacent,,,,
30125,44059,same-sheet,10.3,14.5,same-wrap,,,,
30128,31308,same-sheet,9.1,15.5,same-wrap,,,,
30128,32412,untestable,8.8,9.5,same-wrap,,,,
30128,32523,untestable,10.0,24.7,same-wrap,,,,
30128,33862,same-sheet,10.1,26.1,same-wrap,,,,
30128,36463,untestable,18.8,21.1,same-wrap,,,,
30128,34928,untestable,7.9,7.9,same-wrap,,,,
30134,30182,same-sheet,9.7,16.2,same-wrap,,,,
30134,30216,same-sheet,10.5,24.0,same-wrap,,,,
30134,30256,same-sheet,9.8,21.1,same-wrap,,,,
30134,30516,same-sheet,9.3,14.5,same-wrap,,,,
30134,32130,same-sheet,10.6,24.4,same-wrap,,,,
30134,30087,same-sheet,9.1,10.3,same-wrap,,,,
30159,30222,same-sheet,10.9,26.9,same-wrap,,,,
30159,31534,same-sheet,10.2,27.0,same-wrap,,,,
30159,29699,same-sheet,9.1,13.8,same-wrap,,,,
30159,34531,same-sheet,8.2,8.2,same-wrap,,,,
30173,30180,same-sheet,9.6,22.8,same-wrap,,,,
30173,30182,same-sheet,10.6,19.0,same-wrap,,,,
30173,30516,same-sheet,10.5,24.6,same-wrap,,,,
30173,31000,same-sheet,10.6,22.8,same-wrap,,,,
30173,32130,same-sheet,10.4,21.2,same-wrap,,,,
30180,30516,same-sheet,9.0,16.5,same-wrap,,,,
30180,32130,same-sheet,9.9,26.4,same-wrap,,,,
30182,30216,same-sheet,10.8,29.0,same-wrap,,,,
30182,30256,same-sheet,9.5,22.6,same-wrap,,,,
30182,30516,same-sheet,8.6,10.4,same-wrap,,,,
30182,31000,same-sheet,11.0,37.6,same-wrap,,,,
30182,32130,same-sheet,10.0,13.7,same-wrap,,,,
30208,31470,same-sheet,10.4,26.4,same-wrap,,,,
30208,31662,same-sheet,9.4,9.5,same-wrap,,,,
30208,31756,same-sheet,9.3,9.3,same-wrap,,,,
30208,29746,same-sheet,9.3,15.1,same-wrap,,,,
30208,30259,same-sheet,9.8,15.3,same-wrap,,,,
30216,30256,same-sheet,9.9,24.9,same-wrap,,,,
30216,31000,same-sheet,10.4,30.0,same-wrap,,,,
30216,31128,same-sheet,10.3,33.0,same-wrap,,,,
30216,31249,same-sheet,10.7,30.2,same-wrap,,,,
30216,31737,same-sheet,10.4,25.3,same-wrap,,,,
30216,32220,same-sheet,10.0,18.4,same-wrap,,,,
30216,32336,same-sheet,11.5,14.2,same-wrap,,,,
30216,32389,same-sheet,10.0,21.6,same-wrap,,,,
30216,34019,same-sheet,12.7,27.4,same-wrap,,,,
30222,31534,same-sheet,11.5,24.7,same-wrap,,,,
30222,29699,same-sheet,10.7,19.1,same-wrap,,,,
30222,34531,same-sheet,8.2,9.0,same-wrap,,,,
30236,30517,same-sheet,9.9,20.5,same-wrap,,,,
30236,30813,same-sheet,9.9,13.2,same-wrap,,,,
30236,31013,same-sheet,10.6,15.9,same-wrap,,,,
30236,32598,same-sheet,9.7,13.2,same-wrap,,,,
30236,44882,same-sheet,10.7,14.5,same-wrap,,,,
30236,26793,same-sheet,8.7,11.7,same-wrap,,,,
30236,29858,same-sheet,9.5,21.7,same-wrap,,,,
30256,32389,same-sheet,8.4,25.6,same-wrap,,,,
30256,30087,same-sheet,8.6,9.8,same-wrap,,,,
30288,30636,ambiguous,9.8,32.2,same-wrap,,,,
30288,31488,same-sheet,10.4,14.5,same-wrap,,,,
30288,31549,same-sheet,21.1,63.6,adjacent,,,,
30288,32045,same-sheet,11.3,17.6,same-wrap,,,,
30288,33093,same-sheet,14.2,17.0,same-wrap,,,,
30288,25843,ambiguous,133.1,478.9,adjacent,,,,
30305,30900,same-sheet,17.2,25.5,same-wrap,,,,
30305,31884,same-sheet,9.3,10.9,same-wrap,,,,
30305,32642,same-sheet,8.6,9.2,same-wrap,,,,
30351,30929,same-sheet,8.7,10.8,same-wrap,,,,
30351,31586,same-sheet,8.9,8.9,same-wrap,,,,
30351,35682,same-sheet,9.3,14.5,same-wrap,,,,
30351,35862,same-sheet,9.2,15.5,same-wrap,,,,
30351,30490,same-sheet,9.9,11.1,same-wrap,,,,
30409,29309,same-sheet,10.7,31.4,same-wrap,,,,
30409,31837,same-sheet,9.2,40.2,same-wrap,,,,
30432,31009,switch,84.9,129.5,adjacent,,,,
30432,33049,same-sheet,9.4,16.8,same-wrap,,,,
30432,44059,ambiguous,32.4,49.3,adjacent,,,,
30516,32130,same-sheet,9.2,14.4,same-wrap,,,,
30517,31013,same-sheet,10.0,17.2,same-wrap,,,,
30517,26793,same-sheet,8.4,9.5,same-wrap,,,,
30564,27826,same-sheet,9.7,16.3,same-wrap,,,,
30636,31549,same-sheet,8.7,13.6,same-wrap,,,,
30636,31752,same-sheet,9.3,11.5,same-wrap,,,,
30636,23062,switch,116.7,307.2,adjacent,,,,
30636,29699,same-sheet,11.7,20.0,same-wrap,,,,
30638,31740,same-sheet,11.1,17.3,same-wrap,,,,
30638,29234,same-sheet,9.2,18.7,same-wrap,,,,
30638,30490,same-sheet,8.6,13.0,same-wrap,,,,
30813,34276,same-sheet,10.9,21.7,same-wrap,,,,
30813,29858,same-sheet,9.5,35.3,same-wrap,,,,
30900,31455,same-sheet,8.8,12.4,same-wrap,,,,
30900,36992,ambiguous,100.3,204.4,adjacent,,,,
30900,32642,same-sheet,11.4,33.2,same-wrap,,,,
30929,31135,untestable,11.2,21.1,same-wrap,,,,
30929,31586,same-sheet,9.3,12.2,same-wrap,,,,
30929,30490,untestable,9.0,10.3,same-wrap,,,,
31000,32336,same-sheet,10.5,15.6,same-wrap,,,,
31000,32710,same-sheet,10.9,35.4,same-wrap,,,,
31013,31385,same-sheet,10.2,18.1,same-wrap,,,,
31013,32358,same-sheet,8.8,9.5,same-wrap,,,,
31013,32598,same-sheet,11.2,28.9,same-wrap,,,,
31112,22843,untestable,10.3,13.9,same-wrap,,,,
31128,31249,same-sheet,11.0,73.3,same-wrap,,,,
31128,31601,same-sheet,18.1,22.4,same-wrap,,,,
31128,31737,same-sheet,9.9,21.4,same-wrap,,,,
31128,31852,same-sheet,11.3,18.8,same-wrap,,,,
31128,32220,same-sheet,8.7,10.7,same-wrap,,,,
31128,32336,same-sheet,9.1,14.8,same-wrap,,,,
31135,31622,untestable,9.5,20.3,same-wrap,,,,
31135,31844,same-sheet,10.7,16.7,same-wrap,,,,
31229,34844,untestable,8.0,8.0,same-wrap,,,,
31229,21814,untestable,9.6,40.3,adjacent,,,,
31229,34876,untestable,8.1,8.1,same-wrap,,,,
31247,31824,same-sheet,8.6,12.5,same-wrap,,,,
31249,31601,same-sheet,10.5,35.5,same-wrap,,,,
31249,31627,same-sheet,10.2,26.7,same-wrap,,,,
31249,31737,same-sheet,9.6,25.8,same-wrap,,,,
31249,31852,same-sheet,10.0,17.7,same-wrap,,,,
31249,32220,same-sheet,11.6,43.3,same-wrap,,,,
31249,32336,same-sheet,10.3,17.4,same-wrap,,,,
31249,32469,same-sheet,17.6,43.8,same-wrap,,,,
31249,34019,same-sheet,11.4,33.6,same-wrap,,,,
31308,31582,same-sheet,8.9,12.6,same-wrap,,,,
31308,33862,same-sheet,10.2,22.8,same-wrap,,,,
31308,36463,same-sheet,10.8,19.3,same-wrap,,,,
31344,31596,same-sheet,9.8,9.8,same-wrap,,,,
31344,32103,same-sheet,8.2,11.6,same-wrap,,,,
31344,32358,same-sheet,9.2,13.2,same-wrap,,,,
31385,32598,same-sheet,10.3,14.2,same-wrap,,,,
31455,31473,same-sheet,17.9,54.5,same-wrap,,,,
31455,34276,same-sheet,8.9,10.9,same-wrap,,,,
31470,31662,same-sheet,9.8,26.8,same-wrap,,,,
31470,31720,same-sheet,9.9,26.1,same-wrap,,,,
31470,31723,same-sheet,10.4,23.9,same-wrap,,,,
31470,30259,same-sheet,9.7,26.7,same-wrap,,,,
31473,32927,same-sheet,12.9,41.2,same-wrap,,,,
31473,34276,same-sheet,9.9,11.6,same-wrap,,,,
31473,33788,same-sheet,9.1,14.6,same-wrap,,,,
31488,31671,ambiguous,10.1,22.7,same-wrap,,,,
31488,31825,ambiguous,11.7,59.7,same-wrap,,,,
31488,33093,same-sheet,8.9,10.5,same-wrap,,,,
31488,33346,same-sheet,10.7,19.2,same-wrap,,,,
31488,36311,same-sheet,9.5,11.1,same-wrap,,,,
31534,33059,same-sheet,8.6,11.9,same-wrap,,,,
31534,29699,same-sheet,9.1,11.9,same-wrap,,,,
31534,34531,same-sheet,9.5,14.5,same-wrap,,,,
31534,44059,untestable,8.7,9.0,same-wrap,,,,
31549,31752,same-sheet,12.8,41.6,same-wrap,,,,
31549,32045,same-sheet,8.6,8.6,unresolved,,,,
31549,29699,untestable,14.1,26.3,same-wrap,,,,
31549,30713,same-sheet,12.0,16.8,same-wrap,,,,
31582,33862,same-sheet,8.7,9.6,same-wrap,,,,
31582,36463,same-sheet,10.4,39.0,same-wrap,,,,
31586,33360,same-sheet,10.9,17.5,same-wrap,,,,
31586,33986,same-sheet,12.7,19.4,same-wrap,,,,
31586,34161,same-sheet,13.3,29.6,same-wrap,,,,
31590,31720,same-sheet,9.2,10.0,same-wrap,,,,
31590,32251,same-sheet,9.0,13.0,same-wrap,,,,
31590,29784,same-sheet,11.9,45.3,same-wrap,,,,
31596,32358,same-sheet,11.4,18.4,same-wrap,,,,
31596,27066,same-sheet,8.8,12.9,same-wrap,,,,
31601,31627,same-sheet,11.3,38.7,same-wrap,,,,
31601,31646,same-sheet,10.1,10.7,same-wrap,,,,
31601,31852,same-sheet,9.8,22.6,same-wrap,,,,
31601,32469,same-sheet,13.4,57.3,same-wrap,,,,
31622,31844,same-sheet,8.3,8.6,same-wrap,,,,
31627,31646,same-sheet,10.9,47.1,same-wrap,,,,
31627,31788,same-sheet,10.1,11.5,same-wrap,,,,
31627,31852,same-sheet,9.8,22.8,same-wrap,,,,
31627,31943,same-sheet,10.2,13.0,same-wrap,,,,
31627,32008,same-sheet,9.0,11.4,same-wrap,,,,
31627,32196,untestable,10.4,16.7,same-wrap,,,,
31627,34709,same-sheet,10.0,20.1,same-wrap,,,,
31646,31788,same-sheet,9.0,20.6,same-wrap,,,,
31646,31852,same-sheet,10.9,32.4,same-wrap,,,,
31646,31943,same-sheet,9.4,21.6,same-wrap,,,,
31646,32008,same-sheet,9.3,22.2,same-wrap,,,,
31646,32217,same-sheet,10.9,36.5,same-wrap,,,,
31646,32326,same-sheet,10.2,18.6,same-wrap,,,,
31646,34709,same-sheet,10.6,33.1,same-wrap,,,,
31662,31720,same-sheet,10.1,11.5,same-wrap,,,,
31662,31723,same-sheet,11.0,39.1,same-wrap,,,,
31662,31756,same-sheet,9.3,10.8,same-wrap,,,,
31662,32418,untestable,9.4,20.0,same-wrap,,,,
31662,33129,same-sheet,8.9,12.4,same-wrap,,,,
31662,29746,same-sheet,8.8,9.4,same-wrap,,,,
31662,30259,same-sheet,8.8,15.7,same-wrap,,,,
31662,68499,ambiguous,103.7,219.6,adjacent,,,,
31671,31825,ambiguous,10.2,42.8,same-wrap,,,,
31671,33118,untestable,8.3,8.3,same-wrap,,,,
31671,33346,same-sheet,10.1,28.0,same-wrap,,,,
31671,36311,same-sheet,9.8,14.6,same-wrap,,,,
31691,32955,same-sheet,12.5,23.5,same-wrap,,,,
31691,32676,same-sheet,15.9,89.4,same-wrap,28.5,4.5,46.12,100.0
31720,31723,same-sheet,9.1,15.9,same-wrap,,,,
31720,31750,same-sheet,8.8,10.0,same-wrap,,,,
31720,32251,same-sheet,9.3,14.6,same-wrap,,,,
31720,32432,same-sheet,19.5,63.2,same-wrap,,,,
31723,31750,same-sheet,9.9,25.0,same-wrap,,,,
31723,32298,untestable,9.7,9.7,same-wrap,,,,
31723,32418,untestable,11.8,19.4,same-wrap,,,,
31737,32389,same-sheet,8.8,14.4,same-wrap,,,,
31737,32469,same-sheet,10.1,18.7,same-wrap,,,,
31737,34019,same-sheet,10.4,25.0,same-wrap,,,,
31740,35862,same-sheet,9.7,14.9,same-wrap,,,,
31740,29234,same-sheet,10.1,21.4,same-wrap,,,,
31740,29309,same-sheet,11.1,26.2,same-wrap,,,,
31740,29783,same-sheet,10.2,28.8,same-wrap,,,,
31740,41252,same-sheet,9.1,16.8,same-wrap,,,,
31750,32298,same-sheet,9.5,13.4,same-wrap,,,,
31750,32432,ambiguous,8.8,12.3,same-wrap,,,,
31752,32045,untestable,8.7,8.7,same-wrap,,,,
31752,33197,same-sheet,8.1,8.5,same-wrap,,,,
31752,34989,same-sheet,9.7,12.9,same-wrap,,,,
31752,30713,same-sheet,8.3,11.7,same-wrap,,,,
31756,31900,same-sheet,9.0,12.0,same-wrap,,,,
31756,32327,same-sheet,8.4,8.4,same-wrap,,,,
31756,33129,same-sheet,10.0,32.6,same-wrap,,,,
31756,33416,same-sheet,9.9,52.1,same-wrap,,,,
31756,29746,same-sheet,9.4,10.1,same-wrap,,,,
31756,29783,same-sheet,8.6,12.0,same-wrap,,,,
31756,30259,same-sheet,9.4,18.4,same-wrap,,,,
31756,68499,switch,140.0,336.3,adjacent,,,,
31788,31943,same-sheet,10.1,16.9,same-wrap,,,,
31788,32008,same-sheet,8.9,11.6,same-wrap,,,,
31788,32188,untestable,10.3,11.0,same-wrap,,,,
31788,32217,same-sheet,10.4,22.9,same-wrap,,,,
31788,32281,same-sheet,8.8,10.5,same-wrap,,,,
31788,32438,same-sheet,8.1,8.1,same-wrap,,,,
31788,33523,same-sheet,9.8,9.8,same-wrap,,,,
31788,33850,same-sheet,7.9,7.9,same-wrap,,,,
31824,36771,same-sheet,9.3,24.3,same-wrap,,,,
31825,33118,untestable,11.0,22.1,same-wrap,,,,
31825,33924,same-sheet,9.1,12.3,same-wrap,,,,
31844,32585,same-sheet,8.2,9.9,same-wrap,,,,
31844,33986,same-sheet,10.1,12.1,same-wrap,,,,
31844,33595,same-sheet,13.1,59.4,same-wrap,,,,
31852,32220,same-sheet,9.6,18.4,same-wrap,,,,
31852,32336,same-sheet,11.7,37.6,same-wrap,,,,
31852,34709,same-sheet,9.4,25.8,same-wrap,,,,
31884,31907,same-sheet,9.1,14.5,same-wrap,,,,
31884,33537,same-sheet,11.5,68.5,same-wrap,,,,
31884,32642,same-sheet,9.0,14.0,same-wrap,,,,
31900,32327,same-sheet,10.1,14.1,same-wrap,,,,
31900,33129,same-sheet,9.6,14.8,same-wrap,,,,
31900,33416,same-sheet,11.4,28.7,same-wrap,,,,
31907,32060,ambiguous,9.3,11.6,same-wrap,,,,
31907,37006,same-sheet,8.5,8.5,same-wrap,,,,
31907,32642,same-sheet,8.4,13.3,same-wrap,,,,
31943,32217,same-sheet,10.8,30.7,same-wrap,,,,
31943,32326,same-sheet,10.7,29.2,same-wrap,,,,
31943,33523,same-sheet,8.9,24.1,same-wrap,,,,
31943,34709,same-sheet,10.5,24.3,same-wrap,,,,
31982,32411,untestable,9.1,11.4,same-wrap,,,,
31982,32641,same-sheet,8.2,8.2,same-wrap,,,,
31982,34823,untestable,9.9,20.2,same-wrap,,,,
31982,38312,same-sheet,10.3,21.5,same-wrap,,,,
31982,29784,untestable,15.9,21.7,same-wrap,,,,
31982,31837,same-sheet,14.7,25.1,same-wrap,,,,
32008,32188,same-sheet,9.5,15.9,same-wrap,,,,
32008,32196,untestable,11.1,25.6,same-wrap,,,,
32008,32281,same-sheet,10.2,15.3,same-wrap,,,,
32045,32161,same-sheet,8.5,9.3,same-wrap,,,,
32045,33093,same-sheet,8.8,8.8,same-wrap,,,,
32045,34989,same-sheet,9.4,14.8,same-wrap,,,,
32060,34909,same-sheet,9.1,22.7,same-wrap,,,,
32060,35235,same-sheet,11.2,11.2,same-wrap,,,,
32060,37006,same-sheet,8.9,10.6,same-wrap,,,,
32064,33634,same-sheet,10.7,25.6,same-wrap,,,,
32103,32358,same-sheet,9.4,24.2,same-wrap,,,,
32130,27751,untestable,7.9,7.9,same-wrap,,,,
32130,30087,same-sheet,9.5,9.5,unresolved,,,,
32161,32237,same-sheet,11.1,21.6,same-wrap,,,,
32161,33093,same-sheet,8.6,8.6,same-wrap,,,,
32161,34989,same-sheet,9.8,15.3,same-wrap,,,,
32161,36431,same-sheet,9.2,12.3,same-wrap,,,,
32161,37031,same-sheet,9.6,11.3,same-wrap,,,,
32188,32281,ambiguous,8.9,19.4,same-wrap,,,,
32188,32605,ambiguous,11.2,26.6,same-wrap,,,,
32206,24875,untestable,8.1,8.1,same-wrap,,,,
32206,26501,same-sheet,10.2,29.4,same-wrap,,,,
32217,32326,same-sheet,10.0,29.2,same-wrap,,,,
32217,33523,same-sheet,8.6,13.4,same-wrap,,,,
32217,33850,same-sheet,9.4,19.6,same-wrap,,,,
32217,34709,same-sheet,12.0,35.6,same-wrap,,,,
32220,32336,same-sheet,11.6,24.8,same-wrap,,,,
32220,32710,untestable,11.7,12.6,same-wrap,,,,
32220,34709,same-sheet,11.2,14.2,same-wrap,,,,
32237,34996,same-sheet,9.8,13.7,same-wrap,,,,
32237,36746,same-sheet,9.6,14.3,same-wrap,,,,
32237,37031,same-sheet,10.3,19.3,same-wrap,,,,
32251,29784,same-sheet,12.8,42.8,same-wrap,,,,
32281,32438,same-sheet,9.5,17.1,same-wrap,,,,
32281,32584,same-sheet,8.7,16.8,same-wrap,,,,
32281,32605,same-sheet,9.2,11.8,same-wrap,,,,
32281,34081,same-sheet,9.6,11.7,same-wrap,,,,
32281,60163,untestable,11.1,12.6,same-wrap,,,,
32298,32366,same-sheet,9.2,24.3,same-wrap,,,,
32298,32432,same-sheet,8.6,9.2,same-wrap,,,,
32298,32449,same-sheet,9.6,11.7,same-wrap,,,,
32326,32336,untestable,25.5,38.7,unresolved,,,,
32326,33024,same-sheet,9.5,16.4,same-wrap,,,,
32326,33523,same-sheet,8.8,14.2,same-wrap,,,,
32326,33947,same-sheet,8.7,15.9,same-wrap,,,,
32326,34658,untestable,9.8,19.3,same-wrap,,,,
32326,34709,same-sheet,9.6,24.9,same-wrap,,,,
32327,33129,untestable,10.1,16.1,same-wrap,,,,
32327,33416,same-sheet,12.3,24.4,same-wrap,,,,
32327,33624,untestable,8.4,8.7,same-wrap,,,,
32336,32710,same-sheet,9.2,16.7,same-wrap,,,,
32336,33024,same-sheet,8.5,20.6,same-wrap,,,,
32336,34709,same-sheet,10.1,39.5,same-wrap,,,,
32366,32449,same-sheet,8.7,9.5,same-wrap,,,,
32366,32660,same-sheet,8.5,8.9,same-wrap,,,,
32366,32865,same-sheet,9.2,15.1,same-wrap,,,,
32366,39641,untestable,10.1,31.7,same-wrap,,,,
32366,33723,same-sheet,10.2,16.4,same-wrap,,,,
32389,34019,same-sheet,9.9,53.5,same-wrap,,,,
32411,32641,ambiguous,11.9,36.5,same-wrap,,,,
32411,38312,same-sheet,9.8,14.3,same-wrap,,,,
32411,51772,switch,105.4,207.7,adjacent,,,,
32411,29784,same-sheet,27.5,29.0,same-wrap,,,,
32411,52182,switch,92.9,144.8,adjacent,,,,
32412,32962,untestable,10.3,16.2,same-wrap,,,,
32412,33862,untestable,8.6,8.7,same-wrap,,,,
32412,37304,same-sheet,14.5,45.8,same-wrap,,,,
32412,20075,same-sheet,29.4,72.3,same-wrap,,,,
32412,34928,same-sheet,33.2,56.2,adjacent,,,,
32418,33129,untestable,8.7,15.5,same-wrap,,,,
32432,32641,same-sheet,10.0,14.3,same-wrap,,,,
32438,32584,same-sheet,9.9,27.3,same-wrap,,,,
32438,33850,same-sheet,8.6,9.1,same-wrap,,,,
32438,34081,same-sheet,9.7,31.4,same-wrap,,,,
32438,34295,same-sheet,9.8,18.7,same-wrap,,,,
32438,34382,same-sheet,9.5,10.2,same-wrap,,,,
32449,32641,untestable,8.9,10.0,same-wrap,,,,
32449,32660,same-sheet,9.9,18.4,same-wrap,,,,
32449,34384,same-sheet,12.6,20.6,same-wrap,,,,
32469,34019,same-sheet,10.5,33.0,same-wrap,,,,
32523,32962,untestable,10.5,49.9,same-wrap,,,,
32523,33289,untestable,8.5,11.0,same-wrap,,,,
32523,33301,untestable,9.1,19.1,same-wrap,,,,
32523,33862,untestable,8.1,8.2,same-wrap,,,,
32584,32605,same-sheet,9.2,12.7,same-wrap,,,,
32584,34081,same-sheet,10.5,26.3,same-wrap,,,,
32584,34792,same-sheet,9.6,20.6,same-wrap,,,,
32584,60163,same-sheet,8.4,9.6,same-wrap,,,,
32585,32612,same-sheet,9.0,11.2,same-wrap,,,,
32585,32731,same-sheet,11.8,24.1,same-wrap,,,,
32585,32814,same-sheet,8.7,10.6,same-wrap,,,,
32585,33360,same-sheet,8.2,8.2,same-wrap,,,,
32585,33986,same-sheet,10.2,22.1,same-wrap,,,,
32585,33595,same-sheet,9.1,14.4,same-wrap,,,,
32585,33923,same-sheet,11.0,13.3,same-wrap,,,,
32605,32923,untestable,10.0,28.4,same-wrap,,,,
32605,60163,same-sheet,10.5,33.1,same-wrap,,,,
32612,32691,same-sheet,9.6,19.6,same-wrap,,,,
32612,32731,same-sheet,9.2,15.0,same-wrap,,,,
32612,32814,same-sheet,10.3,27.8,same-wrap,,,,
32612,32755,same-sheet,12.5,35.5,same-wrap,,,,
32612,33595,same-sheet,8.9,13.2,same-wrap,,,,
32641,32660,same-sheet,10.6,22.7,same-wrap,,,,
32641,34384,same-sheet,9.5,9.5,same-wrap,,,,
32641,52182,switch,100.6,166.0,adjacent,,,,
32660,32865,same-sheet,10.1,29.9,same-wrap,,,,
32660,34823,same-sheet,10.0,17.1,same-wrap,,,,
32660,35025,same-sheet,9.2,11.3,same-wrap,,,,
32660,53436,ambiguous,87.8,159.8,adjacent,,,,
32660,61581,ambiguous,58.8,85.3,adjacent,,,,
32660,33723,same-sheet,8.6,10.5,same-wrap,,,,
32660,34384,same-sheet,8.8,13.7,same-wrap,,,,
32691,32814,same-sheet,8.6,14.4,same-wrap,,,,
32691,32755,same-sheet,10.1,31.3,same-wrap,,,,
32710,33024,same-sheet,11.2,36.0,same-wrap,,,,
32710,34709,untestable,9.1,10.3,same-wrap,,,,
32731,32814,same-sheet,8.9,15.5,same-wrap,,,,
32731,33110,ambiguous,9.6,11.4,same-wrap,,,,
32731,33150,same-sheet,10.3,24.3,same-wrap,,,,
32731,33923,same-sheet,10.1,10.6,same-wrap,,,,
32814,33150,same-sheet,9.0,15.5,same-wrap,,,,
32814,33978,same-sheet,12.0,19.5,same-wrap,,,,
32814,44287,same-sheet,9.0,15.4,same-wrap,,,,
32814,32755,same-sheet,11.0,26.9,same-wrap,,,,
32814,33966,same-sheet,8.6,12.5,same-wrap,,,,
32814,34448,same-sheet,9.7,10.7,same-wrap,,,,
32814,37417,same-sheet,9.7,9.9,same-wrap,,,,
32865,33688,same-sheet,8.9,12.5,same-wrap,,,,
32865,35025,same-sheet,13.9,51.5,same-wrap,,,,
32865,33723,same-sheet,10.5,35.5,same-wrap,,,,
32865,34384,same-sheet,13.4,37.5,same-wrap,,,,
32923,48290,untestable,10.3,19.9,same-wrap,,,,
32923,60163,untestable,10.5,22.3,same-wrap,,,,
32927,33658,same-sheet,10.4,15.8,same-wrap,,,,
32955,33860,untestable,11.8,25.2,same-wrap,,,,
32955,29261,same-sheet,13.0,15.8,same-wrap,,,,
32955,30713,same-sheet,13.6,23.3,same-wrap,,,,
32955,32676,same-sheet,9.9,16.1,same-wrap,,,,
32955,33256,same-sheet,11.2,22.0,same-wrap,,,,
32962,33289,same-sheet,11.1,25.4,same-wrap,,,,
32962,33301,untestable,9.2,10.5,same-wrap,,,,
32962,33708,untestable,9.2,10.5,same-wrap,,,,
32962,37304,untestable,8.9,10.4,same-wrap,,,,
33024,34709,same-sheet,9.5,16.5,same-wrap,,,,
33059,44059,same-sheet,31.0,75.1,adjacent,,,,
33093,36311,same-sheet,8.2,8.4,same-wrap,,,,
33110,33150,same-sheet,9.2,15.1,same-wrap,,,,
33110,34071,same-sheet,10.3,14.9,same-wrap,,,,
33110,35244,same-sheet,8.7,11.6,same-wrap,,,,
33110,33923,same-sheet,12.8,26.3,same-wrap,,,,
33110,39463,ambiguous,55.1,84.9,same-wrap,15.1,73.4,0.01,190.0
33118,33346,untestable,9.7,26.0,same-wrap,,,,
33147,33537,same-sheet,10.0,13.7,same-wrap,,,,
33147,33889,same-sheet,9.7,16.7,same-wrap,,,,
33147,34705,same-sheet,9.8,14.1,same-wrap,,,,
33147,32642,same-sheet,9.6,9.6,same-wrap,,,,
33147,33070,same-sheet,9.9,19.0,same-wrap,,,,
33147,33658,same-sheet,10.0,18.0,same-wrap,,,,
33147,33983,same-sheet,11.5,18.0,same-wrap,,,,
33150,33978,same-sheet,9.9,20.7,same-wrap,,,,
33150,35244,same-sheet,11.8,28.8,same-wrap,,,,
33197,33645,same-sheet,10.6,18.9,same-wrap,,,,
33197,34989,same-sheet,9.6,25.6,same-wrap,,,,
33197,30713,same-sheet,9.8,14.0,same-wrap,,,,
33197,33256,same-sheet,10.0,18.6,same-wrap,,,,
33278,51523,switch,95.4,313.8,adjacent,,,,
33278,51672,switch,103.2,279.3,adjacent,,,,
33278,24875,switch,71.8,159.4,adjacent,,,,
33289,33301,same-sheet,8.7,14.2,same-wrap,,,,
33289,33708,same-sheet,8.3,8.4,same-wrap,,,,
33289,37304,same-sheet,13.7,39.0,same-wrap,,,,
33301,33708,same-sheet,9.9,17.6,same-wrap,,,,
33346,36311,same-sheet,8.2,11.2,same-wrap,,,,
33346,39351,untestable,9.7,16.5,same-wrap,,,,
33360,33986,same-sheet,9.3,15.1,same-wrap,,,,
33360,34161,same-sheet,9.2,12.5,same-wrap,,,,
33416,33624,untestable,10.3,16.4,same-wrap,,,,
33416,36817,same-sheet,9.1,12.0,same-wrap,,,,
33416,37418,untestable,8.0,8.0,same-wrap,,,,
33416,29783,same-sheet,8.4,10.7,same-wrap,,,,
33426,33611,untestable,10.7,24.7,same-wrap,,,,
33426,33683,untestable,9.2,11.4,same-wrap,,,,
33426,35681,untestable,12.4,27.2,unresolved,,,,
33426,39998,untestable,9.4,14.6,same-wrap,,,,
33491,22600,same-sheet,10.3,35.3,same-wrap,,,,
33523,33850,same-sheet,9.9,24.9,same-wrap,,,,
33523,33947,same-sheet,9.6,15.3,same-wrap,,,,
33523,34709,same-sheet,9.2,9.2,same-wrap,,,,
33537,33889,same-sheet,11.9,120.6,same-wrap,6.3,11.4,0.7,120.0
33537,57729,same-sheet,28.6,121.8,same-wrap,10.3,8.5,0.7,120.0
33537,32642,same-sheet,18.2,84.5,same-wrap,9.3,25.9,0.94,90.0
33537,33070,same-sheet,8.7,21.8,same-wrap,,,,
33537,38729,switch,105.1,313.2,adjacent,,,,
33611,35681,untestable,12.6,31.4,same-wrap,,,,
33611,36455,same-sheet,9.1,13.3,same-wrap,,,,
33611,39998,same-sheet,9.6,16.9,same-wrap,,,,
33624,34899,untestable,10.0,18.0,same-wrap,,,,
33624,36817,same-sheet,9.6,10.9,same-wrap,,,,
33624,45209,untestable,9.6,15.3,same-wrap,,,,
33645,34989,same-sheet,9.3,18.7,same-wrap,,,,
33645,37272,same-sheet,12.8,31.0,same-wrap,,,,
33645,38250,same-sheet,8.2,12.8,same-wrap,,,,
33645,30713,same-sheet,10.5,21.4,same-wrap,,,,
33683,34238,same-sheet,9.5,16.7,same-wrap,,,,
33683,34545,same-sheet,9.3,13.1,same-wrap,,,,
33683,34892,same-sheet,8.2,8.5,same-wrap,,,,
33688,35025,same-sheet,10.6,23.3,same-wrap,,,,
33688,35720,untestable,8.6,8.6,same-wrap,,,,
33688,33723,same-sheet,11.0,29.2,same-wrap,,,,
33688,33794,same-sheet,9.5,18.8,same-wrap,,,,
33688,34846,same-sheet,11.6,29.8,same-wrap,,,,
33708,35661,same-sheet,8.8,8.8,same-wrap,,,,
33708,37304,same-sheet,9.3,13.1,same-wrap,,,,
33803,40331,untestable,9.7,19.7,same-wrap,,,,
33803,33595,untestable,10.0,22.0,same-wrap,,,,
33840,33723,same-sheet,10.2,24.9,same-wrap,,,,
33840,33794,same-sheet,8.8,10.4,same-wrap,,,,
33840,34493,untestable,8.8,16.8,same-wrap,,,,
33850,33947,same-sheet,9.4,16.6,same-wrap,,,,
33850,34081,same-sheet,10.2,22.5,same-wrap,,,,
33850,34162,same-sheet,9.7,37.8,same-wrap,,,,
33850,34295,untestable,9.2,9.2,same-wrap,,,,
33860,37064,same-sheet,11.1,24.9,same-wrap,,,,
33860,37272,same-sheet,12.2,19.4,same-wrap,,,,
33860,33256,same-sheet,9.0,15.3,same-wrap,,,,
33862,36463,same-sheet,10.6,26.5,same-wrap,,,,
33862,34928,same-sheet,9.3,10.6,same-wrap,,,,
33889,34705,same-sheet,11.0,25.1,same-wrap,,,,
33889,38647,same-sheet,9.1,14.3,same-wrap,,,,
33889,52959,same-sheet,13.1,13.1,same-wrap,,,,
33889,33070,untestable,11.3,14.4,same-wrap,,,,
33889,33658,same-sheet,9.2,16.2,same-wrap,,,,
33920,36817,same-sheet,9.0,9.0,same-wrap,,,,
33920,41408,same-sheet,11.6,20.8,same-wrap,,,,
33920,45209,same-sheet,10.5,20.6,same-wrap,,,,
33924,38395,same-sheet,115.2,431.4,adjacent,,,,
33924,37310,same-sheet,143.5,428.6,adjacent,,,,
33947,34162,untestable,9.7,10.1,same-wrap,,,,
33978,35244,same-sheet,11.4,18.9,same-wrap,,,,
33978,36639,same-sheet,10.9,17.1,same-wrap,,,,
33978,44287,same-sheet,11.5,19.5,same-wrap,,,,
33986,34071,same-sheet,9.2,13.9,same-wrap,,,,
33986,34161,same-sheet,10.4,19.6,same-wrap,,,,
33986,33923,same-sheet,9.8,15.1,same-wrap,,,,
33986,39463,same-sheet,13.2,15.6,same-wrap,,,,
33988,34844,same-sheet,8.4,9.7,same-wrap,,,,
33988,21814,untestable,11.4,13.1,same-wrap,,,,
34071,34161,same-sheet,11.9,21.1,same-wrap,,,,
34071,33923,untestable,8.4,8.4,same-wrap,,,,
34071,39463,ambiguous,11.0,14.1,same-wrap,,,,
34081,34295,same-sheet,11.5,27.9,same-wrap,,,,
34081,34382,same-sheet,10.2,15.8,same-wrap,,,,
34081,34792,same-sheet,9.8,20.3,same-wrap,,,,
34081,36520,same-sheet,9.3,10.9,same-wrap,,,,
34161,35864,same-sheet,9.5,18.4,same-wrap,,,,
34238,34357,same-sheet,11.6,41.6,same-wrap,,,,
34238,34545,same-sheet,10.0,15.3,same-wrap,,,,
34238,34847,same-sheet,8.3,8.5,same-wrap,,,,
34238,34892,untestable,8.9,9.6,same-wrap,,,,
34238,35372,same-sheet,9.1,21.0,same-wrap,,,,
34276,37560,ambiguous,241.4,461.6,adjacent,,,,
34295,34382,same-sheet,8.6,13.2,same-wrap,,,,
34295,34792,untestable,8.7,8.9,same-wrap,,,,
34357,34545,same-sheet,9.2,15.2,same-wrap,,,,
34357,34847,same-sheet,8.4,10.7,same-wrap,,,,
34357,35569,same-sheet,8.9,14.1,same-wrap,,,,
34357,36837,untestable,9.9,9.9,same-wrap,,,,
34382,34792,same-sheet,11.0,21.6,same-wrap,,,,
34382,36520,same-sheet,8.7,14.6,same-wrap,,,,
34545,34847,same-sheet,8.9,11.8,same-wrap,,,,
34545,34913,same-sheet,8.6,8.8,same-wrap,,,,
34545,35569,same-sheet,8.8,9.8,same-wrap,,,,
34545,38990,same-sheet,8.9,10.0,same-wrap,,,,
34545,39998,same-sheet,9.3,13.3,same-wrap,,,,
34545,36837,same-sheet,9.5,12.4,same-wrap,,,,
34576,35692,same-sheet,9.9,52.6,same-wrap,,,,
34576,37374,untestable,17.1,55.3,same-wrap,,,,
34576,38684,same-sheet,8.7,12.9,same-wrap,,,,
34576,32676,untestable,118.2,431.7,adjacent,,,,
34576,34493,same-sheet,8.5,9.6,same-wrap,,,,
34576,34628,same-sheet,12.4,53.9,same-wrap,,,,
34705,35457,same-sheet,14.1,49.8,same-wrap,,,,
34705,35933,same-sheet,9.7,20.4,same-wrap,,,,
34705,36499,same-sheet,11.8,11.8,same-wrap,,,,
34705,36503,same-sheet,10.3,12.0,same-wrap,,,,
34705,36856,same-sheet,13.0,36.4,same-wrap,,,,
34705,37566,same-sheet,11.0,13.2,same-wrap,,,,
34705,38647,same-sheet,11.5,34.1,same-wrap,,,,
34705,33658,same-sheet,9.9,20.3,same-wrap,,,,
34792,36520,same-sheet,9.8,17.1,same-wrap,,,,
34792,38043,same-sheet,9.1,14.3,same-wrap,,,,
34792,47369,same-sheet,8.3,8.3,same-wrap,,,,
34823,35025,same-sheet,9.3,9.8,same-wrap,,,,
34823,35413,same-sheet,10.4,51.1,same-wrap,,,,
34823,35519,same-sheet,8.1,8.1,same-wrap,,,,
34823,35622,same-sheet,16.1,30.7,same-wrap,,,,
34823,35720,same-sheet,10.9,12.7,same-wrap,,,,
34823,38312,same-sheet,11.3,28.3,same-wrap,,,,
34823,34384,same-sheet,10.6,30.9,same-wrap,,,,
34823,35485,same-sheet,9.4,13.4,same-wrap,,,,
34840,36151,same-sheet,9.5,21.1,same-wrap,,,,
34840,36766,same-sheet,13.5,20.1,same-wrap,,,,
34840,36843,same-sheet,8.4,19.3,same-wrap,,,,
34840,36992,ambiguous,13.0,85.0,same-wrap,17.5,23.8,44.55,
34840,37562,same-sheet,29.0,52.7,same-wrap,,,,
34840,38564,same-sheet,22.8,38.9,same-wrap,,,,
34840,39889,same-sheet,11.1,24.0,same-wrap,,,,
34844,21814,same-sheet,10.9,29.6,same-wrap,,,,
34844,34876,untestable,8.0,8.0,same-wrap,,,,
34847,34913,same-sheet,8.2,8.2,same-wrap,,,,
34847,37266,same-sheet,11.4,26.1,same-wrap,,,,
34847,38268,same-sheet,8.8,13.3,same-wrap,,,,
34892,35372,same-sheet,8.6,11.2,same-wrap,,,,
34892,36451,same-sheet,9.9,12.8,same-wrap,,,,
34899,41902,untestable,9.5,28.2,same-wrap,,,,
34899,45209,untestable,9.5,17.7,same-wrap,,,,
34899,91772,untestable,66.6,337.6,adjacent,,,,
34899,35055,same-sheet,8.9,12.6,same-wrap,,,,
34909,35235,untestable,8.2,8.4,same-wrap,,,,
34909,35661,same-sheet,10.0,18.2,same-wrap,,,,
34913,35005,same-sheet,10.5,21.8,same-wrap,,,,
34913,35569,same-sheet,9.0,10.8,same-wrap,,,,
34913,37266,same-sheet,9.0,11.3,same-wrap,,,,
34913,38268,same-sheet,10.0,23.1,same-wrap,,,,
34913,42216,untestable,9.8,10.4,same-wrap,,,,
34913,44228,same-sheet,13.6,21.4,same-wrap,,,,
34989,35686,same-sheet,8.8,13.4,same-wrap,,,,
34989,36431,same-sheet,9.8,33.8,same-wrap,,,,
34989,37031,same-sheet,9.3,13.9,same-wrap,,,,
34989,30713,ambiguous,23.5,37.7,adjacent,,,,
34996,35499,same-sheet,12.9,35.1,same-wrap,,,,
34996,36746,same-sheet,10.8,23.3,same-wrap,,,,
34996,37031,same-sheet,11.2,19.6,same-wrap,,,,
34996,39351,untestable,10.2,10.2,same-wrap,,,,
35005,36401,same-sheet,9.4,54.9,same-wrap,,,,
35005,37277,same-sheet,10.5,30.6,same-wrap,,,,
35005,37486,same-sheet,9.2,14.1,same-wrap,,,,
35005,37668,same-sheet,9.9,14.0,same-wrap,,,,
35005,44228,same-sheet,9.9,17.6,same-wrap,,,,
35025,35432,same-sheet,9.3,13.2,same-wrap,,,,
35025,35720,same-sheet,11.3,26.4,same-wrap,,,,
35025,33723,same-sheet,10.9,22.4,same-wrap,,,,
35025,34384,same-sheet,12.6,43.7,same-wrap,,,,
35235,35661,same-sheet,9.9,16.9,same-wrap,,,,
35244,35947,same-sheet,9.2,30.4,same-wrap,,,,
35244,36639,same-sheet,9.6,13.7,same-wrap,,,,
35244,35771,same-sheet,8.5,10.8,same-wrap,,,,
35372,36451,untestable,8.4,8.6,same-wrap,,,,
35372,36469,same-sheet,9.5,11.4,same-wrap,,,,
35372,37266,same-sheet,11.5,20.2,same-wrap,,,,
35372,38658,same-sheet,10.2,15.0,same-wrap,,,,
35413,35622,same-sheet,9.0,15.5,same-wrap,,,,
35413,35680,same-sheet,8.4,8.4,same-wrap,,,,
35413,35720,same-sheet,8.5,9.9,same-wrap,,,,
35413,38312,untestable,9.3,9.3,same-wrap,,,,
35413,35485,same-sheet,9.7,13.0,same-wrap,,,,
35432,35720,same-sheet,9.9,28.0,same-wrap,,,,
35432,39971,same-sheet,11.7,20.8,same-wrap,,,,
35432,34846,same-sheet,10.3,21.8,same-wrap,,,,
35457,36473,same-sheet,9.0,13.7,same-wrap,,,,
35457,36856,same-sheet,11.6,45.1,same-wrap,,,,
35457,37119,same-sheet,9.8,18.2,same-wrap,,,,
35457,33658,same-sheet,11.7,57.4,same-wrap,,,,
35457,33983,same-sheet,9.7,16.0,same-wrap,,,,
35499,36746,same-sheet,11.1,32.0,same-wrap,,,,
35499,37031,same-sheet,12.1,27.9,same-wrap,,,,
35499,39351,untestable,9.3,9.7,same-wrap,,,,
35499,49753,untestable,16.1,34.3,same-wrap,,,,
35519,38312,same-sheet,10.3,20.5,same-wrap,,,,
35519,39099,same-sheet,8.5,10.4,same-wrap,,,,
35519,51672,switch,74.6,136.2,adjacent,,,,
35519,52062,switch,85.4,157.8,adjacent,,,,
35519,35485,same-sheet,8.8,36.2,same-wrap,,,,
35547,36353,same-sheet,10.0,23.4,same-wrap,,,,
35547,39309,same-sheet,10.7,24.5,same-wrap,,,,
35547,35514,untestable,8.6,10.8,same-wrap,,,,
35547,37310,untestable,8.5,11.3,same-wrap,,,,
35547,44059,switch,89.4,158.7,adjacent,,,,
35569,36401,same-sheet,12.6,35.7,unresolved,,,,
35569,36483,same-sheet,9.8,49.5,same-wrap,,,,
35569,38990,same-sheet,8.1,8.1,same-wrap,,,,
35569,36837,same-sheet,9.4,17.5,same-wrap,,,,
35622,35680,same-sheet,10.4,25.1,same-wrap,,,,
35622,35720,same-sheet,11.5,37.6,same-wrap,,,,
35622,36203,same-sheet,9.5,25.5,same-wrap,,,,
35680,36203,untestable,14.6,46.2,same-wrap,,,,
35680,39099,untestable,8.1,8.1,same-wrap,,,,
35680,35485,same-sheet,8.8,16.6,same-wrap,,,,
35680,35514,same-sheet,10.2,39.0,same-wrap,,,,
35681,36455,untestable,8.8,10.2,same-wrap,,,,
35681,39998,untestable,10.1,21.3,same-wrap,,,,
35681,41907,untestable,8.7,10.0,same-wrap,,,,
35686,36431,same-sheet,8.1,8.1,same-wrap,,,,
35686,38250,untestable,15.7,15.7,same-wrap,,,,
35692,37374,untestable,9.6,20.5,same-wrap,,,,
35692,32676,untestable,79.0,276.0,adjacent,,,,
35692,34493,untestable,10.8,29.8,same-wrap,,,,
35692,34628,same-sheet,9.1,16.2,same-wrap,,,,
35702,37790,same-sheet,9.5,24.5,same-wrap,,,,
35702,28607,same-sheet,12.5,33.0,same-wrap,,,,
35702,28984,same-sheet,14.9,44.5,adjacent,,,,
35702,33794,ambiguous,138.2,304.0,adjacent,,,,
35702,34493,ambiguous,103.0,280.5,adjacent,,,,
35702,38786,switch,94.4,177.1,adjacent,,,,
35720,36353,same-sheet,9.1,21.4,same-wrap,,,,
35720,39037,same-sheet,13.2,76.6,same-wrap,,,,
35720,39971,same-sheet,11.1,29.5,same-wrap,,,,
35720,34384,same-sheet,11.1,30.2,same-wrap,,,,
35720,34846,same-sheet,10.9,35.2,same-wrap,,,,
35862,35864,same-sheet,10.7,34.3,same-wrap,,,,
35862,45992,same-sheet,9.2,30.5,same-wrap,,,,
35862,41252,same-sheet,9.3,14.5,same-wrap,,,,
35864,39483,same-sheet,10.2,14.5,same-wrap,,,,
35864,45992,same-sheet,8.5,8.5,same-wrap,,,,
35864,53676,same-sheet,10.8,29.7,same-wrap,,,,
35864,39463,same-sheet,8.5,12.1,same-wrap,,,,
35933,36122,same-sheet,8.6,15.9,same-wrap,,,,
35933,36386,same-sheet,8.6,9.7,same-wrap,,,,
35933,36499,same-sheet,10.3,31.0,same-wrap,,,,
35933,36503,same-sheet,8.8,10.2,same-wrap,,,,
35933,37566,same-sheet,11.1,12.9,same-wrap,,,,
35933,38647,same-sheet,10.4,26.2,same-wrap,,,,
35947,36639,same-sheet,9.6,24.1,same-wrap,,,,
35947,41902,same-sheet,8.5,21.6,same-wrap,,,,
36122,36386,same-sheet,8.7,14.1,same-wrap,,,,
36122,36499,same-sheet,9.8,18.6,same-wrap,,,,
36122,36503,same-sheet,8.7,13.7,same-wrap,,,,
36122,36726,same-sheet,8.8,9.6,same-wrap,,,,
36122,38024,same-sheet,9.8,18.2,same-wrap,,,,
36122,38647,same-sheet,9.6,13.3,same-wrap,,,,
36122,38950,same-sheet,8.0,8.0,same-wrap,,,,
36122,40738,same-sheet,10.1,29.5,same-wrap,,,,
36122,44008,same-sheet,10.5,14.8,same-wrap,,,,
36122,50906,same-sheet,10.9,15.5,same-wrap,,,,
36151,36766,same-sheet,8.2,8.2,same-wrap,,,,
36151,36843,same-sheet,10.1,17.0,same-wrap,,,,
36151,36992,ambiguous,48.7,71.7,adjacent,,,,
36151,37562,ambiguous,27.6,52.2,same-wrap,,,,
36151,39889,same-sheet,9.5,15.2,same-wrap,,,,
36203,35514,same-sheet,14.5,23.7,same-wrap,,,,
36218,36371,untestable,10.4,17.7,same-wrap,,,,
36218,36719,same-sheet,8.6,11.5,unresolved,,,,
36218,37584,same-sheet,9.7,13.4,unresolved,,,,
36218,30868,same-sheet,10.2,22.2,same-wrap,,,,
36270,36428,same-sheet,8.0,8.0,same-wrap,,,,
36270,36429,same-sheet,9.8,14.4,same-wrap,,,,
36270,36492,untestable,8.9,9.4,same-wrap,,,,
36270,42761,same-sheet,9.3,9.9,same-wrap,,,,
36319,36416,same-sheet,9.2,12.7,same-wrap,,,,
36319,36569,same-sheet,10.7,28.5,same-wrap,,,,
36319,37198,untestable,8.7,8.7,same-wrap,,,,
36319,38027,untestable,9.3,16.7,same-wrap,,,,
36353,39037,same-sheet,9.7,20.4,same-wrap,,,,
36353,39183,same-sheet,10.9,23.7,same-wrap,,,,
36353,39309,same-sheet,9.7,20.9,same-wrap,,,,
36371,36719,untestable,7.9,7.9,unresolved,,,,
36371,2186,untestable,88.0,149.6,same-wrap,154.2,4.7,0.08,
36371,30868,same-sheet,12.4,24.9,same-wrap,,,,
36386,36503,same-sheet,9.9,19.2,same-wrap,,,,
36386,36726,same-sheet,9.2,12.4,same-wrap,,,,
36386,37018,same-sheet,9.2,9.2,unresolved,,,,
36386,37313,same-sheet,10.0,10.0,same-wrap,,,,
36386,37545,same-sheet,10.8,31.0,same-wrap,,,,
36386,37566,same-sheet,12.2,32.6,same-wrap,,,,
36386,37817,same-sheet,11.5,11.9,same-wrap,,,,
36401,37277,same-sheet,9.5,16.4,same-wrap,,,,
36401,38249,same-sheet,9.1,24.6,same-wrap,,,,
36416,36569,untestable,9.7,12.5,same-wrap,,,,
36416,38027,untestable,11.3,15.1,same-wrap,,,,
36416,33788,switch,91.0,166.1,adjacent,,,,
36416,37446,same-sheet,11.8,36.8,same-wrap,,,,
36428,36429,same-sheet,9.4,39.1,same-wrap,,,,
36428,36492,untestable,8.7,9.9,same-wrap,,,,
36428,36639,same-sheet,11.7,39.1,same-wrap,,,,
36428,44287,same-sheet,10.0,14.9,same-wrap,,,,
36429,36492,same-sheet,21.7,88.4,same-wrap,21.3,69.8,0.0,150.0
36429,44287,same-sheet,12.5,40.2,same-wrap,,,,
36429,33966,same-sheet,26.0,88.7,same-wrap,3.1,78.6,0.01,
36429,42761,ambiguous,98.1,281.7,unresolved,,,,
36431,37031,same-sheet,10.5,24.3,same-wrap,,,,
36431,38250,same-sheet,9.3,9.3,same-wrap,,,,
36431,45100,ambiguous,101.3,255.3,adjacent,,,,
36451,36469,same-sheet,8.7,14.0,same-wrap,,,,
36451,36792,same-sheet,9.4,9.4,same-wrap,,,,
36451,37393,untestable,8.6,8.6,same-wrap,,,,
36451,38658,same-sheet,10.7,16.7,same-wrap,,,,
36455,36927,same-sheet,11.0,31.4,same-wrap,,,,
36455,38006,ambiguous,13.9,37.5,same-wrap,,,,
36455,38990,ambiguous,17.9,64.1,same-wrap,,,,
36455,39998,same-sheet,10.8,21.5,same-wrap,,,,
36455,41907,same-sheet,8.6,11.4,same-wrap,,,,
36455,49207,same-sheet,13.6,38.3,same-wrap,,,,
36463,37320,same-sheet,8.5,9.6,same-wrap,,,,
36463,34928,same-sheet,9.5,16.6,same-wrap,,,,
36463,36784,same-sheet,12.2,22.3,same-wrap,,,,
36469,36792,same-sheet,8.4,9.7,same-wrap,,,,
36469,37272,same-sheet,9.5,12.1,same-wrap,,,,
36469,37393,untestable,8.5,9.9,same-wrap,,,,
36469,38250,same-sheet,9.2,10.1,same-wrap,,,,
36469,38658,same-sheet,9.4,19.2,same-wrap,,,,
36473,36856,ambiguous,8.9,11.5,same-wrap,,,,
36473,37119,same-sheet,11.1,51.9,same-wrap,,,,
36473,33658,untestable,8.7,9.6,same-wrap,,,,
36473,33983,same-sheet,13.0,76.1,same-wrap,,,,
36483,38249,same-sheet,17.2,17.2,same-wrap,,,,
36483,39164,same-sheet,25.0,71.7,same-wrap,,,,
36483,42231,same-sheet,8.8,8.8,same-wrap,,,,
36483,42514,same-sheet,11.0,22.9,same-wrap,,,,
36483,36837,same-sheet,10.4,21.4,same-wrap,,,,
36492,38027,untestable,9.0,13.4,same-wrap,,,,
36492,42761,ambiguous,12.6,131.9,same-wrap,30.6,36.0,49.48,190.0
36499,36747,same-sheet,10.0,25.2,same-wrap,,,,
36499,37931,same-sheet,8.1,11.9,same-wrap,,,,
36499,38647,same-sheet,10.1,23.7,same-wrap,,,,
36499,40738,same-sheet,9.8,27.3,same-wrap,,,,
36503,37545,same-sheet,9.7,19.5,same-wrap,,,,
36503,37566,same-sheet,11.0,26.7,same-wrap,,,,
36520,36525,same-sheet,10.4,13.7,same-wrap,,,,
36520,38043,same-sheet,9.0,12.6,same-wrap,,,,
36525,38043,same-sheet,8.7,10.5,same-wrap,,,,
36525,39103,untestable,11.8,24.4,same-wrap,,,,
36525,41347,ambiguous,10.5,16.4,same-wrap,,,,
36569,36814,same-sheet,8.9,39.8,same-wrap,,,,
36569,37198,same-sheet,10.7,37.9,same-wrap,,,,
36569,37446,same-sheet,8.9,11.2,same-wrap,,,,
36639,41902,same-sheet,9.7,17.1,same-wrap,,,,
36719,37584,same-sheet,8.7,10.5,unresolved,,,,
36719,38829,same-sheet,9.0,9.6,unresolved,,,,
36719,30868,same-sheet,9.2,9.4,unresolved,,,,
36726,37018,same-sheet,10.9,25.7,same-wrap,,,,
36726,37313,same-sheet,9.6,29.3,same-wrap,,,,
36726,37545,same-sheet,9.8,18.9,same-wrap,,,,
36726,37817,same-sheet,10.9,55.8,same-wrap,,,,
36726,42614,same-sheet,9.8,25.9,same-wrap,,,,
36746,37031,same-sheet,10.4,17.8,same-wrap,,,,
36747,37931,same-sheet,11.5,26.2,same-wrap,,,,
36747,40738,same-sheet,8.9,11.2,same-wrap,,,,
36758,36800,untestable,9.7,22.4,same-wrap,,,,
36758,36856,same-sheet,8.9,13.5,same-wrap,,,,
36758,37119,same-sheet,9.4,14.4,same-wrap,,,,
36758,37862,untestable,15.5,47.0,same-wrap,,,,
36758,39995,untestable,8.1,8.1,same-wrap,,,,
36766,36992,same-sheet,8.6,14.7,same-wrap,,,,
36766,37562,ambiguous,8.3,8.7,same-wrap,,,,
36766,38564,untestable,8.4,9.1,same-wrap,,,,
36766,39092,same-sheet,8.4,8.4,same-wrap,,,,
36766,39889,same-sheet,8.9,9.8,same-wrap,,,,
36766,37207,same-sheet,8.7,9.3,same-wrap,,,,
36792,37064,same-sheet,8.5,11.3,same-wrap,,,,
36792,37272,same-sheet,9.8,12.8,same-wrap,,,,
36792,37393,same-sheet,9.0,10.7,same-wrap,,,,
36792,38250,same-sheet,17.5,33.7,same-wrap,,,,
36800,37545,same-sheet,9.1,15.1,same-wrap,,,,
36800,37862,untestable,10.4,20.4,same-wrap,,,,
36800,39995,untestable,8.8,9.7,same-wrap,,,,
36814,37198,same-sheet,10.4,22.5,same-wrap,,,,
36814,42796,same-sheet,11.7,15.4,same-wrap,,,,
36814,48753,same-sheet,9.8,15.0,same-wrap,,,,
36814,37446,same-sheet,9.2,15.3,same-wrap,,,,
36817,37418,same-sheet,10.6,19.6,same-wrap,,,,
36817,41408,same-sheet,13.9,17.7,same-wrap,,,,
36817,29783,same-sheet,9.3,26.4,same-wrap,,,,
36843,36992,switch,47.4,74.4,adjacent,,,,
36843,37562,same-sheet,13.6,43.6,same-wrap,,,,
36843,38340,same-sheet,11.0,25.8,unresolved,,,,
36843,39346,same-sheet,10.2,16.9,same-wrap,,,,
36843,39574,same-sheet,9.2,9.7,same-wrap,,,,
36843,39889,same-sheet,9.9,18.7,same-wrap,,,,
36843,40545,same-sheet,9.9,23.1,same-wrap,,,,
36843,38729,same-sheet,8.6,15.8,same-wrap,,,,
36856,37119,same-sheet,9.6,15.4,same-wrap,,,,
36856,37566,same-sheet,10.0,24.1,same-wrap,,,,
36856,33658,same-sheet,9.7,30.0,same-wrap,,,,
36856,33983,same-sheet,8.2,8.5,same-wrap,,,,
36872,38990,same-sheet,11.2,31.6,same-wrap,,,,
36872,36837,same-sheet,9.3,15.2,same-wrap,,,,
36927,38006,ambiguous,12.2,56.6,same-wrap,,,,
36927,38990,ambiguous,14.5,59.3,same-wrap,,,,
36927,40520,same-sheet,11.6,14.3,unresolved,,,,
36992,37562,ambiguous,15.1,71.9,unresolved,,,,
36992,38564,same-sheet,14.0,17.0,same-wrap,,,,
36992,32642,switch,133.6,269.1,adjacent,,,,
36992,37207,same-sheet,8.8,11.8,same-wrap,,,,
36992,38729,same-sheet,8.9,13.9,same-wrap,,,,
37006,46754,untestable,33.4,42.0,adjacent,,,,
37006,47042,switch,80.1,220.3,adjacent,,,,
37018,37545,same-sheet,9.1,26.7,same-wrap,,,,
37018,37817,same-sheet,8.9,11.9,same-wrap,,,,
37031,39369,same-sheet,9.4,24.5,same-wrap,,,,
37031,40927,same-sheet,9.6,14.2,same-wrap,,,,
37031,42216,untestable,8.3,8.3,same-wrap,,,,
37064,37272,same-sheet,8.8,12.1,same-wrap,,,,
37064,37393,same-sheet,10.7,38.2,same-wrap,,,,
37064,33256,same-sheet,9.4,9.4,same-wrap,,,,
37119,38028,untestable,8.4,8.6,same-wrap,,,,
37119,33983,same-sheet,10.6,22.7,same-wrap,,,,
37125,37198,same-sheet,9.8,30.5,same-wrap,,,,
37125,37848,same-sheet,8.9,13.1,same-wrap,,,,
37125,40075,same-sheet,9.7,24.1,same-wrap,,,,
37198,37848,same-sheet,11.0,14.2,same-wrap,,,,
37198,40075,same-sheet,10.8,26.5,same-wrap,,,,
37198,48753,same-sheet,9.9,14.7,unresolved,,,,
37198,37446,same-sheet,9.0,28.0,same-wrap,,,,
37266,38268,same-sheet,10.1,14.0,same-wrap,,,,
37266,38658,same-sheet,9.2,17.2,same-wrap,,,,
37266,40247,same-sheet,9.3,15.1,same-wrap,,,,
37272,37393,same-sheet,8.9,10.5,same-wrap,,,,
37272,38250,same-sheet,8.8,47.5,same-wrap,,,,
37272,33256,same-sheet,11.6,34.2,same-wrap,,,,
37277,37486,same-sheet,9.7,26.3,same-wrap,,,,
37277,37668,same-sheet,8.5,10.9,same-wrap,,,,
37277,38249,same-sheet,9.5,14.7,same-wrap,,,,
37304,38189,same-sheet,12.1,20.6,same-wrap,,,,
37313,38024,same-sheet,8.3,8.3,same-wrap,,,,
37313,38950,same-sheet,8.7,9.8,same-wrap,,,,
37313,42614,same-sheet,11.7,11.7,unresolved,,,,
37320,38189,same-sheet,9.2,11.1,same-wrap,,,,
37320,39706,same-sheet,11.1,19.7,same-wrap,,,,
37320,34928,same-sheet,8.5,8.5,same-wrap,,,,
37320,36784,same-sheet,10.9,46.5,same-wrap,,,,
37374,37929,untestable,9.9,10.8,same-wrap,,,,
37374,40013,same-sheet,13.9,18.5,same-wrap,,,,
37374,32676,untestable,194.9,620.8,adjacent,,,,
37374,34628,same-sheet,8.4,8.5,same-wrap,,,,
37374,37714,same-sheet,9.2,26.3,same-wrap,,,,
37418,41408,untestable,9.5,9.5,same-wrap,,,,
37418,45992,same-sheet,30.6,145.5,same-wrap,116.4,16.2,1.58,
37418,29783,same-sheet,10.3,26.0,same-wrap,,,,
37418,41252,ambiguous,370.9,1723.5,same-wrap,11.2,18.7,2.47,
37486,37668,same-sheet,9.0,13.8,same-wrap,,,,
37486,37884,same-sheet,9.4,14.5,same-wrap,,,,
37486,40932,same-sheet,11.9,13.4,same-wrap,,,,
37492,38395,same-sheet,9.8,37.2,same-wrap,,,,
37492,37310,untestable,9.5,9.5,same-wrap,,,,
37545,37566,same-sheet,11.2,38.0,same-wrap,,,,
37545,37817,same-sheet,9.1,19.6,same-wrap,,,,
37545,37862,same-sheet,8.8,11.3,same-wrap,,,,
37545,38448,same-sheet,7.9,7.9,same-wrap,,,,
37560,37779,same-sheet,10.5,14.4,same-wrap,,,,
37560,37417,same-sheet,13.7,64.8,same-wrap,,,,
37562,39889,same-sheet,8.0,8.0,same-wrap,,,,
37562,37207,same-sheet,8.8,11.8,same-wrap,,,,
37562,38729,same-sheet,8.9,19.7,same-wrap,,,,
37566,37862,same-sheet,10.1,23.1,same-wrap,,,,
37584,38829,same-sheet,9.5,14.9,same-wrap,,,,
37668,44228,same-sheet,9.3,13.9,same-wrap,,,,
37779,37417,same-sheet,9.0,9.8,same-wrap,,,,
37779,37957,same-sheet,9.4,15.2,same-wrap,,,,
37790,28607,same-sheet,10.4,22.1,same-wrap,,,,
37790,28984,same-sheet,17.8,56.1,same-wrap,,,,
37790,33794,switch,161.6,305.2,adjacent,,,,
37790,34493,switch,123.5,284.7,adjacent,,,,
37790,38786,switch,111.0,196.3,adjacent,,,,
37817,37862,same-sheet,8.6,9.7,same-wrap,,,,
37817,38448,same-sheet,8.7,13.8,same-wrap,,,,
37817,39995,same-sheet,9.2,9.8,same-wrap,,,,
37848,40075,untestable,8.8,10.5,same-wrap,,,,
37848,44070,untestable,9.7,9.7,same-wrap,,,,
37853,39863,same-sheet,9.5,17.1,same-wrap,,,,
37853,42453,same-sheet,10.9,30.9,same-wrap,,,,
37853,42796,same-sheet,11.1,21.4,same-wrap,,,,
37853,45473,same-sheet,11.1,14.3,same-wrap,,,,
37853,37446,same-sheet,14.7,56.4,same-wrap,,,,
37862,39995,untestable,8.2,9.3,same-wrap,,,,
37884,39627,untestable,11.5,11.5,same-wrap,,,,
37884,39753,same-sheet,9.4,21.6,same-wrap,,,,
37929,38179,same-sheet,9.0,14.5,same-wrap,,,,
37929,39219,same-sheet,8.8,9.9,same-wrap,,,,
37929,37714,same-sheet,10.6,22.8,same-wrap,,,,
37931,40738,same-sheet,8.5,9.0,same-wrap,,,,
37931,50906,same-sheet,10.8,36.0,same-wrap,,,,
38006,38990,same-sheet,11.5,30.3,same-wrap,,,,
38006,39998,same-sheet,10.3,24.4,same-wrap,,,,
38024,38950,same-sheet,8.6,12.3,same-wrap,,,,
38024,40738,same-sheet,8.3,10.9,same-wrap,,,,
38024,44008,same-sheet,9.8,22.2,same-wrap,,,,
38024,44614,same-sheet,9.2,12.4,same-wrap,,,,
38024,50906,same-sheet,12.2,20.1,same-wrap,,,,
38027,42761,untestable,8.6,9.3,same-wrap,,,,
38028,44882,same-sheet,12.1,27.3,same-wrap,,,,
38028,45190,same-sheet,8.3,10.8,same-wrap,,,,
38028,36812,same-sheet,8.7,13.8,same-wrap,,,,
38043,46267,untestable,8.4,8.9,same-wrap,,,,
38167,39623,same-sheet,14.3,45.9,same-wrap,,,,
38167,42354,untestable,10.0,12.7,same-wrap,,,,
38167,42389,same-sheet,9.8,12.3,same-wrap,,,,
38167,42765,same-sheet,8.9,9.4,same-wrap,,,,
38167,36837,same-sheet,8.1,8.6,same-wrap,,,,
38179,38448,same-sheet,9.0,13.6,same-wrap,,,,
38179,39219,same-sheet,10.6,28.0,same-wrap,,,,
38179,52307,same-sheet,11.4,18.2,same-wrap,,,,
38225,27786,same-sheet,9.1,18.6,same-wrap,,,,
38249,43627,same-sheet,10.6,25.7,same-wrap,,,,
38249,46092,same-sheet,13.6,33.0,same-wrap,,,,
38250,33256,same-sheet,35.1,50.1,unresolved,,,,
38250,38530,same-sheet,9.6,9.6,same-wrap,,,,
38268,38658,same-sheet,8.6,8.6,same-wrap,,,,
38268,40247,same-sheet,10.0,33.9,same-wrap,,,,
38268,42216,same-sheet,10.0,19.2,same-wrap,,,,
38268,44228,same-sheet,9.2,11.5,same-wrap,,,,
38312,51672,ambiguous,83.6,269.1,adjacent,,,,
38312,31837,same-sheet,11.2,30.3,same-wrap,,,,
38312,35485,same-sheet,11.4,30.7,same-wrap,,,,
38340,39346,untestable,10.9,11.9,same-wrap,,,,
38340,39889,same-sheet,9.5,22.8,same-wrap,,,,
38340,40545,same-sheet,10.4,26.0,same-wrap,,,,
38395,38397,same-sheet,8.7,11.2,same-wrap,,,,
38395,39277,same-sheet,8.6,10.3,same-wrap,,,,
38395,39720,same-sheet,13.1,54.5,same-wrap,,,,
38395,37310,untestable,16.7,16.8,same-wrap,,,,
38395,46670,same-sheet,21.3,38.3,same-wrap,,,,
38397,38646,same-sheet,11.8,25.7,same-wrap,,,,
38397,39050,untestable,8.8,9.4,unresolved,,,,
38397,39277,same-sheet,13.4,37.5,same-wrap,,,,
38397,39519,same-sheet,11.3,12.3,same-wrap,,,,
38397,46319,same-sheet,19.4,40.5,same-wrap,,,,
38448,39995,untestable,9.3,19.6,same-wrap,,,,
38564,39092,same-sheet,9.2,11.9,same-wrap,,,,
38564,37207,same-sheet,10.2,16.9,same-wrap,,,,
38646,39050,same-sheet,9.8,16.0,same-wrap,,,,
38646,46319,same-sheet,12.5,29.4,same-wrap,,,,
38646,38703,same-sheet,9.0,12.6,same-wrap,,,,
38647,52959,same-sheet,9.5,16.7,same-wrap,,,,
38658,40247,same-sheet,8.7,14.3,same-wrap,,,,
38684,39841,same-sheet,10.8,40.7,same-wrap,,,,
38684,34493,same-sheet,9.0,10.6,same-wrap,,,,
38684,34628,same-sheet,10.8,82.3,same-wrap,20.9,44.8,48.37,90.0
38684,38786,same-sheet,8.3,8.3,same-wrap,,,,
38684,41325,same-sheet,7.9,7.9,same-wrap,,,,
38950,39595,same-sheet,10.8,22.6,same-wrap,,,,
38950,44008,same-sheet,10.2,27.3,same-wrap,,,,
38950,44614,same-sheet,8.8,8.9,same-wrap,,,,
38950,46830,same-sheet,12.2,38.4,same-wrap,,,,
38950,49743,same-sheet,17.6,38.8,same-wrap,,,,
38950,52674,ambiguous,125.3,400.3,adjacent,,,,
38950,56905,ambiguous,246.4,845.3,adjacent,,,,
38950,44833,same-sheet,8.9,8.9,same-wrap,,,,
38990,39998,same-sheet,12.6,29.6,same-wrap,,,,
38990,41700,same-sheet,12.7,12.7,same-wrap,,,,
38990,36837,same-sheet,10.4,18.0,same-wrap,,,,
39037,39183,same-sheet,10.0,23.7,same-wrap,,,,
39037,39519,untestable,8.2,8.2,same-wrap,,,,
39050,38703,untestable,8.5,8.5,same-wrap,,,,
39092,41235,same-sheet,12.2,12.2,unresolved,,,,
39092,24677,same-sheet,8.8,9.8,same-wrap,,,,
39092,37207,same-sheet,8.5,10.0,same-wrap,,,,
39099,52062,switch,92.8,616.4,adjacent,,,,
39099,35485,untestable,9.1,10.5,same-wrap,,,,
39103,41043,same-sheet,8.5,10.3,same-wrap,,,,
39103,41142,untestable,8.3,8.5,same-wrap,,,,
39103,41221,untestable,9.2,10.8,same-wrap,,,,
39164,42231,same-sheet,9.4,31.8,same-wrap,,,,
39164,42514,same-sheet,17.1,39.9,same-wrap,,,,
39164,36837,same-sheet,15.2,106.1,same-wrap,23.3,126.7,0.36,
39183,39309,same-sheet,10.4,15.4,same-wrap,,,,
39183,39453,same-sheet,8.6,8.9,same-wrap,,,,
39183,39519,same-sheet,11.0,26.1,same-wrap,,,,
39219,39809,same-sheet,9.0,18.1,same-wrap,,,,
39219,41852,same-sheet,9.3,12.6,same-wrap,,,,
39219,52307,same-sheet,11.4,27.9,same-wrap,,,,
39277,39453,same-sheet,9.6,21.9,same-wrap,,,,
39277,39519,same-sheet,9.5,15.3,same-wrap,,,,
39277,46670,same-sheet,8.1,8.1,same-wrap,,,,
39309,46670,same-sheet,11.7,13.8,same-wrap,,,,
39346,39353,same-sheet,10.0,15.3,same-wrap,,,,
39346,39574,same-sheet,9.8,14.9,same-wrap,,,,
39346,39889,same-sheet,8.6,9.2,same-wrap,,,,
39346,40178,untestable,9.2,12.4,same-wrap,,,,
39346,40545,same-sheet,9.4,10.8,same-wrap,,,,
39346,38729,same-sheet,9.5,15.5,same-wrap,,,,
39353,39367,untestable,9.0,10.8,same-wrap,,,,
39353,38729,same-sheet,9.3,11.3,same-wrap,,,,
39367,46131,same-sheet,9.1,9.2,same-wrap,,,,
39367,47986,same-sheet,9.7,10.3,same-wrap,,,,
39367,50369,same-sheet,13.5,30.4,same-wrap,,,,
39367,42157,same-sheet,9.1,14.8,unresolved,,,,
39369,39450,untestable,9.4,19.4,same-wrap,,,,
39369,42216,same-sheet,10.5,17.9,same-wrap,,,,
39450,40927,same-sheet,9.0,11.3,same-wrap,,,,
39450,42216,untestable,9.6,11.2,same-wrap,,,,
39453,39519,same-sheet,9.6,28.1,same-wrap,,,,
39453,46670,same-sheet,8.8,10.4,same-wrap,,,,
39483,53676,same-sheet,9.6,25.9,same-wrap,,,,
39483,39463,same-sheet,9.8,21.3,same-wrap,,,,
39519,39841,same-sheet,8.9,12.2,same-wrap,,,,
39519,39971,same-sheet,11.3,36.0,same-wrap,,,,
39574,39592,same-sheet,10.5,15.1,same-wrap,,,,
39574,40178,same-sheet,10.0,18.3,same-wrap,,,,
39574,40545,same-sheet,8.9,13.1,same-wrap,,,,
39592,39623,same-sheet,7.9,8.0,same-wrap,,,,
39592,40178,same-sheet,10.6,18.3,same-wrap,,,,
39595,39604,same-sheet,8.8,13.1,same-wrap,,,,
39595,42614,same-sheet,9.2,14.2,same-wrap,,,,
39595,45234,untestable,8.7,8.7,same-wrap,,,,
39604,41239,same-sheet,10.0,19.3,same-wrap,,,,
39604,41852,same-sheet,8.7,9.4,same-wrap,,,,
39604,42614,same-sheet,11.4,22.9,same-wrap,,,,
39604,45234,same-sheet,9.5,12.3,same-wrap,,,,
39604,52307,same-sheet,10.9,11.6,same-wrap,,,,
39623,40178,untestable,10.5,13.5,same-wrap,,,,
39623,40813,same-sheet,9.8,20.4,same-wrap,,,,
39623,42354,same-sheet,9.7,33.8,same-wrap,,,,
39623,42389,same-sheet,11.0,19.2,same-wrap,,,,
39627,39753,same-sheet,11.6,25.7,same-wrap,,,,
39627,40932,same-sheet,8.4,9.6,same-wrap,,,,
39641,33723,untestable,9.6,34.8,same-wrap,,,,
39706,36784,same-sheet,18.0,59.3,same-wrap,,,,
39720,41572,same-sheet,12.5,27.5,same-wrap,,,,
39720,44531,same-sheet,9.1,15.3,same-wrap,,,,
39753,40927,same-sheet,9.8,25.8,same-wrap,,,,
39753,40932,same-sheet,10.3,19.9,same-wrap,,,,
39753,49753,same-sheet,9.2,15.9,same-wrap,,,,
39809,49534,same-sheet,12.0,196.7,adjacent,,,,
39809,50495,same-sheet,17.8,17.8,same-wrap,,,,
39809,59042,switch,112.8,248.3,adjacent,,,,
39809,42047,same-sheet,8.4,8.4,same-wrap,,,,
39841,39971,same-sheet,8.8,16.3,same-wrap,,,,
39841,41094,same-sheet,10.4,18.4,same-wrap,,,,
39863,40446,same-sheet,11.5,26.3,same-wrap,,,,
39863,41949,same-sheet,10.3,30.4,same-wrap,,,,
39863,45473,same-sheet,9.7,14.8,same-wrap,,,,
39863,37957,ambiguous,9.0,14.0,same-wrap,,,,
39889,40545,same-sheet,12.0,17.1,same-wrap,,,,
39889,25758,untestable,13.8,15.0,same-wrap,,,,
39971,33794,same-sheet,8.7,8.7,same-wrap,,,,
39971,34846,same-sheet,9.9,36.8,same-wrap,,,,
39971,41325,same-sheet,10.1,26.5,same-wrap,,,,
40013,40611,same-sheet,9.0,15.9,same-wrap,,,,
40013,30713,ambiguous,212.1,759.7,adjacent,,,,
40013,33256,ambiguous,186.8,864.2,adjacent,,,,
40013,37714,same-sheet,12.8,25.0,same-wrap,,,,
40013,40573,same-sheet,8.4,11.7,same-wrap,,,,
40075,41336,same-sheet,9.2,13.0,same-wrap,,,,
40075,42637,untestable,8.1,8.1,same-wrap,,,,
40075,48753,same-sheet,8.8,8.8,same-wrap,,,,
40075,42345,same-sheet,9.7,18.4,same-wrap,,,,
40178,40520,same-sheet,10.8,15.9,same-wrap,,,,
40178,40545,same-sheet,9.2,15.6,same-wrap,,,,
40178,41700,same-sheet,8.8,13.5,same-wrap,,,,
40247,42216,same-sheet,9.5,11.6,same-wrap,,,,
40247,38530,same-sheet,25.1,49.4,same-wrap,,,,
40331,32755,same-sheet,10.2,18.5,same-wrap,,,,
40331,33595,same-sheet,8.2,8.3,same-wrap,,,,
40446,41949,same-sheet,8.5,11.0,same-wrap,,,,
40446,45473,same-sheet,9.4,10.8,same-wrap,,,,
40446,37957,same-sheet,10.3,15.2,same-wrap,,,,
40520,48741,ambiguous,10.2,28.9,same-wrap,,,,
40520,49207,same-sheet,12.3,62.6,same-wrap,,,,
40552,40611,same-sheet,8.7,11.0,same-wrap,,,,
40552,44587,same-sheet,11.3,32.4,same-wrap,,,,
40552,46224,same-sheet,9.7,14.6,same-wrap,,,,
40552,77260,ambiguous,56.8,228.2,adjacent,,,,
40552,38703,same-sheet,9.8,24.1,same-wrap,,,,
40552,44616,same-sheet,29.3,62.9,adjacent,,,,
40552,77666,ambiguous,78.0,211.3,adjacent,,,,
40611,44587,same-sheet,11.7,20.5,same-wrap,,,,
40611,33256,ambiguous,251.2,822.8,adjacent,,,,
40611,38703,untestable,8.6,8.9,same-wrap,,,,
40611,40573,same-sheet,9.6,29.4,same-wrap,,,,
40611,44616,same-sheet,22.0,56.7,same-wrap,,,,
40738,44008,same-sheet,8.6,8.6,same-wrap,,,,
40738,50906,ambiguous,8.7,9.7,same-wrap,,,,
40813,42354,same-sheet,11.6,30.5,same-wrap,,,,
40813,42389,same-sheet,13.7,31.8,same-wrap,,,,
40927,49753,same-sheet,8.7,9.7,same-wrap,,,,
41043,41069,same-sheet,9.1,16.9,same-wrap,,,,
41043,41142,same-sheet,10.5,30.3,same-wrap,,,,
41043,41221,untestable,8.5,8.9,same-wrap,,,,
41043,41347,same-sheet,10.6,18.7,same-wrap,,,,
41043,42478,same-sheet,10.0,19.0,same-wrap,,,,
41043,42588,same-sheet,9.1,14.3,same-wrap,,,,
41069,41142,same-sheet,11.9,20.9,same-wrap,,,,
41069,41221,same-sheet,9.3,34.7,unresolved,,,,
41069,41591,same-sheet,10.2,30.4,unresolved,,,,
41069,42478,same-sheet,10.7,18.2,same-wrap,,,,
41094,44616,same-sheet,10.3,19.9,same-wrap,,,,
41142,41347,same-sheet,9.6,15.9,same-wrap,,,,
41142,42478,same-sheet,9.7,29.6,same-wrap,,,,
41142,42588,same-sheet,9.8,25.0,same-wrap,,,,
41142,42680,same-sheet,9.8,19.9,same-wrap,,,,
41142,46267,same-sheet,9.4,20.3,same-wrap,,,,
41221,41439,untestable,10.2,58.9,unresolved,,,,
41221,41591,same-sheet,9.4,22.9,unresolved,,,,
41221,42518,untestable,9.6,12.8,unresolved,,,,
41235,42828,same-sheet,8.3,8.3,same-wrap,,,,
41235,49315,same-sheet,10.1,12.3,same-wrap,,,,
41239,41852,same-sheet,8.1,8.8,same-wrap,,,,
41239,52307,same-sheet,11.3,13.9,same-wrap,,,,
41336,42637,same-sheet,11.8,19.2,same-wrap,,,,
41336,48619,same-sheet,20.0,32.3,same-wrap,,,,
41336,48753,same-sheet,9.6,14.5,same-wrap,,,,
41336,42345,same-sheet,10.0,30.2,same-wrap,,,,
41408,45209,same-sheet,9.1,19.2,same-wrap,,,,
41408,45992,same-sheet,9.9,21.4,same-wrap,,,,
41408,53676,same-sheet,11.8,23.9,same-wrap,,,,
41439,41591,ambiguous,10.6,21.7,unresolved,,,,
41439,41991,untestable,9.6,16.1,unresolved,,,,
41439,42518,untestable,9.1,22.5,unresolved,,,,
41572,44524,same-sheet,8.1,8.2,same-wrap,,,,
41572,44531,same-sheet,8.5,11.3,same-wrap,,,,
41572,47904,untestable,9.8,17.9,same-wrap,,,,
41591,42478,same-sheet,9.6,16.3,unresolved,,,,
41591,42518,same-sheet,11.4,49.9,unresolved,,,,
41591,43819,same-sheet,10.0,28.7,unresolved,,,,
41591,42603,same-sheet,9.3,11.3,unresolved,,,,
41852,42316,same-sheet,20.0,57.8,adjacent,,,,
41852,52307,same-sheet,10.6,21.5,same-wrap,,,,
41852,42047,same-sheet,11.1,18.0,same-wrap,,,,
41852,55341,switch,116.3,296.3,adjacent,,,,
41854,42550,same-sheet,9.9,23.0,same-wrap,,,,
41854,44359,same-sheet,13.7,35.0,same-wrap,,,,
41854,44948,same-sheet,10.5,23.6,same-wrap,,,,
41854,45138,same-sheet,12.0,18.5,same-wrap,,,,
41902,91772,switch,73.9,239.2,adjacent,,,,
41902,35055,untestable,10.3,14.6,same-wrap,,,,
41902,35771,ambiguous,9.5,14.3,same-wrap,,,,
41907,48741,same-sheet,14.0,51.4,same-wrap,,,,
41907,49207,same-sheet,9.2,15.3,same-wrap,,,,
41949,42934,same-sheet,9.6,17.6,same-wrap,,,,
41949,45135,same-sheet,8.9,10.9,same-wrap,,,,
41949,45473,untestable,12.0,13.4,same-wrap,,,,
41949,37957,untestable,13.0,13.0,unresolved,,,,
41991,42518,same-sheet,9.9,16.1,unresolved,,,,
41991,42760,same-sheet,8.0,8.0,unresolved,,,,
41991,44700,same-sheet,10.5,24.9,unresolved,,,,
42087,42270,same-sheet,8.8,14.3,same-wrap,,,,
42087,42301,same-sheet,8.9,12.7,same-wrap,,,,
42087,45045,same-sheet,10.8,19.6,same-wrap,,,,
42087,45135,same-sheet,9.3,21.8,same-wrap,,,,
42087,45138,same-sheet,10.3,33.9,same-wrap,,,,
42087,45473,same-sheet,9.0,14.8,same-wrap,,,,
42087,48124,same-sheet,10.4,29.2,same-wrap,,,,
42216,44228,same-sheet,9.0,13.7,same-wrap,,,,
42216,38530,same-sheet,18.5,46.9,same-wrap,,,,
42231,42419,same-sheet,8.9,9.0,same-wrap,,,,
42231,42514,same-sheet,8.7,9.5,same-wrap,,,,
42231,42765,same-sheet,10.3,12.1,same-wrap,,,,
42231,36837,same-sheet,9.6,20.9,same-wrap,,,,
42270,42301,same-sheet,9.4,17.5,same-wrap,,,,
42270,45045,same-sheet,10.6,16.9,same-wrap,,,,
42270,45135,same-sheet,13.2,21.0,same-wrap,,,,
42270,45138,same-sheet,13.5,43.0,same-wrap,,,,
42270,48124,same-sheet,10.0,16.8,same-wrap,,,,
42270,48619,same-sheet,10.5,24.0,same-wrap,,,,
42301,42596,same-sheet,10.3,35.6,same-wrap,,,,
42301,42637,same-sheet,11.7,36.7,same-wrap,,,,
42301,45045,same-sheet,9.5,26.6,same-wrap,,,,
42301,45138,untestable,15.4,26.1,same-wrap,,,,
42301,47967,same-sheet,8.7,10.5,same-wrap,,,,
42301,48124,same-sheet,9.9,21.7,same-wrap,,,,
42301,48619,same-sheet,11.8,48.9,same-wrap,,,,
42301,48753,same-sheet,11.2,16.2,same-wrap,,,,
42301,49093,ambiguous,8.4,15.3,same-wrap,,,,
42316,45100,same-sheet,11.1,25.2,same-wrap,,,,
42316,45372,same-sheet,9.5,10.7,same-wrap,,,,
42316,47600,same-sheet,11.8,23.5,same-wrap,,,,
42316,50248,same-sheet,8.8,10.8,same-wrap,,,,
42316,38530,ambiguous,71.2,140.5,adjacent,,,,
42354,42389,same-sheet,10.0,28.8,same-wrap,,,,
42354,42765,same-sheet,8.7,8.7,same-wrap,,,,
42389,42419,same-sheet,9.2,9.5,same-wrap,,,,
42389,42765,same-sheet,9.6,21.1,same-wrap,,,,
42390,42514,same-sheet,9.1,9.1,same-wrap,,,,
42390,43315,same-sheet,12.8,26.9,same-wrap,,,,
42390,43627,same-sheet,10.1,17.6,same-wrap,,,,
42419,42765,same-sheet,9.4,12.3,same-wrap,,,,
42419,43315,same-sheet,9.7,17.4,same-wrap,,,,
42453,42796,same-sheet,9.5,18.6,same-wrap,,,,
42453,45473,ambiguous,9.3,11.7,same-wrap,,,,
42453,37446,same-sheet,14.8,47.0,same-wrap,,,,
42478,42588,same-sheet,10.5,32.3,same-wrap,,,,
42478,43153,same-sheet,8.2,9.3,same-wrap,,,,
42478,42603,same-sheet,9.5,20.2,unresolved,,,,
42514,43627,same-sheet,9.0,16.9,same-wrap,,,,
42514,36837,switch,557.8,2521.2,same-wrap,81.3,21.0,6.53,
42518,42760,same-sheet,8.9,13.4,unresolved,,,,
42518,43819,same-sheet,9.4,22.2,unresolved,,,,
42518,44584,same-sheet,10.3,15.1,unresolved,,,,
42550,43591,untestable,8.7,8.7,same-wrap,,,,
42550,44359,untestable,9.1,9.2,same-wrap,,,,
42550,44948,untestable,9.5,14.6,same-wrap,,,,
42588,42680,same-sheet,8.9,21.3,same-wrap,,,,
42588,43153,same-sheet,9.9,22.2,same-wrap,,,,
42588,43182,same-sheet,8.6,13.0,same-wrap,,,,
42588,44525,switch,8.6,8.6,same-wrap,,,,
42588,44578,untestable,8.0,8.0,same-wrap,,,,
42588,42603,same-sheet,8.2,8.2,unresolved,,,,
42596,42637,same-sheet,10.2,15.9,same-wrap,,,,
42596,47967,same-sheet,11.2,38.8,same-wrap,,,,
42596,48619,same-sheet,10.6,21.5,same-wrap,,,,
42596,48753,ambiguous,12.8,19.2,same-wrap,,,,
42637,47967,same-sheet,9.6,16.4,same-wrap,,,,
42637,48619,same-sheet,8.9,17.1,same-wrap,,,,
42637,48753,same-sheet,9.6,17.1,same-wrap,,,,
42680,44525,untestable,8.3,8.6,same-wrap,,,,
42680,45675,same-sheet,8.7,14.2,same-wrap,,,,
42680,46267,same-sheet,9.7,18.9,same-wrap,,,,
42680,44918,same-sheet,11.0,14.6,same-wrap,,,,
42760,43819,same-sheet,10.2,29.5,unresolved,,,,
42760,44584,same-sheet,8.6,11.3,unresolved,,,,
42760,44776,same-sheet,8.8,10.9,unresolved,,,,
42760,45743,same-sheet,10.0,20.7,unresolved,,,,
42760,44700,same-sheet,9.8,11.1,unresolved,,,,
42765,36837,same-sheet,9.7,18.1,same-wrap,,,,
42796,45473,same-sheet,9.5,20.5,same-wrap,,,,
42796,37446,same-sheet,11.8,49.9,same-wrap,,,,
42828,43109,same-sheet,10.5,27.8,same-wrap,,,,
42828,49315,same-sheet,9.7,17.8,same-wrap,,,,
42934,45909,ambiguous,101.1,298.8,adjacent,,,,
42934,37957,same-sheet,9.5,10.3,same-wrap,,,,
42934,44817,ambiguous,80.1,239.3,adjacent,,,,
42934,48498,same-sheet,14.1,34.2,same-wrap,,,,
43109,45277,same-sheet,12.1,39.3,same-wrap,,,,
43109,49315,same-sheet,12.3,34.7,same-wrap,,,,
43109,37207,untestable,9.6,9.6,same-wrap,,,,
43153,43182,same-sheet,10.0,15.6,same-wrap,,,,
43153,42603,ambiguous,17.0,62.6,unresolved,,,,
43182,43720,same-sheet,12.2,26.4,unresolved,,,,
43182,44525,same-sheet,10.9,70.9,same-wrap,,,,
43315,43627,same-sheet,8.7,17.9,same-wrap,,,,
43315,42157,same-sheet,12.1,16.6,same-wrap,,,,
43324,44070,same-sheet,17.9,47.5,same-wrap,,,,
43324,44104,same-sheet,20.2,46.3,same-wrap,,,,
43324,44120,untestable,33.9,46.8,same-wrap,,,,
43324,42345,same-sheet,8.3,8.3,same-wrap,,,,
43627,46092,same-sheet,13.1,35.3,same-wrap,,,,
43720,44525,same-sheet,8.4,9.6,unresolved,,,,
43745,44944,untestable,9.9,32.3,unresolved,,,,
43745,44700,untestable,10.2,17.8,unresolved,,,,
43819,44584,same-sheet,10.5,46.0,unresolved,,,,
43819,44985,ambiguous,13.0,23.1,unresolved,,,,
43819,46279,same-sheet,13.5,24.8,unresolved,,,,
43819,42603,ambiguous,15.1,23.4,unresolved,,,,
44008,50906,same-sheet,8.4,8.4,unresolved,,,,
44070,44104,untestable,8.7,8.7,same-wrap,,,,
44104,44120,same-sheet,9.9,13.3,same-wrap,,,,
44104,47147,untestable,9.9,13.5,same-wrap,,,,
44120,45487,same-sheet,9.3,14.3,same-wrap,,,,
44120,46031,same-sheet,9.0,13.5,same-wrap,,,,
44120,46083,same-sheet,11.2,24.4,same-wrap,,,,
44120,47147,same-sheet,9.8,16.1,same-wrap,,,,
44120,42345,ambiguous,38.6,48.3,same-wrap,,,,
44287,33966,same-sheet,15.6,45.8,same-wrap,,,,
44359,44948,same-sheet,11.2,26.4,same-wrap,,,,
44359,45135,same-sheet,11.1,23.4,same-wrap,,,,
44359,45138,same-sheet,9.7,42.6,same-wrap,,,,
44447,44493,same-sheet,9.9,18.6,same-wrap,,,,
44447,44524,untestable,8.8,15.0,same-wrap,,,,
44447,45650,same-sheet,9.0,10.2,same-wrap,,,,
44447,44612,same-sheet,9.5,12.9,same-wrap,,,,
44493,44524,same-sheet,11.4,28.8,same-wrap,,,,
44493,45372,same-sheet,8.0,8.3,same-wrap,,,,
44493,47600,same-sheet,8.8,21.6,same-wrap,,,,
44493,44612,same-sheet,11.6,29.4,same-wrap,,,,
44524,44531,same-sheet,9.4,11.7,same-wrap,,,,
44524,47600,same-sheet,8.2,8.4,same-wrap,,,,
44524,47904,untestable,12.3,37.5,same-wrap,,,,
44525,44551,untestable,8.4,8.4,unresolved,,,,
44525,44578,same-sheet,9.0,14.2,same-wrap,,,,
44525,45264,untestable,9.9,17.5,unresolved,,,,
44525,45791,same-sheet,10.6,33.5,same-wrap,,,,
44531,44741,same-sheet,9.9,18.1,same-wrap,,,,
44531,45100,same-sheet,11.0,21.8,same-wrap,,,,
44531,46319,same-sheet,8.7,8.7,same-wrap,,,,
44531,47600,same-sheet,8.2,8.5,same-wrap,,,,
44531,47904,untestable,11.0,11.0,same-wrap,,,,
44551,45264,untestable,8.5,9.2,unresolved,,,,
44578,45675,same-sheet,11.0,13.0,same-wrap,,,,
44578,44918,same-sheet,9.2,14.3,same-wrap,,,,
44578,45791,same-sheet,10.2,17.2,same-wrap,,,,
44584,44776,same-sheet,10.8,24.5,unresolved,,,,
44584,44805,same-sheet,11.6,37.4,unresolved,,,,
44584,44985,same-sheet,10.9,25.8,unresolved,,,,
44584,45150,same-sheet,9.9,34.5,unresolved,,,,
44584,45743,same-sheet,10.3,18.6,unresolved,,,,
44584,46279,same-sheet,9.5,13.7,unresolved,,,,
44584,47105,same-sheet,8.2,10.4,unresolved,,,,
44587,44741,untestable,9.6,11.9,same-wrap,,,,
44587,46224,same-sheet,11.9,20.0,same-wrap,,,,
44587,38703,same-sheet,10.2,19.5,same-wrap,,,,
44587,40573,same-sheet,8.7,11.9,same-wrap,,,,
44587,44261,same-sheet,10.3,14.0,same-wrap,,,,
44614,44833,same-sheet,9.1,13.1,same-wrap,,,,
44634,44821,same-sheet,11.2,32.6,same-wrap,,,,
44634,45087,same-sheet,9.2,17.7,same-wrap,,,,
44634,45605,untestable,9.8,11.3,same-wrap,,,,
44634,42761,same-sheet,99.3,386.6,same-wrap,51.2,15.5,49.46,120.0
44741,45100,same-sheet,8.8,13.0,same-wrap,,,,
44741,46224,same-sheet,11.0,22.1,same-wrap,,,,
44741,46319,same-sheet,13.7,39.3,same-wrap,,,,
44741,50429,untestable,16.3,71.7,same-wrap,,,,
44741,44261,same-sheet,20.4,72.9,same-wrap,,,,
44776,44805,same-sheet,9.9,18.9,unresolved,,,,
44776,45150,same-sheet,10.6,20.4,unresolved,,,,
44776,45743,same-sheet,10.0,20.8,unresolved,,,,
44776,46447,same-sheet,8.5,10.4,unresolved,,,,
44776,47105,same-sheet,9.0,14.4,unresolved,,,,
44805,44985,same-sheet,8.8,11.4,unresolved,,,,
44805,45150,same-sheet,9.7,17.5,unresolved,,,,
44805,47105,same-sheet,9.5,20.1,unresolved,,,,
44821,45925,same-sheet,10.0,20.7,same-wrap,,,,
44821,33966,ambiguous,98.1,313.5,adjacent,,,,
44821,42761,same-sheet,14.9,66.2,same-wrap,,,,
44821,45882,same-sheet,10.1,23.9,same-wrap,,,,
44821,47886,same-sheet,10.5,20.7,same-wrap,,,,
44821,48498,same-sheet,10.2,22.9,same-wrap,,,,
44882,45190,same-sheet,11.3,15.1,same-wrap,,,,
44882,36812,same-sheet,10.3,25.4,same-wrap,,,,
44944,45612,same-sheet,10.2,21.1,unresolved,,,,
44944,45698,same-sheet,10.2,23.4,unresolved,,,,
44944,46614,same-sheet,11.7,32.4,unresolved,,,,
44944,44700,same-sheet,9.3,10.4,unresolved,,,,
44948,45135,ambiguous,8.0,10.1,same-wrap,,,,
44948,45138,same-sheet,9.1,11.5,same-wrap,,,,
44985,46279,same-sheet,8.8,10.1,unresolved,,,,
44985,47105,same-sheet,9.9,16.8,unresolved,,,,
44985,47698,same-sheet,9.0,10.7,unresolved,,,,
45045,45135,untestable,10.1,13.7,same-wrap,,,,
45045,45138,same-sheet,11.7,37.5,same-wrap,,,,
45045,48124,same-sheet,8.8,25.1,same-wrap,,,,
45045,48619,same-sheet,11.5,18.1,same-wrap,,,,
45087,45605,same-sheet,9.0,10.8,same-wrap,,,,
45100,47600,same-sheet,8.4,10.4,same-wrap,,,,
45135,45138,same-sheet,9.7,31.8,same-wrap,,,,
45135,48124,same-sheet,10.1,15.2,same-wrap,,,,
45138,48124,same-sheet,12.0,43.6,same-wrap,,,,
45138,49093,same-sheet,9.9,50.2,same-wrap,,,,
45150,45743,same-sheet,8.9,13.8,unresolved,,,,
45150,46447,same-sheet,9.3,16.7,unresolved,,,,
45150,47105,same-sheet,10.3,22.7,unresolved,,,,
45150,47412,same-sheet,10.3,29.8,unresolved,,,,
45190,46354,switch,117.4,391.6,adjacent,,,,
45190,36812,same-sheet,10.7,15.9,same-wrap,,,,
45209,35055,untestable,12.1,21.3,same-wrap,,,,
45234,45372,same-sheet,8.8,10.8,same-wrap,,,,
45234,46830,same-sheet,8.3,10.6,same-wrap,,,,
45234,49743,same-sheet,8.7,9.9,same-wrap,,,,
45234,44612,same-sheet,9.9,18.3,same-wrap,,,,
45264,45791,untestable,8.1,9.2,same-wrap,,,,
45277,46362,untestable,9.2,9.2,unresolved,,,,
45277,37207,same-sheet,11.5,59.6,same-wrap,,,,
45372,50248,same-sheet,8.8,8.8,same-wrap,,,,
45372,44612,same-sheet,9.5,10.8,same-wrap,,,,
45388,45743,same-sheet,8.5,8.5,unresolved,,,,
45388,46048,same-sheet,10.2,47.2,unresolved,,,,
45388,46058,same-sheet,10.5,25.2,unresolved,,,,
45388,46366,same-sheet,11.5,48.2,unresolved,,,,
45388,46447,same-sheet,8.8,26.1,unresolved,,,,
45388,46510,same-sheet,10.8,36.9,unresolved,,,,
45388,47412,same-sheet,10.7,31.9,unresolved,,,,
45473,47967,same-sheet,11.9,15.4,same-wrap,,,,
45473,48753,ambiguous,10.5,15.0,same-wrap,,,,
45487,46031,same-sheet,9.5,24.9,same-wrap,,,,
45487,46083,same-sheet,10.1,34.7,same-wrap,,,,
45487,47147,same-sheet,10.1,19.7,same-wrap,,,,
45487,42345,ambiguous,40.9,63.7,same-wrap,,,,
45605,46101,untestable,9.5,19.3,unresolved,,,,
45605,47399,untestable,12.0,22.4,same-wrap,,,,
45612,45698,same-sheet,9.6,19.0,unresolved,,,,
45612,46263,same-sheet,9.3,14.1,unresolved,,,,
45612,46614,same-sheet,8.9,12.2,unresolved,,,,
45612,44700,same-sheet,11.4,20.1,unresolved,,,,
45650,49235,untestable,102.9,392.2,same-wrap,39.7,61.9,48.7,
45650,49743,same-sheet,8.5,8.7,same-wrap,,,,
45650,44612,same-sheet,10.3,17.4,same-wrap,,,,
45650,44833,same-sheet,12.3,18.2,same-wrap,,,,
45675,45874,untestable,10.0,17.2,same-wrap,,,,
45675,46243,same-sheet,9.2,13.1,same-wrap,,,,
45675,46267,same-sheet,9.9,17.3,same-wrap,,,,
45675,47369,same-sheet,11.2,33.0,same-wrap,,,,
45675,44918,same-sheet,9.9,20.9,same-wrap,,,,
45698,45743,same-sheet,9.0,12.7,unresolved,,,,
45698,46263,same-sheet,8.7,19.0,unresolved,,,,
45698,46447,same-sheet,9.3,18.8,unresolved,,,,
45698,46510,same-sheet,9.2,11.5,unresolved,,,,
45698,44700,same-sheet,8.5,14.8,unresolved,,,,
45743,46447,same-sheet,10.1,16.5,unresolved,,,,
45874,46243,same-sheet,11.0,18.0,same-wrap,,,,
45909,45925,same-sheet,9.4,12.9,same-wrap,,,,
45909,46297,same-sheet,9.2,10.3,same-wrap,,,,
45909,46390,same-sheet,10.0,10.0,same-wrap,,,,
45909,34448,ambiguous,117.8,240.4,adjacent,,,,
45909,37957,switch,126.0,322.5,adjacent,,,,
45909,44817,same-sheet,14.1,79.5,same-wrap,31.9,20.5,53.62,
45909,47074,untestable,11.6,11.6,adjacent,,,,
45909,48498,same-sheet,14.2,34.7,same-wrap,,,,
45925,46297,same-sheet,8.5,8.9,same-wrap,,,,
45925,46390,same-sheet,8.8,9.5,same-wrap,,,,
45925,46837,same-sheet,10.5,18.6,same-wrap,,,,
45925,44817,same-sheet,11.8,16.4,same-wrap,,,,
45925,45882,same-sheet,9.0,11.5,same-wrap,,,,
45925,48498,same-sheet,11.4,14.7,same-wrap,,,,
45992,53676,same-sheet,10.3,23.3,same-wrap,,,,
45992,41252,same-sheet,15.4,145.7,same-wrap,37.1,105.2,0.12,
46031,46083,same-sheet,10.2,25.1,same-wrap,,,,
46031,47147,same-sheet,11.1,25.5,same-wrap,,,,
46031,49115,same-sheet,11.8,59.8,same-wrap,,,,
46031,49708,same-sheet,7.9,7.9,same-wrap,,,,
46031,50533,same-sheet,10.1,10.4,same-wrap,,,,
46031,50833,same-sheet,9.7,21.3,same-wrap,,,,
46031,49019,same-sheet,12.1,47.7,same-wrap,,,,
46048,46058,same-sheet,9.9,18.0,unresolved,,,,
46048,46366,same-sheet,11.9,21.7,unresolved,,,,
46048,46447,same-sheet,10.0,22.6,unresolved,,,,
46048,46510,same-sheet,9.9,21.8,unresolved,,,,
46048,47412,same-sheet,9.7,41.6,unresolved,,,,
46058,46366,same-sheet,10.5,21.7,unresolved,,,,
46058,46447,same-sheet,9.4,17.9,unresolved,,,,
46058,46510,same-sheet,10.0,21.4,unresolved,,,,
46058,47412,same-sheet,12.7,20.8,unresolved,,,,
46083,48619,untestable,12.2,12.2,same-wrap,,,,
46083,49708,same-sheet,8.7,10.3,same-wrap,,,,
46083,42345,ambiguous,15.2,65.7,same-wrap,,,,
46101,47441,untestable,10.0,11.3,same-wrap,,,,
46101,46481,ambiguous,24.3,66.2,same-wrap,,,,
46101,47399,ambiguous,15.9,61.2,same-wrap,,,,
46131,47986,same-sheet,7.9,7.9,same-wrap,,,,
46131,48334,untestable,10.5,34.9,same-wrap,,,,
46131,50369,untestable,9.8,15.6,same-wrap,,,,
46224,46319,same-sheet,12.6,47.1,same-wrap,,,,
46224,38703,same-sheet,11.0,22.5,same-wrap,,,,
46243,46267,same-sheet,9.1,14.1,same-wrap,,,,
46243,47369,same-sheet,10.6,24.8,same-wrap,,,,
46243,47732,untestable,10.4,12.2,same-wrap,,,,
46243,60163,same-sheet,8.9,12.0,same-wrap,,,,
46251,49235,untestable,10.2,17.7,same-wrap,,,,
46251,50906,untestable,15.6,36.0,same-wrap,,,,
46263,46328,same-sheet,9.5,17.0,unresolved,,,,
46263,46447,untestable,8.7,8.7,unresolved,,,,
46263,46510,same-sheet,8.1,8.4,unresolved,,,,
46263,50311,untestable,10.6,10.6,unresolved,,,,
46263,46534,same-sheet,9.0,11.7,unresolved,,,,
46267,47369,same-sheet,10.4,24.2,same-wrap,,,,
46267,44918,same-sheet,9.0,20.1,same-wrap,,,,
46297,46390,same-sheet,8.5,11.9,same-wrap,,,,
46297,46837,same-sheet,8.9,12.9,same-wrap,,,,
46297,46971,same-sheet,11.3,15.1,same-wrap,,,,
46297,60354,switch,126.5,249.1,adjacent,,,,
46297,47074,same-sheet,9.5,37.9,same-wrap,,,,
46319,38703,same-sheet,10.5,17.8,same-wrap,,,,
46328,46510,same-sheet,8.8,14.3,unresolved,,,,
46328,46619,same-sheet,9.7,19.5,unresolved,,,,
46328,46829,ambiguous,9.2,22.4,unresolved,,,,
46328,50311,same-sheet,9.0,9.6,unresolved,,,,
46328,46534,same-sheet,9.6,19.4,unresolved,,,,
46354,49370,same-sheet,10.2,16.7,same-wrap,,,,
46354,46020,same-sheet,10.9,30.1,same-wrap,,,,
46362,47042,same-sheet,9.1,13.4,same-wrap,,,,
46362,37207,same-sheet,9.9,13.0,same-wrap,,,,
46366,46447,same-sheet,12.6,38.9,unresolved,,,,
46366,46510,same-sheet,10.0,27.7,unresolved,,,,
46366,47412,same-sheet,9.2,21.7,unresolved,,,,
46366,48621,untestable,9.5,10.7,unresolved,,,,
46390,46837,same-sheet,10.5,17.0,same-wrap,,,,
46390,46971,same-sheet,8.5,13.0,same-wrap,,,,
46390,60354,switch,134.1,254.9,adjacent,,,,
46390,46481,same-sheet,9.4,12.6,same-wrap,,,,
46390,46555,same-sheet,9.9,26.2,same-wrap,,,,
46390,47074,same-sheet,10.2,31.8,same-wrap,,,,
46390,47399,same-sheet,8.4,10.6,same-wrap,,,,
46390,48052,same-sheet,10.3,11.8,same-wrap,,,,
46447,46510,same-sheet,9.3,20.2,unresolved,,,,
46447,47412,same-sheet,9.9,21.6,unresolved,,,,
46607,46719,same-sheet,8.8,9.2,same-wrap,,,,
46607,34448,same-sheet,62.6,116.5,adjacent,,,,
46607,40617,ambiguous,63.3,130.1,adjacent,,,,
46607,44817,same-sheet,52.6,65.3,adjacent,,,,
46607,45623,same-sheet,29.4,66.3,same-wrap,,,,
46607,46682,same-sheet,8.1,8.2,same-wrap,,,,
46607,48498,same-sheet,11.4,67.2,same-wrap,,,,
46614,46656,same-sheet,8.8,10.9,unresolved,,,,
46614,46667,same-sheet,9.3,13.7,unresolved,,,,
46614,50311,same-sheet,8.7,11.4,unresolved,,,,
46614,46534,same-sheet,11.1,55.1,unresolved,,,,
46614,46609,same-sheet,9.6,19.5,unresolved,,,,
46619,46813,same-sheet,8.7,14.8,unresolved,,,,
46619,46829,same-sheet,10.3,14.2,unresolved,,,,
46619,46882,same-sheet,8.3,11.4,unresolved,,,,
46619,47410,same-sheet,9.6,13.1,unresolved,,,,
46619,47419,same-sheet,8.2,8.4,unresolved,,,,
46619,46534,same-sheet,10.9,44.7,unresolved,,,,
46619,46846,ambiguous,9.1,12.2,unresolved,,,,
46656,46667,same-sheet,9.0,12.5,unresolved,,,,
46656,46609,same-sheet,10.6,21.3,unresolved,,,,
46656,46846,ambiguous,21.5,86.2,unresolved,,,,
46662,46719,same-sheet,9.6,27.1,same-wrap,,,,
46662,47551,same-sheet,11.0,19.0,same-wrap,,,,
46662,47591,same-sheet,9.4,21.6,same-wrap,,,,
46662,47728,same-sheet,8.0,8.0,same-wrap,,,,
46662,48592,same-sheet,10.4,21.9,same-wrap,,,,
46662,56362,switch,103.3,309.2,adjacent,,,,
46662,56582,switch,110.1,431.8,adjacent,,,,
46662,56798,switch,109.8,317.9,adjacent,,,,
46662,40617,ambiguous,66.4,132.4,adjacent,,,,
46662,46682,same-sheet,10.6,35.4,same-wrap,,,,
46662,48099,untestable,8.0,8.0,same-wrap,,,,
46662,48498,same-sheet,9.5,13.1,same-wrap,,,,
46667,46882,untestable,9.0,10.9,unresolved,,,,
46667,46609,ambiguous,18.7,74.8,unresolved,,,,
46667,46846,ambiguous,30.0,87.0,unresolved,,,,
46719,47591,same-sheet,10.5,37.6,same-wrap,,,,
46719,46682,same-sheet,10.4,25.1,same-wrap,,,,
46719,48498,same-sheet,10.2,28.3,same-wrap,,,,
46754,47042,same-sheet,8.6,12.5,same-wrap,,,,
46754,47986,untestable,29.3,48.3,same-wrap,,,,
46813,46882,same-sheet,9.9,21.0,unresolved,,,,
46813,47115,same-sheet,8.8,13.8,unresolved,,,,
46813,47410,same-sheet,9.9,15.4,unresolved,,,,
46813,47419,same-sheet,9.6,15.5,unresolved,,,,
46813,48202,same-sheet,9.0,9.6,unresolved,,,,
46813,46534,same-sheet,9.5,15.8,unresolved,,,,
46829,47410,same-sheet,8.8,10.7,unresolved,,,,
46829,47700,same-sheet,9.3,42.5,unresolved,,,,
46829,49128,switch,37.4,62.0,unresolved,,,,
46829,46534,same-sheet,11.2,26.7,unresolved,,,,
46830,49743,same-sheet,9.5,16.1,same-wrap,,,,
46837,46481,ambiguous,17.3,35.4,same-wrap,,,,
46837,47399,same-sheet,13.5,67.6,same-wrap,,,,
46837,69711,ambiguous,32.0,96.1,same-wrap,20.7,6.0,52.46,
46882,47115,same-sheet,9.9,16.4,unresolved,,,,
46882,47298,same-sheet,8.7,13.2,unresolved,,,,
46882,47410,same-sheet,10.2,10.4,unresolved,,,,
46882,48202,same-sheet,11.2,21.6,unresolved,,,,
46882,47015,same-sheet,8.8,15.0,unresolved,,,,
46971,47188,same-sheet,9.1,11.7,same-wrap,,,,
46971,47327,same-sheet,9.6,23.3,same-wrap,,,,
46971,46555,same-sheet,9.9,20.3,same-wrap,,,,
46971,47074,same-sheet,9.7,14.1,same-wrap,,,,
46971,47577,same-sheet,8.9,10.9,same-wrap,,,,
46971,48052,same-sheet,8.9,12.0,same-wrap,,,,
47042,37207,same-sheet,11.6,15.5,same-wrap,,,,
47042,38729,same-sheet,12.9,62.2,same-wrap,,,,
47075,47147,same-sheet,12.9,36.6,same-wrap,,,,
47075,48112,same-sheet,10.4,24.2,same-wrap,,,,
47075,50734,same-sheet,9.1,13.8,same-wrap,,,,
47105,47412,same-sheet,10.2,23.2,unresolved,,,,
47105,47698,same-sheet,10.4,38.5,unresolved,,,,
47115,47298,same-sheet,8.9,11.4,unresolved,,,,
47115,47410,same-sheet,9.0,16.2,unresolved,,,,
47115,47419,same-sheet,9.0,10.3,unresolved,,,,
47115,48202,same-sheet,9.5,11.1,unresolved,,,,
47115,48377,same-sheet,8.8,13.2,unresolved,,,,
47115,47861,same-sheet,10.5,10.5,unresolved,,,,
47147,50734,same-sheet,8.5,10.4,same-wrap,,,,
47188,47327,same-sheet,10.6,33.4,same-wrap,,,,
47188,47878,same-sheet,9.2,12.3,same-wrap,,,,
47188,51203,untestable,8.5,8.5,same-wrap,,,,
47188,51930,same-sheet,10.2,40.3,same-wrap,,,,
47188,47577,untestable,8.0,8.0,same-wrap,,,,
47298,47419,same-sheet,9.4,10.4,unresolved,,,,
47298,48202,same-sheet,9.8,17.6,unresolved,,,,
47298,48377,same-sheet,9.9,24.7,unresolved,,,,
47298,48704,same-sheet,10.7,16.3,unresolved,,,,
47298,49467,untestable,9.7,11.2,unresolved,,,,
47298,47861,same-sheet,9.2,19.7,unresolved,,,,
47327,47878,same-sheet,10.3,30.0,same-wrap,,,,
47327,48230,same-sheet,9.5,13.8,same-wrap,,,,
47327,49080,same-sheet,10.0,11.2,same-wrap,,,,
47327,51179,same-sheet,8.5,10.6,same-wrap,,,,
47327,51203,untestable,8.4,8.5,same-wrap,,,,
47327,46555,same-sheet,8.8,10.5,same-wrap,,,,
47327,47577,same-sheet,8.8,15.0,same-wrap,,,,
47369,47732,same-sheet,8.3,13.3,same-wrap,,,,
47369,48290,untestable,9.4,15.3,same-wrap,,,,
47369,60163,same-sheet,11.2,57.9,same-wrap,,,,
47410,47419,same-sheet,8.8,13.0,unresolved,,,,
47410,47575,same-sheet,10.2,15.5,unresolved,,,,
47410,48142,same-sheet,10.0,15.5,same-wrap,,,,
47410,48674,same-sheet,8.9,14.1,unresolved,,,,
47412,47698,untestable,11.4,22.4,unresolved,,,,
47419,47575,same-sheet,9.3,13.7,unresolved,,,,
47419,48142,same-sheet,9.9,12.0,unresolved,,,,
47419,48377,same-sheet,10.0,15.3,unresolved,,,,
47419,48648,same-sheet,10.6,13.2,unresolved,,,,
47419,48674,same-sheet,8.7,11.7,unresolved,,,,
47441,48861,same-sheet,10.0,28.4,same-wrap,,,,
47441,47399,same-sheet,10.3,68.5,same-wrap,,,,
47441,48236,same-sheet,10.9,29.2,same-wrap,,,,
47551,47728,same-sheet,9.6,17.3,same-wrap,,,,
47551,48024,same-sheet,10.0,19.3,same-wrap,,,,
47551,48592,same-sheet,8.6,13.2,same-wrap,,,,
47551,46682,untestable,11.2,17.1,same-wrap,,,,
47551,48099,untestable,11.7,17.9,same-wrap,,,,
47575,47714,untestable,10.8,20.8,unresolved,,,,
47575,48377,ambiguous,9.1,15.2,unresolved,,,,
47575,48648,same-sheet,10.1,20.0,unresolved,,,,
47575,48674,same-sheet,9.4,15.9,unresolved,,,,
47575,55785,untestable,10.0,20.5,unresolved,,,,
47575,57759,untestable,10.6,17.1,unresolved,,,,
47591,47610,same-sheet,10.3,34.5,same-wrap,,,,
47591,48001,same-sheet,12.3,21.0,same-wrap,,,,
47591,48127,same-sheet,10.6,18.5,same-wrap,,,,
47591,48605,same-sheet,10.3,12.3,same-wrap,,,,
47591,49310,same-sheet,8.9,11.4,same-wrap,,,,
47591,52159,same-sheet,10.1,10.1,same-wrap,,,,
47591,46682,same-sheet,9.7,19.0,same-wrap,,,,
47591,48498,same-sheet,10.4,36.6,same-wrap,,,,
47591,49178,same-sheet,9.0,11.0,same-wrap,,,,
47610,48127,untestable,8.0,8.0,same-wrap,,,,
47610,49310,same-sheet,8.8,13.5,same-wrap,,,,
47610,52159,same-sheet,8.3,11.7,same-wrap,,,,
47610,46682,same-sheet,9.6,23.1,same-wrap,,,,
47610,48439,same-sheet,8.8,14.9,same-wrap,,,,
47700,48621,same-sheet,9.9,16.4,unresolved,,,,
47700,49128,same-sheet,10.0,26.3,unresolved,,,,
47714,55785,untestable,10.0,10.9,unresolved,,,,
47714,57759,untestable,10.1,52.2,same-wrap,,,,
47728,48024,same-sheet,8.7,11.5,same-wrap,,,,
47728,48592,untestable,9.9,11.0,same-wrap,,,,
47728,48052,same-sheet,11.1,22.1,same-wrap,,,,
47728,48099,untestable,10.6,37.2,same-wrap,,,,
47732,48290,same-sheet,10.9,31.4,same-wrap,,,,
47732,60163,same-sheet,9.6,32.6,same-wrap,,,,
47777,47787,same-sheet,9.4,36.0,same-wrap,,,,
47777,47790,same-sheet,11.2,25.7,same-wrap,,,,
47777,47969,untestable,9.0,9.7,same-wrap,,,,
47777,48031,same-sheet,11.2,22.6,same-wrap,,,,
47777,48092,same-sheet,9.5,45.7,same-wrap,,,,
47777,48309,same-sheet,10.0,17.0,same-wrap,,,,
47777,49665,untestable,9.6,9.6,same-wrap,,,,
47777,46670,switch,97.1,223.2,adjacent,,,,
47787,47790,same-sheet,10.8,24.3,same-wrap,,,,
47787,47963,same-sheet,11.4,25.4,same-wrap,,,,
47787,47969,same-sheet,9.5,34.3,same-wrap,,,,
47787,48031,same-sheet,8.3,8.3,same-wrap,,,,
47787,48092,same-sheet,11.9,43.7,same-wrap,,,,
47787,48309,untestable,8.5,10.7,same-wrap,,,,
47787,50160,same-sheet,9.9,24.9,same-wrap,,,,
47787,46670,switch,97.0,221.9,adjacent,,,,
47790,47839,untestable,8.8,12.1,same-wrap,,,,
47790,47907,same-sheet,9.8,13.9,same-wrap,,,,
47790,47963,same-sheet,10.5,42.6,same-wrap,,,,
47790,47969,same-sheet,8.9,15.7,same-wrap,,,,
47790,48031,untestable,9.1,12.5,same-wrap,,,,
47790,48309,untestable,10.5,32.4,same-wrap,,,,
47839,48031,untestable,10.9,24.3,same-wrap,,,,
47839,48309,untestable,9.6,10.8,same-wrap,,,,
47872,51764,same-sheet,11.0,16.7,unresolved,,,,
47872,62918,same-sheet,12.7,50.1,unresolved,,,,
47872,47861,same-sheet,9.0,11.7,unresolved,,,,
47878,48230,same-sheet,10.0,10.7,same-wrap,,,,
47878,49080,same-sheet,9.7,23.5,same-wrap,,,,
47878,50368,same-sheet,9.5,16.6,same-wrap,,,,
47878,51168,same-sheet,10.1,18.8,same-wrap,,,,
47878,51203,same-sheet,9.8,29.9,same-wrap,,,,
47878,51774,same-sheet,11.1,23.0,same-wrap,,,,
47907,47963,same-sheet,8.9,15.6,same-wrap,,,,
47907,49212,same-sheet,9.8,12.6,same-wrap,,,,
47907,50552,untestable,9.2,9.6,same-wrap,,,,
47907,50998,same-sheet,11.2,19.6,same-wrap,,,,
47963,49212,same-sheet,10.5,15.0,same-wrap,,,,
47963,50552,untestable,8.4,8.4,unresolved,,,,
47963,97003,same-sheet,16.0,42.0,same-wrap,,,,
47967,48619,untestable,11.8,19.4,same-wrap,,,,
47967,48753,same-sheet,10.9,37.2,same-wrap,,,,
47969,50160,same-sheet,9.4,14.3,same-wrap,,,,
47969,60483,same-sheet,8.3,8.3,same-wrap,,,,
47986,50369,untestable,9.2,9.4,same-wrap,,,,
48024,48592,same-sheet,11.9,21.9,same-wrap,,,,
48024,48052,same-sheet,10.6,32.2,same-wrap,,,,
48024,48099,untestable,10.5,25.7,same-wrap,,,,
48031,48309,untestable,10.8,22.5,same-wrap,,,,
48092,48264,same-sheet,11.1,42.8,same-wrap,,,,
48092,48309,ambiguous,11.6,66.1,same-wrap,,,,
48092,48604,same-sheet,9.9,22.2,same-wrap,,,,
48092,49665,same-sheet,12.6,46.3,same-wrap,,,,
48092,50160,same-sheet,9.0,15.9,same-wrap,,,,
48092,52331,untestable,15.4,15.4,same-wrap,,,,
48092,46670,switch,100.9,191.2,adjacent,,,,
48092,49304,same-sheet,13.0,28.7,same-wrap,,,,
48112,50331,untestable,15.9,34.6,same-wrap,,,,
48112,50734,same-sheet,11.2,15.5,same-wrap,,,,
48112,51390,same-sheet,8.5,8.5,same-wrap,,,,
48112,53588,same-sheet,11.6,38.9,same-wrap,,,,
48124,48619,same-sheet,11.0,44.5,same-wrap,,,,
48124,49093,same-sheet,9.0,16.0,same-wrap,,,,
48124,48778,same-sheet,9.0,16.8,same-wrap,,,,
48127,48605,same-sheet,10.0,21.5,same-wrap,,,,
48127,49964,ambiguous,9.9,12.8,same-wrap,,,,
48127,49178,same-sheet,9.8,11.8,same-wrap,,,,
48142,48674,ambiguous,9.7,16.4,unresolved,,,,
48142,49128,untestable,10.9,18.2,unresolved,,,,
48142,57759,untestable,9.5,11.6,unresolved,,,,
48145,46020,same-sheet,10.3,154.2,same-wrap,19.5,75.0,1.5,
48145,48741,same-sheet,11.8,158.7,same-wrap,19.5,80.2,1.98,
48199,45882,same-sheet,8.7,8.8,same-wrap,,,,
48199,47886,same-sheet,9.3,17.3,same-wrap,,,,
48199,48498,same-sheet,9.1,17.8,same-wrap,,,,
48199,48591,same-sheet,8.9,13.0,same-wrap,,,,
48202,48704,same-sheet,10.5,22.9,unresolved,,,,
48202,49467,untestable,9.5,13.4,unresolved,,,,
48202,47015,same-sheet,14.0,65.7,unresolved,,,,
48230,49080,same-sheet,8.6,12.3,same-wrap,,,,
48230,49378,same-sheet,10.0,18.3,same-wrap,,,,
48230,50368,same-sheet,9.2,21.5,same-wrap,,,,
48230,50385,same-sheet,9.6,12.8,same-wrap,,,,
48230,51179,same-sheet,8.5,9.8,same-wrap,,,,
48230,47577,same-sheet,10.6,50.4,same-wrap,,,,
48264,48604,same-sheet,12.2,22.5,same-wrap,,,,
48264,49665,same-sheet,10.2,21.7,same-wrap,,,,
48264,49913,same-sheet,9.5,14.3,same-wrap,,,,
48264,50160,same-sheet,9.3,20.0,same-wrap,,,,
48264,52331,same-sheet,9.4,19.7,same-wrap,,,,
48264,49304,same-sheet,9.8,19.1,same-wrap,,,,
48290,60163,same-sheet,11.7,54.8,same-wrap,,,,
48309,49665,untestable,8.6,8.9,same-wrap,,,,
48334,50369,same-sheet,9.5,15.4,same-wrap,,,,
48357,48783,same-sheet,11.4,27.4,same-wrap,,,,
48357,49235,untestable,26.2,62.1,adjacent,,,,
48357,50399,same-sheet,10.0,15.4,same-wrap,,,,
48373,48669,same-sheet,11.1,14.7,same-wrap,,,,
48373,48752,same-sheet,10.0,44.1,same-wrap,,,,
48373,48807,same-sheet,8.9,16.5,same-wrap,,,,
48373,48861,same-sheet,10.0,12.1,same-wrap,,,,
48373,48236,untestable,8.3,21.4,same-wrap,,,,
48377,48551,untestable,8.4,8.6,unresolved,,,,
48377,48648,same-sheet,9.6,17.5,unresolved,,,,
48377,47861,same-sheet,10.2,25.0,unresolved,,,,
48551,48648,same-sheet,8.4,8.7,unresolved,,,,
48551,48731,same-sheet,9.1,12.8,unresolved,,,,
48551,50590,untestable,8.4,8.7,unresolved,,,,
48551,52278,same-sheet,10.7,24.8,unresolved,,,,
48551,62918,same-sheet,10.5,21.4,same-wrap,,,,
48551,47861,same-sheet,9.9,19.5,same-wrap,,,,
48592,54900,switch,80.1,137.0,adjacent,,,,
48592,56362,switch,140.6,455.9,adjacent,,,,
48592,56582,ambiguous,68.3,120.6,adjacent,,,,
48592,56798,switch,165.5,455.1,adjacent,,,,
48604,49665,same-sheet,9.0,15.4,same-wrap,,,,
48604,49304,same-sheet,9.1,13.3,same-wrap,,,,
48605,48657,same-sheet,9.7,16.5,same-wrap,,,,
48605,49964,same-sheet,10.5,25.9,same-wrap,,,,
48605,50040,same-sheet,9.6,14.8,same-wrap,,,,
48605,52159,same-sheet,10.5,15.1,same-wrap,,,,
48619,48753,same-sheet,8.6,11.9,same-wrap,,,,
48619,49093,same-sheet,9.0,15.8,same-wrap,,,,
48619,49708,same-sheet,9.0,16.2,same-wrap,,,,
48619,48778,same-sheet,8.6,11.1,same-wrap,,,,
48648,48731,same-sheet,9.5,29.9,unresolved,,,,
48648,49114,same-sheet,13.5,38.0,unresolved,,,,
48648,55785,same-sheet,15.1,32.7,unresolved,,,,
48657,49964,same-sheet,8.9,9.4,same-wrap,,,,
48657,50040,same-sheet,10.0,20.7,same-wrap,,,,
48657,50154,same-sheet,8.7,12.6,same-wrap,,,,
48657,52159,same-sheet,9.6,22.3,same-wrap,,,,
48657,50738,same-sheet,8.7,8.9,unresolved,,,,
48669,48752,same-sheet,11.0,26.2,same-wrap,,,,
48669,48807,same-sheet,9.8,19.9,same-wrap,,,,
48669,48861,same-sheet,10.4,14.1,same-wrap,,,,
48669,51179,same-sheet,9.8,14.1,same-wrap,,,,
48669,48236,same-sheet,8.4,10.0,same-wrap,,,,
48674,57759,untestable,10.5,23.2,unresolved,,,,
48704,49467,untestable,9.3,21.5,unresolved,,,,
48704,49942,untestable,10.0,11.2,unresolved,,,,
48731,49114,same-sheet,10.6,39.8,unresolved,,,,
48731,50590,same-sheet,9.8,14.7,unresolved,,,,
48731,47861,ambiguous,9.9,11.6,unresolved,,,,
48752,48807,same-sheet,9.7,20.9,same-wrap,,,,
48752,48861,same-sheet,8.9,22.5,same-wrap,,,,
48752,47577,same-sheet,9.4,12.5,same-wrap,,,,
48752,48236,untestable,8.6,11.3,same-wrap,,,,
48753,37446,same-sheet,12.2,16.2,same-wrap,,,,
48783,50399,untestable,9.4,12.7,same-wrap,,,,
48783,55666,untestable,9.7,12.7,same-wrap,,,,
48807,48862,same-sheet,11.0,27.6,same-wrap,,,,
48807,51179,same-sheet,9.7,16.1,same-wrap,,,,
48807,55124,same-sheet,14.2,20.9,same-wrap,,,,
48845,49123,same-sheet,9.9,15.9,unresolved,,,,
48845,53785,untestable,8.5,8.5,unresolved,,,,
48845,47861,same-sheet,9.1,43.8,unresolved,,,,
48861,46555,same-sheet,10.5,45.3,same-wrap,,,,
48861,47399,same-sheet,10.0,18.7,same-wrap,,,,
48861,47577,same-sheet,9.7,26.9,same-wrap,,,,
48861,48236,same-sheet,11.0,20.1,same-wrap,,,,
48862,51179,same-sheet,10.7,21.2,same-wrap,,,,
48862,51913,same-sheet,13.6,44.2,same-wrap,,,,
48862,55124,same-sheet,13.3,44.4,same-wrap,,,,
48862,55496,untestable,9.3,12.7,same-wrap,,,,
48862,53702,same-sheet,10.8,16.4,same-wrap,,,,
49080,49378,same-sheet,9.1,14.9,same-wrap,,,,
49080,50368,same-sheet,11.2,46.2,same-wrap,,,,
49080,51168,same-sheet,8.7,16.9,same-wrap,,,,
49093,49210,same-sheet,13.0,54.1,same-wrap,,,,
49093,49303,ambiguous,10.4,25.1,same-wrap,,,,
49093,49708,same-sheet,12.9,12.9,same-wrap,,,,
49093,50574,same-sheet,17.6,55.6,same-wrap,,,,
49093,48778,same-sheet,14.4,44.6,same-wrap,,,,
49114,50590,untestable,11.1,13.9,unresolved,,,,
49114,55785,untestable,8.9,9.3,unresolved,,,,
49115,50533,same-sheet,9.8,27.1,same-wrap,,,,
49115,50638,same-sheet,9.7,15.2,same-wrap,,,,
49115,50833,same-sheet,12.3,29.3,same-wrap,,,,
49115,51603,same-sheet,9.7,17.0,same-wrap,,,,
49115,52674,same-sheet,8.4,8.4,same-wrap,,,,
49115,55949,same-sheet,11.7,23.6,same-wrap,,,,
49115,56905,same-sheet,10.5,23.6,same-wrap,,,,
49115,49019,same-sheet,11.2,27.6,same-wrap,,,,
49123,49942,untestable,11.5,15.1,unresolved,,,,
49123,53785,untestable,10.0,11.3,same-wrap,,,,
49123,47861,same-sheet,12.2,46.5,unresolved,,,,
49123,51982,same-sheet,9.3,17.3,unresolved,,,,
49210,49303,same-sheet,10.5,23.9,same-wrap,,,,
49210,50574,same-sheet,9.3,19.6,same-wrap,,,,
49210,50833,same-sheet,8.0,8.0,same-wrap,,,,
49210,51510,same-sheet,11.2,14.6,same-wrap,,,,
49210,48778,same-sheet,9.4,50.9,same-wrap,,,,
49212,50552,same-sheet,10.0,24.3,same-wrap,,,,
49212,50834,same-sheet,9.6,14.6,same-wrap,,,,
49212,50998,same-sheet,9.1,13.4,same-wrap,,,,
49212,52034,same-sheet,9.7,26.6,same-wrap,,,,
49235,44833,ambiguous,32.4,95.5,adjacent,,,,
49263,49536,ambiguous,19.6,69.8,same-wrap,,,,
49263,50659,same-sheet,20.1,69.9,same-wrap,,,,
49263,50962,same-sheet,9.8,13.4,same-wrap,,,,
49263,49178,same-sheet,8.0,9.5,same-wrap,,,,
49303,50574,same-sheet,8.5,8.7,same-wrap,,,,
49303,51510,same-sheet,8.1,8.1,unresolved,,,,
49310,46682,same-sheet,11.1,31.4,same-wrap,,,,
49310,48439,untestable,8.6,8.6,same-wrap,,,,
49335,49460,untestable,10.9,22.2,same-wrap,,,,
49335,49665,untestable,10.3,24.1,same-wrap,,,,
49335,49869,untestable,10.4,30.1,same-wrap,,,,
49335,49913,same-sheet,10.6,30.9,same-wrap,,,,
49335,49304,untestable,9.3,19.3,same-wrap,,,,
49370,46020,untestable,10.6,20.0,same-wrap,,,,
49376,51733,same-sheet,9.3,26.8,unresolved,,,,
49376,52108,same-sheet,10.8,17.9,unresolved,,,,
49376,52252,same-sheet,15.1,24.1,unresolved,,,,
49376,53758,same-sheet,10.5,26.6,unresolved,,,,
49376,49145,untestable,8.2,8.7,unresolved,,,,
49376,51107,same-sheet,9.2,21.2,unresolved,,,,
49378,50368,same-sheet,11.1,44.0,same-wrap,,,,
49378,50385,untestable,8.1,8.1,same-wrap,,,,
49378,51172,same-sheet,10.4,19.1,same-wrap,,,,
49378,51179,untestable,10.3,12.6,same-wrap,,,,
49378,51260,same-sheet,8.8,10.7,same-wrap,,,,
49378,51714,same-sheet,11.8,18.4,same-wrap,,,,
49460,49665,same-sheet,9.6,17.1,same-wrap,,,,
49460,49869,untestable,9.3,15.0,same-wrap,,,,
49460,49913,same-sheet,10.6,14.1,same-wrap,,,,
49460,49304,same-sheet,10.5,33.0,same-wrap,,,,
49467,49942,untestable,11.9,42.1,unresolved,,,,
49534,50429,same-sheet,9.7,40.8,same-wrap,,,,
49534,50495,same-sheet,10.2,17.5,same-wrap,,,,
49534,51986,same-sheet,11.8,16.7,same-wrap,,,,
49534,59042,same-sheet,9.3,13.5,same-wrap,,,,
49534,40573,ambiguous,80.9,161.6,same-wrap,16.5,26.1,49.37,
49534,44261,switch,94.0,201.8,adjacent,,,,
49536,49964,same-sheet,9.2,16.1,same-wrap,,,,
49536,50402,same-sheet,9.6,19.2,same-wrap,,,,
49536,50659,same-sheet,13.9,29.8,same-wrap,,,,
49536,50962,same-sheet,9.1,12.4,same-wrap,,,,
49536,50983,same-sheet,15.4,29.7,same-wrap,,,,
49536,49178,same-sheet,10.4,14.9,same-wrap,,,,
49595,52959,same-sheet,9.4,22.7,same-wrap,,,,
49595,52248,untestable,12.0,22.7,same-wrap,,,,
49665,49869,untestable,10.8,27.2,same-wrap,,,,
49665,49913,same-sheet,11.4,37.2,same-wrap,,,,
49665,49304,same-sheet,10.1,20.0,same-wrap,,,,
49708,48778,ambiguous,11.1,100.2,same-wrap,54.2,45.3,0.02,
49743,44612,same-sheet,8.5,8.5,same-wrap,,,,
49743,44833,same-sheet,16.7,27.8,same-wrap,,,,
49869,49913,same-sheet,11.7,23.5,same-wrap,,,,
49869,52062,untestable,8.1,9.3,same-wrap,,,,
49869,52096,untestable,8.7,11.6,same-wrap,,,,
49869,49304,same-sheet,9.9,26.2,same-wrap,,,,
49913,52096,same-sheet,13.0,37.2,same-wrap,,,,
49913,52331,same-sheet,10.5,37.7,same-wrap,,,,
49913,52347,same-sheet,10.6,21.5,same-wrap,,,,
49913,49304,same-sheet,10.5,22.2,same-wrap,,,,
49942,51982,untestable,8.9,12.4,unresolved,,,,
49964,50402,same-sheet,9.3,10.2,same-wrap,,,,
49964,49178,same-sheet,8.8,8.8,same-wrap,,,,
49964,50738,same-sheet,8.3,8.3,unresolved,,,,
50040,50154,same-sheet,9.7,16.8,same-wrap,,,,
50040,52159,same-sheet,9.4,18.7,same-wrap,,,,
50040,52407,same-sheet,8.9,10.0,same-wrap,,,,
50072,50154,untestable,12.5,29.4,same-wrap,,,,
50072,50306,same-sheet,10.8,26.8,same-wrap,,,,
50072,48439,same-sheet,9.3,25.3,same-wrap,,,,
50154,50306,same-sheet,8.5,12.7,same-wrap,,,,
50154,52159,same-sheet,9.5,11.4,same-wrap,,,,
50154,52407,same-sheet,9.0,11.7,same-wrap,,,,
50160,50455,same-sheet,10.9,23.2,same-wrap,,,,
50160,53654,same-sheet,11.2,49.0,same-wrap,,,,
50306,50682,same-sheet,8.6,9.5,same-wrap,,,,
50306,51049,same-sheet,10.9,35.5,same-wrap,,,,
50311,46534,same-sheet,10.6,21.0,unresolved,,,,
50331,51390,same-sheet,21.3,104.8,same-wrap,17.0,14.7,0.11,
50331,53450,same-sheet,8.5,8.8,same-wrap,,,,
50331,53588,same-sheet,28.3,49.9,same-wrap,,,,
50331,51696,untestable,20.9,107.0,same-wrap,17.0,10.2,0.12,
50368,50421,untestable,8.6,8.6,same-wrap,,,,
50368,51147,same-sheet,8.3,15.1,same-wrap,,,,
50368,51168,same-sheet,10.5,17.7,same-wrap,,,,
50368,51574,same-sheet,10.3,30.0,same-wrap,,,,
50369,42157,same-sheet,12.7,73.4,same-wrap,,,,
50385,51172,same-sheet,9.2,19.9,same-wrap,,,,
50385,51179,same-sheet,9.7,19.8,same-wrap,,,,
50385,51714,same-sheet,9.3,14.0,same-wrap,,,,
50385,53702,untestable,9.3,9.3,same-wrap,,,,
50399,52674,same-sheet,9.5,18.3,same-wrap,,,,
50399,56905,same-sheet,12.2,50.8,same-wrap,,,,
50399,63705,same-sheet,8.9,8.9,same-wrap,,,,
50402,50659,same-sheet,14.9,32.5,same-wrap,,,,
50402,50983,same-sheet,11.2,34.1,same-wrap,,,,
50402,50738,same-sheet,8.9,11.8,same-wrap,,,,
50421,51137,same-sheet,10.4,18.5,same-wrap,,,,
50421,51147,same-sheet,12.0,27.4,same-wrap,,,,
50421,51574,same-sheet,9.9,16.7,same-wrap,,,,
50429,50495,same-sheet,9.1,13.4,same-wrap,,,,
50429,51972,same-sheet,9.4,77.5,same-wrap,,,,
50429,40573,switch,101.1,183.2,adjacent,,,,
50429,44261,switch,102.0,201.7,adjacent,,,,
50455,51333,same-sheet,8.9,11.6,same-wrap,,,,
50455,52629,same-sheet,11.7,21.2,same-wrap,,,,
50455,53654,same-sheet,8.4,18.7,same-wrap,,,,
50455,51613,same-sheet,8.1,8.3,same-wrap,,,,
50495,51986,same-sheet,10.3,16.9,same-wrap,,,,
50495,40573,ambiguous,70.6,167.7,adjacent,,,,
50495,44261,untestable,8.4,8.4,same-wrap,,,,
50495,51696,switch,45.4,189.1,unresolved,,,,
50533,50638,same-sheet,10.4,47.8,same-wrap,,,,
50533,50734,same-sheet,12.4,49.1,same-wrap,,,,
50533,53588,same-sheet,10.5,28.4,same-wrap,,,,
50533,58408,same-sheet,10.6,19.9,same-wrap,,,,
50533,49019,same-sheet,10.5,29.9,same-wrap,,,,
50552,50834,same-sheet,9.8,23.0,same-wrap,,,,
50552,52034,same-sheet,8.7,9.3,same-wrap,,,,
50574,50833,same-sheet,8.8,12.1,same-wrap,,,,
50574,51510,same-sheet,11.8,32.1,same-wrap,,,,
50574,58451,same-sheet,8.6,8.6,same-wrap,,,,
50574,48778,same-sheet,9.6,96.9,same-wrap,45.9,52.7,0.02,
50590,51351,same-sheet,9.0,12.7,unresolved,,,,
50590,51866,same-sheet,9.7,19.1,unresolved,,,,
50590,52278,same-sheet,11.2,35.1,unresolved,,,,
50590,52290,same-sheet,10.7,27.1,unresolved,,,,
50602,50677,untestable,11.2,29.5,unresolved,,,,
50602,51075,untestable,9.5,24.4,unresolved,,,,
50602,51733,untestable,11.2,35.6,unresolved,,,,
50602,52108,untestable,10.2,15.8,unresolved,,,,
50638,50734,same-sheet,13.8,32.9,same-wrap,,,,
50638,53588,same-sheet,10.0,20.5,same-wrap,,,,
50638,55949,same-sheet,8.1,8.3,same-wrap,,,,
50638,57756,same-sheet,10.2,17.7,same-wrap,,,,
50638,58408,same-sheet,11.0,19.2,same-wrap,,,,
50638,49019,same-sheet,10.0,22.7,same-wrap,,,,
50638,55341,same-sheet,8.2,18.8,same-wrap,,,,
50659,50962,same-sheet,11.1,28.7,same-wrap,,,,
50659,50983,same-sheet,10.7,24.8,same-wrap,,,,
50677,51075,untestable,8.6,12.8,unresolved,,,,
50734,53588,same-sheet,10.2,34.4,same-wrap,,,,
50734,58408,same-sheet,13.2,27.9,same-wrap,,,,
50734,49019,same-sheet,11.7,56.4,same-wrap,,,,
50833,51510,same-sheet,10.3,48.2,same-wrap,,,,
50833,56905,same-sheet,11.8,54.6,same-wrap,,,,
50833,58451,ambiguous,9.5,18.9,same-wrap,,,,
50834,50998,untestable,10.2,14.4,same-wrap,,,,
50834,51655,same-sheet,9.8,47.5,same-wrap,,,,
50834,52034,same-sheet,10.2,15.7,same-wrap,,,,
50834,53010,untestable,10.5,10.5,same-wrap,,,,
50962,49178,untestable,8.2,9.9,same-wrap,,,,
50983,35771,ambiguous,85.8,187.5,same-wrap,92.2,78.9,0.4,
50983,50738,same-sheet,13.2,26.1,same-wrap,,,,
50998,52034,same-sheet,9.9,22.0,same-wrap,,,,
51049,51881,same-sheet,9.5,20.7,same-wrap,,,,
51049,53567,untestable,8.6,8.7,same-wrap,,,,
51075,52108,untestable,8.5,9.0,unresolved,,,,
51075,52991,untestable,8.7,8.9,unresolved,,,,
51137,51147,same-sheet,8.7,11.4,same-wrap,,,,
51137,51574,untestable,11.3,20.6,same-wrap,,,,
51137,54027,untestable,8.7,10.5,same-wrap,,,,
51147,51327,same-sheet,9.6,19.4,same-wrap,,,,
51147,51574,same-sheet,9.3,15.3,same-wrap,,,,
51147,52920,same-sheet,12.3,24.2,same-wrap,,,,
51147,52944,same-sheet,10.3,18.7,same-wrap,,,,
51147,54027,same-sheet,11.8,25.7,same-wrap,,,,
51147,55410,same-sheet,10.0,29.3,same-wrap,,,,
51168,51774,untestable,9.7,18.2,same-wrap,,,,
51172,51179,same-sheet,10.9,42.0,same-wrap,,,,
51172,51260,same-sheet,8.9,11.2,same-wrap,,,,
51172,51714,same-sheet,9.6,14.7,same-wrap,,,,
51172,53702,same-sheet,10.0,14.6,same-wrap,,,,
51179,51714,ambiguous,9.7,14.9,same-wrap,,,,
51179,51913,same-sheet,14.6,45.6,same-wrap,,,,
51179,47577,same-sheet,10.6,28.1,same-wrap,,,,
51179,53702,same-sheet,15.2,61.5,same-wrap,,,,
51203,51774,untestable,10.6,31.6,same-wrap,,,,
51203,51930,same-sheet,9.8,24.3,same-wrap,,,,
51260,51327,same-sheet,9.4,11.0,same-wrap,,,,
51260,51714,same-sheet,9.7,12.2,same-wrap,,,,
51260,52944,same-sheet,9.4,10.9,same-wrap,,,,
51299,53734,untestable,10.6,12.8,same-wrap,,,,
51299,55062,untestable,9.4,9.4,same-wrap,,,,
51299,55666,same-sheet,13.9,28.4,same-wrap,,,,
51327,51714,same-sheet,10.3,11.0,same-wrap,,,,
51327,52944,same-sheet,9.0,12.5,same-wrap,,,,
51333,52629,same-sheet,12.2,50.1,same-wrap,,,,
51333,54094,same-sheet,8.5,12.4,same-wrap,,,,
51333,51613,same-sheet,8.9,11.2,same-wrap,,,,
51351,51866,same-sheet,9.3,16.4,unresolved,,,,
51351,52290,same-sheet,8.0,12.2,unresolved,,,,
51390,51986,untestable,9.4,10.5,same-wrap,,,,
51390,52617,same-sheet,14.5,16.7,same-wrap,,,,
51390,53450,same-sheet,75.0,154.9,same-wrap,11.6,31.7,0.57,120.0
51390,51696,same-sheet,8.5,11.4,same-wrap,,,,
51465,55655,same-sheet,10.6,27.2,same-wrap,,,,
51465,50738,switch,22.5,92.8,adjacent,,,,
51510,58451,ambiguous,9.7,21.8,same-wrap,,,,
51519,53491,same-sheet,15.6,79.4,same-wrap,132.9,57.8,0.03,
51523,51672,untestable,10.5,26.8,same-wrap,,,,
51523,51695,untestable,11.0,27.4,same-wrap,,,,
51523,51701,same-sheet,10.5,23.6,same-wrap,,,,
51523,52062,untestable,8.3,8.3,same-wrap,,,,
51523,57581,untestable,8.4,10.8,same-wrap,,,,
51603,52674,same-sheet,14.1,63.3,same-wrap,,,,
51603,55949,same-sheet,9.4,16.6,same-wrap,,,,
51603,56254,untestable,8.9,11.5,same-wrap,,,,
51603,56905,same-sheet,10.6,12.5,same-wrap,,,,
51603,57756,untestable,9.5,15.6,same-wrap,,,,
51603,63705,same-sheet,14.4,31.2,same-wrap,,,,
51655,52034,same-sheet,9.2,16.3,same-wrap,,,,
51672,51695,same-sheet,9.8,21.5,same-wrap,,,,
51672,51701,ambiguous,9.4,18.8,same-wrap,,,,
51672,52347,untestable,8.8,8.8,same-wrap,,,,
51672,57581,untestable,8.2,8.2,same-wrap,,,,
51672,52227,same-sheet,8.9,19.7,same-wrap,,,,
51695,51701,same-sheet,9.8,28.3,same-wrap,,,,
51695,51772,same-sheet,10.2,41.1,same-wrap,,,,
51695,52109,same-sheet,10.1,35.7,same-wrap,,,,
51695,52347,same-sheet,10.7,23.1,same-wrap,,,,
51695,54047,same-sheet,9.0,15.8,same-wrap,,,,
51695,57581,untestable,9.0,9.9,same-wrap,,,,
51695,63863,same-sheet,12.7,23.8,same-wrap,,,,
51695,52227,same-sheet,9.4,13.8,same-wrap,,,,
51695,52255,same-sheet,9.4,14.8,same-wrap,,,,
51701,51881,same-sheet,9.0,10.6,same-wrap,,,,
51701,54047,same-sheet,24.0,35.3,same-wrap,,,,
51701,57581,untestable,10.8,37.4,same-wrap,,,,
51701,63863,same-sheet,9.7,14.9,same-wrap,,,,
51714,51902,same-sheet,9.2,13.3,same-wrap,,,,
51714,52920,untestable,9.5,9.6,same-wrap,,,,
51714,52944,same-sheet,8.9,9.5,same-wrap,,,,
51714,53320,same-sheet,9.0,17.0,same-wrap,,,,
51714,53702,same-sheet,9.1,29.3,same-wrap,,,,
51733,52108,same-sheet,9.4,16.8,unresolved,,,,
51733,52252,same-sheet,8.8,10.4,unresolved,,,,
51733,53758,same-sheet,10.6,26.7,unresolved,,,,
51733,49145,untestable,9.6,11.2,unresolved,,,,
51764,53785,same-sheet,12.8,47.6,unresolved,,,,
51764,56754,same-sheet,8.9,17.9,unresolved,,,,
51764,47861,same-sheet,8.6,9.9,unresolved,,,,
51764,52068,untestable,8.7,8.7,unresolved,,,,
51772,52109,same-sheet,8.9,14.7,same-wrap,,,,
51772,29784,ambiguous,168.1,836.6,adjacent,,,,
51772,52182,same-sheet,9.2,14.4,same-wrap,,,,
51772,52255,same-sheet,9.6,20.8,same-wrap,,,,
51774,51930,untestable,11.1,20.9,same-wrap,,,,
51866,52282,same-sheet,10.3,32.0,unresolved,,,,
51866,52290,same-sheet,10.8,15.5,unresolved,,,,
51881,55618,untestable,8.3,8.3,same-wrap,,,,
51881,57581,untestable,11.1,25.8,same-wrap,,,,
51881,63863,same-sheet,8.7,9.1,same-wrap,,,,
51902,54424,same-sheet,13.8,23.1,same-wrap,,,,
51902,55464,ambiguous,39.6,102.8,adjacent,,,,
51902,74587,ambiguous,88.1,180.4,adjacent,,,,
51902,53702,ambiguous,27.5,107.6,adjacent,,,,
51902,68961,ambiguous,126.1,263.6,adjacent,,,,
51913,53702,same-sheet,12.5,47.1,same-wrap,,,,
51986,52617,same-sheet,10.2,30.3,same-wrap,,,,
51986,53450,untestable,13.3,15.0,unresolved,,,,
51986,53721,same-sheet,8.8,9.5,same-wrap,,,,
51986,40573,switch,108.7,183.2,adjacent,,,,
51986,51696,same-sheet,9.0,14.3,same-wrap,,,,
52034,53010,untestable,9.6,12.2,same-wrap,,,,
52034,53228,same-sheet,11.4,31.2,same-wrap,,,,
52034,53491,same-sheet,9.6,14.9,same-wrap,,,,
52062,52096,untestable,8.8,11.9,same-wrap,,,,
52096,52331,ambiguous,11.1,14.1,same-wrap,,,,
52096,52347,same-sheet,13.6,25.2,same-wrap,,,,
52108,52252,same-sheet,9.5,18.8,unresolved,,,,
52108,52991,same-sheet,9.5,19.3,unresolved,,,,
52108,53205,same-sheet,9.3,10.2,unresolved,,,,
52108,53758,same-sheet,10.2,21.1,unresolved,,,,
52109,52347,same-sheet,9.7,16.7,same-wrap,,,,
52109,52675,same-sheet,10.2,32.3,same-wrap,,,,
52109,53210,same-sheet,10.1,18.9,same-wrap,,,,
52109,53436,same-sheet,8.4,20.2,same-wrap,,,,
52109,52182,same-sheet,8.8,13.3,same-wrap,,,,
52109,52227,same-sheet,10.3,19.1,same-wrap,,,,
52179,53785,same-sheet,8.8,12.5,same-wrap,,,,
52179,54338,same-sheet,9.3,19.2,unresolved,,,,
52179,54388,same-sheet,9.1,19.7,unresolved,,,,
52179,56754,same-sheet,9.6,22.7,unresolved,,,,
52179,51982,same-sheet,10.7,19.4,unresolved,,,,
52186,52290,untestable,8.7,8.7,unresolved,,,,
52186,53357,same-sheet,9.5,40.0,unresolved,,,,
52186,56754,untestable,10.1,10.3,unresolved,,,,
52186,52068,same-sheet,9.8,20.1,unresolved,,,,
52252,52991,same-sheet,9.0,14.5,unresolved,,,,
52252,53758,same-sheet,10.7,30.8,unresolved,,,,
52252,54813,same-sheet,11.6,34.9,unresolved,,,,
52252,54829,same-sheet,8.6,8.6,unresolved,,,,
52252,56778,same-sheet,9.5,26.4,unresolved,,,,
52278,52290,same-sheet,11.3,35.2,unresolved,,,,
52282,52290,untestable,8.1,8.2,unresolved,,,,
52282,52750,same-sheet,9.1,26.2,unresolved,,,,
52282,59651,untestable,11.6,22.1,unresolved,,,,
52282,55493,untestable,8.2,9.0,unresolved,,,,
52290,52750,same-sheet,8.9,13.5,unresolved,,,,
52290,53357,untestable,9.2,9.2,unresolved,,,,
52290,62918,same-sheet,10.0,13.3,unresolved,,,,
52331,52347,ambiguous,13.6,23.5,same-wrap,,,,
52331,52554,untestable,18.9,92.1,same-wrap,107.4,25.6,1.07,
52331,52675,same-sheet,12.0,55.0,same-wrap,,,,
52331,61581,same-sheet,8.5,8.6,unresolved,,,,
52331,48957,same-sheet,9.1,18.6,same-wrap,,,,
52331,49304,same-sheet,11.1,26.5,same-wrap,,,,
52347,52227,same-sheet,12.2,66.0,same-wrap,,,,
52407,55655,ambiguous,14.5,18.5,same-wrap,,,,
52407,59330,same-sheet,10.4,15.6,same-wrap,,,,
52528,52569,same-sheet,9.3,16.1,unresolved,,,,
52528,53576,untestable,10.7,10.7,unresolved,,,,
52554,53003,same-sheet,8.7,14.4,same-wrap,,,,
52554,56910,same-sheet,8.5,13.6,same-wrap,,,,
52554,61581,same-sheet,8.0,8.0,same-wrap,,,,
52554,48957,ambiguous,18.5,98.2,same-wrap,12.5,96.8,0.49,
52569,53583,same-sheet,9.2,13.0,unresolved,,,,
52569,53799,same-sheet,9.3,19.8,unresolved,,,,
52569,53906,same-sheet,9.5,14.2,unresolved,,,,
52569,53576,untestable,8.1,8.1,unresolved,,,,
52569,54851,same-sheet,9.2,13.2,unresolved,,,,
52617,53721,untestable,9.6,15.1,same-wrap,,,,
52617,51696,same-sheet,10.4,17.3,same-wrap,,,,
52629,54094,same-sheet,11.5,27.0,same-wrap,,,,
52629,55225,same-sheet,8.7,8.7,same-wrap,,,,
52629,51613,same-sheet,16.2,64.1,same-wrap,,,,
52674,56905,same-sheet,10.8,10.8,same-wrap,,,,
52674,63705,untestable,8.4,8.4,same-wrap,,,,
52675,53436,same-sheet,9.5,16.3,same-wrap,,,,
52675,61581,same-sheet,8.6,18.3,same-wrap,,,,
52750,53349,same-sheet,9.7,21.9,unresolved,,,,
52750,53357,same-sheet,9.3,16.4,unresolved,,,,
52750,53437,same-sheet,12.7,30.0,unresolved,,,,
52750,54148,same-sheet,9.6,15.6,unresolved,,,,
52750,57679,untestable,238.1,441.9,unresolved,,,,
52750,63615,same-sheet,14.5,74.3,unresolved,,,,
52750,53867,same-sheet,9.9,20.2,unresolved,,,,
52750,55493,same-sheet,8.3,9.3,unresolved,,,,
52920,52944,same-sheet,8.7,16.3,same-wrap,,,,
52920,53320,same-sheet,10.0,17.1,same-wrap,,,,
52920,54248,untestable,8.8,9.5,same-wrap,,,,
52920,55410,same-sheet,10.2,36.0,same-wrap,,,,
52944,53320,same-sheet,8.5,8.6,same-wrap,,,,
52944,55410,same-sheet,12.0,17.5,same-wrap,,,,
52959,52248,same-sheet,10.3,16.4,same-wrap,,,,
52991,53205,same-sheet,8.1,10.2,unresolved,,,,
52991,53758,same-sheet,10.2,20.7,unresolved,,,,
52991,54224,same-sheet,10.0,27.1,unresolved,,,,
52991,56778,same-sheet,9.2,15.3,unresolved,,,,
53003,53654,same-sheet,9.4,15.4,same-wrap,,,,
53003,56910,same-sheet,9.6,31.9,same-wrap,,,,
53003,48957,ambiguous,13.3,83.3,same-wrap,17.0,88.9,0.0,
53010,53228,same-sheet,10.4,20.1,same-wrap,,,,
53010,53239,same-sheet,11.3,55.7,same-wrap,,,,
53010,53044,same-sheet,10.4,17.1,same-wrap,,,,
53205,53260,same-sheet,9.9,18.1,unresolved,,,,
53205,53583,same-sheet,10.7,16.1,unresolved,,,,
53205,53650,untestable,8.9,8.9,unresolved,,,,
53205,54151,same-sheet,8.8,9.2,unresolved,,,,
53205,54224,same-sheet,10.6,12.8,unresolved,,,,
53205,54678,same-sheet,11.8,127.5,unresolved,,,,
53205,54540,same-sheet,10.1,19.2,unresolved,,,,
53210,53436,same-sheet,8.7,10.2,same-wrap,,,,
53210,63356,ambiguous,117.5,260.7,adjacent,,,,
53210,52182,same-sheet,9.5,13.6,same-wrap,,,,
53210,58586,same-sheet,11.1,29.7,same-wrap,,,,
53228,53491,ambiguous,9.5,24.0,same-wrap,,,,
53228,54580,same-sheet,8.4,9.1,same-wrap,,,,
53228,67526,same-sheet,8.8,11.9,same-wrap,,,,
53228,53044,ambiguous,8.7,11.9,same-wrap,,,,
53239,55603,same-sheet,9.7,14.0,same-wrap,,,,
53239,57756,same-sheet,8.3,8.3,same-wrap,,,,
53239,59192,same-sheet,8.3,8.6,same-wrap,,,,
53239,53044,same-sheet,9.2,15.7,same-wrap,,,,
53260,54678,untestable,14.9,16.1,unresolved,,,,
53260,55197,same-sheet,10.5,21.6,unresolved,,,,
53260,55431,same-sheet,9.2,44.0,unresolved,,,,
53260,58996,same-sheet,9.5,11.9,unresolved,,,,
53260,54540,same-sheet,8.4,11.6,unresolved,,,,
53320,54248,same-sheet,9.3,14.2,same-wrap,,,,
53320,54424,same-sheet,11.5,25.0,same-wrap,,,,
53320,55410,same-sheet,10.5,13.1,same-wrap,,,,
53349,53357,same-sheet,9.9,17.2,unresolved,,,,
53349,53437,same-sheet,9.8,22.8,unresolved,,,,
53349,53772,same-sheet,13.0,58.6,unresolved,,,,
53349,54148,same-sheet,13.6,67.1,unresolved,,,,
53349,56754,untestable,9.4,11.9,unresolved,,,,
53357,53437,same-sheet,9.8,19.7,unresolved,,,,
53357,53772,same-sheet,9.8,37.9,unresolved,,,,
53357,54148,same-sheet,9.2,15.6,unresolved,,,,
53357,56754,same-sheet,9.0,12.3,unresolved,,,,
53357,52068,same-sheet,9.5,32.6,unresolved,,,,
53436,61581,same-sheet,9.9,18.0,same-wrap,,,,
53436,34384,ambiguous,108.1,320.1,adjacent,,,,
53437,53772,same-sheet,11.2,31.8,unresolved,,,,
53437,54148,same-sheet,13.0,25.3,unresolved,,,,
53437,54338,same-sheet,9.9,19.1,unresolved,,,,
53437,56754,same-sheet,9.4,13.3,unresolved,,,,
53437,51107,same-sheet,13.3,45.1,unresolved,,,,
53437,52068,same-sheet,9.2,12.0,unresolved,,,,
53450,58408,same-sheet,9.5,11.6,same-wrap,,,,
53450,59042,switch,9.6,18.2,same-wrap,,,,
53450,51696,same-sheet,13.5,56.3,same-wrap,,,,
53450,55341,same-sheet,9.2,12.8,same-wrap,,,,
53491,53734,untestable,10.2,16.0,same-wrap,,,,
53583,53650,same-sheet,10.4,16.7,unresolved,,,,
53583,55197,same-sheet,8.5,8.9,unresolved,,,,
53583,53576,same-sheet,11.4,26.5,unresolved,,,,
53583,54851,same-sheet,8.7,8.8,unresolved,,,,
53588,58408,same-sheet,10.3,18.3,same-wrap,,,,
53650,53576,ambiguous,39.6,80.6,unresolved,,,,
53721,58332,untestable,22.2,25.2,same-wrap,,,,
53734,53851,same-sheet,8.6,12.8,same-wrap,,,,
53734,55062,same-sheet,17.3,45.9,same-wrap,,,,
53758,54813,same-sheet,10.3,28.7,unresolved,,,,
53758,54829,same-sheet,11.8,33.9,unresolved,,,,
53758,56110,same-sheet,10.6,15.3,unresolved,,,,
53758,56551,same-sheet,11.8,28.2,unresolved,,,,
53758,51107,same-sheet,10.5,25.1,unresolved,,,,
53772,54148,same-sheet,11.1,35.2,unresolved,,,,
53772,56110,same-sheet,9.2,17.5,unresolved,,,,
53772,56551,same-sheet,18.1,30.3,unresolved,,,,
53772,51107,same-sheet,12.4,25.9,unresolved,,,,
53785,56754,same-sheet,10.1,21.8,unresolved,,,,
53785,51982,same-sheet,10.2,17.0,same-wrap,,,,
53799,53868,same-sheet,8.7,12.9,unresolved,,,,
53799,53906,same-sheet,10.2,19.9,unresolved,,,,
53799,54851,same-sheet,9.2,18.3,unresolved,,,,
53799,54937,same-sheet,9.6,26.7,unresolved,,,,
53799,55839,same-sheet,9.4,35.1,unresolved,,,,
53851,55062,untestable,10.8,18.3,same-wrap,,,,
53868,66696,same-sheet,9.1,10.0,unresolved,,,,
53868,54851,same-sheet,11.0,25.6,unresolved,,,,
53868,55009,ambiguous,15.4,87.1,unresolved,,,,
53868,55839,same-sheet,10.2,34.2,unresolved,,,,
53868,61360,same-sheet,9.8,15.9,unresolved,,,,
53906,54679,same-sheet,10.2,36.1,unresolved,,,,
53906,57366,untestable,9.4,9.4,unresolved,,,,
53906,54851,same-sheet,9.3,11.1,unresolved,,,,
53906,54937,same-sheet,9.7,35.8,unresolved,,,,
53906,55839,same-sheet,10.3,30.0,unresolved,,,,
54027,54138,same-sheet,10.3,25.4,same-wrap,,,,
54027,55410,same-sheet,9.2,20.8,same-wrap,,,,
54047,55380,same-sheet,10.1,17.2,same-wrap,,,,
54047,55618,same-sheet,8.9,12.4,same-wrap,,,,
54047,63863,same-sheet,10.1,28.8,same-wrap,,,,
54087,54094,same-sheet,9.1,16.8,same-wrap,,,,
54087,54134,untestable,8.3,9.8,same-wrap,,,,
54087,54242,same-sheet,8.9,9.4,same-wrap,,,,
54087,54336,same-sheet,9.6,12.8,same-wrap,,,,
54087,55574,same-sheet,8.1,8.1,same-wrap,,,,
54087,60483,same-sheet,11.2,36.9,same-wrap,,,,
54087,51613,same-sheet,10.1,14.0,same-wrap,,,,
54087,53891,same-sheet,9.3,14.6,same-wrap,,,,
54094,54134,untestable,9.9,17.7,same-wrap,,,,
54094,54716,same-sheet,9.1,14.9,same-wrap,,,,
54094,55225,same-sheet,8.1,11.4,same-wrap,,,,
54094,51613,same-sheet,9.6,14.9,same-wrap,,,,
54134,54716,untestable,11.1,21.3,same-wrap,,,,
54138,55410,same-sheet,12.9,27.2,same-wrap,,,,
54138,55779,same-sheet,9.8,16.6,same-wrap,,,,
54138,55867,same-sheet,14.0,58.8,same-wrap,,,,
54148,57679,same-sheet,11.0,23.4,unresolved,,,,
54151,54224,same-sheet,18.1,63.8,unresolved,,,,
54151,55781,same-sheet,12.1,29.7,unresolved,,,,
54151,54540,same-sheet,10.7,40.1,unresolved,,,,
54224,55703,same-sheet,8.6,10.7,unresolved,,,,
54224,55781,same-sheet,11.5,30.1,unresolved,,,,
54224,55856,same-sheet,9.5,17.8,unresolved,,,,
54224,56778,same-sheet,9.7,38.6,unresolved,,,,
54224,54540,same-sheet,13.0,16.3,unresolved,,,,
54242,55574,same-sheet,8.4,8.8,same-wrap,,,,
54242,57232,same-sheet,12.0,24.4,same-wrap,,,,
54242,57806,untestable,15.7,18.2,same-wrap,,,,
54248,54424,same-sheet,8.9,15.4,same-wrap,,,,
54248,54456,same-sheet,10.4,15.6,same-wrap,,,,
54248,55779,same-sheet,9.7,23.5,same-wrap,,,,
54248,56728,same-sheet,12.2,20.5,same-wrap,,,,
54248,66867,ambiguous,157.9,420.7,adjacent,,,,
54248,54431,same-sheet,9.5,20.7,same-wrap,,,,
54248,66462,ambiguous,244.2,501.3,adjacent,,,,
54336,55574,ambiguous,11.2,13.3,unresolved,,,,
54336,60483,same-sheet,10.7,48.1,same-wrap,,,,
54336,62610,same-sheet,9.0,9.0,unresolved,,,,
54338,54388,same-sheet,12.5,14.9,unresolved,,,,
54338,56754,same-sheet,9.3,20.4,unresolved,,,,
54338,51107,same-sheet,11.7,19.6,unresolved,,,,
54388,56754,same-sheet,10.3,26.2,unresolved,,,,
54388,51982,untestable,9.4,13.1,unresolved,,,,
54424,55464,same-sheet,11.0,31.8,same-wrap,,,,
54456,54548,same-sheet,8.1,8.1,same-wrap,,,,
54456,55393,same-sheet,8.9,12.7,same-wrap,,,,
54456,55779,same-sheet,9.6,17.1,same-wrap,,,,
54456,56728,same-sheet,11.1,47.2,same-wrap,,,,
54456,57405,same-sheet,15.2,25.4,same-wrap,,,,
54456,54431,same-sheet,8.4,11.4,same-wrap,,,,
54548,55393,same-sheet,13.9,36.2,same-wrap,,,,
54548,57405,same-sheet,10.8,28.7,same-wrap,,,,
54548,57969,same-sheet,16.7,79.8,same-wrap,97.5,124.3,52.97,
54548,54431,same-sheet,9.5,17.4,same-wrap,,,,
54548,56581,same-sheet,8.4,9.8,same-wrap,,,,
54548,58798,same-sheet,10.4,12.5,same-wrap,,,,
54580,55062,same-sheet,9.5,19.1,same-wrap,,,,
54580,55666,same-sheet,10.0,10.4,same-wrap,,,,
54580,63985,same-sheet,10.6,29.5,same-wrap,,,,
54580,67526,same-sheet,12.6,25.6,same-wrap,,,,
54580,53044,same-sheet,9.5,9.5,same-wrap,,,,
54678,58996,same-sheet,14.3,26.1,unresolved,,,,
54678,60752,same-sheet,16.5,17.2,unresolved,,,,
54678,54540,same-sheet,11.5,178.3,unresolved,,,,
54679,57366,untestable,11.4,16.9,unresolved,,,,
54679,58461,untestable,10.6,16.2,unresolved,,,,
54679,54937,same-sheet,12.9,69.0,unresolved,,,,
54716,55120,untestable,9.8,14.7,same-wrap,,,,
54716,56099,untestable,9.6,10.0,same-wrap,,,,
54813,54829,same-sheet,10.9,37.3,unresolved,,,,
54813,55703,same-sheet,10.0,23.1,unresolved,,,,
54813,56778,same-sheet,8.7,11.5,unresolved,,,,
54829,55703,same-sheet,13.8,39.4,unresolved,,,,
54829,55856,same-sheet,10.8,18.1,unresolved,,,,
54829,56110,same-sheet,10.1,35.5,unresolved,,,,
54829,57679,same-sheet,9.6,17.5,unresolved,,,,
54829,63615,same-sheet,9.0,9.5,unresolved,,,,
54829,68818,untestable,8.2,8.2,unresolved,,,,
54900,56362,same-sheet,14.3,57.1,unresolved,,,,
54900,56582,same-sheet,15.8,43.0,same-wrap,,,,
54900,56798,same-sheet,9.4,15.5,same-wrap,,,,
54900,59892,switch,54.1,88.8,adjacent,,,,
54900,47074,ambiguous,19.9,90.1,adjacent,,,,
54900,48052,switch,80.1,137.6,adjacent,,,,
54900,59462,same-sheet,13.7,25.8,same-wrap,,,,
55120,56099,same-sheet,11.4,31.9,same-wrap,,,,
55120,66905,untestable,9.1,15.0,same-wrap,,,,
55124,55496,same-sheet,11.6,27.4,same-wrap,,,,
55124,59620,same-sheet,11.4,30.6,same-wrap,,,,
55124,53702,same-sheet,12.2,36.3,same-wrap,,,,
55139,55287,same-sheet,8.4,11.2,unresolved,,,,
55139,55288,same-sheet,8.9,12.4,unresolved,,,,
55139,66696,untestable,9.3,9.3,unresolved,,,,
55139,55009,same-sheet,8.9,9.5,unresolved,,,,
55197,55287,ambiguous,9.3,12.0,unresolved,,,,
55197,55413,same-sheet,8.7,8.7,unresolved,,,,
55197,55431,same-sheet,10.5,26.8,unresolved,,,,
55197,54851,same-sheet,9.8,18.2,unresolved,,,,
55225,55758,same-sheet,8.5,11.6,same-wrap,,,,
55287,55288,same-sheet,10.0,15.2,unresolved,,,,
55287,55413,same-sheet,10.7,16.0,unresolved,,,,
55287,58922,same-sheet,15.7,25.8,unresolved,,,,
55287,54851,switch,11.6,14.4,unresolved,,,,
55287,55009,same-sheet,8.5,8.5,unresolved,,,,
55288,55413,same-sheet,12.6,32.4,unresolved,,,,
55288,60152,untestable,9.6,11.3,unresolved,,,,
55288,62865,untestable,8.5,10.1,unresolved,,,,
55288,89479,same-sheet,11.6,23.5,unresolved,,,,
55288,55009,same-sheet,8.6,9.3,unresolved,,,,
55288,62888,ambiguous,22.3,64.4,unresolved,,,,
55380,55618,same-sheet,10.3,19.6,same-wrap,,,,
55380,63863,same-sheet,10.9,36.0,same-wrap,,,,
55393,56728,same-sheet,8.9,9.8,same-wrap,,,,
55393,57405,same-sheet,11.8,45.0,same-wrap,,,,
55410,55779,untestable,8.9,9.7,same-wrap,,,,
55410,55867,same-sheet,9.0,9.0,same-wrap,,,,
55413,55431,same-sheet,8.3,10.5,unresolved,,,,
55413,58922,same-sheet,10.2,33.3,unresolved,,,,
55431,58922,same-sheet,10.7,49.1,unresolved,,,,
55431,58996,same-sheet,9.9,13.1,unresolved,,,,
55464,59620,same-sheet,13.9,61.3,same-wrap,,,,
55464,53702,same-sheet,38.3,75.4,adjacent,,,,
55496,59620,same-sheet,9.3,25.5,same-wrap,,,,
55496,53702,same-sheet,8.9,16.8,same-wrap,,,,
55574,60483,same-sheet,10.3,38.4,same-wrap,,,,
55574,62610,untestable,14.0,18.3,adjacent,,,,
55603,56254,same-sheet,9.2,10.0,same-wrap,,,,
55603,57756,same-sheet,9.6,23.9,same-wrap,,,,
55603,59192,same-sheet,10.1,25.9,same-wrap,,,,
55603,63705,same-sheet,9.9,10.3,same-wrap,,,,
55603,67526,same-sheet,11.1,18.0,same-wrap,,,,
55603,53044,same-sheet,10.8,13.4,same-wrap,,,,
55618,63863,same-sheet,11.7,24.5,same-wrap,,,,
55618,69085,same-sheet,13.0,24.4,same-wrap,,,,
55618,52255,same-sheet,9.0,12.2,same-wrap,,,,
55655,59330,same-sheet,9.7,11.1,same-wrap,,,,
55655,104677,same-sheet,11.3,20.2,same-wrap,,,,
55655,50738,same-sheet,10.7,17.8,same-wrap,,,,
55666,63985,same-sheet,14.9,34.1,same-wrap,,,,
55666,67526,same-sheet,8.7,11.1,same-wrap,,,,
55703,55781,untestable,9.2,10.1,unresolved,,,,
55703,55856,same-sheet,10.9,23.1,unresolved,,,,
55703,56778,same-sheet,9.5,14.7,unresolved,,,,
55758,56170,same-sheet,10.4,44.1,same-wrap,,,,
55758,56910,same-sheet,14.6,26.0,same-wrap,,,,
55779,55867,same-sheet,8.2,8.7,same-wrap,,,,
55779,56728,same-sheet,10.0,26.1,same-wrap,,,,
55781,55856,same-sheet,9.5,16.2,unresolved,,,,
55781,54540,same-sheet,9.4,14.4,unresolved,,,,
55867,56235,same-sheet,8.4,10.9,same-wrap,,,,
55867,56287,same-sheet,8.9,9.8,same-wrap,,,,
55867,56728,same-sheet,9.8,14.4,same-wrap,,,,
55949,56254,same-sheet,8.1,8.1,same-wrap,,,,
55949,57756,same-sheet,10.5,16.8,same-wrap,,,,
56099,57050,untestable,7.9,7.9,same-wrap,,,,
56099,66905,same-sheet,10.0,14.5,same-wrap,,,,
56099,76667,switch,107.9,111.6,adjacent,,,,
56099,77585,switch,150.9,267.8,adjacent,,,,
56110,56551,same-sheet,12.3,55.6,unresolved,,,,
56110,57679,same-sheet,10.1,23.1,unresolved,,,,
56235,56287,same-sheet,8.7,11.0,same-wrap,,,,
56235,56728,same-sheet,10.0,19.0,same-wrap,,,,
56235,62104,same-sheet,12.9,18.5,same-wrap,,,,
56254,57756,same-sheet,9.7,12.4,same-wrap,,,,
56254,63705,same-sheet,9.2,29.8,same-wrap,,,,
56254,67526,same-sheet,14.0,31.0,same-wrap,,,,
56261,57703,same-sheet,10.1,13.5,same-wrap,,,,
56261,57729,untestable,9.9,14.4,same-wrap,,,,
56261,52248,same-sheet,10.4,19.8,same-wrap,,,,
56287,56728,same-sheet,10.1,36.4,same-wrap,,,,
56287,56777,same-sheet,10.8,16.5,same-wrap,,,,
56287,56978,same-sheet,11.2,25.4,same-wrap,,,,
56287,62104,same-sheet,10.5,42.9,same-wrap,,,,
56362,56582,same-sheet,9.9,11.7,same-wrap,,,,
56362,56798,same-sheet,8.7,15.6,same-wrap,,,,
56362,57350,same-sheet,176.0,2378.0,same-wrap,10.0,5.2,2.93,
56362,47074,same-sheet,34.1,68.9,adjacent,,,,
56362,56934,same-sheet,10.4,13.7,same-wrap,,,,
56551,51107,same-sheet,9.0,16.3,unresolved,,,,
56582,56798,same-sheet,10.7,19.5,same-wrap,,,,
56582,57350,same-sheet,11.6,11.6,same-wrap,,,,
56582,47074,switch,66.9,80.7,adjacent,,,,
56582,59462,ambiguous,13.1,54.4,same-wrap,,,,
56674,57366,same-sheet,8.6,21.8,unresolved,,,,
56674,57399,same-sheet,8.5,10.0,unresolved,,,,
56674,54937,same-sheet,8.5,11.2,unresolved,,,,
56674,55839,same-sheet,9.0,19.7,unresolved,,,,
56728,56777,same-sheet,10.5,25.4,same-wrap,,,,
56728,62104,same-sheet,11.8,34.5,same-wrap,,,,
56754,47861,untestable,11.5,13.2,unresolved,,,,
56754,51982,untestable,13.3,18.0,unresolved,,,,
56754,52068,same-sheet,9.5,17.6,unresolved,,,,
56777,57791,same-sheet,11.9,26.8,same-wrap,,,,
56777,62104,same-sheet,9.8,22.3,same-wrap,,,,
56798,57350,same-sheet,9.5,20.3,same-wrap,,,,
56798,47074,untestable,42.0,71.7,adjacent,,,,
56798,56934,same-sheet,10.3,25.8,same-wrap,,,,
56798,57100,same-sheet,10.5,30.4,same-wrap,,,,
56798,57979,same-sheet,10.7,32.8,same-wrap,,,,
56886,56994,same-sheet,9.2,19.1,same-wrap,,,,
56886,57050,untestable,8.9,9.7,same-wrap,,,,
56886,57338,ambiguous,10.2,12.8,same-wrap,,,,
56886,82283,ambiguous,156.7,397.9,adjacent,,,,
56886,56653,switch,43.5,80.5,same-wrap,40.5,32.7,51.57,50.0
56886,57159,same-sheet,12.3,18.5,same-wrap,,,,
56886,58586,same-sheet,10.7,27.5,same-wrap,,,,
56905,58451,same-sheet,8.8,11.9,same-wrap,,,,
56910,61581,same-sheet,11.2,19.5,same-wrap,,,,
56910,63790,ambiguous,190.0,515.1,adjacent,,,,
56978,57051,untestable,10.9,26.4,same-wrap,,,,
56994,57050,same-sheet,8.3,10.1,same-wrap,,,,
56994,57338,same-sheet,8.8,9.1,same-wrap,,,,
56994,82283,ambiguous,163.2,359.6,adjacent,,,,
56994,56653,switch,46.8,80.7,unresolved,,,,
56994,57159,same-sheet,8.3,11.0,same-wrap,,,,
56994,58586,same-sheet,10.8,20.0,same-wrap,,,,
56994,58904,untestable,9.0,9.0,same-wrap,,,,
57050,66905,untestable,9.2,15.1,same-wrap,,,,
57050,56653,untestable,32.1,78.8,same-wrap,,,,
57050,57159,untestable,11.7,19.7,unresolved,,,,
57051,70993,untestable,10.2,36.0,same-wrap,,,,
57232,57806,untestable,9.9,9.9,same-wrap,,,,
57233,57677,same-sheet,8.9,16.1,same-wrap,,,,
57233,58063,same-sheet,9.9,73.6,same-wrap,,,,
57233,58072,same-sheet,10.7,19.0,same-wrap,,,,
57233,59534,same-sheet,10.5,33.3,same-wrap,,,,
57233,59892,untestable,10.1,12.1,same-wrap,,,,
57233,60354,untestable,10.0,11.6,same-wrap,,,,
57233,56934,same-sheet,10.0,18.9,same-wrap,,,,
57233,57363,same-sheet,9.3,37.0,same-wrap,,,,
57338,60513,ambiguous,16.8,123.4,same-wrap,144.7,42.8,48.69,
57338,61601,ambiguous,87.7,122.1,same-wrap,144.7,43.9,48.69,
57338,57159,same-sheet,9.4,9.9,same-wrap,,,,
57338,58586,same-sheet,10.5,16.3,same-wrap,,,,
57338,58904,same-sheet,10.3,43.3,same-wrap,,,,
57350,58018,same-sheet,10.1,22.2,same-wrap,,,,
57350,58099,same-sheet,10.7,25.2,same-wrap,,,,
57350,57979,same-sheet,9.4,14.4,same-wrap,,,,
57366,57399,same-sheet,9.6,24.5,unresolved,,,,
57366,57753,same-sheet,10.4,18.1,unresolved,,,,
57366,58228,same-sheet,8.8,11.8,unresolved,,,,
57366,58461,same-sheet,10.2,13.2,unresolved,,,,
57366,58754,same-sheet,10.4,13.7,unresolved,,,,
57366,54937,same-sheet,10.2,28.2,unresolved,,,,
57399,58228,same-sheet,10.2,59.6,unresolved,,,,
57399,58461,untestable,8.1,8.1,unresolved,,,,
57399,58754,same-sheet,9.9,19.9,unresolved,,,,
57399,58775,same-sheet,11.5,18.8,unresolved,,,,
57399,60775,switch,51.4,82.2,unresolved,,,,
57399,54937,same-sheet,9.3,32.2,unresolved,,,,
57399,55839,untestable,9.2,10.2,unresolved,,,,
57405,57547,same-sheet,9.9,33.3,same-wrap,,,,
57405,57599,same-sheet,11.4,18.7,same-wrap,,,,
57405,57791,same-sheet,9.3,13.9,same-wrap,,,,
57405,58643,same-sheet,10.8,19.2,same-wrap,,,,
57405,72087,switch,135.7,464.3,adjacent,,,,
57405,54431,same-sheet,13.3,19.3,same-wrap,,,,
57405,56581,ambiguous,17.3,75.2,same-wrap,,,,
57405,56986,same-sheet,16.0,60.5,same-wrap,,,,
57547,57791,same-sheet,9.6,21.7,same-wrap,,,,
57547,57836,same-sheet,9.3,29.3,same-wrap,,,,
57547,58109,same-sheet,8.5,12.6,same-wrap,,,,
57547,58643,same-sheet,10.5,38.8,same-wrap,,,,
57547,56581,untestable,27.7,73.6,same-wrap,,,,
57547,56986,untestable,12.7,16.3,same-wrap,,,,
57599,57969,same-sheet,10.2,23.1,same-wrap,,,,
57599,58496,same-sheet,10.2,11.5,same-wrap,,,,
57599,58643,ambiguous,12.5,39.2,same-wrap,,,,
57599,60927,same-sheet,13.1,19.6,same-wrap,,,,
57599,56581,same-sheet,9.9,32.4,same-wrap,,,,
57599,56986,same-sheet,12.3,27.9,unresolved,,,,
57677,58063,same-sheet,10.3,17.1,same-wrap,,,,
57677,58072,same-sheet,9.9,18.4,same-wrap,,,,
57677,58428,untestable,12.4,24.8,same-wrap,,,,
57677,58545,same-sheet,8.2,8.2,same-wrap,,,,
57677,59534,same-sheet,14.1,44.8,same-wrap,,,,
57677,57363,untestable,11.9,11.9,same-wrap,,,,
57679,63615,same-sheet,14.2,49.6,unresolved,,,,
57703,57729,same-sheet,8.8,12.2,same-wrap,,,,
57703,52248,untestable,9.5,20.4,same-wrap,,,,
57729,52248,same-sheet,10.4,54.4,same-wrap,,,,
57753,58228,ambiguous,9.5,14.1,unresolved,,,,
57753,58461,untestable,8.9,9.6,unresolved,,,,
57756,58408,untestable,9.0,9.4,same-wrap,,,,
57756,59192,same-sheet,9.5,24.0,same-wrap,,,,
57756,63705,ambiguous,10.6,13.1,same-wrap,,,,
57756,55341,same-sheet,26.6,63.4,same-wrap,,,,
57791,57836,same-sheet,10.4,25.0,same-wrap,,,,
57791,58127,same-sheet,10.1,19.6,same-wrap,,,,
57791,58643,same-sheet,8.9,12.1,same-wrap,,,,
57791,59643,same-sheet,9.6,17.0,same-wrap,,,,
57791,62104,same-sheet,11.1,47.8,same-wrap,,,,
57791,62295,untestable,10.6,12.1,same-wrap,,,,
57806,58332,same-sheet,8.4,13.5,same-wrap,,,,
57836,58109,same-sheet,9.5,16.8,same-wrap,,,,
57836,58643,same-sheet,10.7,41.3,same-wrap,,,,
57836,59643,same-sheet,11.8,18.9,same-wrap,,,,
57836,60460,same-sheet,8.2,8.4,same-wrap,,,,
57836,58282,same-sheet,11.0,21.5,same-wrap,,,,
57969,58394,same-sheet,9.5,10.0,same-wrap,,,,
57969,58496,same-sheet,9.5,21.7,same-wrap,,,,
57969,56581,same-sheet,17.9,37.0,unresolved,,,,
57969,56986,same-sheet,10.9,19.7,same-wrap,,,,
58018,58099,same-sheet,9.3,19.3,same-wrap,,,,
58018,58393,same-sheet,11.7,41.7,same-wrap,,,,
58018,58490,same-sheet,9.2,17.8,same-wrap,,,,
58018,59241,same-sheet,10.3,37.7,same-wrap,,,,
58018,59278,same-sheet,9.7,10.7,same-wrap,,,,
58018,60826,same-sheet,9.4,9.4,same-wrap,,,,
58018,57979,same-sheet,11.5,38.5,same-wrap,,,,
58063,58072,same-sheet,9.4,13.8,same-wrap,,,,
58063,58428,same-sheet,10.5,25.9,same-wrap,,,,
58063,59534,same-sheet,10.5,21.4,same-wrap,,,,
58072,58428,untestable,9.3,11.3,same-wrap,,,,
58072,58441,ambiguous,10.6,71.4,same-wrap,,,,
58072,58545,untestable,13.7,20.1,same-wrap,,,,
58072,59534,same-sheet,12.8,22.9,same-wrap,,,,
58072,63765,same-sheet,11.8,15.0,same-wrap,,,,
58099,58195,same-sheet,9.4,34.6,same-wrap,,,,
58099,58490,ambiguous,10.9,68.8,same-wrap,,,,
58099,57979,same-sheet,12.1,44.5,same-wrap,,,,
58099,58298,same-sheet,9.8,29.6,same-wrap,,,,
58099,59462,same-sheet,9.0,9.0,same-wrap,,,,
58109,58643,same-sheet,10.5,15.6,same-wrap,,,,
58109,58808,same-sheet,8.9,11.3,same-wrap,,,,
58109,59353,same-sheet,8.8,12.3,same-wrap,,,,
58109,59489,same-sheet,11.4,27.8,same-wrap,,,,
58109,60460,same-sheet,8.2,10.8,same-wrap,,,,
58109,58282,same-sheet,9.5,39.0,same-wrap,,,,
58127,59643,same-sheet,12.3,37.6,same-wrap,,,,
58127,60061,same-sheet,8.3,8.3,same-wrap,,,,
58127,62104,same-sheet,13.2,30.3,same-wrap,,,,
58157,59681,same-sheet,10.6,13.8,same-wrap,,,,
58157,60098,same-sheet,9.2,12.0,same-wrap,,,,
58157,57159,same-sheet,12.0,45.0,same-wrap,,,,
58157,58904,untestable,8.9,9.7,same-wrap,,,,
58195,58490,same-sheet,8.8,10.2,same-wrap,,,,
58195,59253,untestable,8.3,8.3,same-wrap,,,,
58195,48591,ambiguous,81.4,197.8,adjacent,,,,
58195,58298,same-sheet,10.0,21.9,same-wrap,,,,
58195,59462,same-sheet,9.6,14.3,same-wrap,,,,
58228,58461,same-sheet,8.7,14.7,unresolved,,,,
58228,58469,same-sheet,8.7,12.0,unresolved,,,,
58228,58519,untestable,8.6,12.1,unresolved,,,,
58228,58754,ambiguous,9.3,66.6,unresolved,,,,
58228,58775,same-sheet,12.1,15.6,unresolved,,,,
58228,54937,same-sheet,8.1,9.1,unresolved,,,,
58393,59241,untestable,10.4,10.7,same-wrap,,,,
58393,59278,untestable,8.9,10.1,same-wrap,,,,
58393,57979,same-sheet,9.0,13.7,same-wrap,,,,
58394,58496,same-sheet,8.8,11.7,same-wrap,,,,
58394,58943,untestable,10.7,19.1,same-wrap,,,,
58394,59544,untestable,8.8,11.3,same-wrap,,,,
58394,60927,same-sheet,9.0,14.9,same-wrap,,,,
58408,55341,same-sheet,8.5,8.9,same-wrap,,,,
58428,60945,same-sheet,9.0,9.9,same-wrap,,,,
58428,63765,untestable,12.1,13.6,same-wrap,,,,
58428,64720,same-sheet,9.5,12.0,same-wrap,,,,
58428,72121,same-sheet,8.7,10.6,same-wrap,,,,
58441,58545,untestable,9.9,14.2,same-wrap,,,,
58441,59534,same-sheet,8.5,10.1,same-wrap,,,,
58441,60680,untestable,8.1,8.9,same-wrap,,,,
58461,58469,same-sheet,9.1,12.4,unresolved,,,,
58461,58519,untestable,9.4,12.9,unresolved,,,,
58461,61618,same-sheet,8.7,8.9,unresolved,,,,
58469,58519,untestable,9.1,13.5,unresolved,,,,
58469,58754,same-sheet,8.9,17.1,unresolved,,,,
58469,58775,same-sheet,8.6,8.7,unresolved,,,,
58469,59560,same-sheet,15.2,29.9,unresolved,,,,
58469,60159,same-sheet,12.8,24.8,unresolved,,,,
58469,61618,same-sheet,10.1,27.2,unresolved,,,,
58490,59241,same-sheet,8.9,13.3,same-wrap,,,,
58490,59679,same-sheet,12.5,19.5,same-wrap,,,,
58490,60826,same-sheet,9.0,15.1,same-wrap,,,,
58490,57979,same-sheet,10.8,13.3,same-wrap,,,,
58490,58298,untestable,8.1,8.1,same-wrap,,,,
58490,59289,same-sheet,10.1,11.0,same-wrap,,,,
58496,61167,same-sheet,10.5,16.1,same-wrap,,,,
58519,59621,untestable,10.4,26.6,unresolved,,,,
58519,61618,same-sheet,8.9,13.2,unresolved,,,,
58545,59534,same-sheet,9.2,14.9,same-wrap,,,,
58545,60680,untestable,10.7,17.0,same-wrap,,,,
58643,60460,same-sheet,10.5,26.4,same-wrap,,,,
58643,60927,same-sheet,9.7,18.4,same-wrap,,,,
58643,56581,same-sheet,28.4,69.0,adjacent,,,,
58643,56986,same-sheet,12.3,47.6,same-wrap,,,,
58754,58775,ambiguous,8.4,15.2,unresolved,,,,
58775,59529,same-sheet,10.7,32.5,unresolved,,,,
58775,59560,same-sheet,10.7,43.9,unresolved,,,,
58775,59667,same-sheet,11.8,28.7,unresolved,,,,
58775,60159,same-sheet,11.8,36.9,unresolved,,,,
58775,59199,same-sheet,10.0,22.2,unresolved,,,,
58775,60758,same-sheet,11.5,14.1,unresolved,,,,
58808,59353,same-sheet,8.2,10.2,same-wrap,,,,
58808,59489,same-sheet,9.9,18.6,same-wrap,,,,
58808,60460,same-sheet,9.9,13.2,same-wrap,,,,
58808,68956,untestable,19.2,26.3,same-wrap,,,,
58922,58996,same-sheet,10.9,29.9,unresolved,,,,
58922,59080,same-sheet,10.1,20.0,unresolved,,,,
58943,59006,same-sheet,9.4,16.5,same-wrap,,,,
58943,59544,same-sheet,8.5,10.0,same-wrap,,,,
58943,60927,untestable,9.8,13.0,same-wrap,,,,
58996,60752,same-sheet,8.0,8.9,unresolved,,,,
58996,59080,untestable,9.6,17.0,unresolved,,,,
59006,59544,same-sheet,9.5,16.1,same-wrap,,,,
59006,60927,same-sheet,10.4,22.6,same-wrap,,,,
59042,51696,untestable,9.3,9.3,same-wrap,,,,
59241,59278,same-sheet,9.8,17.1,same-wrap,,,,
59241,59664,same-sheet,8.8,11.4,same-wrap,,,,
59241,60826,same-sheet,9.1,16.5,same-wrap,,,,
59241,57979,same-sheet,10.2,18.2,same-wrap,,,,
59253,59383,same-sheet,23.6,52.8,unresolved,,,,
59253,47886,ambiguous,53.0,94.7,adjacent,,,,
59253,48498,switch,214.9,473.1,adjacent,,,,
59253,58298,same-sheet,10.3,55.7,adjacent,,,,
59253,59462,same-sheet,18.9,50.6,adjacent,,,,
59278,59664,untestable,11.4,19.9,same-wrap,,,,
59330,68991,ambiguous,105.2,408.7,same-wrap,24.8,0.6,51.89,
59330,68999,ambiguous,195.7,684.9,adjacent,,,,
59353,59489,same-sheet,10.4,37.3,same-wrap,,,,
59353,60460,same-sheet,10.3,20.6,same-wrap,,,,
59353,60483,switch,147.2,655.3,adjacent,,,,
59353,60702,same-sheet,9.7,14.5,same-wrap,,,,
59353,61243,same-sheet,10.7,30.0,same-wrap,,,,
59353,63631,same-sheet,10.1,27.6,same-wrap,,,,
59353,68956,same-sheet,8.3,14.4,same-wrap,,,,
59383,60706,same-sheet,9.8,15.2,same-wrap,,,,
59383,47886,switch,126.2,224.5,adjacent,,,,
59383,48498,ambiguous,101.9,222.7,adjacent,,,,
59383,58298,same-sheet,14.7,45.4,same-wrap,,,,
59383,59462,same-sheet,9.2,40.8,same-wrap,,,,
59489,61243,same-sheet,9.4,12.4,same-wrap,,,,
59489,63084,same-sheet,9.7,18.9,same-wrap,,,,
59489,63125,untestable,11.1,11.1,same-wrap,,,,
59489,63606,same-sheet,9.2,11.7,same-wrap,,,,
59489,58282,same-sheet,11.2,27.0,same-wrap,,,,
59489,58760,same-sheet,9.0,11.5,same-wrap,,,,
59529,59667,same-sheet,12.3,23.1,unresolved,,,,
59529,59871,same-sheet,9.9,13.3,unresolved,,,,
59529,60254,same-sheet,9.4,12.1,unresolved,,,,
59529,60775,same-sheet,8.9,11.9,unresolved,,,,
59529,59199,same-sheet,12.9,26.0,unresolved,,,,
59529,60758,same-sheet,10.8,22.0,unresolved,,,,
59534,56934,same-sheet,9.2,14.9,same-wrap,,,,
59534,57363,same-sheet,9.9,23.9,same-wrap,,,,
59544,60317,same-sheet,8.4,49.3,same-wrap,,,,
59544,60927,same-sheet,13.7,23.0,same-wrap,,,,
59544,68956,same-sheet,19.5,19.5,same-wrap,,,,
59560,60159,same-sheet,10.1,21.2,unresolved,,,,
59560,60175,same-sheet,10.2,14.0,unresolved,,,,
59560,61618,same-sheet,12.9,18.6,unresolved,,,,
59560,59199,same-sheet,8.4,11.4,unresolved,,,,
59620,53702,same-sheet,10.0,17.9,same-wrap,,,,
59621,60248,same-sheet,9.8,22.1,unresolved,,,,
59621,60455,untestable,8.4,9.1,unresolved,,,,
59621,61618,same-sheet,9.2,16.8,unresolved,,,,
59643,60061,same-sheet,8.4,12.9,same-wrap,,,,
59643,62295,same-sheet,8.8,12.2,same-wrap,,,,
59643,58282,switch,36.5,63.5,same-wrap,,,,
59643,60192,same-sheet,11.1,12.4,same-wrap,,,,
59651,62090,same-sheet,12.1,32.9,unresolved,,,,
59651,68818,same-sheet,13.1,32.3,unresolved,,,,
59651,53867,same-sheet,18.1,59.4,unresolved,,,,
59651,55493,same-sheet,15.8,47.0,unresolved,,,,
59664,60826,same-sheet,9.8,14.3,same-wrap,,,,
59667,59871,same-sheet,9.9,10.7,unresolved,,,,
59667,60159,same-sheet,11.2,14.1,unresolved,,,,
59667,62329,ambiguous,14.0,26.2,unresolved,,,,
59667,59199,same-sheet,9.7,16.0,unresolved,,,,
59667,60758,same-sheet,10.3,20.6,unresolved,,,,
59679,59289,same-sheet,9.7,39.8,same-wrap,,,,
59681,59852,same-sheet,10.8,36.8,same-wrap,,,,
59681,60098,same-sheet,9.6,17.9,same-wrap,,,,
59681,60513,ambiguous,14.5,116.4,same-wrap,116.0,133.5,49.04,
59681,80759,ambiguous,227.1,598.0,same-wrap,74.9,222.9,104.3,
59681,57159,same-sheet,11.6,13.8,same-wrap,,,,
59681,58904,same-sheet,10.1,34.9,same-wrap,,,,
59681,61803,ambiguous,36.3,114.6,same-wrap,116.0,144.0,49.3,
59852,60098,same-sheet,9.0,12.1,same-wrap,,,,
59852,60995,same-sheet,10.3,23.2,same-wrap,,,,
59852,63236,same-sheet,11.3,14.6,same-wrap,,,,
59852,88230,same-sheet,12.4,14.8,same-wrap,,,,
59871,62329,same-sheet,13.0,33.1,unresolved,,,,
59871,59199,same-sheet,10.6,12.8,unresolved,,,,
59871,60758,same-sheet,13.7,31.7,unresolved,,,,
59871,60890,same-sheet,23.1,79.8,unresolved,,,,
59892,60354,ambiguous,8.4,17.1,same-wrap,,,,
59892,47074,switch,105.8,253.8,adjacent,,,,
59892,57363,untestable,8.4,12.1,same-wrap,,,,
59892,59462,untestable,9.5,10.4,same-wrap,,,,
60061,62295,same-sheet,8.8,10.7,same-wrap,,,,
60061,62734,ambiguous,8.9,9.3,same-wrap,,,,
60061,60192,same-sheet,9.4,14.5,same-wrap,,,,
60098,60995,same-sheet,9.8,11.3,same-wrap,,,,
60098,63236,same-sheet,14.8,30.7,same-wrap,,,,
60098,58904,same-sheet,8.2,9.0,same-wrap,,,,
60152,89479,same-sheet,12.2,24.9,unresolved,,,,
60152,62888,same-sheet,8.8,18.0,unresolved,,,,
60155,60254,untestable,12.5,19.5,unresolved,,,,
60155,64782,same-sheet,12.3,43.6,unresolved,,,,
60159,60175,same-sheet,9.1,13.0,unresolved,,,,
60159,60482,untestable,9.4,9.4,unresolved,,,,
60159,60574,same-sheet,8.5,8.5,unresolved,,,,
60159,61618,same-sheet,9.6,22.4,unresolved,,,,
60159,59199,same-sheet,9.5,27.7,unresolved,,,,
60175,60248,same-sheet,9.4,27.8,unresolved,,,,
60175,60482,same-sheet,10.3,22.9,unresolved,,,,
60175,60574,same-sheet,12.0,23.0,unresolved,,,,
60175,60813,same-sheet,13.1,54.6,unresolved,,,,
60175,61618,same-sheet,9.0,18.7,unresolved,,,,
60175,70930,same-sheet,10.9,42.4,unresolved,,,,
60248,60455,untestable,8.7,19.5,unresolved,,,,
60248,60482,ambiguous,9.1,10.3,unresolved,,,,
60248,61618,same-sheet,9.0,12.8,unresolved,,,,
60248,66901,same-sheet,8.5,8.5,unresolved,,,,
60248,70930,same-sheet,10.4,50.1,unresolved,,,,
60254,60775,same-sheet,8.8,14.7,unresolved,,,,
60254,62785,same-sheet,9.3,16.3,unresolved,,,,
60254,64782,same-sheet,12.0,40.4,unresolved,,,,
60254,60758,untestable,8.6,10.1,unresolved,,,,
60254,60890,untestable,13.0,41.4,unresolved,,,,
60317,60702,same-sheet,8.9,15.5,same-wrap,,,,
60317,60723,same-sheet,8.3,9.6,same-wrap,,,,
60317,61274,untestable,7.9,7.9,same-wrap,,,,
60354,60385,same-sheet,11.6,63.8,same-wrap,,,,
60354,60945,same-sheet,11.1,68.8,same-wrap,,,,
60354,61270,same-sheet,47.5,63.5,adjacent,,,,
60354,57363,untestable,8.7,8.8,same-wrap,,,,
60354,59462,same-sheet,10.3,23.9,same-wrap,,,,
60385,60945,same-sheet,10.2,18.1,same-wrap,,,,
60385,61270,same-sheet,8.6,14.7,same-wrap,,,,
60385,68501,same-sheet,9.9,16.6,same-wrap,,,,
60385,59462,untestable,8.7,10.6,same-wrap,,,,
60385,61353,same-sheet,8.6,10.0,same-wrap,,,,
60385,62438,same-sheet,10.1,16.9,same-wrap,,,,
60455,60802,untestable,10.4,14.2,unresolved,,,,
60460,68956,same-sheet,16.7,68.2,same-wrap,,,,
60482,60574,same-sheet,10.2,23.7,unresolved,,,,
60482,60813,same-sheet,11.3,39.9,unresolved,,,,
60482,61027,same-sheet,9.7,22.1,unresolved,,,,
60482,61819,same-sheet,15.8,33.2,unresolved,,,,
60482,62244,same-sheet,9.5,20.4,unresolved,,,,
60482,70930,same-sheet,9.0,24.8,unresolved,,,,
60483,34846,ambiguous,176.1,589.1,adjacent,,,,
60483,38786,same-sheet,41.4,75.8,same-wrap,,,,
60483,41325,ambiguous,184.8,616.5,adjacent,,,,
60483,62610,same-sheet,11.5,51.6,same-wrap,,,,
60513,61601,same-sheet,13.1,30.6,same-wrap,,,,
60513,62064,same-sheet,7.9,7.9,same-wrap,,,,
60513,80759,ambiguous,215.3,498.5,adjacent,,,,
60513,82269,ambiguous,254.6,502.4,adjacent,,,,
60513,58904,same-sheet,12.2,92.9,same-wrap,159.7,121.0,50.18,
60513,61803,same-sheet,9.6,25.1,same-wrap,,,,
60574,60813,same-sheet,17.8,40.6,unresolved,,,,
60574,60895,same-sheet,9.9,15.2,unresolved,,,,
60574,61027,same-sheet,10.5,22.8,unresolved,,,,
60574,61118,untestable,8.3,8.3,unresolved,,,,
60574,61819,same-sheet,12.5,35.4,unresolved,,,,
60574,62244,same-sheet,11.7,31.7,unresolved,,,,
60680,61106,untestable,12.6,30.2,same-wrap,,,,
60702,60723,ambiguous,9.1,13.2,same-wrap,,,,
60702,61274,same-sheet,10.9,21.4,same-wrap,,,,
60702,62965,same-sheet,67.1,98.6,same-wrap,74.5,0.7,49.24,
60702,68956,same-sheet,9.8,18.4,same-wrap,,,,
60706,68501,same-sheet,9.3,10.6,same-wrap,,,,
60706,59462,same-sheet,9.7,14.4,same-wrap,,,,
60706,62438,same-sheet,9.6,19.2,same-wrap,,,,
60723,61274,untestable,8.9,9.1,same-wrap,,,,
60752,54540,same-sheet,13.0,16.3,unresolved,,,,
60775,61217,same-sheet,8.5,8.9,unresolved,,,,
60775,61980,same-sheet,9.0,11.9,unresolved,,,,
60775,62785,same-sheet,8.7,12.5,unresolved,,,,
60802,65624,untestable,20.5,23.4,unresolved,,,,
60802,66324,untestable,8.4,8.4,unresolved,,,,
60802,66511,untestable,11.6,22.8,unresolved,,,,
60813,61027,same-sheet,11.6,37.4,unresolved,,,,
60813,62244,same-sheet,12.9,31.3,unresolved,,,,
60813,70930,same-sheet,9.9,34.4,unresolved,,,,
60826,61122,same-sheet,8.6,9.3,same-wrap,,,,
60826,61680,same-sheet,10.0,20.3,same-wrap,,,,
60826,61914,same-sheet,9.0,13.1,same-wrap,,,,
60826,59289,ambiguous,73.2,101.9,same-wrap,52.8,41.4,0.0,
60895,61027,same-sheet,9.9,21.3,unresolved,,,,
60895,61118,same-sheet,8.9,12.7,unresolved,,,,
60895,61819,same-sheet,11.1,23.0,unresolved,,,,
60895,62244,same-sheet,9.3,15.0,unresolved,,,,
60945,61270,same-sheet,9.4,18.4,same-wrap,,,,
60945,62281,same-sheet,8.8,9.0,same-wrap,,,,
60945,63130,same-sheet,9.8,10.7,same-wrap,,,,
60945,72121,same-sheet,9.4,10.3,same-wrap,,,,
60945,62438,untestable,8.6,9.1,same-wrap,,,,
60995,63236,same-sheet,8.5,12.4,same-wrap,,,,
60995,67701,same-sheet,10.3,26.4,same-wrap,,,,
60995,88230,ambiguous,14.6,23.1,same-wrap,,,,
60995,68499,same-sheet,12.4,15.1,same-wrap,,,,
61027,61118,same-sheet,9.2,17.2,unresolved,,,,
61027,61819,same-sheet,10.5,42.8,unresolved,,,,
61027,62244,same-sheet,10.5,36.8,unresolved,,,,
61027,70930,same-sheet,10.8,27.8,unresolved,,,,
61106,61729,same-sheet,10.4,41.1,same-wrap,,,,
61106,62209,same-sheet,10.2,22.1,same-wrap,,,,
61106,62515,same-sheet,9.6,11.2,same-wrap,,,,
61106,63765,same-sheet,11.2,38.0,unresolved,,,,
61118,61819,same-sheet,9.7,25.0,unresolved,,,,
61118,62244,same-sheet,9.2,15.7,unresolved,,,,
61118,67899,untestable,8.9,11.1,unresolved,,,,
61118,69123,same-sheet,9.6,16.6,unresolved,,,,
61118,67409,untestable,8.1,8.1,unresolved,,,,
61122,61144,same-sheet,8.3,10.2,same-wrap,,,,
61122,61680,same-sheet,9.3,15.3,same-wrap,,,,
61122,61914,same-sheet,10.2,20.8,same-wrap,,,,
61122,62868,same-sheet,8.2,8.4,same-wrap,,,,
61135,62868,same-sheet,10.2,29.4,same-wrap,,,,
61135,64912,same-sheet,10.0,22.7,same-wrap,,,,
61135,59289,same-sheet,13.3,35.6,same-wrap,,,,
61144,61680,same-sheet,9.2,10.2,same-wrap,,,,
61144,61914,ambiguous,8.7,10.3,same-wrap,,,,
61167,61929,untestable,10.8,11.2,same-wrap,,,,
61167,54431,same-sheet,10.2,15.7,same-wrap,,,,
61167,58798,same-sheet,10.5,35.7,same-wrap,,,,
61217,61980,same-sheet,8.9,12.1,unresolved,,,,
61217,62785,same-sheet,8.5,8.5,unresolved,,,,
61217,62865,ambiguous,17.2,97.4,unresolved,,,,
61217,64782,same-sheet,8.2,8.2,unresolved,,,,
61217,66696,ambiguous,12.4,34.9,unresolved,,,,
61243,63606,same-sheet,18.0,25.5,same-wrap,,,,
61243,63631,same-sheet,8.8,10.9,same-wrap,,,,
61243,63701,same-sheet,8.0,8.0,same-wrap,,,,
61270,62281,same-sheet,9.7,20.3,same-wrap,,,,
61270,63130,same-sheet,10.9,21.7,same-wrap,,,,
61270,64429,same-sheet,10.3,18.6,same-wrap,,,,
61270,68424,same-sheet,13.0,29.1,same-wrap,,,,
61270,68501,same-sheet,9.3,11.5,same-wrap,,,,
61270,46481,ambiguous,113.8,252.8,adjacent,,,,
61270,47399,ambiguous,111.2,254.9,adjacent,,,,
61270,61353,same-sheet,9.8,17.4,same-wrap,,,,
61270,62438,same-sheet,9.1,12.0,same-wrap,,,,
61270,66020,same-sheet,12.0,29.3,same-wrap,,,,
61270,69711,ambiguous,88.6,171.5,same-wrap,67.7,24.1,53.27,100.0
61274,75880,same-sheet,8.7,14.5,same-wrap,,,,
61274,84104,same-sheet,8.8,10.4,same-wrap,,,,
61581,34384,ambiguous,91.8,322.0,adjacent,,,,
61601,62240,same-sheet,8.5,8.5,same-wrap,,,,
61601,62789,same-sheet,9.6,11.3,same-wrap,,,,
61601,58904,ambiguous,17.3,85.7,same-wrap,123.7,176.4,49.9,
61601,61803,same-sheet,8.1,8.1,same-wrap,,,,
61601,65922,same-sheet,8.7,9.1,same-wrap,,,,
61680,61914,same-sheet,9.8,46.9,same-wrap,,,,
61680,64194,same-sheet,13.4,15.6,same-wrap,,,,
61729,62209,same-sheet,10.1,15.2,same-wrap,,,,
61729,62515,same-sheet,9.5,10.1,same-wrap,,,,
61729,62984,same-sheet,12.0,31.9,same-wrap,,,,
61729,63765,same-sheet,12.8,34.7,same-wrap,,,,
61729,64249,same-sheet,12.9,46.9,same-wrap,,,,
61819,62006,untestable,9.9,20.6,unresolved,,,,
61819,62244,same-sheet,10.8,37.9,unresolved,,,,
61891,61929,same-sheet,12.3,37.0,same-wrap,,,,
61891,66867,same-sheet,20.4,52.1,same-wrap,,,,
61891,54431,same-sheet,10.9,24.5,same-wrap,,,,
61891,66462,same-sheet,24.2,54.4,same-wrap,,,,
61914,64194,untestable,12.4,12.4,same-wrap,,,,
61914,66767,same-sheet,9.4,14.1,same-wrap,,,,
61980,61360,ambiguous,10.5,43.0,unresolved,,,,
62006,62329,same-sheet,11.2,41.9,unresolved,,,,
62006,60890,untestable,11.3,39.4,unresolved,,,,
62064,62240,same-sheet,8.3,8.8,same-wrap,,,,
62064,62789,same-sheet,8.5,11.0,same-wrap,,,,
62090,68818,same-sheet,13.1,35.5,unresolved,,,,
62090,53867,same-sheet,12.1,35.8,unresolved,,,,
62090,55493,same-sheet,11.8,54.3,unresolved,,,,
62104,68117,ambiguous,54.3,153.9,adjacent,,,,
62209,62515,same-sheet,10.5,23.3,same-wrap,,,,
62209,62984,same-sheet,9.3,10.2,same-wrap,,,,
62209,63765,same-sheet,10.3,25.6,same-wrap,,,,
62209,64249,same-sheet,9.5,10.8,same-wrap,,,,
62240,62298,same-sheet,11.0,45.7,same-wrap,,,,
62240,62789,same-sheet,8.3,9.4,same-wrap,,,,
62240,63356,same-sheet,9.2,9.4,same-wrap,,,,
62240,63425,same-sheet,10.4,18.2,same-wrap,,,,
62240,65067,same-sheet,11.0,32.0,same-wrap,,,,
62240,63790,same-sheet,9.9,15.0,same-wrap,,,,
62244,66901,untestable,8.8,11.7,unresolved,,,,
62244,67098,untestable,8.3,8.6,unresolved,,,,
62244,70930,same-sheet,10.9,16.5,unresolved,,,,
62281,63130,same-sheet,9.1,29.8,same-wrap,,,,
62281,63167,same-sheet,8.4,9.7,same-wrap,,,,
62281,64429,same-sheet,10.1,19.3,same-wrap,,,,
62281,66199,untestable,8.2,8.2,unresolved,,,,
62281,66020,same-sheet,11.4,30.4,same-wrap,,,,
62295,62734,same-sheet,9.4,23.9,same-wrap,,,,
62295,62876,same-sheet,8.9,8.9,same-wrap,,,,
62295,60192,same-sheet,9.3,13.3,same-wrap,,,,
62298,63417,same-sheet,8.6,12.6,same-wrap,,,,
62298,63726,same-sheet,10.3,28.2,same-wrap,,,,
62298,63979,same-sheet,9.7,26.1,same-wrap,,,,
62298,65039,same-sheet,10.1,18.3,same-wrap,,,,
62298,65067,same-sheet,9.1,11.0,same-wrap,,,,
62298,62400,same-sheet,9.7,14.6,same-wrap,,,,
62329,60890,untestable,12.3,27.6,unresolved,,,,
62515,62554,same-sheet,12.3,32.9,same-wrap,,,,
62515,62984,same-sheet,8.5,10.0,same-wrap,,,,
62515,63313,untestable,9.8,16.3,same-wrap,,,,
62515,63765,same-sheet,8.8,9.8,same-wrap,,,,
62515,64165,untestable,8.2,8.2,same-wrap,,,,
62515,64249,same-sheet,9.4,18.1,same-wrap,,,,
62554,63313,same-sheet,12.2,15.5,same-wrap,,,,
62554,64165,same-sheet,9.1,9.1,same-wrap,,,,
62554,64249,same-sheet,11.3,19.6,same-wrap,,,,
62554,67859,same-sheet,9.2,9.9,same-wrap,,,,
62554,67695,same-sheet,10.4,18.0,same-wrap,,,,
62734,62876,same-sheet,9.4,18.4,same-wrap,,,,
62734,60192,untestable,9.5,9.6,same-wrap,,,,
62785,64782,ambiguous,9.1,16.3,unresolved,,,,
62785,89479,same-sheet,9.9,15.2,unresolved,,,,
62789,61803,same-sheet,9.6,12.2,same-wrap,,,,
62789,65922,same-sheet,8.6,12.3,same-wrap,,,,
62865,66696,ambiguous,9.8,17.9,unresolved,,,,
62865,61360,ambiguous,23.1,68.9,unresolved,,,,
62868,64912,same-sheet,11.5,24.0,same-wrap,,,,
62868,68999,same-sheet,8.6,8.6,same-wrap,,,,
62868,59289,same-sheet,12.9,22.1,same-wrap,,,,
62876,65820,same-sheet,9.6,13.1,same-wrap,,,,
62918,47861,untestable,8.3,8.3,unresolved,,,,
62965,68401,same-sheet,9.1,14.2,unresolved,,,,
62965,68956,switch,160.7,446.3,adjacent,,,,
62965,62610,same-sheet,20.2,101.8,same-wrap,17.8,83.2,0.02,
62984,63765,same-sheet,12.3,49.8,same-wrap,,,,
62984,64249,same-sheet,10.0,18.1,same-wrap,,,,
63084,63125,same-sheet,9.5,20.8,same-wrap,,,,
63084,63606,same-sheet,8.9,15.5,same-wrap,,,,
63084,58760,same-sheet,11.4,19.5,same-wrap,,,,
63084,60192,ambiguous,42.3,74.9,same-wrap,,,,
63084,60307,same-sheet,10.2,19.7,same-wrap,,,,
63125,63606,same-sheet,10.5,23.3,same-wrap,,,,
63125,63701,same-sheet,8.2,8.5,same-wrap,,,,
63125,65820,untestable,8.3,11.3,same-wrap,,,,
63125,66424,same-sheet,9.2,20.5,same-wrap,,,,
63125,68148,same-sheet,9.3,14.8,same-wrap,,,,
63125,68300,same-sheet,8.3,9.2,same-wrap,,,,
63125,60192,same-sheet,8.0,8.0,same-wrap,,,,
63125,60307,same-sheet,8.5,8.6,same-wrap,,,,
63130,63167,same-sheet,8.0,8.4,same-wrap,,,,
63130,63532,same-sheet,9.7,13.4,same-wrap,,,,
63130,64429,same-sheet,9.6,16.5,same-wrap,,,,
63163,63631,same-sheet,8.8,11.3,same-wrap,,,,
63163,63701,same-sheet,9.5,9.6,same-wrap,,,,
63167,63532,same-sheet,9.3,21.4,same-wrap,,,,
63167,64429,same-sheet,18.9,55.8,adjacent,,,,
63167,64720,same-sheet,9.2,15.8,same-wrap,,,,
63313,64330,untestable,8.8,10.5,same-wrap,,,,
63356,63425,untestable,8.3,8.6,same-wrap,,,,
63356,58586,ambiguous,61.3,106.0,adjacent,,,,
63356,63790,untestable,9.1,10.1,same-wrap,,,,
63417,63726,same-sheet,9.5,20.9,same-wrap,,,,
63417,65039,ambiguous,14.6,25.3,same-wrap,,,,
63417,63817,same-sheet,10.8,13.6,same-wrap,,,,
63425,58586,ambiguous,57.9,105.0,same-wrap,31.9,18.5,50.8,
63425,63790,same-sheet,9.8,23.4,same-wrap,,,,
63532,64537,same-sheet,9.3,12.4,same-wrap,,,,
63532,64720,same-sheet,9.0,19.1,same-wrap,,,,
63532,65184,same-sheet,9.2,12.2,same-wrap,,,,
63532,67553,same-sheet,10.7,34.5,same-wrap,,,,
63532,72121,same-sheet,9.4,9.8,same-wrap,,,,
63591,64071,untestable,11.0,16.1,same-wrap,,,,
63591,64138,untestable,8.0,8.2,same-wrap,,,,
63591,70122,untestable,11.1,15.6,same-wrap,,,,
63591,65365,untestable,8.2,10.6,same-wrap,,,,
63606,63701,same-sheet,8.9,17.5,same-wrap,,,,
63606,66424,same-sheet,10.1,11.9,same-wrap,,,,
63615,68818,ambiguous,11.9,30.9,unresolved,,,,
63615,53867,same-sheet,11.8,31.7,unresolved,,,,
63631,63701,same-sheet,8.9,11.2,same-wrap,,,,
63631,65012,same-sheet,11.1,23.6,same-wrap,,,,
63631,70439,same-sheet,14.1,38.2,same-wrap,,,,
63701,65095,same-sheet,9.8,19.5,same-wrap,,,,
63701,65105,untestable,8.5,8.5,unresolved,,,,
63701,66424,same-sheet,11.6,25.6,same-wrap,,,,
63701,67132,same-sheet,12.0,59.6,same-wrap,,,,
63705,63985,same-sheet,9.2,17.6,same-wrap,,,,
63705,67526,same-sheet,10.4,13.5,same-wrap,,,,
63726,63732,same-sheet,9.7,24.1,same-wrap,,,,
63726,63860,untestable,8.1,8.1,same-wrap,,,,
63726,65039,ambiguous,15.8,46.9,same-wrap,,,,
63726,65067,same-sheet,9.6,18.6,same-wrap,,,,
63726,63817,same-sheet,10.9,28.7,same-wrap,,,,
63732,63860,untestable,9.3,18.1,same-wrap,,,,
63732,63817,same-sheet,11.9,54.2,same-wrap,,,,
63765,64249,same-sheet,9.4,36.3,same-wrap,,,,
63765,64720,same-sheet,8.9,9.3,same-wrap,,,,
63860,65039,untestable,10.1,15.9,same-wrap,,,,
63860,63817,untestable,13.3,29.1,same-wrap,,,,
63863,52255,untestable,9.6,9.6,same-wrap,,,,
63979,64030,same-sheet,8.7,11.8,same-wrap,,,,
63979,64374,same-sheet,10.9,35.1,same-wrap,,,,
63979,66558,same-sheet,11.3,13.1,same-wrap,,,,
63979,67132,same-sheet,12.5,15.2,same-wrap,,,,
63979,62400,same-sheet,8.8,9.3,same-wrap,,,,
63979,63790,same-sheet,8.8,10.9,same-wrap,,,,
63985,67526,same-sheet,8.9,12.1,same-wrap,,,,
64030,64374,same-sheet,10.2,24.8,same-wrap,,,,
64030,66558,same-sheet,8.8,12.7,same-wrap,,,,
64030,67132,same-sheet,9.4,20.2,same-wrap,,,,
64030,63790,same-sheet,9.1,11.7,same-wrap,,,,
64071,64138,untestable,8.3,8.3,same-wrap,,,,
64071,70122,untestable,9.3,12.0,same-wrap,,,,
64138,64579,untestable,8.6,11.3,same-wrap,,,,
64138,65732,same-sheet,9.0,10.1,same-wrap,,,,
64138,66729,same-sheet,8.9,17.5,same-wrap,,,,
64138,65365,same-sheet,9.6,26.8,same-wrap,,,,
64165,64330,same-sheet,10.9,23.1,same-wrap,,,,
64221,66598,switch,10.3,12.0,same-wrap,,,,
64221,63817,untestable,9.6,11.3,same-wrap,,,,
64221,64309,ambiguous,9.7,33.8,same-wrap,,,,
64221,65922,ambiguous,65.1,136.1,same-wrap,107.9,31.0,0.01,
64249,64720,same-sheet,12.7,36.6,same-wrap,,,,
64249,64730,same-sheet,12.2,33.4,same-wrap,,,,
64249,67863,untestable,8.2,8.2,same-wrap,,,,
64249,67684,same-sheet,16.6,37.6,same-wrap,,,,
64249,67695,same-sheet,22.9,62.6,same-wrap,,,,
64330,64943,same-sheet,9.7,33.1,same-wrap,,,,
64330,66711,same-sheet,10.8,12.3,same-wrap,,,,
64330,67658,same-sheet,18.2,18.2,same-wrap,,,,
64330,67859,same-sheet,8.4,8.5,same-wrap,,,,
64374,65095,same-sheet,10.4,15.4,same-wrap,,,,
64374,65105,same-sheet,9.5,15.1,same-wrap,,,,
64374,66558,ambiguous,8.8,16.6,same-wrap,,,,
64374,67132,same-sheet,9.2,16.8,same-wrap,,,,
64429,66199,same-sheet,9.2,15.4,same-wrap,,,,
64429,66020,same-sheet,12.3,27.0,same-wrap,,,,
64458,64737,same-sheet,10.7,29.1,same-wrap,,,,
64458,65709,same-sheet,9.4,21.0,same-wrap,,,,
64458,66267,same-sheet,11.3,25.5,same-wrap,,,,
64537,64720,same-sheet,9.0,17.0,same-wrap,,,,
64537,64730,same-sheet,9.2,16.8,same-wrap,,,,
64537,65184,same-sheet,9.8,10.2,same-wrap,,,,
64537,67868,same-sheet,10.0,10.0,same-wrap,,,,
64579,65732,same-sheet,11.3,19.9,same-wrap,,,,
64579,68958,same-sheet,9.7,19.3,same-wrap,,,,
64579,69207,same-sheet,9.1,17.2,same-wrap,,,,
64579,70122,same-sheet,11.3,12.6,same-wrap,,,,
64579,71978,same-sheet,9.7,9.9,same-wrap,,,,
64720,64730,ambiguous,8.9,15.4,same-wrap,,,,
64720,72121,ambiguous,9.6,14.9,same-wrap,,,,
64720,67684,same-sheet,12.0,27.4,same-wrap,,,,
64720,67695,same-sheet,17.7,48.7,adjacent,,,,
64730,67863,same-sheet,9.0,9.6,same-wrap,,,,
64730,67684,same-sheet,12.7,59.1,same-wrap,,,,
64730,67695,same-sheet,20.1,57.3,same-wrap,,,,
64737,65555,same-sheet,9.9,18.2,same-wrap,,,,
64737,65709,same-sheet,9.8,23.7,same-wrap,,,,
64737,65956,same-sheet,10.5,15.7,same-wrap,,,,
64737,66043,same-sheet,9.2,20.5,same-wrap,,,,
64737,66267,same-sheet,14.8,41.9,same-wrap,,,,
64738,65039,same-sheet,14.6,45.7,same-wrap,,,,
64738,65105,same-sheet,10.6,24.4,same-wrap,,,,
64738,62400,same-sheet,10.5,40.0,same-wrap,,,,
64738,63787,same-sheet,10.2,27.5,same-wrap,,,,
64765,65105,same-sheet,10.1,16.6,same-wrap,,,,
64765,68300,same-sheet,8.7,15.6,same-wrap,,,,
64765,63787,same-sheet,9.4,15.1,same-wrap,,,,
64782,89479,same-sheet,10.0,15.5,unresolved,,,,
64782,62888,same-sheet,10.2,14.0,unresolved,,,,
64943,65709,same-sheet,12.8,30.9,same-wrap,,,,
65012,67132,same-sheet,8.6,16.6,same-wrap,,,,
65012,70439,same-sheet,9.2,9.8,same-wrap,,,,
65036,65821,same-sheet,11.1,36.2,same-wrap,,,,
65036,69207,same-sheet,9.9,20.0,same-wrap,,,,
65036,70122,untestable,10.9,18.1,same-wrap,,,,
65036,72729,untestable,9.4,15.9,same-wrap,,,,
65036,66094,same-sheet,9.9,26.0,same-wrap,,,,
65039,65105,same-sheet,8.8,9.8,same-wrap,,,,
65039,62400,same-sheet,10.5,27.7,same-wrap,,,,
65039,63787,untestable,10.5,17.0,same-wrap,,,,
65067,63817,same-sheet,9.5,13.5,same-wrap,,,,
65095,65105,same-sheet,9.4,18.5,same-wrap,,,,
65095,67132,same-sheet,11.6,44.0,same-wrap,,,,
65105,66424,same-sheet,10.0,11.0,same-wrap,,,,
65105,67132,same-sheet,9.8,25.7,same-wrap,,,,
65105,68300,same-sheet,12.2,25.2,same-wrap,,,,
65105,62400,same-sheet,9.7,22.8,same-wrap,,,,
65105,63787,untestable,8.7,18.5,same-wrap,,,,
65184,67195,untestable,8.2,8.3,same-wrap,,,,
65184,67553,untestable,10.2,10.2,same-wrap,,,,
65184,75308,same-sheet,10.9,91.9,same-wrap,38.5,35.7,0.01,150.0
65257,65438,same-sheet,9.5,19.0,same-wrap,,,,
65257,66598,same-sheet,8.3,11.4,same-wrap,,,,
65257,66878,same-sheet,10.4,16.3,same-wrap,,,,
65257,67913,same-sheet,11.7,12.7,same-wrap,,,,
65257,67970,same-sheet,10.5,32.2,same-wrap,,,,
65257,64309,same-sheet,9.7,15.5,same-wrap,,,,
65257,65922,same-sheet,9.3,16.3,same-wrap,,,,
65438,67970,same-sheet,10.0,33.6,same-wrap,,,,
65438,79633,same-sheet,8.8,8.9,unresolved,,,,
65438,65922,same-sheet,10.3,14.9,same-wrap,,,,
65555,65709,untestable,8.9,9.3,same-wrap,,,,
65555,65956,same-sheet,10.0,24.2,same-wrap,,,,
65555,66043,same-sheet,10.0,28.8,same-wrap,,,,
65555,66267,same-sheet,10.3,28.3,same-wrap,,,,
65624,66324,untestable,9.1,12.3,unresolved,,,,
65624,66511,untestable,9.6,33.6,unresolved,,,,
65624,66901,untestable,8.1,8.1,unresolved,,,,
65694,67065,same-sheet,10.5,28.7,same-wrap,,,,
65694,52255,same-sheet,10.7,24.9,same-wrap,,,,
65709,66043,untestable,9.5,9.5,same-wrap,,,,
65709,66711,same-sheet,17.5,51.4,same-wrap,,,,
65709,66267,same-sheet,11.1,33.9,same-wrap,,,,
65732,66729,untestable,9.7,13.4,same-wrap,,,,
65732,68958,same-sheet,8.8,15.7,same-wrap,,,,
65820,68148,same-sheet,9.1,12.3,same-wrap,,,,
65821,67336,same-sheet,10.4,20.4,same-wrap,,,,
65821,71978,same-sheet,17.6,46.6,same-wrap,,,,
65821,72729,untestable,10.2,10.2,same-wrap,,,,
65821,66094,same-sheet,9.6,17.2,same-wrap,,,,
65821,68032,same-sheet,9.7,13.5,same-wrap,,,,
65956,66043,same-sheet,9.4,22.9,same-wrap,,,,
65956,66307,same-sheet,8.9,12.9,same-wrap,,,,
65956,67743,untestable,8.6,8.6,same-wrap,,,,
65956,69863,switch,10.8,10.8,same-wrap,,,,
66043,66307,same-sheet,9.5,13.3,same-wrap,,,,
66043,66686,same-sheet,8.6,8.6,same-wrap,,,,
66043,66711,same-sheet,8.9,15.1,same-wrap,,,,
66043,67743,same-sheet,9.8,10.5,same-wrap,,,,
66043,69863,same-sheet,11.4,49.3,same-wrap,,,,
66043,68961,same-sheet,9.6,14.3,same-wrap,,,,
66199,66916,untestable,15.6,21.9,same-wrap,,,,
66199,67195,same-sheet,9.5,14.1,same-wrap,,,,
66199,67467,untestable,9.9,12.0,same-wrap,,,,
66199,66020,same-sheet,10.3,22.0,same-wrap,,,,
66199,69496,untestable,9.5,10.3,same-wrap,,,,
66307,66414,same-sheet,8.5,9.8,same-wrap,,,,
66307,66446,same-sheet,10.4,13.9,same-wrap,,,,
66307,66573,same-sheet,10.6,21.3,same-wrap,,,,
66307,66729,same-sheet,9.3,12.8,same-wrap,,,,
66307,66867,same-sheet,10.8,23.9,same-wrap,,,,
66307,66989,same-sheet,9.7,12.7,same-wrap,,,,
66307,67743,same-sheet,10.2,19.0,same-wrap,,,,
66307,68804,same-sheet,9.2,12.9,same-wrap,,,,
66307,66462,same-sheet,10.2,16.0,same-wrap,,,,
66324,66511,untestable,9.1,19.7,unresolved,,,,
66324,66901,untestable,9.0,9.6,unresolved,,,,
66324,67627,untestable,12.1,16.4,unresolved,,,,
66414,66573,same-sheet,8.2,13.2,same-wrap,,,,
66414,66729,same-sheet,11.7,25.4,same-wrap,,,,
66424,68300,same-sheet,9.0,11.0,same-wrap,,,,
66446,66573,same-sheet,9.9,14.9,same-wrap,,,,
66446,66989,same-sheet,9.8,14.6,same-wrap,,,,
66446,68804,same-sheet,9.7,20.3,same-wrap,,,,
66511,66627,same-sheet,9.0,10.6,unresolved,,,,
66511,66901,untestable,8.1,10.0,unresolved,,,,
66511,67627,same-sheet,8.9,14.9,unresolved,,,,
66511,70930,untestable,8.6,10.6,unresolved,,,,
66558,67132,same-sheet,11.8,55.4,same-wrap,,,,
66558,63790,same-sheet,9.5,26.5,same-wrap,,,,
66573,66729,same-sheet,10.3,22.0,same-wrap,,,,
66573,67536,ambiguous,8.7,11.6,same-wrap,,,,
66573,68804,same-sheet,8.8,10.9,same-wrap,,,,
66573,72087,same-sheet,9.7,14.9,same-wrap,,,,
66594,66598,same-sheet,9.3,15.3,same-wrap,,,,
66594,66767,same-sheet,11.2,22.5,same-wrap,,,,
66594,66878,same-sheet,9.1,9.1,same-wrap,,,,
66594,63817,untestable,9.8,16.1,same-wrap,,,,
66598,66767,same-sheet,9.9,18.8,same-wrap,,,,
66598,66878,same-sheet,11.6,27.0,same-wrap,,,,
66598,63817,same-sheet,11.2,35.5,same-wrap,,,,
66598,64309,ambiguous,9.8,50.8,same-wrap,,,,
66627,66901,same-sheet,9.0,19.8,unresolved,,,,
66686,66711,same-sheet,10.0,14.7,same-wrap,,,,
66686,67529,same-sheet,11.5,23.1,same-wrap,,,,
66686,67658,same-sheet,8.9,14.5,same-wrap,,,,
66686,67853,same-sheet,9.3,24.5,same-wrap,,,,
66686,67863,same-sheet,14.3,24.7,same-wrap,,,,
66686,68961,same-sheet,8.9,11.6,same-wrap,,,,
66696,55009,ambiguous,10.2,20.3,unresolved,,,,
66696,61360,ambiguous,11.8,58.0,unresolved,,,,
66711,67658,same-sheet,8.4,16.0,same-wrap,,,,
66711,67863,same-sheet,8.6,9.9,same-wrap,,,,
66729,65365,untestable,8.5,10.2,same-wrap,,,,
66729,66267,same-sheet,8.9,9.4,same-wrap,,,,
66767,66878,same-sheet,10.3,15.8,same-wrap,,,,
66867,67743,untestable,9.6,11.2,same-wrap,,,,
66867,54431,ambiguous,92.1,406.8,adjacent,,,,
66867,66462,same-sheet,10.3,14.0,same-wrap,,,,
66878,67270,same-sheet,8.7,12.0,same-wrap,,,,
66878,67402,same-sheet,9.1,15.7,same-wrap,,,,
66878,67913,same-sheet,10.7,38.9,same-wrap,,,,
66878,67970,same-sheet,11.4,23.3,same-wrap,,,,
66878,83668,same-sheet,9.7,14.2,same-wrap,,,,
66878,64309,same-sheet,8.9,15.6,same-wrap,,,,
66878,67645,same-sheet,8.8,8.8,same-wrap,,,,
66901,66956,same-sheet,9.8,18.1,unresolved,,,,
66901,67098,same-sheet,12.2,45.5,unresolved,,,,
66901,67627,same-sheet,10.5,29.5,unresolved,,,,
66901,67999,same-sheet,10.2,19.3,unresolved,,,,
66901,69560,same-sheet,13.7,39.0,unresolved,,,,
66901,70930,same-sheet,9.3,13.7,unresolved,,,,
66905,56653,untestable,8.7,9.2,same-wrap,,,,
66916,67195,untestable,9.7,12.9,same-wrap,,,,
66916,67467,untestable,10.7,44.3,same-wrap,,,,
66916,69496,untestable,15.5,59.2,same-wrap,,,,
66956,67098,same-sheet,9.7,20.9,unresolved,,,,
66956,67627,same-sheet,10.9,19.7,unresolved,,,,
66956,67999,same-sheet,9.9,24.2,unresolved,,,,
66956,69560,same-sheet,12.9,34.1,unresolved,,,,
66989,67932,same-sheet,9.2,16.3,same-wrap,,,,
66989,74241,untestable,7.9,7.9,same-wrap,,,,
66989,68448,same-sheet,9.1,22.0,same-wrap,,,,
67065,68885,same-sheet,11.4,18.2,same-wrap,,,,
67065,69085,same-sheet,12.1,20.4,same-wrap,,,,
67065,88230,same-sheet,10.9,38.0,same-wrap,,,,
67065,52255,same-sheet,8.4,9.7,same-wrap,,,,
67098,67627,same-sheet,17.5,31.7,unresolved,,,,
67098,67999,same-sheet,9.1,12.6,unresolved,,,,
67098,68121,same-sheet,8.6,9.9,unresolved,,,,
67098,69560,same-sheet,15.2,52.6,unresolved,,,,
67098,70930,same-sheet,9.9,19.6,unresolved,,,,
67195,67467,untestable,10.7,30.1,same-wrap,,,,
67195,67553,same-sheet,9.0,14.4,same-wrap,,,,
67195,75308,untestable,13.6,14.8,same-wrap,,,,
67270,67402,same-sheet,10.0,17.1,same-wrap,,,,
67270,69629,same-sheet,8.7,8.7,unresolved,,,,
67270,83668,same-sheet,8.6,19.3,same-wrap,,,,
67270,85959,same-sheet,10.3,21.1,adjacent,,,,
67270,67645,same-sheet,9.5,9.5,same-wrap,,,,
67270,68265,ambiguous,48.1,137.3,adjacent,,,,
67336,71978,same-sheet,8.9,13.5,same-wrap,,,,
67336,66094,same-sheet,8.7,10.8,same-wrap,,,,
67336,68032,ambiguous,10.1,27.7,same-wrap,,,,
67367,67610,same-sheet,8.6,12.9,same-wrap,,,,
67367,68033,same-sheet,9.0,14.1,same-wrap,,,,
67367,68087,same-sheet,10.3,29.5,same-wrap,,,,
67367,69189,same-sheet,8.5,9.2,same-wrap,,,,
67367,69302,same-sheet,8.9,11.4,same-wrap,,,,
67367,72729,same-sheet,10.6,11.3,same-wrap,,,,
67367,66094,same-sheet,8.9,12.8,same-wrap,,,,
67402,69629,same-sheet,10.3,29.1,same-wrap,,,,
67467,67553,same-sheet,9.2,12.4,same-wrap,,,,
67467,68417,untestable,11.0,41.0,same-wrap,,,,
67467,75308,untestable,13.0,26.0,same-wrap,,,,
67526,53044,same-sheet,13.2,49.7,same-wrap,,,,
67529,67853,same-sheet,10.5,29.1,same-wrap,,,,
67529,67868,same-sheet,10.1,33.0,same-wrap,,,,
67529,68675,same-sheet,10.1,13.9,same-wrap,,,,
67529,68961,same-sheet,10.5,20.1,same-wrap,,,,
67536,68117,same-sheet,25.3,63.3,adjacent,,,,
67536,68697,same-sheet,9.9,14.9,same-wrap,,,,
67536,68804,same-sheet,9.9,11.5,same-wrap,,,,
67536,72087,same-sheet,8.0,8.7,same-wrap,,,,
67553,75308,same-sheet,11.9,47.6,same-wrap,,,,
67580,76448,untestable,9.3,10.3,same-wrap,,,,
67580,82506,untestable,9.8,18.2,same-wrap,,,,
67580,61764,untestable,11.5,13.6,same-wrap,,,,
67610,68033,same-sheet,10.3,13.5,same-wrap,,,,
67610,68087,ambiguous,9.4,13.7,same-wrap,,,,
67610,69189,same-sheet,10.2,15.5,same-wrap,,,,
67610,69302,same-sheet,9.7,22.1,same-wrap,,,,
67610,69390,same-sheet,11.2,33.3,same-wrap,,,,
67610,69449,same-sheet,11.8,15.5,same-wrap,,,,
67610,71361,same-sheet,12.4,42.7,same-wrap,,,,
67610,69004,same-sheet,10.5,23.1,same-wrap,,,,
67610,73849,same-sheet,10.6,27.1,same-wrap,,,,
67627,67999,same-sheet,11.9,16.9,unresolved,,,,
67627,69560,same-sheet,11.1,49.6,unresolved,,,,
67627,71330,same-sheet,14.4,37.0,unresolved,,,,
67658,67859,same-sheet,9.0,9.0,same-wrap,,,,
67658,67863,untestable,8.4,8.7,same-wrap,,,,
67701,68885,same-sheet,9.6,11.7,same-wrap,,,,
67701,75044,same-sheet,9.4,12.3,same-wrap,,,,
67701,88230,same-sheet,10.2,17.0,same-wrap,,,,
67701,68499,same-sheet,10.4,20.5,same-wrap,,,,
67743,69863,same-sheet,8.7,10.4,same-wrap,,,,
67743,73932,untestable,8.0,8.0,same-wrap,,,,
67743,66462,same-sheet,11.0,18.9,unresolved,,,,
67853,67863,same-sheet,22.4,50.7,same-wrap,,,,
67853,67868,same-sheet,10.5,21.7,same-wrap,,,,
67853,68225,same-sheet,10.3,15.4,same-wrap,,,,
67853,68675,same-sheet,9.7,18.8,same-wrap,,,,
67853,68961,same-sheet,10.7,21.5,same-wrap,,,,
67853,88263,ambiguous,52.5,190.6,adjacent,,,,
67859,67863,same-sheet,9.1,12.0,same-wrap,,,,
67859,67695,same-sheet,8.5,9.0,same-wrap,,,,
67863,67868,same-sheet,11.6,43.2,same-wrap,,,,
67863,67684,ambiguous,9.5,9.7,same-wrap,,,,
67863,67695,same-sheet,8.6,12.0,same-wrap,,,,
67868,68225,same-sheet,8.5,11.8,same-wrap,,,,
67868,67684,same-sheet,9.6,10.0,same-wrap,,,,
67899,68826,untestable,9.2,13.6,unresolved,,,,
67899,69123,untestable,9.8,17.9,unresolved,,,,
67932,68332,same-sheet,9.0,10.5,same-wrap,,,,
67932,68586,same-sheet,8.7,10.8,same-wrap,,,,
67932,71153,same-sheet,21.4,40.4,adjacent,,,,
67932,74241,untestable,9.9,19.5,same-wrap,,,,
67932,68448,same-sheet,9.5,14.4,same-wrap,,,,
67932,69082,same-sheet,11.1,22.5,same-wrap,,,,
67999,68121,same-sheet,9.1,15.7,unresolved,,,,
67999,69560,same-sheet,12.3,36.7,unresolved,,,,
67999,70060,untestable,8.1,8.1,unresolved,,,,
67999,71454,same-sheet,12.8,28.5,unresolved,,,,
68033,68087,same-sheet,9.8,25.6,same-wrap,,,,
68033,66094,same-sheet,9.3,11.8,same-wrap,,,,
68033,68032,ambiguous,12.6,79.8,same-wrap,50.6,29.6,0.0,
68087,69130,same-sheet,11.0,36.8,same-wrap,,,,
68087,69004,same-sheet,10.2,28.2,same-wrap,,,,
68087,73849,same-sheet,10.1,14.6,same-wrap,,,,
68117,68697,same-sheet,9.3,19.8,same-wrap,,,,
68117,72087,untestable,9.0,9.0,same-wrap,,,,
68117,68032,same-sheet,9.6,10.6,same-wrap,,,,
68121,69560,same-sheet,10.3,20.6,unresolved,,,,
68121,67409,ambiguous,72.5,143.1,unresolved,,,,
68121,71454,same-sheet,9.8,38.2,unresolved,,,,
68121,71526,same-sheet,30.8,110.8,unresolved,,,,
68225,74256,ambiguous,24.7,62.4,adjacent,,,,
68225,86475,ambiguous,76.2,140.2,adjacent,,,,
68227,69654,same-sheet,10.4,15.5,same-wrap,,,,
68227,70110,ambiguous,10.7,42.7,same-wrap,,,,
68227,72729,same-sheet,8.9,17.3,same-wrap,,,,
68227,74758,same-sheet,11.0,23.7,same-wrap,,,,
68227,68041,ambiguous,9.2,16.7,same-wrap,,,,
68300,63787,untestable,8.0,8.0,unresolved,,,,
68332,68586,same-sheet,8.2,8.2,same-wrap,,,,
68332,68883,ambiguous,13.7,36.1,same-wrap,,,,
68332,69615,ambiguous,20.4,65.1,same-wrap,,,,
68332,71153,same-sheet,10.4,18.4,same-wrap,,,,
68332,69082,untestable,10.9,11.1,same-wrap,,,,
68401,77260,same-sheet,9.2,11.8,same-wrap,,,,
68401,34628,same-sheet,22.1,81.6,adjacent,,,,
68401,44616,ambiguous,186.0,423.9,adjacent,,,,
68417,75308,same-sheet,15.8,53.5,same-wrap,,,,
68417,68788,untestable,9.2,14.0,same-wrap,,,,
68424,69636,same-sheet,9.8,16.9,same-wrap,,,,
68424,61353,same-sheet,26.5,52.8,unresolved,,,,
68424,66020,same-sheet,14.0,128.7,same-wrap,26.7,12.6,1.5,30.0
68424,69496,same-sheet,8.6,11.3,same-wrap,,,,
68424,69711,same-sheet,10.2,23.2,same-wrap,,,,
68501,59462,same-sheet,8.0,8.0,same-wrap,,,,
68501,61353,same-sheet,8.8,24.8,same-wrap,,,,
68501,62438,same-sheet,8.3,9.0,same-wrap,,,,
68501,69711,switch,137.8,204.3,adjacent,,,,
68586,74241,same-sheet,8.1,8.2,same-wrap,,,,
68675,68961,same-sheet,9.6,25.8,same-wrap,,,,
68697,69130,same-sheet,9.7,28.1,same-wrap,,,,
68697,72087,same-sheet,9.2,10.7,same-wrap,,,,
68697,68032,same-sheet,12.7,19.3,same-wrap,,,,
68697,71925,same-sheet,8.8,15.8,same-wrap,,,,
68804,72087,same-sheet,8.9,10.4,same-wrap,,,,
68804,56986,same-sheet,27.1,71.9,adjacent,,,,
68804,68448,same-sheet,13.9,39.4,adjacent,,,,
68804,69082,same-sheet,12.8,39.9,adjacent,,,,
68818,53867,same-sheet,16.0,74.9,unresolved,,,,
68818,55493,same-sheet,14.7,31.6,unresolved,,,,
68826,69664,untestable,18.7,37.8,unresolved,,,,
68826,69739,untestable,8.9,9.4,unresolved,,,,
68883,69615,same-sheet,9.2,10.9,same-wrap,,,,
68885,69085,same-sheet,9.8,33.7,same-wrap,,,,
68885,75239,same-sheet,10.2,16.9,same-wrap,,,,
68885,88230,same-sheet,11.4,36.9,same-wrap,,,,
68885,68499,same-sheet,9.0,14.9,same-wrap,,,,
68958,69207,same-sheet,7.9,7.9,unresolved,,,,
68958,71978,same-sheet,10.0,15.9,same-wrap,,,,
68991,68999,same-sheet,12.6,39.0,same-wrap,,,,
68991,69629,same-sheet,9.3,14.5,same-wrap,,,,
68991,67645,same-sheet,15.4,15.4,same-wrap,,,,
68991,68265,ambiguous,55.2,177.1,same-wrap,7.7,9.4,52.94,150.0
68999,69629,same-sheet,10.3,22.3,same-wrap,,,,
69085,75239,same-sheet,10.4,35.5,same-wrap,,,,
69123,69739,same-sheet,8.6,8.6,unresolved,,,,
69123,67409,same-sheet,11.5,22.5,unresolved,,,,
69123,71526,same-sheet,20.0,80.4,unresolved,,,,
69130,70164,untestable,12.4,24.0,same-wrap,,,,
69130,77845,same-sheet,11.9,16.4,same-wrap,,,,
69130,69004,same-sheet,9.7,20.4,same-wrap,,,,
69130,69460,same-sheet,9.0,13.9,same-wrap,,,,
69130,71925,same-sheet,9.9,17.3,unresolved,,,,
69189,69302,same-sheet,9.1,13.4,same-wrap,,,,
69189,69390,same-sheet,8.1,8.8,same-wrap,,,,
69189,70110,ambiguous,19.3,69.5,same-wrap,,,,
69189,74758,ambiguous,8.8,10.7,same-wrap,,,,
69207,70122,untestable,8.6,11.1,same-wrap,,,,
69207,71978,same-sheet,21.5,44.8,same-wrap,,,,
69302,69390,same-sheet,9.8,22.1,same-wrap,,,,
69302,74758,switch,11.1,11.1,same-wrap,,,,
69390,69449,same-sheet,10.7,38.9,same-wrap,,,,
69390,70587,same-sheet,10.1,12.6,same-wrap,,,,
69390,71361,same-sheet,9.5,10.6,same-wrap,,,,
69390,72242,same-sheet,8.0,8.0,same-wrap,,,,
69390,72763,same-sheet,9.4,10.3,same-wrap,,,,
69390,74758,untestable,9.3,10.4,same-wrap,,,,
69449,69969,same-sheet,11.4,45.2,same-wrap,,,,
69449,70587,same-sheet,9.1,13.1,same-wrap,,,,
69449,71361,same-sheet,11.2,25.6,same-wrap,,,,
69449,72763,same-sheet,9.0,10.4,same-wrap,,,,
69449,70941,same-sheet,9.5,18.1,same-wrap,,,,
69456,69936,same-sheet,12.1,25.6,same-wrap,,,,
69456,70406,same-sheet,10.7,20.8,same-wrap,,,,
69456,70642,same-sheet,14.1,14.1,same-wrap,,,,
69456,72264,same-sheet,11.5,29.9,same-wrap,,,,
69456,69568,same-sheet,11.0,29.8,same-wrap,,,,
69456,71804,untestable,10.9,39.5,same-wrap,,,,
69560,70060,same-sheet,8.2,8.6,unresolved,,,,
69560,71330,same-sheet,14.2,32.1,unresolved,,,,
69560,71454,same-sheet,11.7,27.1,unresolved,,,,
69615,70164,untestable,9.4,16.9,same-wrap,,,,
69629,83668,same-sheet,12.8,14.6,same-wrap,,,,
69629,85959,same-sheet,9.2,17.4,same-wrap,,,,
69629,67645,same-sheet,12.5,26.0,same-wrap,,,,
69629,68265,same-sheet,10.7,18.4,same-wrap,,,,
69636,69496,untestable,11.0,23.8,same-wrap,,,,
69636,69711,untestable,8.2,9.6,same-wrap,,,,
69654,71451,same-sheet,9.5,10.0,same-wrap,,,,
69654,72372,ambiguous,15.0,26.7,same-wrap,,,,
69654,68041,same-sheet,8.5,9.7,same-wrap,,,,
69664,69739,same-sheet,9.9,16.7,unresolved,,,,
69664,69814,untestable,11.2,23.8,unresolved,,,,
69688,86614,same-sheet,16.2,60.5,same-wrap,,,,
69688,71489,untestable,10.5,10.5,same-wrap,,,,
69688,89694,same-sheet,48.4,72.4,adjacent,,,,
69739,69814,same-sheet,10.6,24.2,unresolved,,,,
69739,70060,same-sheet,8.7,8.9,unresolved,,,,
69739,70522,same-sheet,9.2,15.5,unresolved,,,,
69739,70541,same-sheet,9.7,22.9,unresolved,,,,
69739,71454,same-sheet,8.7,10.4,unresolved,,,,
69739,71526,untestable,13.9,29.7,unresolved,,,,
69814,70522,same-sheet,9.4,20.3,unresolved,,,,
69814,70541,ambiguous,10.5,22.1,unresolved,,,,
69863,70780,same-sheet,8.4,11.5,same-wrap,,,,
69863,71151,same-sheet,10.2,17.2,same-wrap,,,,
69863,73932,same-sheet,12.7,17.5,same-wrap,,,,
69863,74587,untestable,26.2,26.2,same-wrap,,,,
69863,68961,same-sheet,36.8,58.6,adjacent,,,,
69936,72264,same-sheet,11.0,22.0,same-wrap,,,,
69936,69568,same-sheet,10.0,13.9,same-wrap,,,,
69936,71804,ambiguous,10.9,50.6,same-wrap,,,,
69969,70533,same-sheet,9.4,33.9,same-wrap,,,,
69969,71361,same-sheet,9.5,12.4,same-wrap,,,,
69969,71522,same-sheet,10.1,24.2,same-wrap,,,,
69969,70941,same-sheet,9.9,21.6,same-wrap,,,,
70060,70429,same-sheet,9.0,16.9,unresolved,,,,
70060,70541,same-sheet,8.9,13.2,unresolved,,,,
70060,71330,same-sheet,9.0,10.5,unresolved,,,,
70110,72729,untestable,8.9,9.0,same-wrap,,,,
70110,74758,ambiguous,13.4,55.1,same-wrap,,,,
70110,66094,same-sheet,8.5,9.1,same-wrap,,,,
70164,69460,same-sheet,9.7,17.3,same-wrap,,,,
70311,70406,untestable,9.7,26.8,same-wrap,,,,
70311,70670,untestable,10.0,25.8,same-wrap,,,,
70311,71062,same-sheet,9.2,15.8,same-wrap,,,,
70406,70642,same-sheet,8.7,9.4,same-wrap,,,,
70406,70670,same-sheet,10.5,30.5,same-wrap,,,,
70406,70757,untestable,8.7,10.6,same-wrap,,,,
70406,71062,same-sheet,11.6,30.7,same-wrap,,,,
70406,71734,same-sheet,9.8,18.6,same-wrap,,,,
70406,72264,untestable,8.8,15.7,same-wrap,,,,
70406,69568,ambiguous,10.4,16.2,same-wrap,,,,
70429,70771,same-sheet,8.2,8.6,unresolved,,,,
70429,71038,same-sheet,10.1,22.6,unresolved,,,,
70429,71330,same-sheet,8.9,11.9,unresolved,,,,
70429,71744,same-sheet,10.1,17.1,unresolved,,,,
70429,71838,untestable,10.2,10.2,unresolved,,,,
70437,70640,untestable,10.2,55.0,same-wrap,,,,
70437,70780,untestable,10.2,36.3,same-wrap,,,,
70439,75056,same-sheet,9.6,20.8,same-wrap,,,,
70439,75215,same-sheet,11.2,48.2,same-wrap,,,,
70439,84104,same-sheet,12.0,22.5,same-wrap,,,,
70522,70541,same-sheet,9.8,24.3,unresolved,,,,
70522,71838,same-sheet,9.8,11.7,unresolved,,,,
70522,72717,same-sheet,9.2,22.7,unresolved,,,,
70533,71522,untestable,8.7,11.4,same-wrap,,,,
70533,77845,same-sheet,8.9,10.1,same-wrap,,,,
70533,69460,ambiguous,18.0,75.4,same-wrap,,,,
70533,70941,same-sheet,10.6,17.6,same-wrap,,,,
70541,71038,same-sheet,8.5,9.0,unresolved,,,,
70541,71838,same-sheet,9.3,19.7,unresolved,,,,
70541,71857,switch,10.4,12.0,unresolved,,,,
70541,72717,same-sheet,8.2,8.7,unresolved,,,,
70587,72242,same-sheet,8.6,8.6,same-wrap,,,,
70587,72589,same-sheet,9.5,51.6,same-wrap,,,,
70587,72763,same-sheet,9.3,17.6,same-wrap,,,,
70640,70780,untestable,10.9,28.5,same-wrap,,,,
70640,74256,same-sheet,24.9,74.5,adjacent,,,,
70640,68788,same-sheet,34.3,68.3,adjacent,,,,
70640,88263,ambiguous,73.7,272.7,adjacent,,,,
70642,70757,ambiguous,9.9,69.3,same-wrap,,,,
70642,71062,same-sheet,10.5,11.0,same-wrap,,,,
70642,69568,same-sheet,10.2,20.8,same-wrap,,,,
70670,71062,same-sheet,12.3,32.1,same-wrap,,,,
70670,71451,same-sheet,9.7,15.5,same-wrap,,,,
70670,71734,same-sheet,9.7,19.1,same-wrap,,,,
70670,68041,same-sheet,9.5,21.9,same-wrap,,,,
70757,71009,same-sheet,8.6,9.0,same-wrap,,,,
70757,71062,same-sheet,10.1,21.4,same-wrap,,,,
70757,72306,same-sheet,8.5,10.0,same-wrap,,,,
70757,72831,same-sheet,17.8,45.2,same-wrap,,,,
70757,69568,switch,38.1,92.3,same-wrap,15.1,75.4,0.02,
70771,71038,same-sheet,8.5,11.5,unresolved,,,,
70771,71330,untestable,12.4,14.6,unresolved,,,,
70771,71744,same-sheet,8.7,10.5,unresolved,,,,
70771,71983,same-sheet,8.9,16.6,unresolved,,,,
70780,71151,same-sheet,9.0,12.4,same-wrap,,,,
70780,74587,same-sheet,10.2,11.0,same-wrap,,,,
70813,71014,untestable,8.3,9.1,same-wrap,,,,
70813,72324,untestable,8.9,12.5,same-wrap,,,,
70813,71804,untestable,8.4,9.3,same-wrap,,,,
71009,71062,same-sheet,8.4,11.2,same-wrap,,,,
71009,72306,same-sheet,8.7,11.3,same-wrap,,,,
71009,72572,same-sheet,8.8,11.4,same-wrap,,,,
71014,71722,same-sheet,11.2,29.6,same-wrap,,,,
71014,71856,same-sheet,8.7,8.9,same-wrap,,,,
71014,72324,same-sheet,9.0,10.9,same-wrap,,,,
71014,75589,same-sheet,10.5,22.5,same-wrap,,,,
71014,71804,same-sheet,10.2,20.5,same-wrap,,,,
71038,71744,same-sheet,9.0,11.9,unresolved,,,,
71038,71838,switch,9.1,12.8,unresolved,,,,
71038,71857,same-sheet,8.7,13.3,unresolved,,,,
71038,71788,same-sheet,10.0,15.6,unresolved,,,,
71062,71734,same-sheet,8.9,16.1,same-wrap,,,,
71062,72306,same-sheet,10.4,11.6,same-wrap,,,,
71151,73932,same-sheet,10.3,17.9,same-wrap,,,,
71151,71489,ambiguous,10.0,12.3,same-wrap,,,,
71153,68448,same-sheet,45.9,100.9,adjacent,,,,
71153,69082,ambiguous,40.0,98.5,adjacent,,,,
71153,71925,untestable,11.4,16.6,same-wrap,,,,
71153,73279,ambiguous,193.6,499.5,adjacent,,,,
71153,73470,ambiguous,232.9,507.1,adjacent,,,,
71186,71531,same-sheet,30.0,66.1,same-wrap,,,,
71186,72222,same-sheet,30.3,53.5,same-wrap,,,,
71186,73622,untestable,13.2,36.4,same-wrap,,,,
71186,74107,untestable,13.1,13.1,same-wrap,,,,
71186,74858,same-sheet,9.4,16.5,same-wrap,,,,
71186,81724,same-sheet,10.8,59.3,same-wrap,,,,
71228,71731,same-sheet,10.3,28.4,same-wrap,,,,
71228,71856,same-sheet,10.6,35.9,same-wrap,,,,
71228,72324,same-sheet,8.6,11.6,same-wrap,,,,
71361,77781,switch,136.6,302.9,adjacent,,,,
71361,77845,same-sheet,10.7,17.3,same-wrap,,,,
71361,73849,same-sheet,10.3,30.0,same-wrap,,,,
71451,71734,same-sheet,8.6,10.6,same-wrap,,,,
71451,68041,same-sheet,9.7,14.6,same-wrap,,,,
71522,72357,same-sheet,8.8,10.9,same-wrap,,,,
71522,72589,same-sheet,10.6,56.9,same-wrap,,,,
71522,70941,same-sheet,11.0,26.1,same-wrap,,,,
71522,72680,same-sheet,10.1,20.2,same-wrap,,,,
71531,72222,same-sheet,8.8,11.4,same-wrap,,,,
71531,73870,same-sheet,8.6,24.6,same-wrap,,,,
71531,74858,same-sheet,11.9,56.2,same-wrap,,,,
71531,81724,same-sheet,9.1,10.2,same-wrap,,,,
71722,75589,same-sheet,9.9,19.4,same-wrap,,,,
71722,71804,same-sheet,8.9,16.3,same-wrap,,,,
71722,74458,same-sheet,17.4,20.1,same-wrap,,,,
71731,71856,same-sheet,10.2,25.1,same-wrap,,,,
71731,71926,same-sheet,12.3,12.3,same-wrap,,,,
71734,71950,same-sheet,11.0,25.8,same-wrap,,,,
71734,72016,same-sheet,10.5,41.7,same-wrap,,,,
71734,72136,same-sheet,9.6,16.4,same-wrap,,,,
71734,72242,same-sheet,12.6,12.6,same-wrap,,,,
71734,72572,untestable,11.5,39.3,same-wrap,,,,
71734,72763,same-sheet,9.5,23.9,same-wrap,,,,
71744,71838,same-sheet,8.6,10.5,unresolved,,,,
71744,71857,ambiguous,9.4,13.5,unresolved,,,,
71744,71983,same-sheet,11.5,24.5,unresolved,,,,
71744,72131,same-sheet,13.5,28.3,unresolved,,,,
71744,71788,same-sheet,11.9,35.5,unresolved,,,,
71838,71857,same-sheet,10.4,32.7,unresolved,,,,
71838,72717,same-sheet,9.2,14.0,unresolved,,,,
71838,74160,same-sheet,9.5,12.1,unresolved,,,,
71856,71926,same-sheet,10.3,19.3,same-wrap,,,,
71856,72324,same-sheet,8.4,8.4,same-wrap,,,,
71856,72819,same-sheet,10.2,16.7,same-wrap,,,,
71856,75106,same-sheet,8.4,10.6,same-wrap,,,,
71856,74149,same-sheet,8.8,12.0,same-wrap,,,,
71856,74458,same-sheet,12.2,37.2,same-wrap,,,,
71857,72131,same-sheet,11.0,41.4,unresolved,,,,
71857,72717,same-sheet,10.4,22.0,unresolved,,,,
71857,74160,same-sheet,11.8,47.6,unresolved,,,,
71857,71788,same-sheet,10.6,43.6,unresolved,,,,
71926,73991,same-sheet,11.9,27.8,same-wrap,,,,
71926,74904,same-sheet,14.0,16.6,same-wrap,,,,
71926,75106,same-sheet,11.7,20.5,same-wrap,,,,
71926,72456,same-sheet,13.3,42.0,same-wrap,,,,
71950,72016,same-sheet,9.9,13.3,same-wrap,,,,
71950,72572,same-sheet,9.3,16.7,same-wrap,,,,
71978,68032,same-sheet,8.6,9.3,same-wrap,,,,
71983,72131,same-sheet,12.1,30.0,unresolved,,,,
71983,72899,same-sheet,11.6,36.9,unresolved,,,,
71983,73331,same-sheet,9.2,12.2,unresolved,,,,
71983,71788,same-sheet,11.4,35.5,unresolved,,,,
72016,72136,same-sheet,10.3,24.1,same-wrap,,,,
72016,72572,same-sheet,9.0,14.0,same-wrap,,,,
72016,74593,same-sheet,11.2,14.1,same-wrap,,,,
72016,72395,same-sheet,10.8,16.7,same-wrap,,,,
72087,56581,switch,117.5,313.2,adjacent,,,,
72087,56986,same-sheet,21.9,76.4,same-wrap,,,,
72087,71925,ambiguous,24.4,76.6,same-wrap,,,,
72131,72986,same-sheet,10.3,35.4,unresolved,,,,
72131,73069,same-sheet,10.8,26.7,unresolved,,,,
72131,73331,same-sheet,11.7,20.8,unresolved,,,,
72131,74160,same-sheet,10.1,16.7,unresolved,,,,
72131,71788,same-sheet,10.2,61.9,unresolved,,,,
72136,72242,same-sheet,9.5,11.3,same-wrap,,,,
72136,72572,untestable,24.5,25.9,same-wrap,,,,
72136,72589,same-sheet,9.7,18.5,same-wrap,,,,
72136,72763,same-sheet,11.1,32.6,same-wrap,,,,
72136,74593,untestable,8.5,8.5,same-wrap,,,,
72136,72395,same-sheet,9.4,15.9,same-wrap,,,,
72222,73870,same-sheet,10.1,26.9,same-wrap,,,,
72222,81724,ambiguous,10.8,18.1,same-wrap,,,,
72242,72589,same-sheet,11.7,15.3,same-wrap,,,,
72242,72763,same-sheet,11.2,62.9,same-wrap,,,,
72264,69568,same-sheet,10.9,62.0,same-wrap,,,,
72264,71804,ambiguous,9.8,30.5,same-wrap,,,,
72306,72572,same-sheet,8.7,11.2,same-wrap,,,,
72306,72831,same-sheet,8.9,15.4,same-wrap,,,,
72306,73031,same-sheet,10.1,11.9,same-wrap,,,,
72306,73685,same-sheet,9.3,23.6,same-wrap,,,,
72306,74156,same-sheet,9.1,14.6,same-wrap,,,,
72324,72819,same-sheet,10.2,20.0,same-wrap,,,,
72357,72589,same-sheet,10.1,23.8,same-wrap,,,,
72357,70941,same-sheet,9.2,14.7,same-wrap,,,,
72572,73031,same-sheet,10.1,17.2,same-wrap,,,,
72572,73061,same-sheet,8.4,12.0,unresolved,,,,
72572,73685,same-sheet,8.9,20.3,same-wrap,,,,
72572,74593,untestable,11.7,13.7,same-wrap,,,,
72572,72395,same-sheet,9.4,13.1,same-wrap,,,,
72589,73011,ambiguous,20.7,45.2,same-wrap,,,,
72589,74593,switch,23.6,23.8,same-wrap,,,,
72589,70941,ambiguous,11.2,62.7,same-wrap,,,,
72589,72680,ambiguous,10.1,23.1,same-wrap,,,,
72717,73798,same-sheet,11.4,27.1,unresolved,,,,
72717,74160,same-sheet,9.4,19.9,unresolved,,,,
72729,74758,same-sheet,8.9,11.3,same-wrap,,,,
72729,66094,ambiguous,9.0,17.3,same-wrap,,,,
72729,68041,untestable,8.6,13.5,same-wrap,,,,
72819,72896,same-sheet,8.6,11.8,same-wrap,,,,
72819,74149,same-sheet,11.1,20.4,same-wrap,,,,
72822,72831,same-sheet,8.9,9.2,same-wrap,,,,
72822,75589,same-sheet,10.4,29.2,same-wrap,,,,
72822,71804,same-sheet,9.6,25.0,same-wrap,,,,
72831,73523,same-sheet,9.6,31.3,same-wrap,,,,
72831,73685,same-sheet,8.6,9.0,same-wrap,,,,
72831,73868,same-sheet,9.9,12.9,same-wrap,,,,
72831,74156,same-sheet,10.6,21.1,same-wrap,,,,
72896,73317,same-sheet,8.9,14.1,same-wrap,,,,
72896,73565,same-sheet,9.9,12.6,same-wrap,,,,
72896,73588,same-sheet,10.7,10.7,same-wrap,,,,
72896,73612,same-sheet,10.0,23.0,same-wrap,,,,
72896,73646,same-sheet,9.0,12.6,same-wrap,,,,
72896,73842,same-sheet,9.1,28.4,same-wrap,,,,
72896,74149,same-sheet,10.4,25.7,same-wrap,,,,
72899,73331,same-sheet,9.7,18.0,unresolved,,,,
72899,73526,same-sheet,9.9,19.4,unresolved,,,,
72986,73069,same-sheet,10.3,26.1,unresolved,,,,
72986,73195,same-sheet,11.4,30.9,unresolved,,,,
72986,73331,same-sheet,11.0,22.8,unresolved,,,,
72986,73398,same-sheet,10.6,17.1,unresolved,,,,
72986,73526,untestable,9.1,10.9,unresolved,,,,
72986,73690,same-sheet,11.1,34.9,unresolved,,,,
72986,74160,untestable,8.2,8.2,unresolved,,,,
73011,74438,same-sheet,8.5,10.0,same-wrap,,,,
73011,74593,same-sheet,9.5,19.7,same-wrap,,,,
73011,75913,same-sheet,9.4,12.8,same-wrap,,,,
73011,72680,same-sheet,12.3,39.0,same-wrap,,,,
73031,73061,same-sheet,11.1,32.5,same-wrap,,,,
73031,73685,same-sheet,9.1,16.9,same-wrap,,,,
73031,74156,same-sheet,10.1,12.3,same-wrap,,,,
73031,76221,same-sheet,10.3,22.9,same-wrap,,,,
73031,80170,same-sheet,9.8,18.8,same-wrap,,,,
73061,75913,same-sheet,11.0,78.4,same-wrap,,,,
73061,76221,same-sheet,11.7,23.7,same-wrap,,,,
73061,80170,same-sheet,15.0,31.1,same-wrap,,,,
73069,73195,same-sheet,8.3,16.3,unresolved,,,,
73069,73331,switch,9.3,12.5,unresolved,,,,
73069,73398,same-sheet,11.1,35.5,unresolved,,,,
73069,73798,same-sheet,9.8,18.6,unresolved,,,,
73069,74160,same-sheet,9.9,19.4,unresolved,,,,
73195,73331,same-sheet,9.5,12.3,unresolved,,,,
73195,73398,same-sheet,10.8,25.4,unresolved,,,,
73195,73690,same-sheet,11.7,33.9,unresolved,,,,
73317,73565,same-sheet,10.9,25.6,same-wrap,,,,
73317,73612,same-sheet,9.1,16.5,same-wrap,,,,
73317,73646,same-sheet,11.3,26.0,same-wrap,,,,
73317,73661,same-sheet,8.3,8.7,same-wrap,,,,
73317,73842,same-sheet,10.8,24.2,same-wrap,,,,
73317,75109,same-sheet,9.4,10.2,same-wrap,,,,
73317,74149,same-sheet,9.3,13.5,same-wrap,,,,
73331,73526,same-sheet,10.2,23.4,unresolved,,,,
73331,73690,same-sheet,11.6,21.2,unresolved,,,,
73331,71788,same-sheet,9.8,13.9,unresolved,,,,
73398,73399,same-sheet,10.3,13.8,unresolved,,,,
73398,73690,same-sheet,10.5,35.8,unresolved,,,,
73398,73952,same-sheet,8.1,8.2,unresolved,,,,
73398,73959,same-sheet,9.8,17.1,unresolved,,,,
73398,74815,untestable,9.5,13.0,unresolved,,,,
73398,76497,same-sheet,12.0,22.1,unresolved,,,,
73399,73952,same-sheet,9.0,18.5,unresolved,,,,
73399,73959,same-sheet,17.2,54.5,unresolved,,,,
73399,74815,same-sheet,10.5,29.6,unresolved,,,,
73399,75784,same-sheet,10.7,29.9,unresolved,,,,
73399,76497,same-sheet,8.4,10.1,unresolved,,,,
73399,76156,same-sheet,10.6,25.7,unresolved,,,,
73406,73920,same-sheet,10.3,25.6,same-wrap,,,,
73406,74642,untestable,9.7,9.9,same-wrap,,,,
73406,77643,same-sheet,9.7,21.8,same-wrap,,,,
73406,79553,same-sheet,9.5,22.5,same-wrap,,,,
73490,74218,untestable,9.9,14.7,same-wrap,,,,
73490,74688,same-sheet,11.8,26.0,same-wrap,,,,
73490,75138,untestable,10.2,12.2,same-wrap,,,,
73490,76584,same-sheet,9.3,18.6,same-wrap,,,,
73490,73179,untestable,9.4,15.8,same-wrap,,,,
73490,75307,same-sheet,15.5,85.8,same-wrap,89.6,76.2,1.09,
73504,74319,same-sheet,9.8,18.9,same-wrap,,,,
73504,76269,same-sheet,9.4,12.0,same-wrap,,,,
73504,76520,same-sheet,9.1,11.2,same-wrap,,,,
73504,73279,same-sheet,10.6,24.7,same-wrap,,,,
73504,73470,same-sheet,8.6,12.9,same-wrap,,,,
73523,73868,same-sheet,10.1,19.3,same-wrap,,,,
73523,74156,same-sheet,9.4,14.0,same-wrap,,,,
73523,75589,same-sheet,8.5,9.3,same-wrap,,,,
73523,79972,same-sheet,10.4,28.3,same-wrap,,,,
73526,73690,same-sheet,11.2,29.3,unresolved,,,,
73526,74676,same-sheet,10.1,30.7,unresolved,,,,
73526,74721,same-sheet,11.0,39.9,unresolved,,,,
73565,73612,same-sheet,10.1,13.8,same-wrap,,,,
73565,73646,same-sheet,8.9,13.4,same-wrap,,,,
73565,73842,same-sheet,8.6,12.2,same-wrap,,,,
73565,75109,same-sheet,8.1,8.2,same-wrap,,,,
73588,73646,same-sheet,9.2,16.3,same-wrap,,,,
73612,73646,same-sheet,8.6,11.6,same-wrap,,,,
73612,73661,same-sheet,10.1,17.8,same-wrap,,,,
73612,73842,same-sheet,9.6,11.5,same-wrap,,,,
73612,75109,same-sheet,9.9,19.0,same-wrap,,,,
73612,74149,same-sheet,10.0,22.0,same-wrap,,,,
73622,74107,same-sheet,9.4,15.1,same-wrap,,,,
73622,80210,untestable,12.6,19.6,same-wrap,,,,
73646,73842,same-sheet,10.2,16.5,same-wrap,,,,
73646,75109,same-sheet,9.4,15.7,same-wrap,,,,
73661,75109,same-sheet,10.8,19.9,same-wrap,,,,
73661,75374,same-sheet,9.5,15.9,same-wrap,,,,
73661,76727,same-sheet,10.5,20.1,same-wrap,,,,
73661,77559,untestable,9.1,18.2,same-wrap,,,,
73661,74149,same-sheet,9.5,20.1,same-wrap,,,,
73685,74156,same-sheet,9.0,15.1,same-wrap,,,,
73685,80170,same-sheet,8.4,9.6,same-wrap,,,,
73690,74721,same-sheet,9.9,19.8,unresolved,,,,
73690,76497,same-sheet,9.7,17.3,unresolved,,,,
73798,74160,same-sheet,10.8,21.5,unresolved,,,,
73842,74250,same-sheet,8.9,15.8,same-wrap,,,,
73842,74895,same-sheet,10.5,41.7,same-wrap,,,,
73842,75109,same-sheet,9.4,18.9,same-wrap,,,,
73842,75202,same-sheet,10.7,33.8,same-wrap,,,,
73842,76186,same-sheet,8.7,8.8,same-wrap,,,,
73868,74000,same-sheet,10.0,25.0,same-wrap,,,,
73868,74033,same-sheet,8.2,11.2,same-wrap,,,,
73868,75589,same-sheet,9.5,16.1,same-wrap,,,,
73868,74458,untestable,8.1,9.6,same-wrap,,,,
73870,81724,same-sheet,10.7,24.1,same-wrap,,,,
73870,82269,switch,120.8,185.7,unresolved,,,,
73920,74624,same-sheet,8.2,8.3,same-wrap,,,,
73920,74642,untestable,9.8,18.0,same-wrap,,,,
73920,75278,same-sheet,9.0,14.7,same-wrap,,,,
73920,77643,same-sheet,11.3,23.2,same-wrap,,,,
73932,86614,ambiguous,66.9,259.1,adjacent,,,,
73932,71489,same-sheet,17.8,80.1,same-wrap,21.8,59.6,54.48,
73932,89694,ambiguous,94.9,394.4,adjacent,,,,
73952,73959,same-sheet,10.8,37.9,unresolved,,,,
73952,74815,same-sheet,9.6,19.8,unresolved,,,,
73952,75784,same-sheet,10.4,42.4,unresolved,,,,
73952,76497,untestable,8.0,8.0,unresolved,,,,
73952,76156,same-sheet,9.9,24.0,unresolved,,,,
73959,76156,ambiguous,16.3,54.1,unresolved,,,,
73991,74904,same-sheet,10.9,23.8,same-wrap,,,,
73991,75106,same-sheet,10.9,22.7,same-wrap,,,,
73991,75192,same-sheet,15.4,24.3,unresolved,,,,
73991,72456,same-sheet,15.5,35.4,same-wrap,,,,
73991,90136,switch,298.0,1291.2,same-wrap,16.0,6.9,0.12,200.0
74000,74033,same-sheet,10.0,23.3,same-wrap,,,,
74000,75589,same-sheet,9.4,20.3,same-wrap,,,,
74000,74458,same-sheet,10.4,29.1,same-wrap,,,,
74033,79908,same-sheet,11.1,26.4,same-wrap,,,,
74033,72456,ambiguous,20.2,28.1,same-wrap,,,,
74033,74458,same-sheet,12.9,31.7,same-wrap,,,,
74107,75668,same-sheet,11.8,22.6,same-wrap,,,,
74107,80210,same-sheet,12.5,34.3,same-wrap,,,,
74156,79972,same-sheet,7.9,8.0,unresolved,,,,
74156,80170,untestable,8.9,9.4,same-wrap,,,,
74156,75380,same-sheet,17.7,38.3,unresolved,,,,
74160,71788,ambiguous,9.5,14.3,unresolved,,,,
74218,76216,untestable,10.5,30.4,same-wrap,,,,
74218,87886,same-sheet,10.2,12.7,same-wrap,,,,
74229,74650,same-sheet,11.4,36.6,same-wrap,,,,
74229,75303,untestable,10.6,25.0,same-wrap,,,,
74229,76541,same-sheet,12.6,46.6,same-wrap,,,,
74229,74717,untestable,11.1,32.6,same-wrap,,,,
74229,75094,same-sheet,11.7,34.6,same-wrap,,,,
74250,76186,same-sheet,9.3,11.8,same-wrap,,,,
74250,79553,same-sheet,11.6,24.5,same-wrap,,,,
74256,68788,same-sheet,10.9,27.1,same-wrap,,,,
74256,88263,ambiguous,84.3,290.6,adjacent,,,,
74319,76269,untestable,8.9,8.9,same-wrap,,,,
74319,76520,same-sheet,11.1,31.2,same-wrap,,,,
74319,76938,ambiguous,11.3,21.4,same-wrap,,,,
74319,77133,same-sheet,8.9,16.5,same-wrap,,,,
74319,78378,same-sheet,8.8,11.6,unresolved,,,,
74319,73470,same-sheet,8.3,8.5,same-wrap,,,,
74438,74890,same-sheet,8.6,10.8,same-wrap,,,,
74438,75913,same-sheet,9.9,12.8,same-wrap,,,,
74438,76439,untestable,11.0,19.6,same-wrap,,,,
74438,76903,same-sheet,9.7,19.6,same-wrap,,,,
74438,72680,untestable,11.3,23.4,same-wrap,,,,
74587,53702,ambiguous,58.8,135.1,adjacent,,,,
74587,68961,same-sheet,16.3,65.6,same-wrap,,,,
74593,75913,ambiguous,10.6,11.2,same-wrap,,,,
74593,72395,same-sheet,10.0,13.9,same-wrap,,,,
74593,72680,same-sheet,13.1,24.6,same-wrap,,,,
74624,74642,untestable,8.6,13.2,same-wrap,,,,
74624,74946,same-sheet,10.0,22.9,same-wrap,,,,
74624,75130,same-sheet,11.5,23.8,same-wrap,,,,
74624,75278,same-sheet,10.9,37.1,same-wrap,,,,
74624,75721,untestable,18.3,59.4,same-wrap,,,,
74624,76219,same-sheet,8.8,20.7,same-wrap,,,,
74624,76398,same-sheet,11.7,36.5,same-wrap,,,,
74624,76961,same-sheet,11.4,58.1,same-wrap,,,,
74624,77643,same-sheet,12.1,28.5,same-wrap,,,,
74642,75278,untestable,8.4,9.4,same-wrap,,,,
74642,77643,untestable,12.0,22.0,same-wrap,,,,
74650,76541,same-sheet,10.1,19.1,same-wrap,,,,
74650,74717,untestable,9.0,15.4,same-wrap,,,,
74650,75094,same-sheet,15.0,45.7,same-wrap,,,,
74676,74721,same-sheet,10.9,42.5,unresolved,,,,
74688,75138,same-sheet,9.8,23.3,same-wrap,,,,
74688,76584,same-sheet,10.5,24.2,same-wrap,,,,
74688,73179,untestable,14.8,41.2,same-wrap,,,,
74688,75307,same-sheet,10.9,302.8,same-wrap,2.6,21.7,1.37,
74703,74764,untestable,8.9,23.8,same-wrap,,,,
74703,75138,same-sheet,20.1,32.5,same-wrap,,,,
74703,75866,same-sheet,11.6,18.7,same-wrap,,,,
74703,76209,ambiguous,12.8,96.3,same-wrap,68.7,74.1,0.9,
74703,76697,same-sheet,12.9,24.5,unresolved,,,,
74703,73179,same-sheet,8.7,15.1,same-wrap,,,,
74703,75307,same-sheet,10.2,17.6,same-wrap,,,,
74721,76524,same-sheet,9.9,19.8,unresolved,,,,
74721,77264,same-sheet,12.6,42.8,unresolved,,,,
74721,77385,same-sheet,11.1,26.1,unresolved,,,,
74758,68041,untestable,13.5,15.7,same-wrap,,,,
74764,75064,untestable,9.8,19.7,same-wrap,,,,
74764,75866,same-sheet,11.4,25.2,same-wrap,,,,
74764,75954,same-sheet,10.7,13.0,same-wrap,,,,
74764,76209,same-sheet,10.5,28.7,same-wrap,,,,
74764,76697,same-sheet,9.0,17.5,unresolved,,,,
74764,73179,untestable,8.0,8.6,same-wrap,,,,
74764,75416,same-sheet,8.6,17.7,same-wrap,,,,
74815,75784,same-sheet,11.1,19.5,unresolved,,,,
74815,76497,untestable,8.3,9.6,unresolved,,,,
74815,76156,same-sheet,10.2,22.4,unresolved,,,,
74858,81724,same-sheet,9.5,276.5,same-wrap,18.2,10.0,0.12,
74890,75303,same-sheet,11.0,24.9,same-wrap,,,,
74890,76903,untestable,10.3,18.0,same-wrap,,,,
74895,75109,same-sheet,9.9,23.8,same-wrap,,,,
74895,75202,same-sheet,9.9,22.8,same-wrap,,,,
74904,75106,same-sheet,11.0,24.9,same-wrap,,,,
74904,75192,same-sheet,10.7,25.5,same-wrap,,,,
74946,75130,same-sheet,8.9,11.5,same-wrap,,,,
74946,75392,same-sheet,9.3,10.0,same-wrap,,,,
74946,76219,same-sheet,11.6,33.7,same-wrap,,,,
74946,76398,same-sheet,8.6,10.6,same-wrap,,,,
74946,77643,same-sheet,9.3,18.4,same-wrap,,,,
74946,81220,same-sheet,11.5,19.2,same-wrap,,,,
75044,75053,same-sheet,9.9,22.1,same-wrap,,,,
75044,75239,same-sheet,8.7,15.0,same-wrap,,,,
75044,75761,same-sheet,8.3,8.3,same-wrap,,,,
75044,82506,same-sheet,8.4,8.4,unresolved,,,,
75044,68499,same-sheet,9.2,15.7,same-wrap,,,,
75044,76661,same-sheet,8.6,8.6,same-wrap,,,,
75053,75239,same-sheet,8.4,13.1,same-wrap,,,,
75053,75761,ambiguous,10.7,16.4,same-wrap,,,,
75053,76448,same-sheet,9.2,13.0,same-wrap,,,,
75053,77909,same-sheet,8.3,8.6,same-wrap,,,,
75053,82506,same-sheet,12.6,19.3,same-wrap,,,,
75053,87501,same-sheet,8.0,8.0,same-wrap,,,,
75053,96264,same-sheet,9.1,12.1,same-wrap,,,,
75053,68499,same-sheet,9.2,10.8,same-wrap,,,,
75053,82400,same-sheet,8.4,10.7,same-wrap,,,,
75056,75215,same-sheet,10.9,55.8,same-wrap,,,,
75056,75880,untestable,8.1,8.1,same-wrap,,,,
75056,84104,same-sheet,11.1,22.0,same-wrap,,,,
75064,75954,untestable,11.6,51.3,same-wrap,,,,
75064,84726,untestable,9.1,9.4,same-wrap,,,,
75064,75416,same-sheet,10.0,14.3,same-wrap,,,,
75106,75192,same-sheet,11.5,30.4,same-wrap,,,,
75106,77559,same-sheet,11.0,23.9,same-wrap,,,,
75106,74149,same-sheet,9.4,10.9,same-wrap,,,,
75109,75202,same-sheet,10.6,33.1,same-wrap,,,,
75109,75374,same-sheet,12.2,36.5,same-wrap,,,,
75109,75958,same-sheet,11.3,28.5,same-wrap,,,,
75109,76500,untestable,8.5,8.5,same-wrap,,,,
75109,76727,same-sheet,12.2,25.6,same-wrap,,,,
75109,74149,same-sheet,9.9,24.8,same-wrap,,,,
75113,75425,same-sheet,8.8,18.2,same-wrap,,,,
75113,76291,same-sheet,9.5,16.5,same-wrap,,,,
75113,76984,same-sheet,14.4,55.4,same-wrap,,,,
75113,77514,same-sheet,12.6,22.5,same-wrap,,,,
75113,77709,same-sheet,11.9,39.3,same-wrap,,,,
75113,77813,same-sheet,11.5,18.2,same-wrap,,,,
75113,73540,same-sheet,15.6,37.2,same-wrap,,,,
75113,74252,same-sheet,13.1,77.4,same-wrap,,,,
75130,75392,same-sheet,9.9,22.2,same-wrap,,,,
75130,75934,same-sheet,10.4,17.0,same-wrap,,,,
75130,76398,same-sheet,8.5,11.0,same-wrap,,,,
75130,78001,same-sheet,12.2,23.1,same-wrap,,,,
75130,81220,same-sheet,9.3,9.6,same-wrap,,,,
75138,76209,ambiguous,14.8,22.0,same-wrap,,,,
75138,73179,same-sheet,15.1,66.0,same-wrap,,,,
75138,75307,same-sheet,11.4,35.4,same-wrap,,,,
75192,77559,same-sheet,10.6,23.5,same-wrap,,,,
75192,84945,switch,147.1,692.5,unresolved,,,,
75202,75324,same-sheet,9.1,12.0,same-wrap,,,,
75202,75345,same-sheet,10.5,18.0,same-wrap,,,,
75202,75427,same-sheet,9.8,14.6,same-wrap,,,,
75202,76186,same-sheet,10.6,18.1,same-wrap,,,,
75202,76500,same-sheet,9.4,45.8,same-wrap,,,,
75202,77140,same-sheet,9.3,12.1,same-wrap,,,,
75215,75302,same-sheet,18.3,115.3,same-wrap,2.7,6.7,0.19,
75215,75880,same-sheet,19.2,113.0,same-wrap,2.7,6.8,0.18,
75215,84104,same-sheet,12.1,22.8,same-wrap,,,,
75239,77909,same-sheet,10.4,17.1,same-wrap,,,,
75239,98367,same-sheet,18.3,33.3,same-wrap,,,,
75239,68499,same-sheet,9.3,17.6,same-wrap,,,,
75239,82400,untestable,8.5,8.6,same-wrap,,,,
75244,75318,same-sheet,8.9,9.9,same-wrap,,,,
75244,75425,same-sheet,8.8,10.7,same-wrap,,,,
75244,77813,same-sheet,8.6,9.2,same-wrap,,,,
75244,74252,same-sheet,9.3,9.4,same-wrap,,,,
75244,75260,same-sheet,9.5,19.9,same-wrap,,,,
75278,75721,same-sheet,9.7,20.5,same-wrap,,,,
75278,76961,same-sheet,10.2,23.3,same-wrap,,,,
75302,75880,ambiguous,10.2,15.5,same-wrap,,,,
75303,76221,same-sheet,10.3,31.0,same-wrap,,,,
75303,75094,same-sheet,9.6,12.8,same-wrap,,,,
75308,68788,same-sheet,13.5,102.5,same-wrap,11.9,1.5,0.45,100.0
75318,75425,same-sheet,10.9,31.8,same-wrap,,,,
75318,75929,same-sheet,9.5,13.4,same-wrap,,,,
75318,76291,same-sheet,9.5,19.9,same-wrap,,,,
75318,77008,same-sheet,9.1,13.0,same-wrap,,,,
75318,77042,same-sheet,12.3,37.8,same-wrap,,,,
75318,77813,same-sheet,10.5,21.6,same-wrap,,,,
75318,75260,same-sheet,10.8,17.6,same-wrap,,,,
75324,75345,same-sheet,10.9,19.3,same-wrap,,,,
75324,75427,same-sheet,8.9,11.5,same-wrap,,,,
75324,77140,same-sheet,12.9,20.5,same-wrap,,,,
75324,77647,same-sheet,10.0,17.5,same-wrap,,,,
75324,78311,same-sheet,9.7,12.2,same-wrap,,,,
75345,75427,same-sheet,8.8,13.1,same-wrap,,,,
75345,76186,same-sheet,8.3,9.3,same-wrap,,,,
75345,77140,same-sheet,9.5,10.8,same-wrap,,,,
75345,77647,same-sheet,8.0,9.0,same-wrap,,,,
75345,78311,same-sheet,8.3,8.3,same-wrap,,,,
75374,75958,same-sheet,9.1,17.0,same-wrap,,,,
75374,76727,same-sheet,11.0,29.4,same-wrap,,,,
75392,75934,same-sheet,9.4,17.6,same-wrap,,,,
75392,77488,same-sheet,10.7,19.3,same-wrap,,,,
75392,78001,same-sheet,9.4,18.7,same-wrap,,,,
75392,81220,ambiguous,9.1,16.1,same-wrap,,,,
75425,75929,same-sheet,8.7,8.8,same-wrap,,,,
75425,76984,same-sheet,10.9,19.3,same-wrap,,,,
75425,77038,same-sheet,9.7,19.5,same-wrap,,,,
75425,77316,same-sheet,8.7,9.4,same-wrap,,,,
75425,77514,same-sheet,11.9,20.5,same-wrap,,,,
75425,77709,same-sheet,10.3,13.3,same-wrap,,,,
75425,77813,same-sheet,9.3,12.3,same-wrap,,,,
75425,77883,same-sheet,8.3,9.0,same-wrap,,,,
75425,74252,same-sheet,9.8,24.1,same-wrap,,,,
75425,75260,same-sheet,12.1,33.3,same-wrap,,,,
75427,76186,same-sheet,10.5,22.1,same-wrap,,,,
75427,77643,same-sheet,8.3,9.5,same-wrap,,,,
75427,77647,same-sheet,9.1,10.6,same-wrap,,,,
75427,81220,same-sheet,10.5,26.0,same-wrap,,,,
75589,71804,same-sheet,11.0,44.8,same-wrap,,,,
75589,74458,same-sheet,11.8,83.2,same-wrap,22.4,74.4,0.01,
75617,75763,untestable,9.9,14.1,same-wrap,,,,
75617,81477,ambiguous,65.7,213.0,adjacent,,,,
75617,85786,untestable,157.2,390.0,adjacent,,,,
75617,71287,untestable,10.2,44.2,same-wrap,,,,
75651,76203,same-sheet,10.8,20.7,same-wrap,,,,
75651,76541,same-sheet,10.6,22.6,same-wrap,,,,
75651,79972,same-sheet,17.7,38.0,same-wrap,,,,
75651,75094,same-sheet,13.3,42.2,same-wrap,,,,
75651,75380,same-sheet,13.0,143.2,same-wrap,54.0,0.1,0.06,
75668,75990,same-sheet,9.1,10.8,same-wrap,,,,
75668,76027,same-sheet,16.6,60.2,same-wrap,,,,
75668,79633,same-sheet,8.2,9.9,same-wrap,,,,
75668,80210,same-sheet,8.7,10.8,same-wrap,,,,
75721,76961,untestable,9.4,19.4,same-wrap,,,,
75761,82506,same-sheet,13.3,47.8,same-wrap,,,,
75761,83529,ambiguous,91.7,737.3,adjacent,,,,
75761,76661,same-sheet,8.7,12.0,same-wrap,,,,
75761,87178,same-sheet,9.1,9.7,same-wrap,,,,
75763,81477,same-sheet,51.6,87.0,adjacent,,,,
75763,71287,same-sheet,11.7,14.3,same-wrap,,,,
75784,75838,same-sheet,11.6,34.5,unresolved,,,,
75784,76189,same-sheet,11.7,20.9,unresolved,,,,
75784,76497,same-sheet,9.3,14.8,unresolved,,,,
75784,76989,same-sheet,13.1,35.6,unresolved,,,,
75784,77582,same-sheet,11.9,33.6,unresolved,,,,
75784,85477,same-sheet,10.4,18.5,unresolved,,,,
75784,76156,same-sheet,9.8,38.6,unresolved,,,,
75788,75865,untestable,14.8,58.7,same-wrap,,,,
75788,75886,untestable,11.2,59.7,same-wrap,,,,
75788,76961,untestable,10.9,21.5,same-wrap,,,,
75838,76989,same-sheet,9.3,21.3,unresolved,,,,
75838,77121,untestable,10.1,10.1,unresolved,,,,
75838,77582,same-sheet,9.9,23.7,unresolved,,,,
75838,76156,same-sheet,9.1,36.3,unresolved,,,,
75865,75886,same-sheet,11.0,25.6,same-wrap,,,,
75865,76216,untestable,9.9,24.2,same-wrap,,,,
75866,75954,same-sheet,11.6,23.6,unresolved,,,,
75866,76209,same-sheet,10.0,20.6,same-wrap,,,,
75866,76697,same-sheet,10.9,24.4,same-wrap,,,,
75866,75416,same-sheet,9.3,14.4,same-wrap,,,,
75880,76667,same-sheet,8.5,15.3,same-wrap,,,,
75880,77585,same-sheet,9.5,12.5,same-wrap,,,,
75880,80337,same-sheet,8.4,8.8,same-wrap,,,,
75880,84104,same-sheet,9.3,12.8,same-wrap,,,,
75886,76033,same-sheet,8.5,9.8,same-wrap,,,,
75886,76123,same-sheet,9.2,15.4,same-wrap,,,,
75886,76216,same-sheet,12.6,28.1,same-wrap,,,,
75886,76630,same-sheet,9.3,12.1,same-wrap,,,,
75886,76961,same-sheet,8.4,11.9,same-wrap,,,,
75886,77089,untestable,15.0,19.8,same-wrap,,,,
75886,80880,same-sheet,9.4,21.1,same-wrap,,,,
75886,83548,same-sheet,11.3,15.3,same-wrap,,,,
75886,87886,same-sheet,8.4,12.5,same-wrap,,,,
75929,77038,same-sheet,11.6,25.6,same-wrap,,,,
75929,75260,same-sheet,9.0,9.0,same-wrap,,,,
75934,77488,same-sheet,9.9,18.9,same-wrap,,,,
75934,77994,same-sheet,9.5,26.7,same-wrap,,,,
75934,78001,same-sheet,10.9,20.1,same-wrap,,,,
75934,78311,same-sheet,10.9,29.6,same-wrap,,,,
75934,81220,same-sheet,10.2,15.8,same-wrap,,,,
75934,85786,same-sheet,9.9,11.3,same-wrap,,,,
75954,76209,untestable,11.7,11.7,unresolved,,,,
75954,76697,untestable,15.6,51.4,same-wrap,,,,
75954,76787,same-sheet,15.1,54.7,same-wrap,,,,
75954,84726,untestable,9.9,51.4,same-wrap,,,,
75954,75416,same-sheet,11.4,56.4,same-wrap,,,,
75958,76109,same-sheet,11.2,29.0,same-wrap,,,,
75958,76500,same-sheet,10.8,18.3,same-wrap,,,,
75958,76727,untestable,9.5,9.5,same-wrap,,,,
75958,78953,same-sheet,15.8,17.5,same-wrap,,,,
75990,76027,same-sheet,9.0,10.7,same-wrap,,,,
75990,79633,same-sheet,10.7,17.7,same-wrap,,,,
75990,80210,same-sheet,9.8,49.8,same-wrap,,,,
75990,84830,same-sheet,9.3,20.9,same-wrap,,,,
75990,87215,same-sheet,10.0,79.6,same-wrap,35.9,29.1,53.68,80.0
75990,76661,ambiguous,72.7,120.7,adjacent,,,,
75990,77846,same-sheet,61.1,79.7,same-wrap,19.3,37.1,52.06,60.0
75990,86208,same-sheet,9.1,14.5,same-wrap,,,,
76027,79633,same-sheet,8.6,15.1,same-wrap,,,,
76027,80210,same-sheet,9.5,10.5,same-wrap,,,,
76033,76961,same-sheet,8.5,8.5,same-wrap,,,,
76033,80880,same-sheet,10.0,22.4,same-wrap,,,,
76109,79839,switch,55.6,92.2,same-wrap,21.4,51.4,51.32,80.0
76109,78953,same-sheet,9.9,48.4,same-wrap,,,,
76123,76630,same-sheet,9.9,15.7,same-wrap,,,,
76123,77296,same-sheet,10.4,12.3,same-wrap,,,,
76123,83548,untestable,9.1,10.6,same-wrap,,,,
76123,87886,same-sheet,9.5,20.1,same-wrap,,,,
76186,77643,same-sheet,9.0,9.0,same-wrap,,,,
76189,76497,same-sheet,9.5,26.6,unresolved,,,,
76189,85477,same-sheet,9.8,13.4,unresolved,,,,
76203,76541,same-sheet,9.5,13.0,same-wrap,,,,
76203,79908,same-sheet,22.9,56.4,same-wrap,,,,
76203,82314,same-sheet,8.8,16.0,same-wrap,,,,
76209,76697,same-sheet,10.2,36.4,same-wrap,,,,
76209,78600,same-sheet,9.5,26.6,same-wrap,,,,
76209,75416,untestable,12.8,14.8,same-wrap,,,,
76216,87886,same-sheet,9.0,10.2,same-wrap,,,,
76219,76398,same-sheet,9.2,14.1,same-wrap,,,,
76219,76961,same-sheet,12.0,17.3,same-wrap,,,,
76221,80170,same-sheet,11.4,31.6,same-wrap,,,,
76221,75094,untestable,9.2,9.3,same-wrap,,,,
76269,76938,same-sheet,9.2,13.2,same-wrap,,,,
76269,77133,same-sheet,9.9,16.3,same-wrap,,,,
76269,78378,same-sheet,10.6,12.7,same-wrap,,,,
76269,73470,same-sheet,8.3,8.7,same-wrap,,,,
76291,77813,same-sheet,8.8,10.9,same-wrap,,,,
76291,73540,same-sheet,10.8,21.8,same-wrap,,,,
76291,74252,same-sheet,9.7,15.0,same-wrap,,,,
76398,77488,ambiguous,9.5,19.7,same-wrap,,,,
76398,79867,switch,22.3,30.2,same-wrap,,,,
76398,80880,same-sheet,8.0,8.1,same-wrap,,,,
76439,76903,untestable,12.2,48.7,same-wrap,,,,
76439,72680,untestable,10.3,24.3,same-wrap,,,,
76448,82506,same-sheet,8.4,10.1,same-wrap,,,,
76448,87501,same-sheet,9.2,17.7,same-wrap,,,,
76497,77264,same-sheet,9.5,23.6,unresolved,,,,
76497,78769,same-sheet,9.8,16.6,unresolved,,,,
76497,85477,same-sheet,9.1,13.2,unresolved,,,,
76497,76156,same-sheet,10.4,14.8,unresolved,,,,
76500,77207,untestable,8.7,9.2,same-wrap,,,,
76520,86614,same-sheet,19.7,52.2,same-wrap,,,,
76520,91407,untestable,8.9,14.1,same-wrap,,,,
76524,77264,same-sheet,9.9,30.4,unresolved,,,,
76524,78769,same-sheet,11.6,18.4,unresolved,,,,
76524,77385,same-sheet,11.9,29.1,unresolved,,,,
76541,78159,same-sheet,12.5,21.7,same-wrap,,,,
76541,82314,same-sheet,10.1,21.3,same-wrap,,,,
76541,87215,switch,116.7,219.7,adjacent,,,,
76541,74717,same-sheet,10.6,21.4,same-wrap,,,,
76541,75094,same-sheet,11.0,34.1,same-wrap,,,,
76541,75380,same-sheet,12.2,181.3,same-wrap,53.4,1.1,0.75,
76584,77296,same-sheet,8.7,11.1,same-wrap,,,,
76584,75307,same-sheet,11.1,351.5,same-wrap,6.3,22.5,2.53,
76630,77089,same-sheet,9.4,18.0,same-wrap,,,,
76630,83548,same-sheet,31.5,71.7,same-wrap,,,,
76630,77297,same-sheet,9.1,13.2,same-wrap,,,,
76667,77585,same-sheet,8.7,10.3,same-wrap,,,,
76667,79508,same-sheet,8.6,11.4,same-wrap,,,,
76697,76787,same-sheet,9.7,21.2,same-wrap,,,,
76697,77112,ambiguous,10.9,38.6,same-wrap,,,,
76697,78235,same-sheet,10.2,21.2,same-wrap,,,,
76697,78543,same-sheet,10.0,11.2,same-wrap,,,,
76697,78600,same-sheet,11.0,40.3,same-wrap,,,,
76697,79604,same-sheet,8.6,10.8,same-wrap,,,,
76697,80234,same-sheet,10.4,15.1,same-wrap,,,,
76697,84567,same-sheet,13.0,32.1,same-wrap,,,,
76697,75307,same-sheet,12.3,23.2,same-wrap,,,,
76697,75416,untestable,14.3,14.3,unresolved,,,,
76727,77559,same-sheet,10.2,26.9,same-wrap,,,,
76727,74149,same-sheet,7.9,7.9,same-wrap,,,,
76787,78235,same-sheet,8.3,13.8,same-wrap,,,,
76787,78622,same-sheet,10.6,35.0,same-wrap,,,,
76787,78758,same-sheet,13.5,33.6,same-wrap,,,,
76903,72680,same-sheet,9.8,20.2,same-wrap,,,,
76938,77133,same-sheet,9.6,15.1,same-wrap,,,,
76938,78378,same-sheet,8.6,14.8,same-wrap,,,,
76938,80017,same-sheet,9.8,24.5,same-wrap,,,,
76938,86614,same-sheet,16.3,35.6,same-wrap,,,,
76938,78776,same-sheet,10.2,12.6,same-wrap,,,,
76961,80880,same-sheet,10.8,31.6,same-wrap,,,,
76984,77316,same-sheet,11.7,13.2,same-wrap,,,,
76984,77514,same-sheet,9.4,13.4,same-wrap,,,,
76984,77709,same-sheet,8.2,10.7,same-wrap,,,,
76984,73540,same-sheet,11.8,17.4,same-wrap,,,,
76984,74252,same-sheet,12.9,77.1,same-wrap,,,,
76989,77121,same-sheet,9.5,12.5,unresolved,,,,
76989,77361,same-sheet,10.1,10.1,unresolved,,,,
76989,77582,same-sheet,10.8,34.7,unresolved,,,,
76989,78096,same-sheet,9.0,12.3,unresolved,,,,
76989,78708,same-sheet,10.6,21.1,unresolved,,,,
76989,80881,same-sheet,11.8,49.1,unresolved,,,,
76989,81465,same-sheet,11.9,32.0,unresolved,,,,
76989,76156,untestable,13.4,34.9,unresolved,,,,
77008,77042,same-sheet,10.9,22.0,same-wrap,,,,
77008,77813,same-sheet,11.1,34.8,same-wrap,,,,
77008,78366,same-sheet,9.2,16.0,same-wrap,,,,
77008,82849,same-sheet,8.6,10.6,same-wrap,,,,
77038,77600,same-sheet,10.0,16.3,same-wrap,,,,
77038,77990,same-sheet,10.4,26.2,same-wrap,,,,
77038,79297,same-sheet,10.3,17.7,same-wrap,,,,
77038,75260,same-sheet,9.8,13.3,same-wrap,,,,
77042,77729,same-sheet,8.5,11.5,same-wrap,,,,
77042,77813,same-sheet,9.6,34.5,same-wrap,,,,
77042,78366,same-sheet,9.0,12.4,same-wrap,,,,
77042,78643,same-sheet,8.4,10.5,same-wrap,,,,
77042,82849,same-sheet,9.2,22.3,same-wrap,,,,
77089,78155,same-sheet,8.2,8.2,same-wrap,,,,
77089,80880,untestable,9.4,17.2,same-wrap,,,,
77089,83548,untestable,13.4,13.4,same-wrap,,,,
77089,77297,same-sheet,9.5,13.2,same-wrap,,,,
77089,77859,untestable,9.2,11.9,same-wrap,,,,
77112,78235,untestable,8.5,8.5,same-wrap,,,,
77112,78543,same-sheet,8.4,11.6,same-wrap,,,,
77112,79604,ambiguous,10.9,27.4,same-wrap,,,,
77112,84567,same-sheet,10.0,19.8,same-wrap,,,,
77121,77361,same-sheet,10.6,23.0,unresolved,,,,
77121,77582,same-sheet,9.1,21.8,unresolved,,,,
77121,78096,same-sheet,10.2,22.7,unresolved,,,,
77121,78248,same-sheet,11.4,23.9,unresolved,,,,
77121,78708,same-sheet,9.8,17.6,unresolved,,,,
77133,78124,same-sheet,12.4,36.3,same-wrap,,,,
77133,78378,same-sheet,10.0,17.8,same-wrap,,,,
77133,80017,same-sheet,10.8,26.6,same-wrap,,,,
77133,73279,same-sheet,10.0,12.1,same-wrap,,,,
77140,77207,same-sheet,9.8,13.3,same-wrap,,,,
77140,77647,same-sheet,10.3,18.3,same-wrap,,,,
77140,78311,same-sheet,10.4,19.6,same-wrap,,,,
77207,77604,untestable,12.7,13.2,same-wrap,,,,
77260,38703,same-sheet,39.1,63.9,unresolved,,,,
77260,44616,ambiguous,131.8,410.5,adjacent,,,,
77260,77666,same-sheet,9.8,65.1,same-wrap,,,,
77264,78769,same-sheet,9.6,26.7,unresolved,,,,
77264,77385,same-sheet,11.6,47.5,unresolved,,,,
77296,83548,same-sheet,12.7,12.7,same-wrap,,,,
77296,87886,ambiguous,15.7,45.2,same-wrap,,,,
77316,77514,same-sheet,11.3,35.5,same-wrap,,,,
77316,77709,same-sheet,9.5,26.9,same-wrap,,,,
77316,77811,same-sheet,9.6,17.6,same-wrap,,,,
77316,77883,same-sheet,8.8,12.0,same-wrap,,,,
77316,77889,same-sheet,8.5,8.5,same-wrap,,,,
77341,77990,same-sheet,14.9,14.9,same-wrap,,,,
77361,77582,same-sheet,9.8,16.9,unresolved,,,,
77361,78096,same-sheet,10.1,17.3,unresolved,,,,
77361,78248,same-sheet,8.9,10.2,unresolved,,,,
77361,78708,same-sheet,9.5,10.4,unresolved,,,,
77488,78001,same-sheet,9.1,10.4,same-wrap,,,,
77488,79867,switch,24.9,63.6,same-wrap,,,,
77488,81477,same-sheet,8.5,9.0,same-wrap,,,,
77514,77709,same-sheet,10.1,16.2,same-wrap,,,,
77514,77781,same-sheet,11.7,60.1,same-wrap,,,,
77514,77811,same-sheet,9.2,13.2,same-wrap,,,,
77514,77883,same-sheet,10.8,17.7,same-wrap,,,,
77514,74252,ambiguous,23.2,49.0,same-wrap,,,,
77559,84945,same-sheet,10.6,11.5,unresolved,,,,
77559,74149,same-sheet,12.3,22.5,same-wrap,,,,
77582,78096,same-sheet,10.9,33.0,unresolved,,,,
77582,78248,same-sheet,8.7,12.7,unresolved,,,,
77582,78708,same-sheet,9.4,18.0,unresolved,,,,
77582,79157,same-sheet,9.3,12.0,unresolved,,,,
77582,85477,same-sheet,8.5,10.5,unresolved,,,,
77582,76156,same-sheet,8.9,9.5,unresolved,,,,
77585,79508,same-sheet,8.9,13.5,same-wrap,,,,
77585,80337,untestable,8.7,12.2,same-wrap,,,,
77600,79297,same-sheet,10.7,25.7,same-wrap,,,,
77600,79436,same-sheet,11.8,32.1,same-wrap,,,,
77604,77722,same-sheet,10.7,21.8,same-wrap,,,,
77604,78311,same-sheet,10.0,10.0,same-wrap,,,,
77643,79553,same-sheet,10.2,25.6,same-wrap,,,,
77643,81220,same-sheet,9.9,13.6,same-wrap,,,,
77647,77994,same-sheet,9.6,25.3,same-wrap,,,,
77647,78311,same-sheet,10.8,23.0,same-wrap,,,,
77647,81220,same-sheet,10.3,23.4,same-wrap,,,,
77709,77781,same-sheet,9.6,54.6,same-wrap,,,,
77709,77811,same-sheet,10.5,16.4,same-wrap,,,,
77709,77968,same-sheet,8.1,8.8,same-wrap,,,,
77709,81953,same-sheet,13.7,14.4,same-wrap,,,,
77709,73540,same-sheet,10.5,26.4,same-wrap,,,,
77709,74252,same-sheet,12.9,52.3,same-wrap,,,,
77709,77982,same-sheet,8.9,11.4,same-wrap,,,,
77722,78311,same-sheet,8.4,9.0,same-wrap,,,,
77729,77813,same-sheet,9.0,11.9,same-wrap,,,,
77729,78124,same-sheet,9.5,19.7,same-wrap,,,,
77729,78366,same-sheet,10.3,23.2,same-wrap,,,,
77729,78643,same-sheet,10.6,32.5,same-wrap,,,,
77729,80017,same-sheet,10.4,12.6,same-wrap,,,,
77781,77811,same-sheet,16.2,76.1,same-wrap,,,,
77781,77968,same-sheet,8.8,11.1,same-wrap,,,,
77781,78107,untestable,10.4,10.4,same-wrap,,,,
77781,78848,same-sheet,9.1,10.1,same-wrap,,,,
77781,77982,same-sheet,8.5,10.4,same-wrap,,,,
77811,77883,same-sheet,11.4,39.6,same-wrap,,,,
77811,77889,same-sheet,10.5,32.4,same-wrap,,,,
77811,77968,same-sheet,9.4,17.1,same-wrap,,,,
77813,78124,same-sheet,10.3,15.5,same-wrap,,,,
77813,78366,same-sheet,9.3,9.3,same-wrap,,,,
77813,73470,same-sheet,11.6,23.8,same-wrap,,,,
77813,73540,same-sheet,13.2,47.7,same-wrap,,,,
77813,74252,same-sheet,11.6,37.4,same-wrap,,,,
77813,75260,same-sheet,9.0,17.9,same-wrap,,,,
77845,69004,same-sheet,12.9,44.6,same-wrap,,,,
77845,69460,ambiguous,35.5,82.7,same-wrap,15.8,66.2,0.01,
77845,73849,same-sheet,12.4,31.3,same-wrap,,,,
77883,77889,same-sheet,9.7,23.9,same-wrap,,,,
77883,78040,same-sheet,10.2,10.2,same-wrap,,,,
77883,78506,same-sheet,10.5,36.2,same-wrap,,,,
77883,78703,same-sheet,8.6,8.6,same-wrap,,,,
77883,79436,same-sheet,9.2,21.0,same-wrap,,,,
77889,77968,same-sheet,9.7,24.2,same-wrap,,,,
77889,78040,same-sheet,9.6,12.5,same-wrap,,,,
77889,78199,same-sheet,10.7,41.4,same-wrap,,,,
77889,84528,same-sheet,8.4,9.2,same-wrap,,,,
77909,83982,same-sheet,10.9,19.5,same-wrap,,,,
77909,98367,same-sheet,15.6,42.5,same-wrap,,,,
77909,82400,same-sheet,10.1,20.1,same-wrap,,,,
77962,78130,ambiguous,12.7,30.2,same-wrap,,,,
77962,78145,untestable,10.6,14.4,same-wrap,,,,
77962,78222,same-sheet,9.0,34.1,same-wrap,,,,
77962,79253,untestable,9.8,9.8,same-wrap,,,,
77962,79867,same-sheet,8.6,9.4,same-wrap,,,,
77962,80405,same-sheet,9.0,11.9,same-wrap,,,,
77962,77859,same-sheet,14.0,65.1,same-wrap,,,,
77962,79397,switch,12.9,15.3,same-wrap,,,,
77968,78107,untestable,9.8,18.5,same-wrap,,,,
77968,78848,same-sheet,10.7,36.2,same-wrap,,,,
77968,84528,same-sheet,11.1,41.5,same-wrap,,,,
77968,77982,untestable,9.8,17.1,same-wrap,,,,
77990,96875,same-sheet,8.8,8.8,same-wrap,,,,
77994,78311,same-sheet,12.0,37.5,same-wrap,,,,
77994,81220,same-sheet,9.6,19.9,same-wrap,,,,
78001,81477,untestable,8.2,8.2,same-wrap,,,,
78001,85786,same-sheet,21.9,51.6,adjacent,,,,
78040,78044,same-sheet,8.4,10.8,same-wrap,,,,
78040,78061,same-sheet,8.7,10.3,same-wrap,,,,
78040,78199,same-sheet,9.7,13.5,same-wrap,,,,
78040,78506,same-sheet,9.5,9.5,same-wrap,,,,
78040,78703,same-sheet,9.1,12.0,same-wrap,,,,
78040,85186,same-sheet,9.6,13.8,same-wrap,,,,
78040,81676,same-sheet,8.4,9.3,same-wrap,,,,
78044,80708,same-sheet,9.4,36.5,same-wrap,,,,
78044,81582,same-sheet,9.1,18.3,same-wrap,,,,
78044,85186,same-sheet,8.5,18.1,same-wrap,,,,
78044,81676,same-sheet,9.9,17.6,same-wrap,,,,
78061,78703,same-sheet,10.3,57.4,same-wrap,,,,
78061,79146,same-sheet,8.5,9.3,same-wrap,,,,
78061,84366,untestable,12.4,36.8,same-wrap,,,,
78061,85186,same-sheet,10.1,23.9,same-wrap,,,,
78061,78206,same-sheet,10.8,32.6,same-wrap,,,,
78061,78283,untestable,8.9,9.1,same-wrap,,,,
78061,82048,same-sheet,10.2,24.2,same-wrap,,,,
78096,78248,same-sheet,9.5,18.2,unresolved,,,,
78096,78294,same-sheet,11.3,23.2,unresolved,,,,
78096,78708,same-sheet,8.1,13.8,unresolved,,,,
78096,79157,same-sheet,8.9,14.1,unresolved,,,,
78107,78848,same-sheet,9.4,29.7,same-wrap,,,,
78107,77982,untestable,11.4,39.2,same-wrap,,,,
78124,78366,same-sheet,11.3,21.3,same-wrap,,,,
78124,78378,same-sheet,8.9,10.1,same-wrap,,,,
78124,78643,same-sheet,8.8,17.2,same-wrap,,,,
78124,80017,same-sheet,9.5,18.2,same-wrap,,,,
78130,80405,same-sheet,9.5,10.6,same-wrap,,,,
78130,77859,same-sheet,12.1,84.3,same-wrap,64.1,15.5,0.49,
78145,78222,same-sheet,8.8,15.0,same-wrap,,,,
78145,79867,same-sheet,8.8,10.4,same-wrap,,,,
78145,95079,untestable,9.7,9.7,same-wrap,,,,
78155,79867,same-sheet,8.3,8.3,same-wrap,,,,
78159,87215,ambiguous,30.5,106.3,adjacent,,,,
78199,79473,same-sheet,8.2,9.9,same-wrap,,,,
78199,81676,same-sheet,9.4,10.0,same-wrap,,,,
78222,79253,same-sheet,14.2,102.8,same-wrap,12.9,13.4,0.42,
78222,80741,same-sheet,21.7,148.6,same-wrap,10.2,14.6,0.41,
78222,98191,untestable,40.1,898.3,same-wrap,99.1,49.1,3.04,
78222,79397,same-sheet,10.7,45.2,same-wrap,,,,
78235,78543,same-sheet,9.1,21.1,same-wrap,,,,
78235,78622,untestable,8.3,11.2,same-wrap,,,,
78235,78758,same-sheet,10.3,22.2,same-wrap,,,,
78235,84567,same-sheet,8.6,11.2,same-wrap,,,,
78247,78622,same-sheet,11.2,31.4,same-wrap,,,,
78247,78758,same-sheet,9.7,15.7,same-wrap,,,,
78248,78294,same-sheet,10.8,39.2,unresolved,,,,
78248,78488,same-sheet,10.6,30.5,unresolved,,,,
78248,78708,untestable,9.3,10.1,unresolved,,,,
78248,79411,same-sheet,8.7,13.0,unresolved,,,,
78248,80027,same-sheet,9.2,12.0,unresolved,,,,
78248,81465,untestable,8.8,9.0,unresolved,,,,
78248,82730,same-sheet,11.8,40.5,unresolved,,,,
78294,78345,same-sheet,10.1,17.0,unresolved,,,,
78294,78488,same-sheet,9.2,19.0,unresolved,,,,
78294,78733,same-sheet,8.7,9.6,unresolved,,,,
78294,79411,untestable,8.1,10.1,unresolved,,,,
78294,79577,untestable,11.0,16.1,unresolved,,,,
78294,82730,same-sheet,10.3,26.3,unresolved,,,,
78294,84268,same-sheet,9.7,53.6,unresolved,,,,
78311,81220,same-sheet,12.2,32.4,same-wrap,,,,
78345,78488,untestable,9.8,12.1,unresolved,,,,
78345,78733,untestable,10.0,10.4,same-wrap,,,,
78345,78982,untestable,8.3,8.3,same-wrap,,,,
78361,78527,untestable,10.2,18.6,same-wrap,,,,
78361,78929,untestable,9.9,27.0,same-wrap,,,,
78361,80975,same-sheet,8.8,16.0,same-wrap,,,,
78361,78283,same-sheet,13.7,29.4,same-wrap,,,,
78366,78643,same-sheet,8.4,9.9,same-wrap,,,,
78366,82849,same-sheet,10.9,15.5,same-wrap,,,,
78378,80017,same-sheet,9.5,20.1,same-wrap,,,,
78378,78776,same-sheet,8.7,18.2,same-wrap,,,,
78488,78733,same-sheet,10.1,24.4,unresolved,,,,
78488,79131,same-sheet,10.4,24.9,unresolved,,,,
78488,79289,ambiguous,9.2,14.0,unresolved,,,,
78488,80052,same-sheet,10.4,24.0,unresolved,,,,
78488,80062,same-sheet,9.8,20.9,unresolved,,,,
78488,80065,same-sheet,8.6,11.3,unresolved,,,,
78488,82730,same-sheet,13.4,32.4,same-wrap,,,,
78506,78703,same-sheet,9.4,16.3,same-wrap,,,,
78506,79210,same-sheet,9.9,23.8,same-wrap,,,,
78506,79297,same-sheet,10.9,26.0,same-wrap,,,,
78506,79436,same-sheet,9.4,14.2,same-wrap,,,,
78506,79985,same-sheet,9.0,20.4,same-wrap,,,,
78527,78929,untestable,10.9,24.9,same-wrap,,,,
78527,79146,same-sheet,8.5,10.6,same-wrap,,,,
78527,80975,untestable,12.0,17.7,same-wrap,,,,
78527,84366,untestable,10.7,30.1,same-wrap,,,,
78527,78206,untestable,11.7,22.5,same-wrap,,,,
78527,78283,same-sheet,10.5,28.1,same-wrap,,,,
78527,83437,same-sheet,12.3,19.6,same-wrap,,,,
78543,78758,same-sheet,9.3,14.4,same-wrap,,,,
78543,78912,same-sheet,9.8,24.6,same-wrap,,,,
78543,79604,switch,22.0,22.0,same-wrap,,,,
78543,80828,same-sheet,8.9,10.2,same-wrap,,,,
78543,83444,same-sheet,11.0,28.6,same-wrap,,,,
78543,83701,same-sheet,12.2,26.4,same-wrap,,,,
78543,84567,same-sheet,9.2,18.2,same-wrap,,,,
78543,88262,same-sheet,10.7,17.8,same-wrap,,,,
78600,79104,same-sheet,10.4,22.7,same-wrap,,,,
78600,80234,same-sheet,10.6,14.6,same-wrap,,,,
78600,80868,same-sheet,8.5,8.7,same-wrap,,,,
78600,84708,same-sheet,13.4,35.3,same-wrap,,,,
78600,75307,same-sheet,12.0,21.1,same-wrap,,,,
78622,78758,same-sheet,9.6,32.6,same-wrap,,,,
78643,80017,same-sheet,9.1,13.8,same-wrap,,,,
78643,80309,same-sheet,9.2,9.9,same-wrap,,,,
78643,82584,same-sheet,9.3,10.5,same-wrap,,,,
78643,82849,untestable,8.4,8.4,same-wrap,,,,
78703,79210,untestable,9.6,18.1,same-wrap,,,,
78703,79985,same-sheet,11.1,23.5,same-wrap,,,,
78703,84366,untestable,12.3,41.1,same-wrap,,,,
78708,81465,same-sheet,10.8,19.8,unresolved,,,,
78733,78982,untestable,10.3,18.8,unresolved,,,,
78733,79131,same-sheet,10.1,23.1,unresolved,,,,
78733,79289,same-sheet,10.6,26.2,unresolved,,,,
78733,80065,same-sheet,11.7,27.0,unresolved,,,,
78733,79701,same-sheet,10.5,19.2,unresolved,,,,
78743,80066,same-sheet,9.1,10.3,same-wrap,,,,
78743,82464,same-sheet,8.5,9.9,same-wrap,,,,
78758,81791,same-sheet,8.5,10.2,same-wrap,,,,
78758,82485,untestable,9.7,11.0,same-wrap,,,,
78758,83701,same-sheet,8.3,8.3,same-wrap,,,,
78758,84208,same-sheet,8.9,12.9,same-wrap,,,,
78758,84257,same-sheet,9.5,16.9,same-wrap,,,,
78769,79157,untestable,8.6,12.7,unresolved,,,,
78769,79411,untestable,8.6,8.9,unresolved,,,,
78769,79577,same-sheet,9.4,14.5,unresolved,,,,
78769,84268,same-sheet,9.9,20.2,unresolved,,,,
78769,77385,same-sheet,10.7,21.5,unresolved,,,,
78770,81953,same-sheet,11.3,23.6,same-wrap,,,,
78770,73540,switch,11.6,16.4,same-wrap,,,,
78770,77982,same-sheet,11.4,23.3,same-wrap,,,,
78848,79473,same-sheet,24.5,73.0,same-wrap,,,,
78848,84528,same-sheet,10.0,19.2,same-wrap,,,,
78912,80828,same-sheet,12.0,20.0,same-wrap,,,,
78912,81368,same-sheet,8.9,13.7,same-wrap,,,,
78912,83444,same-sheet,9.7,13.1,same-wrap,,,,
78912,84655,same-sheet,9.4,9.4,same-wrap,,,,
78929,80965,untestable,15.1,26.1,same-wrap,,,,
78929,80975,untestable,9.9,34.1,same-wrap,,,,
78929,82499,untestable,16.4,38.6,same-wrap,,,,
78982,79289,untestable,12.0,13.3,unresolved,,,,
78982,79701,untestable,8.8,9.8,unresolved,,,,
79104,79604,same-sheet,9.6,11.1,same-wrap,,,,
79104,80234,same-sheet,10.1,30.0,same-wrap,,,,
79104,80868,same-sheet,8.4,9.8,same-wrap,,,,
79131,79289,same-sheet,9.1,20.0,unresolved,,,,
79131,80052,same-sheet,10.2,26.3,unresolved,,,,
79131,80062,same-sheet,10.2,24.1,unresolved,,,,
79131,80065,same-sheet,9.5,34.0,unresolved,,,,
79146,78206,same-sheet,8.3,9.9,same-wrap,,,,
79146,78283,same-sheet,11.3,20.2,same-wrap,,,,
79146,82048,same-sheet,9.7,25.9,same-wrap,,,,
79146,82480,ambiguous,15.5,42.6,same-wrap,,,,
79146,83437,same-sheet,9.6,31.3,same-wrap,,,,
79157,84268,untestable,8.7,10.6,unresolved,,,,
79157,85477,untestable,8.8,11.3,unresolved,,,,
79210,79297,same-sheet,9.4,17.2,same-wrap,,,,
79210,79436,same-sheet,14.1,29.0,same-wrap,,,,
79210,79985,same-sheet,9.9,19.0,same-wrap,,,,
79253,80405,same-sheet,9.7,10.4,same-wrap,,,,
79253,80741,untestable,13.0,39.7,same-wrap,,,,
79253,79397,same-sheet,11.9,25.5,same-wrap,,,,
79289,80065,same-sheet,9.0,15.5,unresolved,,,,
79289,80916,same-sheet,10.5,27.6,unresolved,,,,
79289,81219,untestable,9.8,12.1,unresolved,,,,
79289,81533,same-sheet,9.7,14.0,unresolved,,,,
79289,82552,same-sheet,9.9,31.7,unresolved,,,,
79289,79701,same-sheet,10.6,27.8,unresolved,,,,
79297,79436,same-sheet,10.3,21.8,same-wrap,,,,
79297,79985,same-sheet,10.1,19.3,same-wrap,,,,
79411,84268,untestable,8.1,8.1,unresolved,,,,
79473,82603,same-sheet,9.9,23.8,same-wrap,,,,
79473,82826,switch,8.8,9.5,same-wrap,,,,
79473,84528,same-sheet,8.8,14.4,same-wrap,,,,
79473,80530,same-sheet,9.3,16.0,same-wrap,,,,
79473,81676,switch,34.1,58.8,same-wrap,,,,
79577,84268,same-sheet,8.0,8.0,unresolved,,,,
79604,80234,ambiguous,11.6,19.6,same-wrap,,,,
79604,84567,ambiguous,11.9,25.4,same-wrap,,,,
79633,80911,same-sheet,9.6,19.6,same-wrap,,,,
79633,84830,same-sheet,8.1,8.4,same-wrap,,,,
79839,89502,same-sheet,84.0,257.0,adjacent,,,,
79839,91122,same-sheet,136.1,471.2,adjacent,,,,
79839,91776,same-sheet,191.2,473.3,adjacent,,,,
79839,78953,ambiguous,53.7,116.6,same-wrap,45.5,30.7,51.25,
79839,82589,same-sheet,12.0,24.0,same-wrap,,,,
79850,81276,untestable,10.1,21.1,same-wrap,,,,
79850,84702,same-sheet,10.4,31.7,same-wrap,,,,
79886,81753,untestable,8.5,9.3,same-wrap,,,,
79886,82485,same-sheet,9.1,13.9,same-wrap,,,,
79886,84257,same-sheet,13.5,37.7,same-wrap,,,,
79908,90922,same-sheet,144.3,631.4,unresolved,,,,
79908,72456,same-sheet,20.9,179.9,same-wrap,136.4,34.3,1.55,
79908,74458,same-sheet,11.5,41.7,same-wrap,,,,
79972,80759,switch,201.4,796.0,unresolved,,,,
79972,75094,same-sheet,10.7,42.4,same-wrap,,,,
79972,75380,same-sheet,12.1,208.5,same-wrap,44.8,11.1,0.67,
80017,80024,same-sheet,9.5,21.0,same-wrap,,,,
80017,80188,same-sheet,10.1,16.3,same-wrap,,,,
80017,80309,same-sheet,10.3,29.8,same-wrap,,,,
80017,78776,same-sheet,10.4,18.1,same-wrap,,,,
80024,80188,same-sheet,8.1,8.7,same-wrap,,,,
80024,80309,same-sheet,20.7,28.0,same-wrap,,,,
80027,82730,same-sheet,11.0,38.7,unresolved,,,,
80027,85667,untestable,8.1,8.1,unresolved,,,,
80052,80062,same-sheet,11.5,25.9,unresolved,,,,
80052,80065,same-sheet,10.1,22.4,unresolved,,,,
80052,86548,same-sheet,9.3,11.6,unresolved,,,,
80062,80065,same-sheet,10.7,12.7,unresolved,,,,
80062,86548,same-sheet,9.9,20.6,unresolved,,,,
80065,80916,same-sheet,9.4,14.8,unresolved,,,,
80065,81533,same-sheet,10.5,28.0,unresolved,,,,
80065,82552,same-sheet,9.7,19.3,unresolved,,,,
80066,82464,same-sheet,10.1,26.4,same-wrap,,,,
80066,83529,same-sheet,10.4,17.3,same-wrap,,,,
80066,88663,same-sheet,10.2,12.0,same-wrap,,,,
80066,104677,same-sheet,51.9,97.9,adjacent,,,,
80066,83338,same-sheet,10.2,22.0,same-wrap,,,,
80170,75094,same-sheet,12.7,26.6,same-wrap,,,,
80188,80645,same-sheet,11.2,19.1,same-wrap,,,,
80188,81791,same-sheet,9.9,21.5,same-wrap,,,,
80188,84208,same-sheet,10.2,23.2,same-wrap,,,,
80188,78776,same-sheet,9.6,15.1,same-wrap,,,,
80188,81550,same-sheet,9.1,10.0,same-wrap,,,,
80210,87215,same-sheet,50.7,83.7,same-wrap,38.0,19.5,53.68,70.0
80210,76661,same-sheet,62.5,88.8,adjacent,,,,
80210,77846,untestable,85.5,105.5,adjacent,,,,
80234,80237,same-sheet,10.0,12.3,same-wrap,,,,
80234,84567,same-sheet,9.5,14.2,same-wrap,,,,
80234,88262,same-sheet,13.4,27.4,same-wrap,,,,
80234,88263,ambiguous,20.7,69.8,same-wrap,,,,
80237,82623,same-sheet,9.3,15.8,same-wrap,,,,
80237,85552,same-sheet,8.0,8.0,same-wrap,,,,
80237,86475,same-sheet,10.1,18.7,same-wrap,,,,
80309,82155,same-sheet,8.2,8.2,same-wrap,,,,
80309,82294,untestable,9.6,10.2,same-wrap,,,,
80405,85552,ambiguous,84.9,139.9,same-wrap,17.5,130.5,0.02,
80405,86789,switch,129.3,219.2,same-wrap,38.0,103.2,55.36,200.0
80405,79397,ambiguous,9.4,17.8,same-wrap,,,,
80645,81791,untestable,9.1,14.1,same-wrap,,,,
80645,78776,same-sheet,14.8,56.1,same-wrap,,,,
80645,81550,same-sheet,9.6,9.6,same-wrap,,,,
80708,81582,same-sheet,8.1,9.6,same-wrap,,,,
80708,81632,untestable,8.0,8.0,same-wrap,,,,
80708,82603,same-sheet,9.4,16.4,same-wrap,,,,
80708,85186,same-sheet,10.3,22.8,same-wrap,,,,
80708,81676,same-sheet,13.6,25.0,same-wrap,,,,
80741,79397,same-sheet,9.6,34.7,same-wrap,,,,
80759,82269,same-sheet,8.4,8.6,unresolved,,,,
80759,61803,ambiguous,26.4,78.8,same-wrap,,,,
80828,81368,same-sheet,9.5,18.1,same-wrap,,,,
80828,83444,untestable,8.4,8.4,same-wrap,,,,
80868,82623,ambiguous,16.1,50.2,same-wrap,,,,
80868,84708,same-sheet,9.3,14.9,same-wrap,,,,
80868,85552,same-sheet,9.9,19.8,same-wrap,,,,
80868,86475,same-sheet,8.8,8.8,same-wrap,,,,
80881,81465,same-sheet,9.4,14.8,unresolved,,,,
80881,82112,untestable,10.0,18.0,unresolved,,,,
80881,85667,untestable,8.3,10.3,unresolved,,,,
80904,81821,untestable,9.5,9.7,unresolved,,,,
80904,81951,untestable,8.6,8.6,unresolved,,,,
80904,82261,untestable,10.0,10.0,unresolved,,,,
80904,83838,untestable,9.3,9.3,same-wrap,,,,
80904,84360,untestable,8.1,8.1,same-wrap,,,,
80911,83907,same-sheet,9.5,19.0,same-wrap,,,,
80911,83997,same-sheet,10.3,30.5,same-wrap,,,,
80911,84164,same-sheet,8.4,8.5,unresolved,,,,
80911,84830,same-sheet,13.2,19.2,same-wrap,,,,
80911,90922,same-sheet,11.0,14.6,unresolved,,,,
80911,86208,same-sheet,10.1,21.4,same-wrap,,,,
80916,81533,same-sheet,11.2,59.7,unresolved,,,,
80916,82552,same-sheet,11.0,37.1,unresolved,,,,
80916,83842,same-sheet,10.1,19.0,unresolved,,,,
80916,88750,same-sheet,11.7,24.8,unresolved,,,,
80922,81348,untestable,8.9,8.9,same-wrap,,,,
80922,81727,untestable,7.9,7.9,same-wrap,,,,
80965,82597,same-sheet,13.1,26.9,same-wrap,,,,
80965,82499,same-sheet,9.8,19.2,same-wrap,,,,
80965,83428,untestable,8.1,8.1,same-wrap,,,,
80975,82480,same-sheet,21.2,23.5,same-wrap,,,,
80975,87422,ambiguous,111.9,387.6,adjacent,,,,
80975,87708,ambiguous,114.7,381.6,adjacent,,,,
81002,82623,same-sheet,9.0,9.5,same-wrap,,,,
81002,85552,ambiguous,10.7,20.8,same-wrap,,,,
81002,79397,untestable,8.7,10.0,same-wrap,,,,
81002,83967,same-sheet,10.6,26.6,same-wrap,,,,
81002,84224,untestable,13.2,31.2,same-wrap,,,,
81039,82826,same-sheet,9.2,17.4,same-wrap,,,,
81039,80530,same-sheet,9.6,92.7,same-wrap,13.6,74.4,57.69,190.0
81212,84275,same-sheet,9.2,12.6,same-wrap,,,,
81212,87552,same-sheet,8.5,14.7,same-wrap,,,,
81219,82552,same-sheet,10.5,30.4,unresolved,,,,
81219,83275,untestable,9.5,20.1,unresolved,,,,
81219,83842,untestable,10.7,13.7,unresolved,,,,
81219,79701,untestable,14.3,23.6,unresolved,,,,
81276,84702,same-sheet,9.0,10.5,same-wrap,,,,
81315,82155,same-sheet,8.6,9.9,same-wrap,,,,
81315,82294,untestable,9.3,9.3,same-wrap,,,,
81315,82584,untestable,8.6,8.6,same-wrap,,,,
81315,83379,same-sheet,12.6,21.4,same-wrap,,,,
81348,81727,untestable,8.9,12.7,same-wrap,,,,
81348,81842,untestable,7.9,7.9,same-wrap,,,,
81368,82537,same-sheet,9.8,26.6,same-wrap,,,,
81368,84655,same-sheet,10.6,19.9,same-wrap,,,,
81368,87225,same-sheet,10.6,12.4,same-wrap,,,,
81368,82724,same-sheet,8.5,15.7,same-wrap,,,,
81465,82112,same-sheet,11.3,32.8,unresolved,,,,
81465,85667,same-sheet,8.8,14.0,unresolved,,,,
81477,84453,same-sheet,10.8,19.1,same-wrap,,,,
81477,85786,ambiguous,17.7,57.4,same-wrap,,,,
81477,95079,same-sheet,11.8,21.4,same-wrap,,,,
81533,82552,same-sheet,15.1,75.7,unresolved,,,,
81533,83842,same-sheet,14.6,47.6,unresolved,,,,
81533,88750,same-sheet,12.0,33.2,unresolved,,,,
81533,88896,same-sheet,11.4,34.2,unresolved,,,,
81533,88968,same-sheet,10.7,34.3,unresolved,,,,
81577,82155,untestable,7.9,7.9,same-wrap,,,,
81577,82294,same-sheet,9.0,19.1,same-wrap,,,,
81577,82584,same-sheet,9.8,27.4,same-wrap,,,,
81577,84117,untestable,10.5,30.6,same-wrap,,,,
81582,81632,same-sheet,9.5,14.0,same-wrap,,,,
81582,82603,same-sheet,10.3,18.9,same-wrap,,,,
81582,82826,same-sheet,8.7,13.9,same-wrap,,,,
81582,85182,same-sheet,9.9,15.5,same-wrap,,,,
81582,85186,same-sheet,10.0,15.5,same-wrap,,,,
81582,81676,untestable,8.0,8.0,same-wrap,,,,
81582,82673,same-sheet,9.6,9.7,same-wrap,,,,
81632,82603,same-sheet,10.5,16.2,same-wrap,,,,
81632,82826,same-sheet,9.2,13.1,same-wrap,,,,
81632,85182,same-sheet,10.1,34.3,same-wrap,,,,
81632,85186,same-sheet,11.2,13.4,same-wrap,,,,
81632,82004,same-sheet,9.9,17.6,same-wrap,,,,
81632,82673,same-sheet,10.1,35.7,same-wrap,,,,
81694,81731,same-sheet,9.3,43.4,same-wrap,,,,
81694,81842,untestable,8.0,8.3,same-wrap,,,,
81694,88339,untestable,15.1,15.4,unresolved,,,,
81694,88475,untestable,15.5,18.4,same-wrap,,,,
81724,82283,same-sheet,9.5,10.2,same-wrap,,,,
81727,81842,untestable,8.5,8.5,same-wrap,,,,
81731,81842,same-sheet,9.4,18.2,same-wrap,,,,
81731,83629,untestable,34.7,64.9,adjacent,,,,
81731,84454,untestable,33.5,53.3,adjacent,,,,
81731,88339,untestable,28.1,68.9,adjacent,,,,
81731,88475,untestable,22.7,58.1,adjacent,,,,
81747,82515,untestable,18.9,31.8,unresolved,,,,
81747,82608,untestable,13.6,26.2,same-wrap,,,,
81747,83629,untestable,17.6,30.4,unresolved,,,,
81753,82485,same-sheet,8.5,13.0,same-wrap,,,,
81791,83104,switch,92.4,109.4,same-wrap,117.0,1.8,0.56,
81791,83701,same-sheet,8.7,13.3,same-wrap,,,,
81791,84208,same-sheet,12.6,30.1,same-wrap,,,,
81791,81550,same-sheet,8.9,65.6,same-wrap,,,,
81821,81951,same-sheet,8.5,10.3,unresolved,,,,
81821,82261,same-sheet,8.2,9.6,same-wrap,,,,
81821,82279,untestable,10.0,10.0,same-wrap,,,,
81821,83838,untestable,8.9,10.0,same-wrap,,,,
81821,84360,untestable,8.8,8.8,same-wrap,,,,
81821,84466,same-sheet,9.9,9.9,unresolved,,,,
81951,82261,same-sheet,8.8,11.2,same-wrap,,,,
81951,82279,same-sheet,10.7,15.5,same-wrap,,,,
81951,84360,untestable,8.7,9.1,same-wrap,,,,
81951,84466,untestable,9.8,9.8,unresolved,,,,
81953,73470,ambiguous,13.0,57.5,same-wrap,,,,
81953,73540,ambiguous,10.6,22.7,same-wrap,,,,
81953,77982,untestable,12.3,19.3,same-wrap,,,,
82112,85667,same-sheet,8.6,10.6,unresolved,,,,
82155,82294,same-sheet,8.8,11.0,same-wrap,,,,
82155,82584,same-sheet,9.9,13.9,same-wrap,,,,
82183,82186,same-sheet,9.6,19.2,same-wrap,,,,
82183,83265,same-sheet,10.2,27.8,same-wrap,,,,
82183,85182,same-sheet,9.0,9.7,same-wrap,,,,
82183,85846,untestable,9.2,9.6,same-wrap,,,,
82183,82004,same-sheet,8.5,11.0,same-wrap,,,,
82183,82673,same-sheet,12.9,41.8,same-wrap,,,,
82186,83265,same-sheet,10.0,23.3,same-wrap,,,,
82186,85182,same-sheet,9.3,15.0,same-wrap,,,,
82186,85846,same-sheet,10.6,14.6,same-wrap,,,,
82186,86090,same-sheet,10.4,20.5,same-wrap,,,,
82186,86648,same-sheet,10.5,37.5,same-wrap,,,,
82186,82004,untestable,10.9,12.0,same-wrap,,,,
82186,82232,untestable,10.3,31.7,same-wrap,,,,
82261,82279,same-sheet,8.1,9.7,same-wrap,,,,
82269,61803,same-sheet,13.9,17.8,unresolved,,,,
82283,58586,ambiguous,161.0,403.9,adjacent,,,,
82294,82584,same-sheet,8.9,18.4,same-wrap,,,,
82294,84194,untestable,8.8,10.4,same-wrap,,,,
82294,84117,same-sheet,11.7,22.7,same-wrap,,,,
82314,87793,same-sheet,20.6,54.7,same-wrap,,,,
82314,90136,same-sheet,8.7,15.1,same-wrap,,,,
82464,88663,untestable,8.3,8.9,same-wrap,,,,
82464,91776,same-sheet,9.8,31.7,same-wrap,,,,
82485,84257,same-sheet,11.7,23.9,same-wrap,,,,
82506,83529,ambiguous,153.4,788.9,adjacent,,,,
82506,87501,same-sheet,13.9,17.1,same-wrap,,,,
82506,76661,ambiguous,12.3,66.1,same-wrap,,,,
82515,82608,untestable,16.5,29.6,unresolved,,,,
82515,83629,untestable,11.3,17.3,same-wrap,,,,
82537,82731,ambiguous,9.1,12.0,same-wrap,,,,
82537,83104,same-sheet,9.2,10.9,same-wrap,,,,
82537,87225,untestable,8.2,8.2,same-wrap,,,,
82537,82724,same-sheet,15.2,28.1,same-wrap,,,,
82552,83275,untestable,9.2,15.3,unresolved,,,,
82552,83842,same-sheet,10.3,28.4,unresolved,,,,
82552,88968,untestable,9.3,9.3,unresolved,,,,
82584,83055,same-sheet,9.3,28.1,same-wrap,,,,
82584,83378,same-sheet,8.7,11.9,same-wrap,,,,
82584,83379,same-sheet,10.6,36.1,same-wrap,,,,
82584,84117,untestable,8.3,13.2,same-wrap,,,,
82597,84275,same-sheet,14.2,60.9,same-wrap,,,,
82597,80166,untestable,9.5,22.8,same-wrap,,,,
82597,83428,same-sheet,10.6,13.5,same-wrap,,,,
82603,82826,same-sheet,9.2,13.9,same-wrap,,,,
82603,85186,same-sheet,8.2,9.6,same-wrap,,,,
82603,80530,same-sheet,10.7,12.4,same-wrap,,,,
82603,81676,switch,26.1,64.0,same-wrap,,,,
82608,83629,untestable,12.8,28.6,unresolved,,,,
82623,85552,ambiguous,22.5,47.1,same-wrap,,,,
82623,86189,same-sheet,17.6,38.7,same-wrap,,,,
82623,86475,same-sheet,9.5,11.3,same-wrap,,,,
82623,89030,untestable,10.7,15.8,same-wrap,,,,
82623,83967,same-sheet,13.0,32.1,same-wrap,,,,
82623,84224,same-sheet,12.6,30.0,same-wrap,,,,
82730,85667,same-sheet,10.7,20.3,unresolved,,,,
82731,83104,same-sheet,10.1,13.3,same-wrap,,,,
82731,85522,same-sheet,11.2,46.1,same-wrap,,,,
82826,85182,same-sheet,9.5,22.3,same-wrap,,,,
82826,80530,same-sheet,8.5,18.6,same-wrap,,,,
82849,83055,untestable,8.9,9.3,same-wrap,,,,
82849,96875,same-sheet,9.1,12.4,same-wrap,,,,
82879,83418,same-sheet,10.3,28.7,same-wrap,,,,
82879,84498,same-sheet,10.0,20.6,same-wrap,,,,
82879,85683,untestable,9.1,10.2,same-wrap,,,,
83055,83378,same-sheet,9.3,10.7,same-wrap,,,,
83055,83379,same-sheet,8.5,9.1,same-wrap,,,,
83055,86369,same-sheet,9.5,15.8,same-wrap,,,,
83057,83180,untestable,8.6,10.1,same-wrap,,,,
83057,83264,untestable,11.0,46.9,same-wrap,,,,
83104,85522,same-sheet,9.4,18.0,same-wrap,,,,
83104,87225,switch,137.5,137.5,unresolved,,,,
83104,81550,same-sheet,11.6,29.0,same-wrap,,,,
83104,82724,same-sheet,8.8,13.6,same-wrap,,,,
83180,83264,same-sheet,9.7,30.0,same-wrap,,,,
83180,83550,untestable,10.2,22.9,same-wrap,,,,
83180,83959,same-sheet,10.8,12.8,same-wrap,,,,
83180,84746,same-sheet,9.8,11.4,same-wrap,,,,
83180,85101,untestable,8.7,8.7,same-wrap,,,,
83264,83959,same-sheet,9.7,18.2,same-wrap,,,,
83264,85713,same-sheet,9.0,12.6,same-wrap,,,,
83264,87552,untestable,9.8,18.8,same-wrap,,,,
83264,86965,same-sheet,8.4,8.8,same-wrap,,,,
83265,85182,same-sheet,9.6,11.1,same-wrap,,,,
83265,85846,same-sheet,9.1,20.1,same-wrap,,,,
83265,82004,same-sheet,10.0,31.0,same-wrap,,,,
83265,82673,same-sheet,12.0,31.8,same-wrap,,,,
83265,87119,same-sheet,9.6,13.8,same-wrap,,,,
83275,83842,untestable,9.6,16.4,unresolved,,,,
83378,83379,same-sheet,10.1,18.1,same-wrap,,,,
83378,86369,same-sheet,9.5,17.5,same-wrap,,,,
83379,86369,same-sheet,9.8,18.9,same-wrap,,,,
83418,84498,same-sheet,9.2,16.4,same-wrap,,,,
83418,84945,same-sheet,8.5,8.8,unresolved,,,,
83418,88719,same-sheet,8.2,10.8,same-wrap,,,,
83444,83701,same-sheet,9.8,23.9,same-wrap,,,,
83444,87225,same-sheet,9.6,21.3,same-wrap,,,,
83529,83907,same-sheet,15.3,32.5,same-wrap,,,,
83529,84164,same-sheet,18.7,41.5,same-wrap,,,,
83529,87215,ambiguous,11.1,31.5,same-wrap,,,,
83529,76661,ambiguous,77.1,262.4,adjacent,,,,
83529,83338,ambiguous,31.7,72.7,same-wrap,,,,
83529,86208,same-sheet,13.9,27.9,same-wrap,,,,
83548,77297,ambiguous,56.6,89.3,same-wrap,32.6,46.7,0.46,200.0
83550,84185,untestable,9.1,15.3,same-wrap,,,,
83550,84746,untestable,9.2,12.2,same-wrap,,,,
83629,84306,same-sheet,10.0,18.2,same-wrap,,,,
83629,84454,same-sheet,10.6,25.0,same-wrap,,,,
83629,85420,same-sheet,14.1,25.7,same-wrap,,,,
83629,88339,untestable,10.8,20.7,same-wrap,,,,
83629,88475,untestable,10.8,23.3,same-wrap,,,,
83668,85959,same-sheet,10.0,12.3,same-wrap,,,,
83668,67645,same-sheet,9.7,29.8,unresolved,,,,
83668,68265,ambiguous,115.5,503.5,adjacent,,,,
83701,87225,same-sheet,9.7,15.8,same-wrap,,,,
83701,82724,same-sheet,11.2,14.3,same-wrap,,,,
83807,83838,untestable,9.3,9.3,same-wrap,,,,
83807,84259,untestable,8.6,11.9,same-wrap,,,,
83807,84315,same-sheet,10.0,16.9,same-wrap,,,,
83807,87697,untestable,12.7,28.3,same-wrap,,,,
83838,84315,same-sheet,10.2,20.7,same-wrap,,,,
83838,84360,same-sheet,8.3,9.7,same-wrap,,,,
83838,84466,untestable,68.2,4663.4,unresolved,,,,
83838,87697,untestable,8.0,8.0,same-wrap,,,,
83842,88750,same-sheet,10.1,18.2,unresolved,,,,
83842,88968,same-sheet,10.0,49.6,unresolved,,,,
83842,93773,same-sheet,10.8,23.6,unresolved,,,,
83907,83997,same-sheet,9.5,18.4,unresolved,,,,
83907,84164,same-sheet,9.9,19.3,same-wrap,,,,
83907,84830,same-sheet,16.4,21.3,same-wrap,,,,
83907,86208,same-sheet,10.2,24.0,same-wrap,,,,
83959,84119,same-sheet,12.0,13.0,same-wrap,,,,
83959,84746,same-sheet,16.3,27.1,same-wrap,,,,
83959,85101,same-sheet,22.2,26.5,same-wrap,,,,
83959,85151,untestable,14.7,21.2,same-wrap,,,,
83982,98367,same-sheet,10.0,23.3,same-wrap,,,,
83982,82400,same-sheet,11.7,36.6,same-wrap,,,,
83997,84164,same-sheet,10.3,13.9,same-wrap,,,,
83997,90922,switch,100.0,168.2,unresolved,,,,
83997,72456,same-sheet,12.9,32.3,same-wrap,,,,
84059,84119,same-sheet,10.5,19.3,same-wrap,,,,
84059,85151,same-sheet,8.8,15.7,same-wrap,,,,
84059,85713,same-sheet,9.6,12.2,same-wrap,,,,
84119,85151,same-sheet,9.0,9.0,same-wrap,,,,
84164,86208,same-sheet,11.8,27.5,same-wrap,,,,
84185,84746,same-sheet,9.9,15.1,same-wrap,,,,
84185,85101,same-sheet,9.1,20.3,same-wrap,,,,
84185,85672,untestable,9.4,12.6,unresolved,,,,
84185,88909,same-sheet,11.0,15.1,same-wrap,,,,
84194,84257,same-sheet,9.8,22.2,same-wrap,,,,
84208,84257,same-sheet,9.6,22.4,same-wrap,,,,
84259,84290,untestable,9.1,12.4,same-wrap,,,,
84259,84338,untestable,8.1,8.5,same-wrap,,,,
84259,86837,untestable,13.1,24.5,same-wrap,,,,
84275,88521,same-sheet,9.5,15.3,same-wrap,,,,
84275,80166,same-sheet,17.6,65.9,same-wrap,,,,
84275,83428,same-sheet,10.3,10.7,same-wrap,,,,
84290,84338,untestable,8.2,8.3,unresolved,,,,
84290,84524,same-sheet,11.3,17.7,unresolved,,,,
84290,86837,untestable,46.2,63.3,unresolved,,,,
84306,84454,same-sheet,11.2,17.8,same-wrap,,,,
84306,85420,same-sheet,9.9,19.6,same-wrap,,,,
84306,85836,untestable,13.1,16.6,same-wrap,,,,
84306,88339,untestable,7.9,8.5,same-wrap,,,,
84315,84338,untestable,8.2,8.2,unresolved,,,,
84315,84360,untestable,8.3,8.9,same-wrap,,,,
84315,87697,untestable,9.2,14.6,same-wrap,,,,
84338,84364,same-sheet,9.0,10.0,same-wrap,,,,
84338,84524,untestable,8.1,8.1,same-wrap,,,,
84360,84368,untestable,8.2,8.2,unresolved,,,,
84360,84466,same-sheet,8.2,9.5,same-wrap,,,,
84364,84368,untestable,8.4,8.5,same-wrap,,,,
84364,84524,untestable,8.4,10.5,same-wrap,,,,
84364,84725,untestable,8.4,12.3,same-wrap,,,,
84364,86801,untestable,8.0,8.0,same-wrap,,,,
84366,78206,untestable,9.5,18.7,same-wrap,,,,
84366,78283,untestable,8.1,8.1,unresolved,,,,
84368,84418,same-sheet,7.9,7.9,same-wrap,,,,
84368,84521,untestable,8.5,8.5,same-wrap,,,,
84418,84505,same-sheet,8.0,8.0,same-wrap,,,,
84418,84521,same-sheet,10.0,17.4,same-wrap,,,,
84453,85786,same-sheet,11.0,23.4,same-wrap,,,,
84454,85420,same-sheet,8.3,10.6,same-wrap,,,,
84454,85836,untestable,8.1,8.7,same-wrap,,,,
84454,88339,untestable,8.6,8.7,same-wrap,,,,
84454,88475,same-sheet,11.0,15.5,same-wrap,,,,
84458,84524,untestable,9.5,10.6,unresolved,,,,
84458,86837,untestable,29.0,64.2,unresolved,,,,
84466,84505,untestable,8.0,8.0,unresolved,,,,
84498,84945,same-sheet,9.6,14.3,same-wrap,,,,
84498,87798,same-sheet,11.6,12.1,unresolved,,,,
84505,85412,untestable,8.6,8.6,unresolved,,,,
84521,84623,untestable,8.1,8.7,same-wrap,,,,
84524,84725,untestable,8.6,9.9,same-wrap,,,,
84524,86837,untestable,56.3,56.3,unresolved,,,,
84567,88262,ambiguous,10.6,17.7,same-wrap,,,,
84623,84750,untestable,12.3,54.5,same-wrap,,,,
84623,89026,untestable,10.6,28.5,same-wrap,,,,
84655,88262,same-sheet,15.3,63.3,same-wrap,,,,
84655,88263,same-sheet,13.2,64.6,same-wrap,,,,
84708,85552,same-sheet,9.7,18.1,same-wrap,,,,
84725,85021,same-sheet,9.3,9.3,unresolved,,,,
84725,86198,untestable,10.0,10.0,same-wrap,,,,
84725,86801,untestable,8.4,8.4,same-wrap,,,,
84746,85101,same-sheet,9.9,19.2,same-wrap,,,,
84750,84913,untestable,8.1,8.2,same-wrap,,,,
84750,85021,untestable,8.8,12.2,same-wrap,,,,
84750,86801,untestable,8.2,8.9,same-wrap,,,,
84750,89026,untestable,16.9,31.5,same-wrap,,,,
84830,87215,ambiguous,10.0,16.7,same-wrap,,,,
84830,86208,same-sheet,11.0,18.8,same-wrap,,,,
84913,85021,untestable,9.9,54.0,same-wrap,,,,
84913,86801,untestable,10.2,14.5,same-wrap,,,,
84945,87798,same-sheet,10.2,16.1,unresolved,,,,
85021,86801,same-sheet,9.1,16.7,same-wrap,,,,
85101,85672,same-sheet,9.9,26.1,same-wrap,,,,
85101,87545,same-sheet,11.5,22.6,same-wrap,,,,
85101,88909,same-sheet,9.0,15.2,same-wrap,,,,
85101,86200,same-sheet,9.6,17.5,same-wrap,,,,
85151,85282,same-sheet,10.4,11.7,same-wrap,,,,
85151,85550,same-sheet,9.0,10.3,same-wrap,,,,
85151,85713,same-sheet,9.2,15.0,same-wrap,,,,
85151,85908,same-sheet,9.1,11.5,same-wrap,,,,
85151,86252,untestable,8.0,8.0,same-wrap,,,,
85182,82004,same-sheet,10.0,20.0,same-wrap,,,,
85182,82673,same-sheet,9.3,14.1,same-wrap,,,,
85185,85704,untestable,10.0,27.2,same-wrap,,,,
85185,85497,untestable,9.2,28.7,same-wrap,,,,
85186,81676,same-sheet,10.0,20.1,same-wrap,,,,
85186,82048,same-sheet,8.9,13.2,same-wrap,,,,
85186,82673,untestable,8.2,8.2,same-wrap,,,,
85198,86125,untestable,10.8,17.9,same-wrap,,,,
85198,88430,untestable,11.3,27.8,same-wrap,,,,
85198,99182,same-sheet,18.1,69.8,same-wrap,,,,
85282,85550,untestable,9.1,9.6,same-wrap,,,,
85282,85713,same-sheet,8.6,10.2,same-wrap,,,,
85282,90092,ambiguous,17.8,25.3,same-wrap,,,,
85282,90413,same-sheet,8.7,10.3,same-wrap,,,,
85412,89026,untestable,9.8,16.9,same-wrap,,,,
85420,85443,untestable,9.1,18.9,unresolved,,,,
85420,85836,untestable,8.5,14.3,unresolved,,,,
85420,86018,untestable,8.1,8.7,unresolved,,,,
85420,86950,untestable,9.6,14.1,unresolved,,,,
85420,85925,untestable,11.8,20.7,unresolved,,,,
85443,85836,untestable,9.3,19.3,unresolved,,,,
85443,86018,untestable,8.4,11.0,unresolved,,,,
85443,86950,same-sheet,8.1,8.2,unresolved,,,,
85443,85925,same-sheet,13.6,103.8,unresolved,,,,
85522,89836,same-sheet,12.6,23.3,same-wrap,,,,
85522,89694,same-sheet,13.0,30.4,same-wrap,,,,
85550,85605,same-sheet,8.8,8.8,same-wrap,,,,
85550,85713,same-sheet,8.7,9.3,same-wrap,,,,
85552,86789,same-sheet,9.5,16.8,same-wrap,,,,
85552,87278,same-sheet,9.1,12.4,same-wrap,,,,
85605,85713,same-sheet,9.3,18.1,same-wrap,,,,
85605,85762,same-sheet,10.8,15.1,same-wrap,,,,
85605,88774,same-sheet,9.7,12.9,same-wrap,,,,
85605,89780,ambiguous,11.5,25.7,same-wrap,,,,
85667,86548,same-sheet,9.9,23.3,unresolved,,,,
85672,87014,same-sheet,11.0,34.2,same-wrap,,,,
85672,87644,same-sheet,10.6,49.4,same-wrap,,,,
85672,88909,same-sheet,10.8,48.2,same-wrap,,,,
85672,90198,same-sheet,10.9,45.2,same-wrap,,,,
85672,90457,same-sheet,10.8,37.3,same-wrap,,,,
85672,86200,same-sheet,9.5,17.5,same-wrap,,,,
85683,86527,same-sheet,18.4,65.6,unresolved,,,,
85683,87793,same-sheet,11.2,64.4,same-wrap,,,,
85683,83338,switch,64.3,136.0,same-wrap,17.2,7.4,52.3,
85704,85705,same-sheet,9.6,11.5,same-wrap,,,,
85704,87138,same-sheet,10.2,20.3,same-wrap,,,,
85704,87266,same-sheet,8.0,8.0,same-wrap,,,,
85704,88273,untestable,8.6,8.7,same-wrap,,,,
85704,134441,ambiguous,80.9,188.1,adjacent,,,,
85704,85497,same-sheet,9.3,20.3,same-wrap,,,,
85705,85783,same-sheet,10.7,10.7,same-wrap,,,,
85705,86633,same-sheet,9.1,10.5,same-wrap,,,,
85705,86758,same-sheet,11.1,20.9,same-wrap,,,,
85705,86878,same-sheet,9.4,37.6,same-wrap,,,,
85705,86935,same-sheet,9.9,19.0,same-wrap,,,,
85705,87138,same-sheet,9.2,11.9,same-wrap,,,,
85705,87266,same-sheet,8.8,13.0,same-wrap,,,,
85705,85497,same-sheet,9.2,15.1,same-wrap,,,,
85713,85762,same-sheet,10.7,32.6,same-wrap,,,,
85762,87263,same-sheet,13.6,44.8,same-wrap,,,,
85762,88774,same-sheet,8.7,10.0,same-wrap,,,,
85762,89589,same-sheet,8.9,10.9,same-wrap,,,,
85762,86965,same-sheet,9.6,16.0,same-wrap,,,,
85762,90194,ambiguous,154.7,431.9,adjacent,,,,
85783,86568,same-sheet,8.9,12.3,same-wrap,,,,
85783,86633,same-sheet,8.5,9.3,same-wrap,,,,
85783,87174,same-sheet,9.2,12.6,same-wrap,,,,
85783,87976,same-sheet,10.0,16.0,same-wrap,,,,
85783,88210,same-sheet,8.8,13.0,same-wrap,,,,
85783,85497,same-sheet,10.1,17.6,same-wrap,,,,
85836,86018,untestable,8.6,11.7,unresolved,,,,
85846,86648,same-sheet,10.4,22.9,same-wrap,,,,
85846,85852,same-sheet,9.4,24.8,same-wrap,,,,
85846,87119,same-sheet,10.4,24.5,same-wrap,,,,
85886,85988,same-sheet,8.8,10.6,unresolved,,,,
85886,87140,same-sheet,8.9,14.9,unresolved,,,,
85886,90200,untestable,8.7,11.7,unresolved,,,,
85886,90110,untestable,8.8,15.2,unresolved,,,,
85908,90092,same-sheet,9.1,9.1,same-wrap,,,,
85908,88249,same-sheet,8.6,11.5,same-wrap,,,,
85935,86189,switch,16.9,91.7,same-wrap,22.3,20.9,0.18,
85935,89030,untestable,9.7,13.8,same-wrap,,,,
85959,67645,same-sheet,10.6,39.5,adjacent,,,,
85959,68265,ambiguous,124.4,415.7,adjacent,,,,
85988,87140,untestable,8.4,8.9,unresolved,,,,
85988,88891,same-sheet,10.5,21.3,unresolved,,,,
85988,89444,same-sheet,10.2,26.9,unresolved,,,,
85988,104851,switch,92.3,186.8,unresolved,,,,
85988,90110,same-sheet,8.8,13.4,unresolved,,,,
86018,86950,untestable,8.7,8.9,unresolved,,,,
86018,85925,same-sheet,9.9,38.2,unresolved,,,,
86090,86648,same-sheet,10.1,34.0,same-wrap,,,,
86090,87509,untestable,10.2,22.3,same-wrap,,,,
86090,98556,untestable,128.7,247.4,adjacent,,,,
86090,82232,untestable,10.7,38.7,same-wrap,,,,
86125,86239,same-sheet,10.1,15.5,same-wrap,,,,
86125,86301,same-sheet,11.3,21.1,same-wrap,,,,
86125,86637,same-sheet,10.4,14.9,same-wrap,,,,
86125,99182,ambiguous,15.7,52.2,same-wrap,,,,
86125,86937,same-sheet,11.7,58.3,same-wrap,,,,
86189,86475,same-sheet,12.1,30.0,same-wrap,,,,
86189,89030,untestable,14.0,65.0,same-wrap,,,,
86192,88430,untestable,10.9,17.7,same-wrap,,,,
86192,86697,untestable,11.4,45.2,same-wrap,,,,
86192,91694,untestable,14.0,28.6,same-wrap,,,,
86198,86801,untestable,9.2,9.7,same-wrap,,,,
86239,86301,same-sheet,9.2,13.6,same-wrap,,,,
86239,86637,same-sheet,10.1,25.5,same-wrap,,,,
86239,86937,same-sheet,9.2,17.0,same-wrap,,,,
86252,86200,same-sheet,8.5,8.7,same-wrap,,,,
86301,86637,same-sheet,9.8,19.8,same-wrap,,,,
86301,87167,same-sheet,10.4,14.3,same-wrap,,,,
86301,89180,same-sheet,8.8,10.3,same-wrap,,,,
86301,113855,switch,74.2,521.5,adjacent,,,,
86301,114834,ambiguous,144.6,242.3,adjacent,,,,
86301,115212,same-sheet,111.6,186.6,unresolved,,,,
86301,86651,same-sheet,10.6,47.3,same-wrap,,,,
86301,86937,same-sheet,10.2,35.9,same-wrap,,,,
86301,114808,ambiguous,124.0,356.9,adjacent,,,,
86369,96875,same-sheet,9.6,12.5,same-wrap,,,,
86526,87014,same-sheet,8.1,8.1,same-wrap,,,,
86526,90052,same-sheet,9.6,10.5,same-wrap,,,,
86526,86200,same-sheet,9.4,23.8,same-wrap,,,,
86526,88249,switch,71.0,104.4,same-wrap,7.2,96.2,0.0,
86527,87477,same-sheet,9.1,12.5,same-wrap,,,,
86527,87793,same-sheet,11.2,36.5,same-wrap,,,,
86527,83338,ambiguous,119.2,277.7,adjacent,,,,
86548,87082,same-sheet,9.2,14.6,unresolved,,,,
86548,89551,same-sheet,9.8,10.5,unresolved,,,,
86568,85497,same-sheet,11.3,29.8,same-wrap,,,,
86614,89836,ambiguous,50.9,81.5,unresolved,,,,
86614,71489,ambiguous,65.3,213.9,adjacent,,,,
86614,78776,same-sheet,9.8,22.2,same-wrap,,,,
86614,89694,same-sheet,12.1,21.3,same-wrap,,,,
86633,86758,same-sheet,9.5,20.0,same-wrap,,,,
86633,86935,same-sheet,10.3,40.4,same-wrap,,,,
86633,88210,same-sheet,10.2,21.4,same-wrap,,,,
86637,87167,same-sheet,9.4,19.8,same-wrap,,,,
86637,86937,same-sheet,12.4,29.1,same-wrap,,,,
86648,86776,same-sheet,11.9,28.3,same-wrap,,,,
86648,86970,same-sheet,9.1,12.0,same-wrap,,,,
86648,87509,same-sheet,9.6,18.8,same-wrap,,,,
86648,82232,untestable,15.8,34.3,same-wrap,,,,
86648,85852,same-sheet,9.4,23.8,same-wrap,,,,
86648,87201,same-sheet,8.4,8.4,same-wrap,,,,
86731,89303,same-sheet,10.2,10.2,unresolved,,,,
86731,93047,same-sheet,9.5,12.7,same-wrap,,,,
86731,86937,same-sheet,11.6,30.2,same-wrap,,,,
86758,86878,same-sheet,9.6,13.0,same-wrap,,,,
86758,86935,same-sheet,12.4,25.2,same-wrap,,,,
86776,86970,same-sheet,9.8,19.6,same-wrap,,,,
86776,88232,same-sheet,10.7,18.0,same-wrap,,,,
86776,87062,same-sheet,8.1,8.1,same-wrap,,,,
86776,87201,same-sheet,8.8,10.9,same-wrap,,,,
86782,88567,same-sheet,10.3,20.8,same-wrap,,,,
86782,89934,untestable,8.8,9.6,same-wrap,,,,
86782,93631,untestable,8.4,8.4,same-wrap,,,,
86782,93827,untestable,9.0,12.0,same-wrap,,,,
86782,86697,same-sheet,13.1,18.9,same-wrap,,,,
86782,95521,untestable,16.7,71.8,same-wrap,,,,
86864,88732,same-sheet,9.7,16.2,same-wrap,,,,
86864,98007,same-sheet,10.9,16.6,same-wrap,,,,
86864,82499,switch,146.5,280.6,adjacent,,,,
86864,83428,ambiguous,110.4,270.8,adjacent,,,,
86864,85804,ambiguous,55.8,103.2,adjacent,,,,
86864,87119,ambiguous,58.6,101.6,adjacent,,,,
86864,87422,same-sheet,10.6,56.8,same-wrap,,,,
86864,87708,same-sheet,10.4,18.4,same-wrap,,,,
86878,86935,same-sheet,9.5,17.6,same-wrap,,,,
86878,86967,same-sheet,9.2,14.8,same-wrap,,,,
86878,87266,same-sheet,11.0,33.8,same-wrap,,,,
86878,90737,same-sheet,9.1,15.0,same-wrap,,,,
86878,91162,same-sheet,9.8,21.3,same-wrap,,,,
86935,86967,same-sheet,10.0,28.7,same-wrap,,,,
86935,87412,same-sheet,11.3,42.2,same-wrap,,,,
86935,88210,same-sheet,9.5,13.8,same-wrap,,,,
86950,85925,same-sheet,12.3,115.8,unresolved,,,,
86967,87412,same-sheet,9.3,12.2,same-wrap,,,,
86967,87716,same-sheet,10.1,23.9,same-wrap,,,,
86967,91162,same-sheet,9.6,11.7,same-wrap,,,,
86967,92392,same-sheet,9.9,17.6,same-wrap,,,,
86970,87509,same-sheet,9.4,13.9,same-wrap,,,,
86970,88232,same-sheet,12.2,28.3,same-wrap,,,,
86970,89780,same-sheet,12.9,12.9,same-wrap,,,,
86970,87062,same-sheet,8.6,10.1,same-wrap,,,,
86970,87201,same-sheet,11.9,23.7,same-wrap,,,,
87014,87644,same-sheet,8.5,15.6,same-wrap,,,,
87014,88546,same-sheet,10.9,18.3,same-wrap,,,,
87014,88603,same-sheet,14.2,20.7,same-wrap,,,,
87014,89193,same-sheet,13.2,17.9,same-wrap,,,,
87014,90052,same-sheet,12.8,21.6,same-wrap,,,,
87014,86200,same-sheet,10.2,36.5,same-wrap,,,,
87014,88797,same-sheet,8.9,12.6,same-wrap,,,,
87082,89551,same-sheet,9.1,10.6,unresolved,,,,
87138,87266,same-sheet,8.5,11.8,same-wrap,,,,
87138,134441,ambiguous,48.7,83.4,adjacent,,,,
87138,88693,same-sheet,9.4,12.3,same-wrap,,,,
87140,88313,same-sheet,11.8,29.4,unresolved,,,,
87140,90200,same-sheet,8.6,12.6,unresolved,,,,
87140,90110,untestable,10.0,15.2,unresolved,,,,
87167,89180,same-sheet,9.2,20.3,same-wrap,,,,
87167,115330,switch,80.0,228.2,adjacent,,,,
87167,86651,untestable,9.2,9.3,same-wrap,,,,
87174,87976,same-sheet,10.0,10.8,same-wrap,,,,
87174,88210,same-sheet,13.3,36.5,same-wrap,,,,
87215,86208,same-sheet,10.3,18.2,same-wrap,,,,
87225,82724,same-sheet,12.3,140.3,same-wrap,139.4,1.3,0.03,
87263,88521,same-sheet,10.8,23.6,same-wrap,,,,
87263,89589,same-sheet,9.2,12.1,same-wrap,,,,
87263,96768,ambiguous,63.1,96.9,adjacent,,,,
87263,98848,switch,101.9,113.7,adjacent,,,,
87263,86965,same-sheet,11.5,61.3,same-wrap,,,,
87263,87119,untestable,9.2,9.4,same-wrap,,,,
87263,90194,ambiguous,109.1,348.1,adjacent,,,,
87266,87812,same-sheet,11.3,27.4,same-wrap,,,,
87266,87876,same-sheet,13.1,14.4,same-wrap,,,,
87266,89259,same-sheet,9.1,14.0,same-wrap,,,,
87266,89353,same-sheet,9.3,13.4,same-wrap,,,,
87266,90416,same-sheet,9.0,14.6,same-wrap,,,,
87266,90737,same-sheet,9.4,18.7,same-wrap,,,,
87266,88693,same-sheet,8.9,12.6,same-wrap,,,,
87412,88210,same-sheet,8.3,8.3,same-wrap,,,,
87412,89193,same-sheet,9.3,13.1,same-wrap,,,,
87412,90366,same-sheet,8.4,9.9,same-wrap,,,,
87477,87793,same-sheet,11.7,36.0,same-wrap,,,,
87477,89162,same-sheet,13.2,28.9,same-wrap,,,,
87477,90922,same-sheet,20.0,23.0,same-wrap,,,,
87477,87798,same-sheet,8.7,8.7,unresolved,,,,
87477,90136,ambiguous,10.6,33.6,same-wrap,,,,
87501,96264,same-sheet,9.0,13.9,same-wrap,,,,
87501,88595,same-sheet,8.6,10.8,same-wrap,,,,
87509,88232,same-sheet,9.3,18.1,same-wrap,,,,
87552,86965,untestable,8.0,8.0,same-wrap,,,,
87644,90457,same-sheet,9.7,17.7,same-wrap,,,,
87716,90366,same-sheet,24.1,57.3,same-wrap,,,,
87716,92392,untestable,16.3,29.0,same-wrap,,,,
87793,90922,same-sheet,13.3,16.0,same-wrap,,,,
87793,87798,same-sheet,9.7,11.9,same-wrap,,,,
87793,90136,same-sheet,9.9,17.6,same-wrap,,,,
87812,87876,untestable,12.9,13.9,same-wrap,,,,
87812,89259,same-sheet,9.4,18.8,same-wrap,,,,
87812,89353,same-sheet,11.2,18.6,same-wrap,,,,
87812,90416,same-sheet,9.2,11.4,same-wrap,,,,
87812,90737,same-sheet,9.8,13.6,same-wrap,,,,
87812,88693,same-sheet,10.4,10.8,same-wrap,,,,
87826,87956,same-sheet,9.7,25.2,same-wrap,,,,
87826,88195,same-sheet,9.9,19.7,same-wrap,,,,
87826,89232,same-sheet,10.4,13.4,same-wrap,,,,
87826,82048,ambiguous,92.6,337.0,adjacent,,,,
87826,82480,ambiguous,79.9,156.6,adjacent,,,,
87826,87422,same-sheet,12.8,27.9,unresolved,,,,
87826,87708,same-sheet,11.6,22.9,same-wrap,,,,
87876,88139,same-sheet,9.2,13.0,same-wrap,,,,
87876,88218,same-sheet,8.1,9.8,same-wrap,,,,
87876,88949,same-sheet,9.8,17.1,same-wrap,,,,
87876,88961,same-sheet,9.3,20.3,same-wrap,,,,
87876,88693,same-sheet,9.8,17.8,same-wrap,,,,
87956,88195,same-sheet,10.0,24.9,same-wrap,,,,
87956,88859,ambiguous,10.9,15.0,same-wrap,,,,
87956,89139,same-sheet,10.9,26.0,same-wrap,,,,
87956,87708,same-sheet,11.8,39.6,same-wrap,,,,
87956,89336,untestable,11.3,18.2,same-wrap,,,,
87976,88210,same-sheet,11.7,20.4,same-wrap,,,,
88139,88218,same-sheet,11.9,38.6,same-wrap,,,,
88139,88961,same-sheet,10.5,83.3,same-wrap,37.5,44.6,0.45,
88139,89353,same-sheet,8.4,8.4,same-wrap,,,,
88139,90250,same-sheet,10.3,19.4,same-wrap,,,,
88195,88627,same-sheet,8.8,14.3,same-wrap,,,,
88195,88859,same-sheet,9.1,25.1,same-wrap,,,,
88195,89139,same-sheet,10.6,28.6,same-wrap,,,,
88195,89232,same-sheet,11.6,21.5,same-wrap,,,,
88195,82048,switch,112.7,385.9,adjacent,,,,
88195,87708,same-sheet,9.9,14.6,same-wrap,,,,
88218,89303,same-sheet,13.0,58.2,same-wrap,,,,
88218,90250,same-sheet,10.4,32.6,same-wrap,,,,
88218,95109,same-sheet,9.5,12.3,same-wrap,,,,
88230,68499,same-sheet,10.7,12.2,same-wrap,,,,
88232,89780,same-sheet,10.8,45.1,same-wrap,,,,
88232,91696,same-sheet,10.7,12.6,same-wrap,,,,
88232,87201,same-sheet,9.1,10.5,same-wrap,,,,
88313,88754,untestable,9.9,17.5,same-wrap,,,,
88313,89370,same-sheet,9.1,17.4,unresolved,,,,
88313,108663,ambiguous,173.9,421.4,same-wrap,2851.7,0.0,30.29,
88313,107590,ambiguous,113.2,217.4,unresolved,,,,
88339,88475,untestable,12.1,22.4,adjacent,,,,
88521,86965,same-sheet,9.1,9.9,same-wrap,,,,
88546,88603,same-sheet,9.5,10.7,same-wrap,,,,
88546,89193,same-sheet,10.8,15.4,same-wrap,,,,
88546,88797,same-sheet,9.5,23.8,same-wrap,,,,
88567,89934,untestable,8.1,8.1,same-wrap,,,,
88567,93631,same-sheet,8.3,8.5,same-wrap,,,,
88567,93827,untestable,9.6,9.6,same-wrap,,,,
88567,86697,same-sheet,8.6,13.7,same-wrap,,,,
88603,89165,same-sheet,9.5,12.1,same-wrap,,,,
88603,89193,same-sheet,10.6,23.4,same-wrap,,,,
88603,89557,same-sheet,9.1,11.2,same-wrap,,,,
88603,88717,same-sheet,10.4,17.4,same-wrap,,,,
88603,88797,same-sheet,8.9,18.3,same-wrap,,,,
88627,88859,same-sheet,8.1,8.1,same-wrap,,,,
88627,89139,same-sheet,11.0,15.4,same-wrap,,,,
88627,89232,ambiguous,8.8,10.5,same-wrap,,,,
88627,89469,same-sheet,9.3,10.3,same-wrap,,,,
88627,89515,switch,20.0,64.2,same-wrap,,,,
88627,89670,same-sheet,13.1,14.4,same-wrap,,,,
88627,89913,ambiguous,21.9,61.3,same-wrap,,,,
88663,89502,same-sheet,8.7,9.6,same-wrap,,,,
88663,91776,same-sheet,11.0,25.4,same-wrap,,,,
88732,90523,same-sheet,10.7,13.4,same-wrap,,,,
88732,91553,ambiguous,10.8,12.6,same-wrap,,,,
88732,96335,same-sheet,8.6,8.9,same-wrap,,,,
88732,98007,same-sheet,10.4,15.9,same-wrap,,,,
88732,82499,ambiguous,138.9,275.6,adjacent,,,,
88732,83428,ambiguous,112.9,270.0,adjacent,,,,
88732,85804,ambiguous,87.9,177.8,adjacent,,,,
88732,87119,ambiguous,87.5,205.1,adjacent,,,,
88732,87422,same-sheet,12.2,63.7,same-wrap,,,,
88732,88793,same-sheet,9.4,11.4,same-wrap,,,,
88732,88918,same-sheet,8.0,8.0,same-wrap,,,,
88750,88896,same-sheet,10.5,44.2,unresolved,,,,
88750,88968,same-sheet,11.0,47.0,unresolved,,,,
88750,89145,untestable,9.0,11.5,unresolved,,,,
88750,91158,same-sheet,10.1,20.2,unresolved,,,,
88750,91167,same-sheet,12.3,35.0,unresolved,,,,
88754,89370,same-sheet,10.6,22.6,unresolved,,,,
88754,93775,ambiguous,10.1,18.0,unresolved,,,,
88767,90522,same-sheet,11.0,32.1,same-wrap,,,,
88767,90699,same-sheet,10.1,27.6,same-wrap,,,,
88767,91316,same-sheet,15.5,69.4,same-wrap,,,,
88767,88687,same-sheet,11.1,41.1,same-wrap,,,,
88767,89563,same-sheet,15.8,65.2,same-wrap,,,,
88774,89589,same-sheet,10.2,18.9,same-wrap,,,,
88774,89780,same-sheet,10.3,21.7,same-wrap,,,,
88774,87062,same-sheet,11.1,28.9,same-wrap,,,,
88774,87201,same-sheet,9.5,16.4,same-wrap,,,,
88859,89139,same-sheet,10.5,22.7,same-wrap,,,,
88859,89232,untestable,8.4,8.4,same-wrap,,,,
88859,89460,ambiguous,11.5,18.8,same-wrap,,,,
88859,89958,ambiguous,11.7,12.9,same-wrap,,,,
88891,89444,same-sheet,9.3,25.1,unresolved,,,,
88891,104851,switch,136.7,420.0,unresolved,,,,
88891,106743,same-sheet,12.5,69.4,unresolved,,,,
88891,90110,same-sheet,26.5,79.1,unresolved,,,,
88891,92244,same-sheet,9.3,15.0,unresolved,,,,
88891,94360,untestable,8.7,9.3,unresolved,,,,
88896,89485,same-sheet,8.5,9.0,unresolved,,,,
88896,91158,same-sheet,9.6,20.7,unresolved,,,,
88896,91167,same-sheet,9.9,21.9,unresolved,,,,
88896,92950,same-sheet,9.3,15.6,unresolved,,,,
88896,93120,same-sheet,10.1,30.4,unresolved,,,,
88896,93640,same-sheet,9.8,25.1,unresolved,,,,
88909,90198,same-sheet,9.2,14.1,same-wrap,,,,
88909,90457,same-sheet,9.3,14.5,same-wrap,,,,
88909,91314,same-sheet,8.2,8.3,same-wrap,,,,
88909,91524,same-sheet,11.1,25.1,same-wrap,,,,
88949,88951,untestable,9.2,9.9,same-wrap,,,,
88949,88961,same-sheet,8.1,8.6,same-wrap,,,,
88949,89180,same-sheet,8.4,8.4,same-wrap,,,,
88949,134097,ambiguous,86.4,188.6,adjacent,,,,
88949,88693,same-sheet,9.2,13.1,same-wrap,,,,
88949,91334,same-sheet,8.5,12.3,same-wrap,,,,
88951,127406,ambiguous,131.1,203.0,adjacent,,,,
88951,134097,ambiguous,103.5,200.6,adjacent,,,,
88951,91334,same-sheet,9.1,16.8,same-wrap,,,,
88961,89180,same-sheet,11.3,55.4,same-wrap,,,,
88961,86651,same-sheet,26.8,64.1,same-wrap,,,,
88968,89145,same-sheet,11.1,32.3,unresolved,,,,
88968,91158,same-sheet,9.6,22.6,unresolved,,,,
88968,91167,untestable,9.5,15.7,unresolved,,,,
88968,92382,same-sheet,10.7,35.2,unresolved,,,,
88968,92506,same-sheet,10.3,18.0,unresolved,,,,
88968,93773,same-sheet,9.9,26.8,unresolved,,,,
89010,89208,same-sheet,9.9,14.8,same-wrap,,,,
89010,90523,untestable,11.1,34.1,same-wrap,,,,
89010,91553,same-sheet,9.3,13.5,same-wrap,,,,
89010,88793,untestable,9.5,9.8,same-wrap,,,,
89010,88918,same-sheet,14.3,69.5,same-wrap,,,,
89030,83967,same-sheet,242.8,353.3,same-wrap,153.6,58.6,54.67,
89030,84224,untestable,194.6,367.4,same-wrap,167.4,72.0,54.58,
89139,89460,same-sheet,8.7,24.2,same-wrap,,,,
89139,89958,same-sheet,9.2,17.9,same-wrap,,,,
89139,89336,same-sheet,12.6,57.1,same-wrap,,,,
89145,91158,same-sheet,9.9,24.8,unresolved,,,,
89145,91167,same-sheet,9.1,9.4,unresolved,,,,
89145,92382,same-sheet,10.6,36.5,unresolved,,,,
89145,92506,same-sheet,9.5,22.4,unresolved,,,,
89145,93773,same-sheet,9.5,16.6,unresolved,,,,
89162,87798,same-sheet,11.1,159.5,unresolved,,,,
89165,89557,same-sheet,9.0,12.5,same-wrap,,,,
89165,90052,same-sheet,13.0,52.6,same-wrap,,,,
89165,90491,same-sheet,10.2,24.9,same-wrap,,,,
89165,91135,same-sheet,8.6,12.5,same-wrap,,,,
89165,88717,same-sheet,9.5,16.7,same-wrap,,,,
89165,88797,same-sheet,10.5,28.3,same-wrap,,,,
89180,113855,ambiguous,34.8,91.5,same-wrap,20.3,79.3,0.03,
89180,114834,ambiguous,102.8,189.1,adjacent,,,,
89180,115212,ambiguous,87.0,220.1,adjacent,,,,
89180,86651,same-sheet,9.4,58.1,same-wrap,,,,
89180,91334,same-sheet,8.8,11.6,same-wrap,,,,
89208,95739,ambiguous,10.8,21.5,same-wrap,,,,
89208,96921,same-sheet,13.0,37.8,same-wrap,,,,
89208,88918,same-sheet,8.0,8.0,same-wrap,,,,
89208,90194,same-sheet,10.8,36.2,same-wrap,,,,
89232,89469,same-sheet,9.6,13.2,same-wrap,,,,
89232,89670,same-sheet,13.4,19.7,same-wrap,,,,
89232,90913,same-sheet,10.6,23.7,same-wrap,,,,
89232,92030,same-sheet,8.9,12.7,same-wrap,,,,
89232,82048,switch,107.8,265.9,adjacent,,,,
89232,87708,untestable,8.0,8.0,same-wrap,,,,
89232,90361,same-sheet,9.0,19.1,same-wrap,,,,
89259,89353,same-sheet,9.9,10.5,same-wrap,,,,
89259,90416,same-sheet,9.5,9.5,same-wrap,,,,
89259,90737,same-sheet,8.8,8.8,same-wrap,,,,
89303,90250,same-sheet,13.0,19.4,same-wrap,,,,
89303,95109,same-sheet,12.1,50.6,same-wrap,,,,
89353,90250,same-sheet,8.3,9.1,same-wrap,,,,
89353,91325,same-sheet,9.1,14.1,same-wrap,,,,
89370,89817,untestable,10.2,13.9,unresolved,,,,
89370,90401,untestable,11.3,55.4,unresolved,,,,
89370,93774,untestable,12.3,28.1,unresolved,,,,
89370,93775,same-sheet,9.9,16.8,unresolved,,,,
89419,89485,same-sheet,10.4,30.3,unresolved,,,,
89419,89551,same-sheet,9.7,15.3,unresolved,,,,
89444,89609,same-sheet,8.7,15.9,unresolved,,,,
89444,90545,same-sheet,8.9,12.7,unresolved,,,,
89444,91906,untestable,8.3,8.5,unresolved,,,,
89444,91941,same-sheet,8.6,9.2,unresolved,,,,
89444,91129,untestable,8.2,8.2,unresolved,,,,
89444,92244,same-sheet,9.5,14.2,unresolved,,,,
89460,89515,same-sheet,9.3,31.7,same-wrap,,,,
89460,89913,same-sheet,13.1,28.3,same-wrap,,,,
89460,89958,same-sheet,9.2,16.2,same-wrap,,,,
89460,90190,untestable,8.2,8.2,same-wrap,,,,
89460,90238,same-sheet,9.7,13.3,same-wrap,,,,
89460,89336,same-sheet,8.9,9.3,same-wrap,,,,
89469,89670,ambiguous,30.7,46.2,same-wrap,,,,
89469,89913,ambiguous,14.8,50.8,same-wrap,,,,
89469,92775,same-sheet,9.5,13.0,same-wrap,,,,
89479,62888,same-sheet,12.2,66.6,unresolved,,,,
89485,89551,untestable,11.3,12.2,unresolved,,,,
89485,93120,same-sheet,11.0,30.3,unresolved,,,,
89502,91122,same-sheet,9.4,21.2,same-wrap,,,,
89502,91776,same-sheet,10.0,19.1,same-wrap,,,,
89515,89670,same-sheet,10.6,15.9,same-wrap,,,,
89515,89913,same-sheet,10.4,21.7,same-wrap,,,,
89515,89958,same-sheet,9.3,12.2,same-wrap,,,,
89515,90238,same-sheet,8.5,10.4,same-wrap,,,,
89557,90339,untestable,10.9,28.3,same-wrap,,,,
89557,90366,same-sheet,11.2,54.8,same-wrap,,,,
89557,90491,untestable,8.4,8.9,same-wrap,,,,
89557,91135,untestable,8.9,21.9,same-wrap,,,,
89557,88717,same-sheet,10.2,23.2,same-wrap,,,,
89589,96768,ambiguous,70.6,105.7,same-wrap,45.3,21.8,59.67,
89589,98848,ambiguous,109.0,280.7,adjacent,,,,
89589,85852,same-sheet,10.8,20.5,same-wrap,,,,
89589,87062,same-sheet,10.9,69.9,same-wrap,,,,
89589,87201,same-sheet,9.8,14.0,same-wrap,,,,
89609,91906,same-sheet,8.6,9.0,unresolved,,,,
89609,91941,same-sheet,8.5,9.3,unresolved,,,,
89609,91129,same-sheet,9.0,13.0,unresolved,,,,
89670,89913,same-sheet,9.2,9.4,same-wrap,,,,
89670,91357,same-sheet,9.2,12.0,same-wrap,,,,
89670,92030,same-sheet,10.2,26.1,same-wrap,,,,
89670,92332,same-sheet,9.6,16.4,same-wrap,,,,
89670,92775,same-sheet,9.0,14.7,same-wrap,,,,
89672,91135,untestable,8.9,9.3,same-wrap,,,,
89780,91696,same-sheet,10.1,23.6,same-wrap,,,,
89780,87062,same-sheet,9.2,9.2,same-wrap,,,,
89780,87201,same-sheet,9.6,24.2,same-wrap,,,,
89817,90401,untestable,9.1,12.5,unresolved,,,,
89817,93774,same-sheet,9.7,16.8,unresolved,,,,
89817,93775,untestable,9.2,17.7,unresolved,,,,
89817,94006,untestable,9.1,26.3,unresolved,,,,
89836,71489,switch,115.1,326.6,adjacent,,,,
89836,89694,ambiguous,18.8,79.4,same-wrap,34.5,34.7,55.07,
89836,91407,untestable,10.2,13.8,same-wrap,,,,
89893,91175,same-sheet,10.0,31.8,same-wrap,,,,
89893,91316,ambiguous,9.8,17.9,same-wrap,,,,
89893,89563,same-sheet,11.9,26.0,same-wrap,,,,
89913,90091,same-sheet,8.2,10.0,unresolved,,,,
89913,90238,same-sheet,10.9,15.5,same-wrap,,,,
89913,91357,same-sheet,11.0,46.0,same-wrap,,,,
89913,92332,same-sheet,11.8,52.9,same-wrap,,,,
89913,92775,same-sheet,10.1,57.6,same-wrap,,,,
89913,93454,untestable,8.1,8.1,unresolved,,,,
89934,90031,same-sheet,10.0,23.8,same-wrap,,,,
89934,90032,same-sheet,9.9,18.2,same-wrap,,,,
89934,90086,same-sheet,10.1,21.1,same-wrap,,,,
89934,91176,untestable,8.4,8.4,same-wrap,,,,
89934,91241,same-sheet,9.0,10.0,same-wrap,,,,
89934,91954,same-sheet,8.7,25.0,same-wrap,,,,
89934,92048,same-sheet,8.3,10.6,same-wrap,,,,
89934,93631,same-sheet,14.1,32.8,same-wrap,,,,
89934,93827,same-sheet,10.8,27.4,same-wrap,,,,
89934,94387,same-sheet,10.8,19.1,same-wrap,,,,
89958,90190,same-sheet,11.0,27.8,same-wrap,,,,
89958,90238,same-sheet,10.0,20.2,same-wrap,,,,
89958,90433,same-sheet,8.1,9.6,same-wrap,,,,
89958,89336,same-sheet,8.9,12.0,same-wrap,,,,
90031,90032,same-sheet,10.6,35.2,same-wrap,,,,
90031,90086,same-sheet,10.3,30.7,same-wrap,,,,
90031,91954,untestable,8.0,8.0,same-wrap,,,,
90031,94387,same-sheet,9.3,14.0,same-wrap,,,,
90032,90086,same-sheet,9.8,25.4,same-wrap,,,,
90032,91954,same-sheet,10.0,10.3,same-wrap,,,,
90033,90052,same-sheet,8.5,13.1,same-wrap,,,,
90033,90092,same-sheet,11.2,30.0,same-wrap,,,,
90033,90413,same-sheet,10.9,26.5,same-wrap,,,,
90033,90491,same-sheet,10.4,18.2,same-wrap,,,,
90033,91061,same-sheet,8.7,12.4,same-wrap,,,,
90033,91817,same-sheet,8.7,9.0,same-wrap,,,,
90033,88249,same-sheet,8.5,11.9,same-wrap,,,,
90052,90413,untestable,8.2,8.2,same-wrap,,,,
90052,90491,same-sheet,12.6,42.7,same-wrap,,,,
90052,91061,same-sheet,9.3,16.3,same-wrap,,,,
90052,91817,same-sheet,8.4,10.1,same-wrap,,,,
90052,88249,same-sheet,9.4,22.7,same-wrap,,,,
90052,88797,same-sheet,11.2,26.7,same-wrap,,,,
90086,91391,same-sheet,9.1,17.7,same-wrap,,,,
90086,91758,same-sheet,10.5,17.4,same-wrap,,,,
90086,91954,same-sheet,9.0,17.4,same-wrap,,,,
90086,93234,untestable,8.5,8.5,same-wrap,,,,
90086,93567,same-sheet,9.4,13.4,same-wrap,,,,
90086,93626,untestable,7.9,7.9,same-wrap,,,,
90091,90238,same-sheet,11.4,15.5,same-wrap,,,,
90091,90867,same-sheet,11.8,22.5,same-wrap,,,,
90091,91033,same-sheet,8.8,9.6,same-wrap,,,,
90091,92332,same-sheet,8.8,9.5,same-wrap,,,,
90091,92336,same-sheet,8.6,14.9,same-wrap,,,,
90091,93454,same-sheet,8.6,11.5,same-wrap,,,,
90092,90413,same-sheet,10.4,39.6,same-wrap,,,,
90092,90792,same-sheet,11.3,11.3,same-wrap,,,,
90092,88249,same-sheet,11.6,37.7,same-wrap,,,,
90190,90238,same-sheet,9.2,14.6,same-wrap,,,,
90190,90290,same-sheet,9.2,14.8,same-wrap,,,,
90190,90433,same-sheet,10.2,26.5,same-wrap,,,,
90190,90617,same-sheet,12.7,31.5,same-wrap,,,,
90190,89336,untestable,10.9,12.2,same-wrap,,,,
90198,90457,same-sheet,8.7,12.1,same-wrap,,,,
90198,91314,same-sheet,8.7,10.5,same-wrap,,,,
90198,91524,same-sheet,11.1,30.6,same-wrap,,,,
90200,90211,same-sheet,9.7,60.6,unresolved,,,,
90200,94263,same-sheet,8.0,8.1,unresolved,,,,
90200,104819,switch,107.7,269.8,unresolved,,,,
90200,108295,untestable,9.6,15.4,unresolved,,,,
90200,90110,same-sheet,8.7,12.4,unresolved,,,,
90211,91469,same-sheet,10.4,17.0,unresolved,,,,
90211,94263,same-sheet,10.1,10.8,unresolved,,,,
90211,97134,same-sheet,9.1,10.3,unresolved,,,,
90211,104819,switch,106.8,272.0,unresolved,,,,
90238,90343,same-sheet,9.3,19.8,same-wrap,,,,
90238,90433,same-sheet,9.5,18.6,same-wrap,,,,
90238,90867,same-sheet,10.0,19.2,same-wrap,,,,
90238,92324,same-sheet,11.2,21.6,same-wrap,,,,
90238,92332,same-sheet,8.8,13.8,same-wrap,,,,
90238,92336,same-sheet,9.3,26.1,same-wrap,,,,
90238,93454,same-sheet,9.9,17.6,same-wrap,,,,
90250,90357,same-sheet,10.5,32.9,same-wrap,,,,
90250,90520,same-sheet,10.2,20.5,same-wrap,,,,
90250,95109,same-sheet,9.1,16.3,same-wrap,,,,
90250,91325,same-sheet,9.3,23.5,same-wrap,,,,
90290,90617,same-sheet,8.6,14.4,same-wrap,,,,
90290,90767,untestable,8.0,8.0,same-wrap,,,,
90290,91826,same-sheet,8.5,9.3,same-wrap,,,,
90339,90366,same-sheet,10.5,42.2,same-wrap,,,,
90339,88717,same-sheet,12.7,32.0,same-wrap,,,,
90343,90433,same-sheet,8.6,11.9,same-wrap,,,,
90343,90867,same-sheet,8.5,11.7,same-wrap,,,,
90343,92324,same-sheet,9.3,18.4,same-wrap,,,,
90343,94231,same-sheet,8.6,9.9,same-wrap,,,,
90357,90520,same-sheet,9.6,18.8,same-wrap,,,,
90357,91325,same-sheet,9.0,14.1,same-wrap,,,,
90366,88717,same-sheet,17.0,76.8,same-wrap,,,,
90401,93774,same-sheet,9.6,18.2,unresolved,,,,
90401,93775,same-sheet,8.6,15.5,unresolved,,,,
90401,94006,untestable,9.2,18.6,unresolved,,,,
90413,90792,same-sheet,8.9,11.5,same-wrap,,,,
90413,91061,same-sheet,8.1,8.1,same-wrap,,,,
90413,91696,same-sheet,9.5,15.7,same-wrap,,,,
90413,91817,same-sheet,9.0,19.1,same-wrap,,,,
90413,88249,same-sheet,12.4,23.9,same-wrap,,,,
90416,90737,same-sheet,8.6,8.6,same-wrap,,,,
90416,91162,untestable,8.7,8.7,same-wrap,,,,
90433,90867,same-sheet,11.8,11.8,same-wrap,,,,
90433,96463,same-sheet,14.6,33.8,same-wrap,,,,
90457,91524,same-sheet,10.9,13.0,same-wrap,,,,
90491,91061,same-sheet,10.6,20.4,same-wrap,,,,
90491,91135,same-sheet,10.5,21.3,same-wrap,,,,
90491,91817,same-sheet,9.4,29.3,same-wrap,,,,
90491,88797,same-sheet,13.4,69.1,same-wrap,,,,
90520,90610,same-sheet,9.6,14.7,same-wrap,,,,
90520,91079,untestable,9.6,13.8,same-wrap,,,,
90520,93047,same-sheet,8.5,9.0,same-wrap,,,,
90520,95109,same-sheet,9.1,13.3,same-wrap,,,,
90520,91144,same-sheet,10.7,23.8,same-wrap,,,,
90522,90699,same-sheet,8.8,14.4,same-wrap,,,,
90522,90937,same-sheet,9.0,11.8,same-wrap,,,,
90522,91316,same-sheet,8.9,11.0,same-wrap,,,,
90522,91934,same-sheet,13.2,16.7,same-wrap,,,,
90522,91937,same-sheet,9.7,16.7,same-wrap,,,,
90522,88687,untestable,12.0,24.0,same-wrap,,,,
90522,89563,untestable,8.4,12.6,same-wrap,,,,
90522,90749,same-sheet,9.7,21.9,same-wrap,,,,
90523,87422,same-sheet,11.0,23.7,same-wrap,,,,
90523,88793,same-sheet,10.7,15.7,same-wrap,,,,
90523,88918,same-sheet,9.3,9.4,same-wrap,,,,
90545,93820,same-sheet,10.4,20.9,unresolved,,,,
90545,95154,same-sheet,9.3,10.7,unresolved,,,,
90545,95335,untestable,12.7,16.9,unresolved,,,,
90545,91129,same-sheet,10.7,30.8,unresolved,,,,
90545,94370,same-sheet,9.3,17.3,unresolved,,,,
90610,91079,ambiguous,10.0,49.2,same-wrap,,,,
90610,91241,same-sheet,9.1,12.9,same-wrap,,,,
90610,91282,same-sheet,10.9,43.4,same-wrap,,,,
90610,91867,switch,11.9,15.1,same-wrap,,,,
90610,91954,same-sheet,11.2,11.2,same-wrap,,,,
90617,90767,same-sheet,8.8,12.3,same-wrap,,,,
90699,90937,same-sheet,8.7,9.5,same-wrap,,,,
90699,91934,same-sheet,10.7,14.6,same-wrap,,,,
90699,94357,same-sheet,9.5,15.5,same-wrap,,,,
90737,91162,same-sheet,9.5,24.3,same-wrap,,,,
90737,93207,same-sheet,9.0,11.4,same-wrap,,,,
90737,91325,same-sheet,9.8,15.3,same-wrap,,,,
90767,91181,same-sheet,10.1,23.2,same-wrap,,,,
90767,91746,same-sheet,9.0,11.1,same-wrap,,,,
90767,91822,same-sheet,13.2,33.6,same-wrap,,,,
90767,91826,same-sheet,8.7,12.4,same-wrap,,,,
90792,91061,untestable,8.6,11.8,same-wrap,,,,
90792,91231,same-sheet,8.1,8.3,same-wrap,,,,
90792,91696,same-sheet,9.4,14.2,same-wrap,,,,
90792,91817,same-sheet,9.7,17.4,same-wrap,,,,
90792,91637,untestable,9.3,13.9,same-wrap,,,,
90867,91033,same-sheet,10.7,23.3,same-wrap,,,,
90867,92324,same-sheet,9.5,18.8,same-wrap,,,,
90867,92336,same-sheet,10.6,17.5,same-wrap,,,,
90867,93454,same-sheet,11.2,24.8,same-wrap,,,,
90913,91309,same-sheet,10.3,33.7,same-wrap,,,,
90913,92569,same-sheet,14.0,37.4,same-wrap,,,,
90913,92975,same-sheet,9.2,13.3,same-wrap,,,,
90913,97794,switch,100.8,281.3,adjacent,,,,
90913,90361,same-sheet,9.8,34.8,same-wrap,,,,
90922,87798,same-sheet,9.6,11.6,same-wrap,,,,
90922,90136,same-sheet,16.6,78.5,same-wrap,,,,
90937,91934,same-sheet,10.8,26.9,same-wrap,,,,
90937,91937,same-sheet,9.6,19.3,same-wrap,,,,
90937,94927,same-sheet,12.9,37.0,same-wrap,,,,
90937,95119,same-sheet,8.4,10.8,same-wrap,,,,
90937,90749,untestable,9.4,10.2,same-wrap,,,,
90937,92315,same-sheet,10.9,31.2,same-wrap,,,,
91033,92324,same-sheet,10.0,22.5,same-wrap,,,,
91033,92336,same-sheet,8.8,14.7,same-wrap,,,,
91033,93454,same-sheet,9.0,21.3,same-wrap,,,,
91033,93465,same-sheet,8.5,8.9,same-wrap,,,,
91033,94831,same-sheet,8.2,8.2,same-wrap,,,,
91033,96959,same-sheet,9.0,22.7,same-wrap,,,,
91050,91176,same-sheet,9.3,23.4,same-wrap,,,,
91050,91241,same-sheet,10.8,37.3,same-wrap,,,,
91050,91282,same-sheet,12.3,40.0,same-wrap,,,,
91050,92515,same-sheet,12.1,18.6,same-wrap,,,,
91050,86937,same-sheet,9.4,13.5,same-wrap,,,,
91061,91817,same-sheet,8.7,11.3,same-wrap,,,,
91061,88249,same-sheet,9.7,10.5,same-wrap,,,,
91079,91283,same-sheet,13.8,50.6,same-wrap,,,,
91079,91391,same-sheet,11.1,23.4,same-wrap,,,,
91079,91867,same-sheet,9.1,20.4,same-wrap,,,,
91079,91954,ambiguous,9.5,18.9,same-wrap,,,,
91079,93218,same-sheet,11.9,28.6,same-wrap,,,,
91079,91144,untestable,16.8,26.2,same-wrap,,,,
91122,91776,same-sheet,9.1,17.0,same-wrap,,,,
91122,99807,untestable,12.9,20.4,same-wrap,,,,
91135,91817,untestable,11.0,15.5,same-wrap,,,,
91135,88717,untestable,16.0,17.1,same-wrap,,,,
91158,91167,same-sheet,11.8,50.9,unresolved,,,,
91158,92382,same-sheet,9.6,18.2,unresolved,,,,
91158,92506,same-sheet,10.6,26.4,unresolved,,,,
91158,93773,same-sheet,10.7,16.9,unresolved,,,,
91162,93207,same-sheet,9.8,49.1,same-wrap,,,,
91162,93262,same-sheet,23.8,63.7,same-wrap,,,,
91162,93582,same-sheet,10.3,21.8,same-wrap,,,,
91162,91325,same-sheet,8.6,8.6,same-wrap,,,,
91167,91565,same-sheet,9.9,25.6,unresolved,,,,
91167,92195,same-sheet,9.5,25.0,unresolved,,,,
91167,92506,same-sheet,9.9,20.5,unresolved,,,,
91167,92657,same-sheet,8.7,11.3,unresolved,,,,
91167,92950,same-sheet,10.2,12.5,unresolved,,,,
91167,93120,same-sheet,9.9,13.1,unresolved,,,,
91167,93640,same-sheet,10.6,34.4,unresolved,,,,
91167,94048,untestable,10.8,13.4,unresolved,,,,
91175,91316,same-sheet,9.7,25.0,same-wrap,,,,
91175,96029,same-sheet,12.3,35.1,same-wrap,,,,
91175,96113,same-sheet,9.2,13.9,same-wrap,,,,
91175,111798,untestable,11.3,17.2,same-wrap,,,,
91175,89563,untestable,13.4,28.4,same-wrap,,,,
91175,97870,untestable,10.4,17.0,same-wrap,,,,
91176,91241,same-sheet,10.2,43.1,same-wrap,,,,
91176,92048,untestable,10.4,10.4,same-wrap,,,,
91176,92515,same-sheet,9.4,13.6,same-wrap,,,,
91176,86937,same-sheet,9.4,23.8,same-wrap,,,,
91181,91746,same-sheet,10.4,15.7,same-wrap,,,,
91181,91822,same-sheet,10.7,25.7,same-wrap,,,,
91181,91826,same-sheet,11.0,19.9,same-wrap,,,,
91181,92434,same-sheet,9.3,22.0,same-wrap,,,,
91231,91817,untestable,13.2,28.7,same-wrap,,,,
91231,91637,untestable,23.7,84.8,same-wrap,86.7,2.0,0.01,
91241,91282,ambiguous,18.6,57.9,same-wrap,,,,
91241,91867,untestable,8.0,8.4,same-wrap,,,,
91241,91954,same-sheet,9.5,31.5,same-wrap,,,,
91241,92515,same-sheet,9.5,11.4,same-wrap,,,,
91241,86937,untestable,10.6,17.4,same-wrap,,,,
91283,91338,same-sheet,10.0,27.6,same-wrap,,,,
91283,91391,same-sheet,10.8,35.5,same-wrap,,,,
91283,91954,same-sheet,10.3,29.6,same-wrap,,,,
91283,93218,same-sheet,14.1,30.8,same-wrap,,,,
91309,91695,same-sheet,10.4,47.4,same-wrap,,,,
91309,92387,same-sheet,12.1,36.2,same-wrap,,,,
91309,92531,same-sheet,13.0,37.9,same-wrap,,,,
91309,92569,same-sheet,12.2,26.7,same-wrap,,,,
91309,96335,same-sheet,9.3,12.1,same-wrap,,,,
91309,98007,untestable,9.0,9.0,same-wrap,,,,
91311,91772,untestable,9.0,12.1,same-wrap,,,,
91311,92008,same-sheet,9.8,13.1,same-wrap,,,,
91316,94659,same-sheet,11.5,12.9,same-wrap,,,,
91316,96448,same-sheet,16.9,34.3,same-wrap,,,,
91316,96670,same-sheet,10.0,18.8,same-wrap,,,,
91316,101806,same-sheet,10.8,30.3,same-wrap,,,,
91316,88687,same-sheet,10.5,26.3,same-wrap,,,,
91316,89563,same-sheet,11.1,56.7,same-wrap,,,,
91316,90749,same-sheet,10.0,11.3,same-wrap,,,,
91338,91391,same-sheet,11.9,33.1,same-wrap,,,,
91338,92570,untestable,11.1,26.7,same-wrap,,,,
91357,92332,same-sheet,10.1,15.4,same-wrap,,,,
91357,92775,same-sheet,9.7,21.7,same-wrap,,,,
91391,91758,same-sheet,11.1,40.8,same-wrap,,,,
91391,91867,same-sheet,9.4,12.5,same-wrap,,,,
91391,91954,same-sheet,9.1,24.0,same-wrap,,,,
91391,92570,same-sheet,13.5,52.6,same-wrap,,,,
91391,93234,untestable,8.3,8.5,same-wrap,,,,
91469,103387,switch,104.1,248.5,unresolved,,,,
91553,92674,same-sheet,12.7,56.2,same-wrap,,,,
91553,92832,same-sheet,12.6,19.3,same-wrap,,,,
91553,92865,same-sheet,13.8,47.2,same-wrap,,,,
91553,88793,same-sheet,9.1,12.2,same-wrap,,,,
91553,88918,same-sheet,8.9,16.3,same-wrap,,,,
91565,91703,same-sheet,9.9,20.2,unresolved,,,,
91565,91814,same-sheet,10.4,25.1,unresolved,,,,
91565,92195,same-sheet,11.2,42.5,unresolved,,,,
91565,92506,ambiguous,9.4,11.4,unresolved,,,,
91565,92657,same-sheet,10.5,48.7,unresolved,,,,
91565,92834,same-sheet,10.4,15.5,unresolved,,,,
91565,93605,same-sheet,12.1,34.4,unresolved,,,,
91565,93640,same-sheet,10.7,23.2,unresolved,,,,
91565,94237,same-sheet,10.5,19.0,unresolved,,,,
91695,92387,same-sheet,12.3,44.3,same-wrap,,,,
91695,92531,same-sheet,10.5,24.1,same-wrap,,,,
91695,92569,same-sheet,11.9,18.4,same-wrap,,,,
91695,93313,same-sheet,11.6,12.6,same-wrap,,,,
91695,94779,same-sheet,9.9,10.8,same-wrap,,,,
91696,91817,same-sheet,8.6,12.0,same-wrap,,,,
91696,91637,same-sheet,9.3,17.3,same-wrap,,,,
91703,91814,same-sheet,11.3,46.8,unresolved,,,,
91703,92657,same-sheet,8.5,10.2,unresolved,,,,
91703,92834,same-sheet,8.4,8.4,unresolved,,,,
91703,93620,same-sheet,10.2,20.7,unresolved,,,,
91703,94237,same-sheet,10.4,25.0,unresolved,,,,
91746,91822,same-sheet,9.6,13.7,same-wrap,,,,
91746,91826,same-sheet,8.2,8.4,same-wrap,,,,
91746,92434,same-sheet,8.9,14.4,same-wrap,,,,
91758,91811,same-sheet,10.2,29.1,same-wrap,,,,
91758,91954,same-sheet,9.3,24.2,same-wrap,,,,
91758,92570,same-sheet,11.2,24.7,same-wrap,,,,
91758,92987,untestable,13.0,42.6,same-wrap,,,,
91758,93234,same-sheet,11.0,35.6,same-wrap,,,,
91758,93567,same-sheet,9.0,17.0,same-wrap,,,,
91772,92008,same-sheet,10.7,11.9,same-wrap,,,,
91772,95028,untestable,8.9,10.0,same-wrap,,,,
91811,92570,untestable,11.7,34.0,same-wrap,,,,
91811,92987,untestable,10.7,46.8,same-wrap,,,,
91811,93234,same-sheet,9.8,16.7,same-wrap,,,,
91811,93567,untestable,8.8,12.9,same-wrap,,,,
91814,92195,same-sheet,11.5,29.7,unresolved,,,,
91814,92657,ambiguous,11.4,31.0,unresolved,,,,
91814,93605,same-sheet,10.4,26.3,unresolved,,,,
91814,93620,same-sheet,10.0,13.2,unresolved,,,,
91814,94237,same-sheet,10.0,29.2,unresolved,,,,
91817,91637,same-sheet,15.1,87.1,same-wrap,59.9,16.7,0.06,
91822,92434,same-sheet,11.9,46.2,same-wrap,,,,
91826,92434,same-sheet,8.3,8.3,same-wrap,,,,
91826,96463,same-sheet,8.1,8.1,same-wrap,,,,
91867,91954,ambiguous,9.2,14.4,same-wrap,,,,
91906,91941,same-sheet,9.3,12.0,unresolved,,,,
91906,92116,same-sheet,10.7,31.1,unresolved,,,,
91906,92523,same-sheet,9.9,43.8,unresolved,,,,
91906,92530,same-sheet,9.8,15.9,unresolved,,,,
91906,92894,same-sheet,10.5,12.1,unresolved,,,,
91906,94135,same-sheet,9.3,9.8,unresolved,,,,
91906,95335,same-sheet,10.8,19.2,unresolved,,,,
91906,91129,same-sheet,8.0,8.0,unresolved,,,,
91934,92434,same-sheet,11.0,18.9,same-wrap,,,,
91934,94357,untestable,13.4,14.1,same-wrap,,,,
91934,94419,same-sheet,9.6,29.1,same-wrap,,,,
91934,92315,same-sheet,10.2,18.0,same-wrap,,,,
91937,93285,same-sheet,9.6,13.7,same-wrap,,,,
91937,93804,same-sheet,8.1,8.1,unresolved,,,,
91937,94236,same-sheet,9.7,11.1,same-wrap,,,,
91937,94927,same-sheet,8.3,8.3,same-wrap,,,,
91937,96448,untestable,8.4,8.4,same-wrap,,,,
91937,90749,same-sheet,8.8,13.2,same-wrap,,,,
91941,92523,same-sheet,11.7,29.8,unresolved,,,,
91941,92530,same-sheet,10.5,40.4,unresolved,,,,
92008,95028,same-sheet,10.0,16.7,same-wrap,,,,
92030,92775,same-sheet,14.2,58.7,same-wrap,,,,
92030,92975,switch,24.8,45.4,same-wrap,,,,
92048,92515,ambiguous,19.8,51.7,same-wrap,,,,
92048,86697,same-sheet,10.4,13.9,unresolved,,,,
92048,91694,same-sheet,12.1,31.9,same-wrap,,,,
92116,92523,same-sheet,11.5,32.6,unresolved,,,,
92116,92894,same-sheet,9.1,12.0,unresolved,,,,
92116,93204,same-sheet,9.8,14.8,unresolved,,,,
92116,93764,same-sheet,11.0,21.3,unresolved,,,,
92116,95335,same-sheet,9.5,15.0,unresolved,,,,
92195,92506,same-sheet,8.3,8.8,unresolved,,,,
92195,93270,same-sheet,11.4,13.0,unresolved,,,,
92195,93605,untestable,9.0,11.5,unresolved,,,,
92195,93893,same-sheet,8.2,8.2,unresolved,,,,
92195,94048,ambiguous,10.1,17.7,unresolved,,,,
92195,94130,same-sheet,10.9,25.8,unresolved,,,,
92195,94258,same-sheet,9.3,25.4,unresolved,,,,
92324,92912,same-sheet,10.6,19.4,same-wrap,,,,
92324,93454,same-sheet,10.9,23.0,same-wrap,,,,
92324,94231,same-sheet,9.0,10.5,same-wrap,,,,
92324,94831,same-sheet,9.3,22.9,same-wrap,,,,
92324,96959,same-sheet,10.1,21.2,same-wrap,,,,
92332,92336,same-sheet,9.7,9.7,unresolved,,,,
92332,92468,same-sheet,9.5,11.9,same-wrap,,,,
92332,92578,untestable,9.2,16.1,same-wrap,,,,
92332,92775,same-sheet,9.7,26.6,same-wrap,,,,
92332,93100,same-sheet,11.3,15.8,same-wrap,,,,
92332,93454,same-sheet,8.0,11.1,same-wrap,,,,
92332,92450,same-sheet,10.2,35.5,same-wrap,,,,
92336,93454,same-sheet,8.3,9.4,same-wrap,,,,
92352,93207,same-sheet,9.5,22.4,same-wrap,,,,
92352,93262,untestable,9.3,10.2,same-wrap,,,,
92352,93272,untestable,9.1,12.2,same-wrap,,,,
92352,94422,untestable,8.6,12.1,same-wrap,,,,
92352,91325,ambiguous,11.4,41.5,same-wrap,,,,
92382,92506,same-sheet,9.9,39.1,unresolved,,,,
92382,93773,same-sheet,10.5,25.1,unresolved,,,,
92382,94048,same-sheet,11.3,34.5,unresolved,,,,
92387,92531,same-sheet,12.3,31.6,same-wrap,,,,
92387,93138,same-sheet,12.4,19.1,same-wrap,,,,
92387,94592,ambiguous,20.4,54.9,same-wrap,,,,
92387,94779,same-sheet,11.4,30.5,same-wrap,,,,
92392,93582,same-sheet,8.9,10.6,same-wrap,,,,
92434,92544,same-sheet,8.7,10.3,same-wrap,,,,
92434,94357,same-sheet,9.0,17.4,same-wrap,,,,
92434,94419,same-sheet,9.3,15.8,same-wrap,,,,
92468,92775,same-sheet,10.1,22.8,same-wrap,,,,
92468,92891,same-sheet,8.9,11.3,same-wrap,,,,
92468,93100,same-sheet,9.4,19.0,same-wrap,,,,
92468,92450,same-sheet,9.5,23.4,same-wrap,,,,
92506,94048,ambiguous,10.7,21.0,unresolved,,,,
92515,99182,same-sheet,9.1,12.8,same-wrap,,,,
92515,86937,same-sheet,9.4,13.9,same-wrap,,,,
92515,91694,untestable,16.0,74.2,unresolved,,,,
92523,92530,same-sheet,9.9,20.4,unresolved,,,,
92523,92894,same-sheet,11.0,27.2,unresolved,,,,
92523,93204,same-sheet,9.3,18.5,unresolved,,,,
92523,93764,same-sheet,8.4,8.9,unresolved,,,,
92523,94130,untestable,9.6,11.1,unresolved,,,,
92523,94135,same-sheet,10.5,40.9,unresolved,,,,
92523,95335,same-sheet,11.6,40.7,unresolved,,,,
92523,91129,same-sheet,9.0,9.0,unresolved,,,,
92523,93712,same-sheet,10.0,17.5,unresolved,,,,
92530,94135,same-sheet,9.0,43.9,unresolved,,,,
92530,92719,untestable,12.7,77.1,unresolved,,,,
92531,94779,same-sheet,9.3,15.3,same-wrap,,,,
92544,93900,same-sheet,12.4,37.2,same-wrap,,,,
92544,94260,same-sheet,9.4,14.6,same-wrap,,,,
92544,94419,same-sheet,8.3,8.7,same-wrap,,,,
92544,98237,ambiguous,58.5,168.4,same-wrap,76.8,95.6,0.01,
92569,92975,same-sheet,11.0,37.5,same-wrap,,,,
92569,93313,same-sheet,10.8,22.1,same-wrap,,,,
92569,93369,untestable,8.5,8.8,same-wrap,,,,
92570,92987,untestable,15.8,34.0,same-wrap,,,,
92578,92450,untestable,9.8,34.7,same-wrap,,,,
92620,92890,same-sheet,12.0,43.8,same-wrap,,,,
92620,92939,untestable,9.4,34.7,same-wrap,,,,
92620,93651,same-sheet,8.9,15.5,same-wrap,,,,
92620,94001,same-sheet,9.1,15.8,same-wrap,,,,
92620,94173,untestable,10.7,14.7,same-wrap,,,,
92620,99047,untestable,10.3,11.3,same-wrap,,,,
92657,92834,ambiguous,10.0,20.6,unresolved,,,,
92657,93640,same-sheet,10.6,45.3,unresolved,,,,
92657,94237,same-sheet,9.8,13.3,unresolved,,,,
92674,92832,same-sheet,17.4,68.7,same-wrap,,,,
92674,92865,ambiguous,28.3,59.3,same-wrap,,,,
92717,93129,same-sheet,10.1,37.3,same-wrap,,,,
92717,93581,same-sheet,11.0,38.1,same-wrap,,,,
92717,94298,untestable,14.2,28.1,same-wrap,,,,
92717,95108,same-sheet,13.2,20.3,same-wrap,,,,
92775,92891,same-sheet,9.6,33.3,same-wrap,,,,
92775,93100,same-sheet,10.0,22.8,same-wrap,,,,
92775,90361,same-sheet,8.0,8.0,same-wrap,,,,
92775,92450,same-sheet,10.3,19.8,same-wrap,,,,
92832,92865,same-sheet,15.1,44.3,same-wrap,,,,
92832,93584,untestable,11.7,11.7,same-wrap,,,,
92832,96335,same-sheet,9.3,16.0,same-wrap,,,,
92832,96768,same-sheet,11.3,49.0,same-wrap,,,,
92834,93120,same-sheet,10.9,19.5,unresolved,,,,
92834,94237,untestable,13.5,28.4,unresolved,,,,
92865,93584,same-sheet,8.9,12.3,same-wrap,,,,
92865,96335,same-sheet,10.0,13.2,same-wrap,,,,
92865,98007,same-sheet,9.5,10.6,same-wrap,,,,
92890,93406,ambiguous,9.9,18.0,same-wrap,,,,
92890,93651,same-sheet,11.6,34.9,same-wrap,,,,
92890,94001,same-sheet,12.9,28.6,same-wrap,,,,
92890,94173,same-sheet,12.9,25.6,same-wrap,,,,
92890,94236,same-sheet,10.9,19.6,same-wrap,,,,
92890,95119,untestable,7.9,7.9,same-wrap,,,,
92891,92975,same-sheet,11.6,23.2,same-wrap,,,,
92891,93100,same-sheet,10.9,53.0,same-wrap,,,,
92891,93313,untestable,9.6,11.9,same-wrap,,,,
92891,93369,same-sheet,9.3,18.8,same-wrap,,,,
92894,93204,same-sheet,10.3,17.8,unresolved,,,,
92894,93463,untestable,11.5,25.1,unresolved,,,,
92894,93641,same-sheet,10.9,15.4,unresolved,,,,
92894,93739,same-sheet,11.1,18.3,unresolved,,,,
92894,93764,same-sheet,8.9,14.1,unresolved,,,,
92894,95335,same-sheet,10.6,26.0,unresolved,,,,
92912,92932,same-sheet,12.8,36.0,same-wrap,,,,
92912,93900,same-sheet,9.1,12.1,same-wrap,,,,
92912,93957,same-sheet,10.7,30.0,same-wrap,,,,
92912,94231,same-sheet,9.1,11.7,same-wrap,,,,
92912,94831,same-sheet,11.5,20.0,same-wrap,,,,
92932,93708,ambiguous,10.1,12.8,same-wrap,,,,
92932,93900,same-sheet,11.4,24.4,same-wrap,,,,
92932,93957,same-sheet,12.3,54.2,same-wrap,,,,
92932,94138,same-sheet,8.3,9.3,same-wrap,,,,
92932,94274,same-sheet,19.5,39.4,same-wrap,,,,
92932,94380,same-sheet,10.7,30.4,same-wrap,,,,
92932,94198,same-sheet,12.8,21.3,same-wrap,,,,
92939,93651,same-sheet,10.9,26.0,same-wrap,,,,
92939,93761,untestable,9.1,14.3,same-wrap,,,,
92950,93120,same-sheet,8.8,13.0,unresolved,,,,
92950,93640,same-sheet,10.6,23.7,unresolved,,,,
92975,93313,same-sheet,11.1,28.2,same-wrap,,,,
92975,97794,switch,74.4,112.0,adjacent,,,,
92975,90361,ambiguous,15.0,54.0,same-wrap,,,,
92987,93234,untestable,11.9,39.1,same-wrap,,,,
93047,95109,ambiguous,15.4,57.1,same-wrap,,,,
93100,93313,same-sheet,9.7,13.6,same-wrap,,,,
93100,93369,same-sheet,9.6,17.1,same-wrap,,,,
93100,92450,ambiguous,9.6,48.4,same-wrap,,,,
93100,94888,same-sheet,7.9,7.9,same-wrap,,,,
93120,93640,same-sheet,12.5,34.6,unresolved,,,,
93129,93581,same-sheet,12.3,32.2,same-wrap,,,,
93129,94298,untestable,9.3,16.4,same-wrap,,,,
93129,95108,same-sheet,9.2,12.9,same-wrap,,,,
93129,96197,same-sheet,8.4,8.4,same-wrap,,,,
93138,93584,same-sheet,10.2,25.9,same-wrap,,,,
93138,94592,same-sheet,13.3,30.5,same-wrap,,,,
93138,94779,same-sheet,10.7,38.4,same-wrap,,,,
93138,102498,same-sheet,11.5,14.0,same-wrap,,,,
93204,93463,same-sheet,10.3,23.7,unresolved,,,,
93204,93764,same-sheet,9.8,17.8,unresolved,,,,
93204,94034,untestable,9.6,10.9,unresolved,,,,
93204,94170,same-sheet,10.2,18.5,unresolved,,,,
93207,93262,same-sheet,9.4,49.4,same-wrap,,,,
93207,93272,same-sheet,11.5,29.3,same-wrap,,,,
93207,91325,same-sheet,9.0,13.5,same-wrap,,,,
93218,91144,untestable,25.9,119.9,same-wrap,58.8,23.5,0.34,
93234,93567,same-sheet,10.6,31.3,same-wrap,,,,
93262,93272,same-sheet,9.1,14.1,same-wrap,,,,
93270,94048,same-sheet,11.0,24.4,unresolved,,,,
93270,94130,same-sheet,11.6,35.4,unresolved,,,,
93270,94135,untestable,9.4,15.6,same-wrap,,,,
93272,94422,untestable,10.8,29.4,same-wrap,,,,
93272,91325,same-sheet,9.4,11.5,same-wrap,,,,
93285,94236,same-sheet,11.2,21.4,same-wrap,,,,
93285,95119,same-sheet,12.9,52.3,same-wrap,,,,
93313,93369,same-sheet,9.2,13.8,same-wrap,,,,
93396,96264,same-sheet,10.4,26.9,same-wrap,,,,
93396,102314,same-sheet,10.5,16.7,same-wrap,,,,
93396,104677,untestable,10.0,11.0,same-wrap,,,,
93396,82400,same-sheet,12.0,24.3,same-wrap,,,,
93406,93601,same-sheet,10.1,23.0,same-wrap,,,,
93406,93651,same-sheet,10.4,16.0,same-wrap,,,,
93406,93804,same-sheet,9.6,21.6,same-wrap,,,,
93406,94236,same-sheet,12.8,31.3,same-wrap,,,,
93406,95119,same-sheet,12.0,41.0,same-wrap,,,,
93454,93465,same-sheet,10.2,37.7,same-wrap,,,,
93454,96959,same-sheet,10.3,18.3,same-wrap,,,,
93463,93641,same-sheet,11.2,30.4,unresolved,,,,
93463,93739,same-sheet,9.6,26.4,unresolved,,,,
93463,93764,same-sheet,9.6,20.1,unresolved,,,,
93463,93912,untestable,8.6,8.6,unresolved,,,,
93463,93917,same-sheet,9.5,15.6,unresolved,,,,
93463,94034,same-sheet,10.2,19.5,unresolved,,,,
93463,95335,untestable,9.9,12.8,unresolved,,,,
93465,96959,same-sheet,9.8,23.3,same-wrap,,,,
93567,93626,ambiguous,8.1,8.7,same-wrap,,,,
93567,93907,same-sheet,9.0,15.0,same-wrap,,,,
93567,94053,same-sheet,9.7,18.6,same-wrap,,,,
93567,95011,same-sheet,9.6,18.7,same-wrap,,,,
93567,96249,untestable,8.8,12.5,same-wrap,,,,
93581,95108,same-sheet,9.9,28.8,same-wrap,,,,
93581,96760,same-sheet,11.6,18.5,same-wrap,,,,
93581,96921,same-sheet,9.4,17.0,same-wrap,,,,
93581,96560,same-sheet,8.0,8.0,same-wrap,,,,
93584,94779,same-sheet,10.0,64.6,same-wrap,,,,
93584,96335,same-sheet,10.1,21.8,same-wrap,,,,
93584,96768,same-sheet,18.2,49.4,same-wrap,,,,
93584,102498,same-sheet,9.6,13.0,same-wrap,,,,
93601,93651,same-sheet,9.4,16.0,same-wrap,,,,
93601,93804,same-sheet,11.6,22.5,same-wrap,,,,
93601,94322,same-sheet,11.1,47.4,same-wrap,,,,
93601,94659,untestable,8.3,10.4,same-wrap,,,,
93601,102338,same-sheet,9.3,16.6,same-wrap,,,,
93601,95983,same-sheet,11.1,27.0,same-wrap,,,,
93605,93620,same-sheet,8.4,14.0,unresolved,,,,
93605,93893,same-sheet,9.3,17.7,same-wrap,,,,
93605,94034,same-sheet,9.6,15.5,unresolved,,,,
93605,94237,same-sheet,8.6,11.3,unresolved,,,,
93605,94258,same-sheet,9.3,18.9,unresolved,,,,
93605,94170,same-sheet,10.3,14.3,unresolved,,,,
93620,94034,same-sheet,11.6,62.4,unresolved,,,,
93620,94237,same-sheet,13.5,59.3,unresolved,,,,
93626,93907,same-sheet,13.4,46.9,same-wrap,,,,
93626,94387,ambiguous,13.9,56.1,same-wrap,,,,
93626,96113,same-sheet,9.0,9.6,same-wrap,,,,
93631,93827,same-sheet,9.8,11.5,same-wrap,,,,
93631,94387,same-sheet,10.4,17.6,same-wrap,,,,
93631,93844,same-sheet,9.4,12.9,same-wrap,,,,
93641,93739,same-sheet,10.7,16.3,unresolved,,,,
93641,93764,same-sheet,18.2,34.5,unresolved,,,,
93641,93917,same-sheet,9.6,23.6,unresolved,,,,
93641,95335,same-sheet,12.8,20.1,unresolved,,,,
93651,93761,untestable,8.0,8.0,same-wrap,,,,
93651,95983,same-sheet,12.5,13.1,same-wrap,,,,
93708,93900,same-sheet,8.8,14.4,same-wrap,,,,
93708,93957,same-sheet,11.2,25.0,same-wrap,,,,
93708,94231,same-sheet,8.8,9.5,same-wrap,,,,
93708,94274,same-sheet,11.3,29.4,same-wrap,,,,
93708,94574,same-sheet,9.6,15.8,same-wrap,,,,
93708,94621,same-sheet,9.2,14.1,same-wrap,,,,
93708,94198,same-sheet,9.0,32.7,same-wrap,,,,
93739,93912,same-sheet,8.8,10.6,unresolved,,,,
93739,93917,same-sheet,12.5,39.9,unresolved,,,,
93739,96097,same-sheet,8.8,10.7,unresolved,,,,
93739,98798,same-sheet,8.4,13.1,unresolved,,,,
93761,98329,same-sheet,10.8,20.2,same-wrap,,,,
93761,100779,untestable,9.3,10.4,same-wrap,,,,
93761,95983,same-sheet,13.7,64.7,same-wrap,,,,
93764,93912,same-sheet,10.3,21.8,unresolved,,,,
93764,93917,same-sheet,11.3,17.7,unresolved,,,,
93764,94034,same-sheet,10.0,20.3,unresolved,,,,
93764,93712,same-sheet,11.3,25.0,unresolved,,,,
93764,94170,same-sheet,9.2,13.7,unresolved,,,,
93774,93775,same-sheet,9.6,18.9,unresolved,,,,
93774,94006,same-sheet,9.6,21.2,unresolved,,,,
93774,94007,untestable,9.6,10.4,unresolved,,,,
93774,94383,same-sheet,10.2,15.5,unresolved,,,,
93775,94006,same-sheet,9.4,19.7,unresolved,,,,
93775,94708,untestable,10.0,11.4,unresolved,,,,
93775,94789,same-sheet,9.4,20.2,unresolved,,,,
93775,94836,same-sheet,11.0,11.0,unresolved,,,,
93775,96336,same-sheet,11.0,26.0,unresolved,,,,
93804,94322,same-sheet,8.1,8.1,same-wrap,,,,
93804,96448,same-sheet,8.4,8.7,same-wrap,,,,
93820,95335,untestable,8.1,8.1,unresolved,,,,
93820,91129,untestable,8.4,8.5,unresolved,,,,
93820,94370,same-sheet,8.9,10.5,unresolved,,,,
93820,94901,untestable,8.7,8.7,unresolved,,,,
93827,93907,untestable,18.6,33.5,same-wrap,,,,
93827,94387,same-sheet,10.5,21.2,same-wrap,,,,
93827,93844,same-sheet,11.7,36.7,same-wrap,,,,
93893,94258,same-sheet,10.1,25.7,unresolved,,,,
93893,94170,ambiguous,15.3,80.4,unresolved,,,,
93900,94231,same-sheet,8.6,11.9,same-wrap,,,,
93900,94260,same-sheet,11.1,29.4,same-wrap,,,,
93900,94574,same-sheet,8.9,14.4,same-wrap,,,,
93900,93181,same-sheet,8.0,8.0,same-wrap,,,,
93900,98237,same-sheet,10.5,56.7,same-wrap,,,,
93907,94387,same-sheet,11.4,48.9,same-wrap,,,,
93907,95011,same-sheet,10.4,26.6,same-wrap,,,,
93907,96113,same-sheet,10.1,20.3,same-wrap,,,,
93907,93844,same-sheet,10.8,36.3,same-wrap,,,,
93907,94591,same-sheet,9.2,12.4,same-wrap,,,,
93912,93917,untestable,8.9,11.9,unresolved,,,,
93912,94034,same-sheet,9.9,23.5,unresolved,,,,
93917,94034,same-sheet,9.4,13.0,unresolved,,,,
93917,96097,same-sheet,11.4,23.0,unresolved,,,,
93917,98798,same-sheet,10.1,14.5,unresolved,,,,
93957,94138,same-sheet,9.4,11.5,same-wrap,,,,
93957,94380,same-sheet,9.2,16.5,same-wrap,,,,
93957,96959,same-sheet,8.7,9.0,same-wrap,,,,
93957,94198,same-sheet,8.5,13.4,same-wrap,,,,
94001,94173,same-sheet,11.6,51.8,same-wrap,,,,
94001,94274,untestable,13.5,17.1,unresolved,,,,
94001,94621,same-sheet,10.9,24.2,same-wrap,,,,
94001,99047,same-sheet,10.3,19.9,unresolved,,,,
94006,94007,untestable,10.1,14.4,unresolved,,,,
94006,94383,same-sheet,9.4,17.7,unresolved,,,,
94007,94383,same-sheet,9.4,16.5,unresolved,,,,
94034,94237,same-sheet,9.1,17.1,unresolved,,,,
94034,94170,untestable,8.6,10.6,unresolved,,,,
94048,94130,same-sheet,10.7,22.2,unresolved,,,,
94053,96249,untestable,10.2,12.6,same-wrap,,,,
94053,100063,same-sheet,8.4,8.6,same-wrap,,,,
94053,102338,same-sheet,9.1,11.4,same-wrap,,,,
94130,94135,same-sheet,9.6,19.4,same-wrap,,,,
94130,94258,same-sheet,10.2,21.0,unresolved,,,,
94130,93712,same-sheet,11.4,24.6,unresolved,,,,
94135,94258,same-sheet,12.2,17.3,unresolved,,,,
94135,92719,untestable,9.8,66.9,unresolved,,,,
94135,93712,same-sheet,10.1,22.7,unresolved,,,,
94138,94274,same-sheet,11.0,26.1,same-wrap,,,,
94138,94380,same-sheet,9.3,13.2,same-wrap,,,,
94138,96959,untestable,12.3,12.3,same-wrap,,,,
94138,94198,same-sheet,9.4,12.6,same-wrap,,,,
94173,94274,untestable,9.8,10.8,same-wrap,,,,
94173,94621,same-sheet,9.8,26.3,same-wrap,,,,
94173,95119,same-sheet,10.7,18.3,same-wrap,,,,
94173,99047,same-sheet,11.5,29.3,same-wrap,,,,
94231,94260,same-sheet,10.5,20.3,unresolved,,,,
94231,96463,same-sheet,9.6,19.9,same-wrap,,,,
94236,95119,same-sheet,11.3,48.8,same-wrap,,,,
94258,101797,ambiguous,11.5,19.6,unresolved,,,,
94258,93712,same-sheet,12.1,33.8,unresolved,,,,
94258,94170,ambiguous,19.1,55.0,unresolved,,,,
94263,97134,same-sheet,8.9,17.5,unresolved,,,,
94274,94380,same-sheet,9.3,12.1,same-wrap,,,,
94274,94621,same-sheet,9.9,14.5,same-wrap,,,,
94274,96043,same-sheet,11.3,18.0,same-wrap,,,,
94274,99047,same-sheet,9.4,30.5,same-wrap,,,,
94274,94198,same-sheet,12.2,81.0,same-wrap,20.4,62.4,0.21,
94298,96474,untestable,11.2,21.6,same-wrap,,,,
94322,94659,untestable,19.1,19.1,same-wrap,,,,
94322,102338,same-sheet,10.2,61.1,same-wrap,,,,
94322,104484,untestable,9.9,10.0,same-wrap,,,,
94380,94831,same-sheet,10.1,19.1,same-wrap,,,,
94380,96043,same-sheet,9.4,12.5,same-wrap,,,,
94380,96959,same-sheet,10.3,40.0,same-wrap,,,,
94380,94198,same-sheet,8.8,10.1,same-wrap,,,,
94387,96113,untestable,16.2,19.3,same-wrap,,,,
94387,93844,same-sheet,11.8,42.2,same-wrap,,,,
94419,92315,same-sheet,10.7,53.3,same-wrap,,,,
94419,98237,switch,86.4,180.7,same-wrap,77.7,96.9,0.04,
94422,91325,untestable,13.0,58.4,same-wrap,,,,
94574,94621,same-sheet,11.3,31.9,same-wrap,,,,
94574,94927,same-sheet,8.9,9.9,same-wrap,,,,
94574,95119,same-sheet,10.5,21.9,same-wrap,,,,
94574,93181,same-sheet,8.1,8.1,same-wrap,,,,
94574,98237,same-sheet,8.5,9.3,same-wrap,,,,
94592,94779,same-sheet,10.5,18.8,same-wrap,,,,
94592,95247,ambiguous,9.1,10.3,same-wrap,,,,
94592,98353,untestable,8.9,10.6,same-wrap,,,,
94621,95119,same-sheet,9.1,13.2,same-wrap,,,,
94621,99047,same-sheet,10.6,29.8,same-wrap,,,,
94621,94198,ambiguous,10.1,16.1,same-wrap,,,,
94659,96670,same-sheet,11.7,23.3,same-wrap,,,,
94659,101806,same-sheet,16.2,26.9,same-wrap,,,,
94659,104484,same-sheet,10.0,32.9,same-wrap,,,,
94708,94789,same-sheet,11.4,30.7,unresolved,,,,
94708,94836,same-sheet,11.9,18.2,unresolved,,,,
94708,96336,untestable,8.7,9.3,unresolved,,,,
94708,97854,same-sheet,10.5,31.4,unresolved,,,,
94708,98959,same-sheet,8.2,8.3,unresolved,,,,
94779,94947,same-sheet,11.1,39.8,same-wrap,,,,
94779,95247,same-sheet,11.1,21.2,same-wrap,,,,
94779,98353,same-sheet,11.0,11.3,same-wrap,,,,
94779,102498,same-sheet,8.7,19.1,same-wrap,,,,
94779,95209,same-sheet,10.0,15.3,same-wrap,,,,
94789,94836,same-sheet,9.2,16.3,unresolved,,,,
94789,97373,same-sheet,11.9,16.6,unresolved,,,,
94789,97854,same-sheet,11.2,27.2,unresolved,,,,
94831,96959,same-sheet,8.4,9.8,same-wrap,,,,
94836,97373,same-sheet,10.2,24.2,unresolved,,,,
94836,97486,same-sheet,8.9,18.0,unresolved,,,,
94836,97854,same-sheet,10.7,13.5,unresolved,,,,
94836,98033,same-sheet,9.1,18.0,unresolved,,,,
94927,95119,same-sheet,9.9,12.0,same-wrap,,,,
94927,92315,same-sheet,9.7,37.0,same-wrap,,,,
94947,95247,same-sheet,12.0,34.0,same-wrap,,,,
94947,95440,ambiguous,9.3,13.5,same-wrap,,,,
94947,95475,untestable,9.8,9.8,same-wrap,,,,
94947,95647,same-sheet,11.0,36.6,same-wrap,,,,
94947,95209,same-sheet,11.8,22.2,same-wrap,,,,
94947,96739,ambiguous,206.4,523.4,adjacent,,,,
95011,104484,same-sheet,8.6,8.7,same-wrap,,,,
95011,94591,same-sheet,10.4,14.3,same-wrap,,,,
95028,89429,ambiguous,13.7,27.0,same-wrap,,,,
95079,98191,same-sheet,11.5,37.8,same-wrap,,,,
95106,97373,same-sheet,13.7,28.9,unresolved,,,,
95106,98033,same-sheet,10.3,27.1,unresolved,,,,
95106,98775,same-sheet,10.0,15.5,unresolved,,,,
95106,98969,same-sheet,10.6,18.6,unresolved,,,,
95106,94901,same-sheet,11.1,25.1,unresolved,,,,
95108,95232,same-sheet,14.7,25.7,same-wrap,,,,
95108,96197,same-sheet,10.0,21.8,same-wrap,,,,
95119,92315,same-sheet,10.6,39.5,same-wrap,,,,
95119,93181,same-sheet,8.1,8.1,same-wrap,,,,
95144,95315,same-sheet,8.9,15.5,same-wrap,,,,
95144,97369,same-sheet,8.7,13.8,same-wrap,,,,
95144,96739,untestable,12.7,66.1,same-wrap,,,,
95144,98272,untestable,11.3,39.6,same-wrap,,,,
95154,97194,same-sheet,10.5,10.8,unresolved,,,,
95154,108510,switch,98.6,227.9,unresolved,,,,
95154,92244,ambiguous,66.3,105.3,unresolved,,,,
95154,94360,same-sheet,9.4,28.6,unresolved,,,,
95154,94370,same-sheet,8.8,14.6,unresolved,,,,
95232,95625,same-sheet,8.6,11.7,same-wrap,,,,
95232,96197,same-sheet,11.5,47.5,same-wrap,,,,
95247,98353,untestable,8.4,8.8,same-wrap,,,,
95247,98556,untestable,8.4,10.7,same-wrap,,,,
95247,98966,untestable,9.3,13.2,same-wrap,,,,
95247,96739,ambiguous,172.6,506.9,adjacent,,,,
95305,95475,same-sheet,10.7,16.1,same-wrap,,,,
95305,96300,same-sheet,10.3,17.9,same-wrap,,,,
95305,96326,same-sheet,8.1,8.1,same-wrap,,,,
95305,98848,same-sheet,9.0,13.3,same-wrap,,,,
95305,101408,ambiguous,109.4,239.8,adjacent,,,,
95305,102498,same-sheet,13.6,37.1,same-wrap,,,,
95305,95209,same-sheet,11.4,49.2,same-wrap,,,,
95315,95403,same-sheet,10.6,16.5,same-wrap,,,,
95315,95740,same-sheet,11.2,34.1,same-wrap,,,,
95315,97369,same-sheet,9.6,23.9,same-wrap,,,,
95315,95964,same-sheet,11.5,34.9,same-wrap,,,,
95315,98272,same-sheet,9.1,16.3,same-wrap,,,,
95327,95739,same-sheet,8.6,11.3,same-wrap,,,,
95327,96544,same-sheet,8.5,13.0,same-wrap,,,,
95327,98454,same-sheet,13.8,43.6,same-wrap,,,,
95327,90194,ambiguous,99.0,191.3,adjacent,,,,
95327,96560,same-sheet,9.5,16.3,same-wrap,,,,
95335,91129,same-sheet,8.3,8.3,unresolved,,,,
95403,95740,same-sheet,9.9,21.1,same-wrap,,,,
95403,96006,same-sheet,7.9,7.9,same-wrap,,,,
95403,96418,same-sheet,9.4,15.4,same-wrap,,,,
95403,95964,same-sheet,9.5,14.8,same-wrap,,,,
95403,98272,untestable,8.3,8.6,same-wrap,,,,
95418,95623,ambiguous,139.7,323.4,unresolved,,,,
95418,96342,untestable,8.7,8.7,unresolved,,,,
95418,96438,same-sheet,10.6,21.9,unresolved,,,,
95418,100278,same-sheet,9.0,12.3,unresolved,,,,
95418,94370,ambiguous,78.7,101.1,unresolved,,,,
95418,94901,ambiguous,84.6,137.7,unresolved,,,,
95440,95647,same-sheet,10.3,14.6,same-wrap,,,,
95440,96912,untestable,10.6,12.1,same-wrap,,,,
95475,95647,same-sheet,8.3,8.3,same-wrap,,,,
95475,96300,same-sheet,9.5,14.6,same-wrap,,,,
95623,96348,same-sheet,10.2,18.8,unresolved,,,,
95623,98775,same-sheet,10.5,27.7,unresolved,,,,
95623,94370,same-sheet,13.0,20.2,unresolved,,,,
95623,94901,same-sheet,9.5,13.6,unresolved,,,,
95625,96332,same-sheet,9.5,15.0,same-wrap,,,,
95625,96474,same-sheet,8.2,9.4,same-wrap,,,,
95625,97216,same-sheet,10.2,11.8,same-wrap,,,,
95625,97349,same-sheet,9.4,16.6,same-wrap,,,,
95647,109678,untestable,8.0,8.0,same-wrap,,,,
95647,110881,same-sheet,9.0,15.9,same-wrap,,,,
95739,96921,same-sheet,10.1,37.6,same-wrap,,,,
95739,98454,same-sheet,11.2,34.9,same-wrap,,,,
95739,90194,ambiguous,48.2,174.0,same-wrap,68.5,9.1,58.09,100.0
95739,96560,same-sheet,9.7,19.7,same-wrap,,,,
95740,96006,same-sheet,9.5,15.6,same-wrap,,,,
95740,96418,same-sheet,9.5,16.0,same-wrap,,,,
95740,97369,same-sheet,8.2,9.5,same-wrap,,,,
95740,97669,same-sheet,9.1,9.6,same-wrap,,,,
95740,95964,same-sheet,8.8,17.0,same-wrap,,,,
95740,98272,untestable,8.1,8.2,same-wrap,,,,
95778,96342,same-sheet,10.3,17.6,unresolved,,,,
95778,96438,untestable,8.8,10.3,unresolved,,,,
95778,98798,ambiguous,16.0,23.9,unresolved,,,,
95778,100278,same-sheet,9.5,11.7,unresolved,,,,
95778,96924,untestable,9.6,11.1,unresolved,,,,
96006,96418,same-sheet,10.1,24.8,same-wrap,,,,
96006,97369,untestable,8.4,10.9,same-wrap,,,,
96006,97669,same-sheet,10.7,44.5,same-wrap,,,,
96006,101884,same-sheet,9.4,10.0,same-wrap,,,,
96006,101654,same-sheet,11.3,27.4,same-wrap,,,,
96029,111798,same-sheet,10.9,41.7,same-wrap,,,,
96029,97870,same-sheet,12.8,27.1,same-wrap,,,,
96043,99047,same-sheet,8.9,11.5,same-wrap,,,,
96097,98798,same-sheet,9.9,13.8,unresolved,,,,
96113,101806,same-sheet,10.0,29.5,same-wrap,,,,
96113,93844,same-sheet,8.3,9.9,same-wrap,,,,
96113,94591,same-sheet,13.0,59.9,same-wrap,,,,
96197,96632,same-sheet,10.2,13.9,same-wrap,,,,
96197,98230,same-sheet,9.4,10.4,same-wrap,,,,
96197,103127,same-sheet,10.7,16.3,same-wrap,,,,
96197,96763,same-sheet,9.9,16.3,same-wrap,,,,
96300,96326,same-sheet,8.3,11.1,same-wrap,,,,
96300,98454,same-sheet,13.0,19.3,same-wrap,,,,
96326,96529,same-sheet,9.7,15.4,same-wrap,,,,
96326,97260,untestable,8.9,9.5,same-wrap,,,,
96326,98454,same-sheet,12.2,27.6,same-wrap,,,,
96326,98848,same-sheet,9.4,16.5,same-wrap,,,,
96332,96474,untestable,8.4,9.6,same-wrap,,,,
96332,97216,same-sheet,8.3,16.2,same-wrap,,,,
96332,97349,same-sheet,9.2,9.6,same-wrap,,,,
96335,98007,untestable,8.2,8.2,same-wrap,,,,
96336,97854,same-sheet,10.2,16.7,unresolved,,,,
96336,98959,same-sheet,10.5,16.2,unresolved,,,,
96342,100278,same-sheet,9.8,15.4,unresolved,,,,
96342,102153,same-sheet,15.2,41.4,unresolved,,,,
96342,102558,untestable,8.7,8.7,unresolved,,,,
96342,96924,untestable,9.2,32.4,unresolved,,,,
96348,98271,same-sheet,10.9,24.9,unresolved,,,,
96348,98775,same-sheet,13.5,37.4,unresolved,,,,
96348,99014,same-sheet,9.1,15.6,unresolved,,,,
96348,94901,same-sheet,9.5,11.1,unresolved,,,,
96348,98098,same-sheet,10.2,16.9,unresolved,,,,
96418,96884,same-sheet,9.6,27.7,same-wrap,,,,
96418,97669,same-sheet,9.7,25.6,same-wrap,,,,
96418,101884,same-sheet,8.6,13.1,same-wrap,,,,
96418,102036,same-sheet,9.5,18.3,same-wrap,,,,
96418,95964,same-sheet,9.2,13.1,same-wrap,,,,
96418,101654,same-sheet,9.0,15.2,same-wrap,,,,
96438,97194,same-sheet,8.4,8.6,unresolved,,,,
96438,98360,untestable,8.7,9.1,unresolved,,,,
96448,90749,same-sheet,9.3,17.2,same-wrap,,,,
96474,97216,same-sheet,9.5,9.5,same-wrap,,,,
96529,96544,same-sheet,8.7,13.6,same-wrap,,,,
96529,97260,same-sheet,9.6,14.6,same-wrap,,,,
96529,97558,same-sheet,10.4,27.7,same-wrap,,,,
96529,110881,untestable,10.0,20.3,same-wrap,,,,
96544,97260,same-sheet,13.7,50.4,same-wrap,,,,
96544,98454,same-sheet,10.6,17.6,same-wrap,,,,
96544,96560,same-sheet,10.8,18.5,same-wrap,,,,
96632,96760,same-sheet,9.1,10.0,same-wrap,,,,
96632,103127,same-sheet,8.6,8.9,same-wrap,,,,
96632,96763,same-sheet,9.1,17.2,same-wrap,,,,
96670,101806,same-sheet,9.4,20.8,same-wrap,,,,
96670,104484,same-sheet,12.4,38.4,same-wrap,,,,
96670,109738,ambiguous,134.2,370.6,adjacent,,,,
96703,96734,same-sheet,9.9,35.0,same-wrap,,,,
96703,97058,same-sheet,8.8,12.1,same-wrap,,,,
96703,95964,same-sheet,16.0,148.8,same-wrap,119.3,28.3,0.01,
96734,97058,same-sheet,13.6,58.7,same-wrap,,,,
96734,96739,same-sheet,11.9,18.6,same-wrap,,,,
96734,97370,same-sheet,15.7,61.4,same-wrap,,,,
96760,96921,same-sheet,9.8,24.8,same-wrap,,,,
96760,99577,untestable,9.9,17.2,same-wrap,,,,
96760,96560,same-sheet,8.9,12.4,same-wrap,,,,
96760,96763,same-sheet,10.2,20.4,same-wrap,,,,
96768,102498,same-sheet,10.8,50.2,same-wrap,,,,
96768,85852,ambiguous,53.8,182.9,adjacent,,,,
96884,97794,same-sheet,8.0,8.6,same-wrap,,,,
96884,98484,same-sheet,9.4,9.9,same-wrap,,,,
96884,97141,same-sheet,9.8,13.5,same-wrap,,,,
96921,96560,same-sheet,9.9,28.4,same-wrap,,,,
97003,77666,same-sheet,11.2,60.5,same-wrap,,,,
97058,105341,same-sheet,12.3,34.4,same-wrap,,,,
97058,96739,same-sheet,10.8,19.5,same-wrap,,,,
97058,97370,same-sheet,8.6,10.1,same-wrap,,,,
97134,98360,ambiguous,112.8,261.2,unresolved,,,,
97194,98359,same-sheet,8.2,9.2,unresolved,,,,
97194,98360,same-sheet,10.2,21.0,unresolved,,,,
97194,100278,same-sheet,8.7,10.8,unresolved,,,,
97194,103387,same-sheet,10.9,12.4,unresolved,,,,
97216,97349,same-sheet,8.4,8.4,same-wrap,,,,
97216,98544,same-sheet,10.0,14.9,same-wrap,,,,
97260,97558,ambiguous,12.6,24.8,same-wrap,,,,
97260,99577,same-sheet,10.9,34.4,same-wrap,,,,
97260,96560,same-sheet,11.9,53.2,same-wrap,,,,
97349,98230,same-sheet,12.1,30.6,same-wrap,,,,
97349,98544,same-sheet,8.9,16.6,same-wrap,,,,
97369,97669,untestable,8.8,9.1,same-wrap,,,,
97369,98272,untestable,8.9,15.9,same-wrap,,,,
97373,97486,same-sheet,9.4,15.2,unresolved,,,,
97373,97854,same-sheet,14.6,23.4,unresolved,,,,
97373,98033,same-sheet,10.8,22.9,unresolved,,,,
97373,98969,same-sheet,10.0,17.6,unresolved,,,,
97486,98033,same-sheet,8.7,12.6,unresolved,,,,
97486,98358,same-sheet,13.6,31.0,unresolved,,,,
97558,99577,same-sheet,10.5,25.3,same-wrap,,,,
97558,99979,same-sheet,9.2,13.3,same-wrap,,,,
97558,105653,same-sheet,9.5,12.0,same-wrap,,,,
97558,96560,same-sheet,11.3,42.8,same-wrap,,,,
97579,98468,same-sheet,9.2,14.8,same-wrap,,,,
97579,97370,untestable,8.5,8.8,same-wrap,,,,
97579,98408,same-sheet,9.8,19.8,same-wrap,,,,
97669,101884,same-sheet,11.1,13.5,same-wrap,,,,
97669,98272,untestable,10.6,15.1,same-wrap,,,,
97669,101654,same-sheet,9.7,25.3,same-wrap,,,,
97794,97971,same-sheet,9.5,11.5,same-wrap,,,,
97794,98468,same-sheet,12.6,49.4,same-wrap,,,,
97794,97141,same-sheet,8.9,9.2,same-wrap,,,,
97794,98183,same-sheet,11.6,11.6,same-wrap,,,,
97854,98208,same-sheet,10.0,15.0,unresolved,,,,
97854,98959,same-sheet,10.0,16.2,unresolved,,,,
97854,99467,untestable,20.0,20.0,unresolved,,,,
97971,98265,same-sheet,9.4,20.5,same-wrap,,,,
97971,98468,same-sheet,9.2,14.8,same-wrap,,,,
97971,97141,same-sheet,10.0,21.4,same-wrap,,,,
97971,98183,same-sheet,9.6,16.0,same-wrap,,,,
98007,83428,ambiguous,99.1,178.1,adjacent,,,,
98007,85804,ambiguous,79.1,172.6,adjacent,,,,
98007,87119,switch,81.6,167.5,adjacent,,,,
98007,87422,same-sheet,17.0,52.9,same-wrap,,,,
98033,98969,same-sheet,12.4,21.8,unresolved,,,,
98086,97370,same-sheet,10.2,63.1,same-wrap,,,,
98208,98959,same-sheet,14.2,29.4,unresolved,,,,
98208,98969,same-sheet,9.9,16.3,unresolved,,,,
98208,99107,same-sheet,9.8,22.5,unresolved,,,,
98208,99136,same-sheet,8.9,12.2,unresolved,,,,
98208,99467,untestable,9.3,11.8,unresolved,,,,
98230,98544,same-sheet,10.9,23.1,same-wrap,,,,
98230,98998,ambiguous,14.6,48.5,same-wrap,,,,
98265,99024,untestable,9.2,15.7,same-wrap,,,,
98265,100873,untestable,9.2,19.6,same-wrap,,,,
98265,97141,same-sheet,10.7,56.3,same-wrap,,,,
98265,98183,same-sheet,9.7,17.8,same-wrap,,,,
98271,98431,switch,8.8,24.8,unresolved,,,,
98271,100467,same-sheet,10.1,19.1,unresolved,,,,
98271,101214,same-sheet,9.7,15.0,unresolved,,,,
98271,137815,switch,283.9,667.9,unresolved,,,,
98271,98098,untestable,8.3,8.6,unresolved,,,,
98271,98790,untestable,8.6,9.0,unresolved,,,,
98329,100063,same-sheet,11.0,17.7,same-wrap,,,,
98329,100779,same-sheet,11.5,27.4,same-wrap,,,,
98329,102338,same-sheet,9.4,13.5,same-wrap,,,,
98329,95983,same-sheet,15.9,128.5,same-wrap,4.3,19.0,0.01,
98353,98556,untestable,8.6,10.2,same-wrap,,,,
98353,98966,same-sheet,9.2,16.8,same-wrap,,,,
98358,99371,same-sheet,9.2,10.0,unresolved,,,,
98358,100418,same-sheet,8.5,8.9,unresolved,,,,
98359,98360,same-sheet,8.5,10.7,unresolved,,,,
98359,99860,same-sheet,10.8,11.5,unresolved,,,,
98359,100278,same-sheet,8.7,12.5,unresolved,,,,
98360,103387,same-sheet,8.9,16.2,unresolved,,,,
98360,104819,ambiguous,15.7,62.9,unresolved,,,,
98367,82400,same-sheet,10.5,18.0,same-wrap,,,,
98422,98547,untestable,10.5,20.6,same-wrap,,,,
98422,98579,untestable,9.1,12.9,same-wrap,,,,
98422,100568,untestable,9.4,12.2,same-wrap,,,,
98422,98183,same-sheet,10.4,43.2,same-wrap,,,,
98422,98552,same-sheet,10.2,16.7,same-wrap,,,,
98431,101214,same-sheet,8.6,10.8,unresolved,,,,
98431,137815,untestable,278.3,659.4,unresolved,,,,
98431,98098,untestable,8.6,9.5,unresolved,,,,
98431,98790,untestable,9.3,17.1,unresolved,,,,
98454,98848,untestable,8.1,8.1,same-wrap,,,,
98454,90194,ambiguous,108.6,202.7,adjacent,,,,
98468,95964,same-sheet,8.8,14.3,same-wrap,,,,
98468,98183,same-sheet,11.7,52.5,same-wrap,,,,
98468,98408,same-sheet,9.9,30.1,same-wrap,,,,
98468,98552,same-sheet,10.9,28.2,same-wrap,,,,
98484,102036,same-sheet,8.4,8.4,same-wrap,,,,
98484,97141,ambiguous,40.8,101.1,same-wrap,70.5,32.6,0.0,140.0
98544,98998,same-sheet,8.6,13.2,same-wrap,,,,
98544,100065,same-sheet,8.1,8.1,same-wrap,,,,
98547,98579,untestable,11.5,36.6,same-wrap,,,,
98547,98552,same-sheet,11.6,32.9,same-wrap,,,,
98556,98966,untestable,9.9,19.4,same-wrap,,,,
98556,82232,untestable,105.3,250.6,adjacent,,,,
98579,98552,same-sheet,9.8,15.2,same-wrap,,,,
98775,98969,same-sheet,9.9,30.6,unresolved,,,,
98775,99014,same-sheet,9.8,11.4,unresolved,,,,
98775,99107,same-sheet,9.0,11.7,unresolved,,,,
98775,94370,same-sheet,8.6,11.3,unresolved,,,,
98775,94901,same-sheet,10.7,33.1,unresolved,,,,
98848,85852,ambiguous,92.4,161.1,adjacent,,,,
98940,99269,untestable,12.3,34.7,same-wrap,,,,
98959,99467,same-sheet,8.4,9.9,unresolved,,,,
98959,108338,same-sheet,8.4,10.3,unresolved,,,,
98966,82232,untestable,101.3,211.6,adjacent,,,,
98969,99014,untestable,8.4,8.5,unresolved,,,,
98969,99107,same-sheet,10.7,30.7,unresolved,,,,
98969,99136,same-sheet,11.1,36.1,unresolved,,,,
98969,94901,same-sheet,10.9,27.9,unresolved,,,,
98998,99481,same-sheet,8.4,9.1,same-wrap,,,,
98998,100065,untestable,10.0,10.0,same-wrap,,,,
98998,103127,same-sheet,14.7,30.4,same-wrap,,,,
98998,99503,same-sheet,8.7,9.5,same-wrap,,,,
99014,99136,untestable,9.1,13.8,unresolved,,,,
99014,101588,untestable,8.8,9.7,unresolved,,,,
99024,100568,untestable,10.9,26.2,same-wrap,,,,
99024,100873,same-sheet,11.8,38.2,same-wrap,,,,
99024,98183,same-sheet,7.9,7.9,same-wrap,,,,
99047,94198,same-sheet,11.5,21.2,same-wrap,,,,
99107,99136,ambiguous,11.7,34.8,unresolved,,,,
99136,101588,same-sheet,10.3,25.3,unresolved,,,,
99136,102627,switch,115.8,222.1,unresolved,,,,
99136,103718,untestable,13.4,14.9,unresolved,,,,
99136,99321,same-sheet,9.8,17.0,unresolved,,,,
99136,100159,same-sheet,8.1,8.1,unresolved,,,,
99182,115318,ambiguous,69.9,191.3,adjacent,,,,
99182,86937,same-sheet,12.5,39.0,same-wrap,,,,
99182,114580,ambiguous,137.9,485.3,adjacent,,,,
99269,102275,same-sheet,12.7,30.7,same-wrap,,,,
99269,99630,same-sheet,9.4,16.3,same-wrap,,,,
99371,100808,untestable,8.1,8.1,unresolved,,,,
99371,100882,same-sheet,13.4,32.6,unresolved,,,,
99371,100418,same-sheet,9.6,23.0,unresolved,,,,
99467,108338,same-sheet,8.7,11.5,unresolved,,,,
99467,100159,ambiguous,8.7,32.0,unresolved,,,,
99481,100065,same-sheet,11.1,27.2,same-wrap,,,,
99481,103127,same-sheet,8.5,10.0,same-wrap,,,,
99481,99503,same-sheet,9.7,15.9,same-wrap,,,,
99551,99683,same-sheet,12.8,36.1,same-wrap,,,,
99551,99772,same-sheet,10.1,22.9,same-wrap,,,,
99551,101408,same-sheet,10.5,24.9,same-wrap,,,,
99551,103623,same-sheet,10.5,22.0,same-wrap,,,,
99551,98552,same-sheet,11.9,25.5,same-wrap,,,,
99577,99979,same-sheet,9.6,17.5,same-wrap,,,,
99577,96560,same-sheet,10.8,36.1,same-wrap,,,,
99577,96763,same-sheet,15.6,40.3,same-wrap,,,,
99683,99772,same-sheet,14.1,23.7,same-wrap,,,,
99683,101408,same-sheet,12.0,21.6,same-wrap,,,,
99683,109409,ambiguous,16.7,57.6,same-wrap,,,,
99683,111591,switch,35.1,69.9,same-wrap,,,,
99683,98552,ambiguous,30.3,45.1,same-wrap,,,,
99683,108218,same-sheet,17.0,19.1,same-wrap,,,,
99772,101408,same-sheet,10.2,20.8,same-wrap,,,,
99772,103623,same-sheet,9.9,22.4,same-wrap,,,,
99772,111591,same-sheet,14.1,37.1,same-wrap,,,,
99772,98552,same-sheet,8.9,9.6,same-wrap,,,,
99860,101455,same-sheet,10.5,26.2,unresolved,,,,
99860,102627,same-sheet,10.4,15.4,unresolved,,,,
99979,101388,same-sheet,16.7,56.0,same-wrap,,,,
99979,102304,same-sheet,12.9,17.2,same-wrap,,,,
99979,104227,untestable,19.3,19.3,same-wrap,,,,
99979,105653,same-sheet,12.6,35.3,same-wrap,,,,
99979,96560,same-sheet,8.8,30.5,same-wrap,,,,
99979,96763,same-sheet,9.3,12.3,same-wrap,,,,
99979,108741,same-sheet,10.2,14.8,same-wrap,,,,
100063,100779,untestable,10.0,19.2,same-wrap,,,,
100063,102338,same-sheet,10.8,35.6,same-wrap,,,,
100063,95983,same-sheet,13.1,24.0,same-wrap,,,,
100065,99503,same-sheet,20.6,38.5,same-wrap,,,,
100278,102153,same-sheet,9.9,41.5,unresolved,,,,
100278,96924,untestable,19.6,20.9,unresolved,,,,
100341,100833,untestable,15.4,29.5,same-wrap,,,,
100341,100922,same-sheet,11.1,13.2,same-wrap,,,,
100341,101613,untestable,9.9,11.6,same-wrap,,,,
100467,101214,same-sheet,9.3,12.0,unresolved,,,,
100467,101289,same-sheet,7.9,7.9,unresolved,,,,
100467,101798,same-sheet,10.5,10.5,unresolved,,,,
100568,98183,untestable,12.0,21.6,same-wrap,,,,
100679,99321,same-sheet,8.3,9.4,unresolved,,,,
100779,102338,untestable,19.1,19.1,same-wrap,,,,
100808,100882,same-sheet,9.3,10.3,unresolved,,,,
100808,101460,same-sheet,11.2,24.2,unresolved,,,,
100808,103113,same-sheet,9.7,15.6,unresolved,,,,
100808,104650,untestable,22.5,31.3,unresolved,,,,
100808,100418,same-sheet,10.6,20.0,unresolved,,,,
100808,103858,same-sheet,10.0,10.9,unresolved,,,,
100808,104248,same-sheet,9.0,15.2,unresolved,,,,
100833,100922,same-sheet,15.9,42.3,same-wrap,,,,
100833,101613,untestable,8.9,23.5,same-wrap,,,,
100833,102168,untestable,10.1,11.6,same-wrap,,,,
100833,109703,same-sheet,14.5,53.7,same-wrap,,,,
100833,101837,same-sheet,11.1,43.7,same-wrap,,,,
100873,105741,untestable,8.9,11.7,same-wrap,,,,
100882,103113,same-sheet,8.0,8.0,unresolved,,,,
100882,100418,same-sheet,9.5,14.0,unresolved,,,,
100882,104248,same-sheet,8.9,28.7,unresolved,,,,
100922,106474,same-sheet,9.6,9.7,same-wrap,,,,
100922,109703,same-sheet,9.7,11.4,same-wrap,,,,
101214,101289,same-sheet,12.2,37.1,unresolved,,,,
101214,98790,same-sheet,10.2,26.6,unresolved,,,,
101289,102852,same-sheet,11.8,20.2,unresolved,,,,
101289,102958,same-sheet,8.9,14.9,unresolved,,,,
101289,105130,ambiguous,101.4,214.4,unresolved,,,,
101289,117599,same-sheet,8.0,10.0,unresolved,,,,
101289,104745,ambiguous,85.5,175.2,unresolved,,,,
101388,102304,same-sheet,9.6,12.4,same-wrap,,,,
101388,104227,same-sheet,10.5,17.4,same-wrap,,,,
101388,105653,same-sheet,12.8,32.7,same-wrap,,,,
101388,102517,same-sheet,8.6,10.9,same-wrap,,,,
101388,108741,same-sheet,10.7,33.2,same-wrap,,,,
101408,102498,switch,94.5,161.7,adjacent,,,,
101408,103623,same-sheet,11.0,18.4,same-wrap,,,,
101408,95209,ambiguous,46.5,98.7,adjacent,,,,
101408,97370,ambiguous,44.9,82.2,same-wrap,17.9,39.9,58.93,110.0
101408,98408,same-sheet,11.5,39.0,same-wrap,,,,
101408,98552,same-sheet,11.7,47.1,same-wrap,,,,
101455,102627,same-sheet,11.3,32.0,unresolved,,,,
101460,101640,same-sheet,9.1,14.7,unresolved,,,,
101460,103113,same-sheet,11.4,12.8,unresolved,,,,
101460,104650,same-sheet,15.8,38.4,unresolved,,,,
101460,95869,ambiguous,47.6,113.1,unresolved,,,,
101460,100418,same-sheet,9.1,30.8,unresolved,,,,
101460,103858,same-sheet,11.0,13.4,unresolved,,,,
101461,101462,same-sheet,9.0,9.9,same-wrap,,,,
101461,102275,same-sheet,8.8,12.8,same-wrap,,,,
101461,103642,same-sheet,8.8,24.2,same-wrap,,,,
101461,106474,same-sheet,8.3,14.2,same-wrap,,,,
101461,101368,same-sheet,8.8,15.4,same-wrap,,,,
101462,102138,same-sheet,8.5,8.5,same-wrap,,,,
101462,103642,same-sheet,9.7,17.6,same-wrap,,,,
101462,106474,same-sheet,8.9,10.1,same-wrap,,,,
101462,109703,same-sheet,9.5,13.6,same-wrap,,,,
101588,103718,untestable,10.3,24.8,unresolved,,,,
101588,99321,same-sheet,10.6,40.3,unresolved,,,,
101613,101837,ambiguous,9.6,15.7,same-wrap,,,,
101640,109897,same-sheet,30.7,130.8,unresolved,,,,
101640,95869,same-sheet,38.2,53.2,unresolved,,,,
101640,100418,same-sheet,11.7,230.6,unresolved,,,,
101797,93712,same-sheet,12.3,33.4,unresolved,,,,
101797,94170,ambiguous,29.4,79.5,unresolved,,,,
101798,101852,same-sheet,11.1,18.0,unresolved,,,,
101798,102852,same-sheet,11.3,22.5,unresolved,,,,
101798,104340,same-sheet,9.2,14.7,unresolved,,,,
101798,106169,same-sheet,10.9,15.5,unresolved,,,,
101806,109738,ambiguous,78.7,189.4,adjacent,,,,
101806,94591,same-sheet,10.8,69.0,same-wrap,,,,
101852,102852,same-sheet,9.1,11.6,unresolved,,,,
101852,106169,same-sheet,8.8,11.7,unresolved,,,,
101854,101884,untestable,8.7,9.2,same-wrap,,,,
101854,101902,same-sheet,9.9,23.7,same-wrap,,,,
101854,102028,untestable,10.3,14.4,same-wrap,,,,
101854,102417,same-sheet,10.8,13.2,same-wrap,,,,
101854,101654,untestable,9.9,23.2,same-wrap,,,,
101854,101685,same-sheet,10.9,32.4,same-wrap,,,,
101884,102036,same-sheet,10.6,51.0,same-wrap,,,,
101884,102417,same-sheet,8.9,13.5,same-wrap,,,,
101884,101654,same-sheet,9.7,18.6,same-wrap,,,,
101884,101685,same-sheet,11.1,36.2,same-wrap,,,,
101902,102028,same-sheet,9.1,17.9,same-wrap,,,,
101902,102068,same-sheet,9.2,16.9,same-wrap,,,,
101902,102417,same-sheet,10.0,34.8,same-wrap,,,,
101902,103347,same-sheet,8.8,11.3,same-wrap,,,,
101902,127826,same-sheet,10.2,12.7,same-wrap,,,,
101902,101685,same-sheet,10.8,23.1,same-wrap,,,,
101984,102718,same-sheet,11.2,16.5,same-wrap,,,,
101984,101837,same-sheet,9.0,18.3,same-wrap,,,,
102028,103207,untestable,8.5,9.9,same-wrap,,,,
102028,127826,same-sheet,8.0,8.0,same-wrap,,,,
102036,102417,same-sheet,9.0,14.2,same-wrap,,,,
102068,102417,same-sheet,10.4,13.4,same-wrap,,,,
102068,103347,same-sheet,8.4,8.4,same-wrap,,,,
102068,103475,same-sheet,9.0,11.0,same-wrap,,,,
102068,127826,same-sheet,11.0,12.8,same-wrap,,,,
102068,104442,ambiguous,20.4,24.4,same-wrap,,,,
102138,102168,same-sheet,8.7,9.3,same-wrap,,,,
102138,103120,same-sheet,10.6,22.3,same-wrap,,,,
102138,103545,same-sheet,10.7,23.7,same-wrap,,,,
102138,103642,same-sheet,10.1,18.8,same-wrap,,,,
102138,103752,same-sheet,14.2,30.8,same-wrap,,,,
102138,106474,same-sheet,12.1,12.8,same-wrap,,,,
102153,102558,untestable,8.6,8.8,unresolved,,,,
102153,96924,same-sheet,8.4,14.1,unresolved,,,,
102168,102718,same-sheet,9.7,16.5,same-wrap,,,,
102168,102998,same-sheet,10.2,14.2,same-wrap,,,,
102168,103120,same-sheet,10.3,22.7,same-wrap,,,,
102168,101837,same-sheet,8.6,11.0,same-wrap,,,,
102275,102959,same-sheet,10.0,17.1,unresolved,,,,
102275,99630,same-sheet,12.7,46.5,same-wrap,,,,
102275,101368,same-sheet,8.7,10.6,same-wrap,,,,
102304,104227,same-sheet,9.5,9.5,unresolved,,,,
102304,107293,same-sheet,9.4,46.6,same-wrap,,,,
102304,107322,same-sheet,8.4,8.5,same-wrap,,,,
102304,102517,same-sheet,8.5,9.6,same-wrap,,,,
102304,102868,same-sheet,9.8,20.8,same-wrap,,,,
102314,104677,same-sheet,9.4,41.2,same-wrap,,,,
102314,88595,same-sheet,21.2,52.3,unresolved,,,,
102314,89429,same-sheet,54.9,222.6,unresolved,,,,
102338,95983,same-sheet,11.8,62.8,same-wrap,,,,
102417,103347,same-sheet,9.4,19.2,same-wrap,,,,
102417,103488,same-sheet,8.2,8.8,same-wrap,,,,
102417,101685,same-sheet,10.3,28.1,same-wrap,,,,
102420,104130,same-sheet,9.6,16.7,same-wrap,,,,
102420,104797,same-sheet,8.8,12.1,same-wrap,,,,
102420,105464,same-sheet,13.1,40.9,same-wrap,,,,
102420,104958,untestable,9.4,13.0,same-wrap,,,,
102498,95209,same-sheet,9.8,64.4,same-wrap,,,,
102558,96924,untestable,11.8,30.3,unresolved,,,,
102627,120618,untestable,9.5,12.6,unresolved,,,,
102627,121725,untestable,8.1,8.1,unresolved,,,,
102718,102998,same-sheet,9.2,20.7,same-wrap,,,,
102718,103120,same-sheet,9.2,16.2,same-wrap,,,,
102718,103667,same-sheet,10.0,13.5,same-wrap,,,,
102718,101837,same-sheet,9.6,20.6,same-wrap,,,,
102762,108601,untestable,8.3,11.1,same-wrap,,,,
102762,102517,same-sheet,9.2,11.6,same-wrap,,,,
102762,102815,same-sheet,15.1,88.8,same-wrap,94.0,20.4,0.01,
102785,102879,untestable,8.9,11.5,unresolved,,,,
102785,103491,untestable,8.5,19.1,unresolved,,,,
102785,105428,untestable,8.7,11.8,unresolved,,,,
102852,102958,same-sheet,10.3,26.7,unresolved,,,,
102852,106169,same-sheet,10.5,14.2,unresolved,,,,
102852,111112,same-sheet,9.2,9.3,unresolved,,,,
102852,112128,same-sheet,11.6,15.0,unresolved,,,,
102852,117599,same-sheet,9.1,13.6,unresolved,,,,
102879,103491,same-sheet,9.7,21.4,unresolved,,,,
102879,105428,same-sheet,9.6,19.4,unresolved,,,,
102958,106169,same-sheet,11.5,19.6,unresolved,,,,
102958,111112,same-sheet,8.8,11.2,unresolved,,,,
102958,112128,same-sheet,9.4,11.5,unresolved,,,,
102958,117599,same-sheet,8.3,8.3,unresolved,,,,
102958,114154,same-sheet,8.5,8.5,unresolved,,,,
102959,105341,ambiguous,76.7,142.8,unresolved,,,,
102959,97370,same-sheet,8.3,11.9,same-wrap,,,,
102959,99630,ambiguous,30.9,128.5,same-wrap,139.8,4.8,0.04,140.0
102998,103120,same-sheet,10.2,24.3,same-wrap,,,,
102998,103561,untestable,8.6,8.6,same-wrap,,,,
102998,103578,same-sheet,10.8,36.4,same-wrap,,,,
102998,103667,untestable,10.3,10.3,same-wrap,,,,
102998,103901,same-sheet,8.6,8.8,same-wrap,,,,
102998,105555,same-sheet,9.4,19.3,same-wrap,,,,
102998,105780,same-sheet,10.8,25.3,same-wrap,,,,
103113,104650,untestable,8.9,8.9,unresolved,,,,
103113,103858,same-sheet,8.8,15.9,unresolved,,,,
103113,104248,same-sheet,8.4,12.3,unresolved,,,,
103120,103545,same-sheet,10.4,29.2,same-wrap,,,,
103120,103561,same-sheet,8.6,12.5,same-wrap,,,,
103120,103578,same-sheet,8.3,9.6,same-wrap,,,,
103120,101837,same-sheet,9.8,15.5,same-wrap,,,,
103122,103215,untestable,10.1,17.9,unresolved,,,,
103122,103276,untestable,13.4,19.7,unresolved,,,,
103122,103283,untestable,8.6,16.1,same-wrap,,,,
103122,105158,untestable,8.6,12.7,same-wrap,,,,
103127,96763,same-sheet,8.7,9.4,same-wrap,,,,
103127,99503,same-sheet,8.7,13.8,same-wrap,,,,
103207,103732,same-sheet,9.0,15.4,same-wrap,,,,
103207,127826,same-sheet,12.1,15.7,same-wrap,,,,
103207,104462,same-sheet,14.6,40.7,same-wrap,,,,
103215,103276,untestable,8.9,12.7,unresolved,,,,
103215,103283,untestable,9.5,19.8,unresolved,,,,
103215,104052,untestable,9.0,9.0,unresolved,,,,
103215,104134,untestable,9.3,13.4,same-wrap,,,,
103215,104978,untestable,8.6,11.0,unresolved,,,,
103215,105158,untestable,8.8,12.9,unresolved,,,,
103215,104041,untestable,9.5,12.3,unresolved,,,,
103276,103283,untestable,9.2,18.3,unresolved,,,,
103276,104052,untestable,9.6,9.6,unresolved,,,,
103276,104978,untestable,8.2,9.0,unresolved,,,,
103276,105158,untestable,78.8,5889.9,unresolved,,,,
103276,105300,untestable,8.3,8.6,unresolved,,,,
103283,105158,untestable,9.0,14.7,same-wrap,,,,
103347,103475,same-sheet,10.0,21.4,same-wrap,,,,
103347,103488,same-sheet,9.2,12.2,same-wrap,,,,
103347,103908,same-sheet,10.4,14.1,same-wrap,,,,
103347,104649,same-sheet,11.5,16.7,same-wrap,,,,
103347,104879,same-sheet,10.6,17.8,same-wrap,,,,
103387,104819,ambiguous,16.3,77.5,unresolved,,,,
103387,107469,same-sheet,9.5,11.0,unresolved,,,,
103475,103908,same-sheet,19.0,24.4,same-wrap,,,,
103475,104649,same-sheet,8.8,9.2,same-wrap,,,,
103475,104442,same-sheet,8.2,8.4,same-wrap,,,,
103488,105330,same-sheet,8.4,10.1,same-wrap,,,,
103488,105464,untestable,8.3,9.3,same-wrap,,,,
103491,103633,same-sheet,9.9,20.5,unresolved,,,,
103491,104416,same-sheet,9.3,10.6,unresolved,,,,
103491,105428,same-sheet,8.3,8.4,unresolved,,,,
103491,104330,same-sheet,10.0,26.2,unresolved,,,,
103545,103561,untestable,8.7,8.7,same-wrap,,,,
103545,103578,untestable,9.1,13.5,same-wrap,,,,
103545,103752,same-sheet,8.8,8.8,same-wrap,,,,
103561,103578,same-sheet,9.4,23.3,same-wrap,,,,
103561,103689,same-sheet,9.0,18.4,same-wrap,,,,
103561,103717,same-sheet,12.2,28.2,same-wrap,,,,
103561,104013,same-sheet,9.1,19.7,same-wrap,,,,
103578,103717,same-sheet,14.8,40.9,same-wrap,,,,
103578,105780,same-sheet,10.7,15.7,same-wrap,,,,
103623,103752,untestable,8.7,8.7,same-wrap,,,,
103623,109029,untestable,13.2,14.7,same-wrap,,,,
103623,111591,same-sheet,10.2,15.6,same-wrap,,,,
103623,111749,same-sheet,9.1,10.8,same-wrap,,,,
103623,115336,same-sheet,9.3,15.5,same-wrap,,,,
103633,104330,same-sheet,8.7,26.9,same-wrap,,,,
103642,103752,same-sheet,10.7,20.5,same-wrap,,,,
103642,109029,same-sheet,11.3,20.4,same-wrap,,,,
103642,101368,same-sheet,12.0,19.7,same-wrap,,,,
103667,103901,same-sheet,9.5,18.4,same-wrap,,,,
103667,104297,same-sheet,12.7,30.4,same-wrap,,,,
103667,104816,same-sheet,9.2,12.1,same-wrap,,,,
103667,105370,same-sheet,10.3,37.1,same-wrap,,,,
103667,105435,same-sheet,9.7,19.2,same-wrap,,,,
103667,105555,same-sheet,11.9,15.9,same-wrap,,,,
103667,105923,same-sheet,9.6,15.8,same-wrap,,,,
103689,103717,same-sheet,8.8,14.2,same-wrap,,,,
103689,103852,same-sheet,9.8,20.0,same-wrap,,,,
103689,104013,same-sheet,10.6,58.5,same-wrap,,,,
103689,104481,same-sheet,8.8,14.0,same-wrap,,,,
103717,104013,same-sheet,10.6,16.4,same-wrap,,,,
103717,104358,same-sheet,9.2,10.2,same-wrap,,,,
103732,105649,same-sheet,11.0,18.0,same-wrap,,,,
103732,106357,same-sheet,9.5,19.4,same-wrap,,,,
103732,108556,same-sheet,9.8,11.7,same-wrap,,,,
103732,104442,same-sheet,12.1,12.9,same-wrap,,,,
103732,104462,same-sheet,8.4,13.0,same-wrap,,,,
103752,109029,untestable,8.6,8.9,same-wrap,,,,
103752,111749,same-sheet,11.4,19.0,same-wrap,,,,
103852,104013,same-sheet,11.4,85.2,same-wrap,28.2,60.4,0.01,
103852,104751,same-sheet,10.1,26.4,same-wrap,,,,
103852,105802,ambiguous,11.3,38.8,same-wrap,,,,
103901,104816,same-sheet,10.7,29.2,same-wrap,,,,
103901,105555,same-sheet,9.4,17.6,same-wrap,,,,
103901,105780,same-sheet,8.5,12.0,same-wrap,,,,
103908,104368,same-sheet,9.1,15.5,same-wrap,,,,
103908,104649,same-sheet,9.6,13.2,same-wrap,,,,
103908,104879,same-sheet,9.7,17.3,same-wrap,,,,
104013,104103,same-sheet,9.1,16.3,same-wrap,,,,
104013,104358,same-sheet,9.8,13.9,same-wrap,,,,
104013,104481,same-sheet,12.6,44.2,same-wrap,,,,
104013,104751,same-sheet,9.4,16.3,same-wrap,,,,
104013,105802,same-sheet,10.5,26.4,same-wrap,,,,
104013,109409,untestable,9.8,11.6,same-wrap,,,,
104052,104133,untestable,8.4,8.4,unresolved,,,,
104052,104134,untestable,10.2,19.0,unresolved,,,,
104052,104978,untestable,9.6,11.5,unresolved,,,,
104052,105300,untestable,9.8,9.8,unresolved,,,,
104052,104041,untestable,9.3,10.3,unresolved,,,,
104052,104989,untestable,10.8,10.8,unresolved,,,,
104103,104358,same-sheet,8.8,12.0,same-wrap,,,,
104103,104751,untestable,8.3,8.3,same-wrap,,,,
104130,104797,same-sheet,8.9,14.5,same-wrap,,,,
104133,104267,untestable,10.8,23.4,unresolved,,,,
104133,104655,untestable,9.7,16.0,same-wrap,,,,
104133,104041,untestable,9.1,9.3,same-wrap,,,,
104133,104989,untestable,9.1,10.6,unresolved,,,,
104134,105158,untestable,8.2,12.2,same-wrap,,,,
104134,104041,untestable,10.4,316.9,same-wrap,66.7,88.5,0.27,30.0
104155,104486,same-sheet,12.5,24.1,same-wrap,,,,
104227,108008,same-sheet,9.9,14.2,same-wrap,,,,
104227,102517,untestable,8.6,8.6,same-wrap,,,,
104227,108741,same-sheet,10.5,23.7,same-wrap,,,,
104267,104655,untestable,16.2,53.0,unresolved,,,,
104267,105377,untestable,8.7,8.7,unresolved,,,,
104267,105988,untestable,7.9,7.9,unresolved,,,,
104267,108125,untestable,11.8,24.3,unresolved,,,,
104267,104989,untestable,8.0,8.8,same-wrap,,,,
104267,106850,untestable,10.3,27.8,unresolved,,,,
104297,105370,same-sheet,9.3,10.2,same-wrap,,,,
104340,106169,same-sheet,9.7,24.2,unresolved,,,,
104340,108510,same-sheet,9.6,15.3,unresolved,,,,
104340,92244,switch,73.2,115.9,unresolved,,,,
104340,104764,untestable,8.2,8.2,unresolved,,,,
104358,104421,same-sheet,26.6,59.1,same-wrap,,,,
104358,104938,same-sheet,11.6,73.3,same-wrap,,,,
104358,106064,same-sheet,9.9,22.3,same-wrap,,,,
104368,104649,same-sheet,9.0,13.2,same-wrap,,,,
104368,104879,same-sheet,8.9,20.0,same-wrap,,,,
104368,107512,same-sheet,10.1,16.8,same-wrap,,,,
104368,106138,untestable,7.9,7.9,same-wrap,,,,
104401,106364,same-sheet,9.5,19.7,same-wrap,,,,
104401,122144,same-sheet,9.3,28.9,same-wrap,,,,
104416,105428,same-sheet,8.7,12.1,unresolved,,,,
104416,104764,ambiguous,9.4,27.4,unresolved,,,,
104421,104938,same-sheet,9.4,16.2,same-wrap,,,,
104421,105378,same-sheet,9.2,14.9,same-wrap,,,,
104421,106064,same-sheet,10.2,15.5,same-wrap,,,,
104481,111749,untestable,8.0,8.0,same-wrap,,,,
104484,94591,same-sheet,18.5,32.7,same-wrap,,,,
104486,106364,same-sheet,11.3,18.1,same-wrap,,,,
104486,109928,same-sheet,11.0,25.3,same-wrap,,,,
104486,102868,same-sheet,9.9,10.6,same-wrap,,,,
104630,105130,same-sheet,9.8,18.0,unresolved,,,,
104630,103858,same-sheet,9.9,29.4,unresolved,,,,
104630,104745,same-sheet,9.8,17.7,unresolved,,,,
104649,104879,same-sheet,9.8,16.8,same-wrap,,,,
104649,105649,same-sheet,9.7,15.0,same-wrap,,,,
104649,104442,same-sheet,10.4,18.1,same-wrap,,,,
104650,104936,same-sheet,9.3,14.2,unresolved,,,,
104650,103858,same-sheet,10.3,41.1,unresolved,,,,
104650,104745,same-sheet,8.5,12.4,unresolved,,,,
104655,108125,untestable,15.7,61.9,unresolved,,,,
104677,88595,same-sheet,22.8,63.5,same-wrap,,,,
104677,89429,ambiguous,62.1,283.4,same-wrap,54.6,114.3,51.24,140.0
104751,105802,untestable,9.6,10.6,same-wrap,,,,
104751,109409,untestable,9.2,14.0,same-wrap,,,,
104751,108218,same-sheet,8.5,8.5,same-wrap,,,,
104816,105555,same-sheet,10.4,23.3,same-wrap,,,,
104816,105923,same-sheet,9.3,9.5,same-wrap,,,,
104816,107281,same-sheet,8.8,9.7,same-wrap,,,,
104816,108247,same-sheet,8.9,9.0,same-wrap,,,,
104816,110541,same-sheet,8.2,8.6,same-wrap,,,,
104819,105283,same-sheet,8.3,8.5,unresolved,,,,
104819,107469,same-sheet,9.1,18.0,unresolved,,,,
104851,104764,untestable,8.7,8.9,unresolved,,,,
104879,105649,same-sheet,10.1,23.4,same-wrap,,,,
104879,106644,same-sheet,8.2,8.4,same-wrap,,,,
104879,107512,same-sheet,10.3,11.8,same-wrap,,,,
104879,108556,untestable,7.9,7.9,same-wrap,,,,
104879,104442,same-sheet,16.7,23.9,unresolved,,,,
104879,106138,same-sheet,9.7,12.3,same-wrap,,,,
104936,105726,same-sheet,10.4,19.3,unresolved,,,,
104936,137815,same-sheet,9.3,16.3,unresolved,,,,
104936,138916,same-sheet,12.7,30.4,unresolved,,,,
104936,104745,same-sheet,11.6,17.6,unresolved,,,,
104936,139069,ambiguous,32.4,477.4,unresolved,,,,
104938,105378,same-sheet,10.0,24.4,same-wrap,,,,
104938,105537,untestable,15.4,17.4,same-wrap,,,,
104938,105780,same-sheet,8.7,12.9,same-wrap,,,,
104938,106064,same-sheet,9.3,9.7,unresolved,,,,
104978,104041,untestable,10.0,10.2,unresolved,,,,
105119,105192,same-sheet,8.5,18.7,same-wrap,,,,
105119,105457,same-sheet,10.0,31.3,same-wrap,,,,
105119,105464,same-sheet,8.7,18.5,same-wrap,,,,
105119,107632,same-sheet,9.7,13.8,same-wrap,,,,
105119,104958,same-sheet,9.9,18.8,same-wrap,,,,
105130,103858,same-sheet,10.3,10.3,unresolved,,,,
105130,104745,same-sheet,15.8,69.8,unresolved,,,,
105158,104041,untestable,8.9,14.6,same-wrap,,,,
105192,105457,same-sheet,10.7,36.1,same-wrap,,,,
105192,105513,same-sheet,9.5,14.4,same-wrap,,,,
105192,107512,ambiguous,10.2,16.8,unresolved,,,,
105192,107632,same-sheet,10.3,33.1,same-wrap,,,,
105205,105741,same-sheet,9.9,14.0,same-wrap,,,,
105283,106646,same-sheet,9.8,26.2,unresolved,,,,
105283,106743,same-sheet,8.4,25.1,unresolved,,,,
105300,105377,untestable,8.3,9.0,unresolved,,,,
105300,105538,untestable,9.5,11.0,same-wrap,,,,
105300,104989,untestable,9.2,11.4,unresolved,,,,
105330,105464,same-sheet,9.3,14.8,same-wrap,,,,
105341,97370,ambiguous,18.8,93.2,unresolved,,,,
105341,99630,same-sheet,10.1,38.2,same-wrap,,,,
105370,105635,untestable,8.8,15.9,same-wrap,,,,
105377,105538,untestable,8.2,8.9,unresolved,,,,
105377,105671,untestable,8.2,8.6,unresolved,,,,
105377,105988,untestable,10.0,15.4,unresolved,,,,
105377,104989,untestable,12.4,13.8,unresolved,,,,
105377,106850,untestable,9.1,9.6,unresolved,,,,
105378,105537,same-sheet,9.0,14.0,same-wrap,,,,
105378,105780,same-sheet,11.3,34.9,same-wrap,,,,
105378,106064,same-sheet,9.6,9.8,same-wrap,,,,
105393,106153,untestable,11.0,26.8,same-wrap,,,,
105393,106357,same-sheet,11.8,16.0,same-wrap,,,,
105393,104462,same-sheet,11.8,21.8,same-wrap,,,,
105435,105923,same-sheet,8.7,12.1,same-wrap,,,,
105457,105513,same-sheet,9.0,13.8,same-wrap,,,,
105457,107038,untestable,9.2,10.0,same-wrap,,,,
105457,115091,untestable,10.3,14.1,same-wrap,,,,
105457,104958,untestable,13.8,83.9,same-wrap,92.3,13.4,0.4,
105464,107512,same-sheet,9.4,10.7,same-wrap,,,,
105464,107632,same-sheet,9.8,15.0,same-wrap,,,,
105513,107038,same-sheet,8.8,10.9,same-wrap,,,,
105513,107632,same-sheet,9.9,19.1,same-wrap,,,,
105513,109636,same-sheet,9.8,14.8,same-wrap,,,,
105537,105780,same-sheet,9.9,31.7,same-wrap,,,,
105537,106722,same-sheet,11.2,66.8,same-wrap,,,,
105537,107166,untestable,9.7,10.0,same-wrap,,,,
105537,107281,untestable,8.4,8.4,same-wrap,,,,
105537,106218,same-sheet,10.8,10.8,same-wrap,,,,
105537,106416,same-sheet,8.1,8.2,same-wrap,,,,
105538,105671,untestable,10.9,12.6,unresolved,,,,
105538,105988,untestable,11.1,15.5,unresolved,,,,
105555,105780,same-sheet,9.4,25.2,same-wrap,,,,
105635,105792,same-sheet,10.7,22.3,same-wrap,,,,
105635,106131,untestable,11.1,54.4,same-wrap,,,,
105649,108556,same-sheet,9.7,15.6,same-wrap,,,,
105649,109359,same-sheet,12.4,16.4,unresolved,,,,
105649,104442,same-sheet,9.9,13.8,unresolved,,,,
105653,109678,untestable,10.5,10.5,same-wrap,,,,
105653,108741,same-sheet,12.2,27.5,same-wrap,,,,
105726,104745,same-sheet,9.8,15.6,unresolved,,,,
105780,106722,same-sheet,9.3,10.9,same-wrap,,,,
105802,109409,ambiguous,11.5,31.4,same-wrap,,,,
105802,111591,same-sheet,100.8,204.6,same-wrap,145.2,61.5,0.02,
105802,111749,same-sheet,43.7,134.3,same-wrap,153.7,22.4,0.02,
105802,115336,same-sheet,13.6,147.5,same-wrap,155.7,42.4,0.03,
105802,108218,ambiguous,18.5,51.9,same-wrap,,,,
105988,104989,untestable,9.2,9.2,unresolved,,,,
105988,106850,untestable,8.8,14.6,unresolved,,,,
106153,106249,same-sheet,12.4,43.7,same-wrap,,,,
106153,106357,same-sheet,11.0,26.3,same-wrap,,,,
106153,106399,same-sheet,10.3,17.2,same-wrap,,,,
106153,104462,same-sheet,9.6,21.5,same-wrap,,,,
106169,107121,same-sheet,9.0,9.5,unresolved,,,,
106169,107169,same-sheet,8.3,8.3,unresolved,,,,
106169,112128,same-sheet,9.6,16.4,unresolved,,,,
106249,106399,same-sheet,9.7,16.1,same-wrap,,,,
106249,107719,same-sheet,9.5,12.8,same-wrap,,,,
106249,108691,same-sheet,10.2,12.7,same-wrap,,,,
106357,106399,same-sheet,12.0,36.4,same-wrap,,,,
106357,124713,same-sheet,17.1,54.5,same-wrap,,,,
106357,104462,same-sheet,10.2,14.9,same-wrap,,,,
106363,106449,same-sheet,9.3,18.0,same-wrap,,,,
106363,105792,same-sheet,9.5,19.3,same-wrap,,,,
106363,106131,same-sheet,9.9,22.4,same-wrap,,,,
106364,108253,same-sheet,9.5,12.0,same-wrap,,,,
106364,105307,untestable,9.6,12.8,same-wrap,,,,
106364,107104,same-sheet,8.7,11.2,same-wrap,,,,
106364,107203,same-sheet,9.0,10.5,same-wrap,,,,
106364,111426,same-sheet,9.1,9.5,unresolved,,,,
106364,122144,same-sheet,11.5,101.8,same-wrap,134.1,38.1,0.4,
106399,108537,same-sheet,10.8,23.0,same-wrap,,,,
106399,124713,same-sheet,12.1,50.4,same-wrap,,,,
106449,111744,same-sheet,8.5,8.5,same-wrap,,,,
106449,117791,same-sheet,8.1,8.4,same-wrap,,,,
106449,105792,same-sheet,9.6,14.6,same-wrap,,,,
106449,106131,same-sheet,9.7,18.0,same-wrap,,,,
106449,106347,same-sheet,9.8,13.0,same-wrap,,,,
106449,111178,same-sheet,9.2,11.2,same-wrap,,,,
106449,113244,same-sheet,10.0,17.2,same-wrap,,,,
106474,109703,same-sheet,8.9,14.7,same-wrap,,,,
106504,107695,untestable,9.1,17.0,same-wrap,,,,
106504,105792,untestable,8.0,8.0,same-wrap,,,,
106504,106131,untestable,10.1,14.5,same-wrap,,,,
106504,106347,untestable,8.9,21.8,same-wrap,,,,
106644,107569,same-sheet,10.0,20.7,same-wrap,,,,
106644,107919,same-sheet,10.2,18.8,same-wrap,,,,
106644,118734,same-sheet,11.4,15.8,same-wrap,,,,
106644,106138,same-sheet,22.4,109.1,same-wrap,29.7,107.6,0.56,160.0
106646,106743,same-sheet,8.8,8.8,unresolved,,,,
106646,107469,same-sheet,8.9,22.2,unresolved,,,,
106646,107832,same-sheet,9.4,13.5,unresolved,,,,
106722,107281,same-sheet,9.2,32.8,same-wrap,,,,
106722,106218,ambiguous,22.4,59.9,same-wrap,,,,
106743,107087,same-sheet,8.4,9.0,unresolved,,,,
106743,107469,same-sheet,8.4,28.9,unresolved,,,,
106743,90110,switch,102.6,260.1,unresolved,,,,
107038,108647,untestable,10.7,27.1,same-wrap,,,,
107038,109636,same-sheet,12.1,28.6,same-wrap,,,,
107038,115091,untestable,11.6,17.8,same-wrap,,,,
107087,107832,untestable,8.3,8.4,unresolved,,,,
107087,108110,same-sheet,8.5,11.1,unresolved,,,,
107121,107169,same-sheet,12.4,44.6,unresolved,,,,
107121,107752,same-sheet,11.4,23.7,unresolved,,,,
107121,112128,same-sheet,9.2,10.7,unresolved,,,,
107121,108108,same-sheet,8.9,12.1,unresolved,,,,
107166,106218,untestable,11.0,18.7,same-wrap,,,,
107166,106416,same-sheet,9.4,17.5,same-wrap,,,,
107169,107752,same-sheet,15.0,42.4,unresolved,,,,
107169,112128,same-sheet,10.5,16.7,unresolved,,,,
107169,108108,same-sheet,10.4,24.4,unresolved,,,,
107281,108247,same-sheet,8.6,8.6,same-wrap,,,,
107281,110541,same-sheet,10.7,17.1,same-wrap,,,,
107293,107322,same-sheet,11.1,11.1,same-wrap,,,,
107293,96763,same-sheet,7.9,7.9,same-wrap,,,,
107293,102868,same-sheet,9.8,11.2,same-wrap,,,,
107322,109928,untestable,8.4,8.4,same-wrap,,,,
107322,96763,ambiguous,34.8,106.0,same-wrap,104.4,70.0,0.0,
107322,99503,ambiguous,70.7,260.4,same-wrap,159.6,88.3,0.08,
107369,107857,same-sheet,8.3,8.3,same-wrap,,,,
107369,107899,same-sheet,9.2,20.5,same-wrap,,,,
107369,108103,same-sheet,14.5,70.7,same-wrap,,,,
107369,108251,same-sheet,9.0,15.5,same-wrap,,,,
107369,108253,same-sheet,9.8,17.2,same-wrap,,,,
107369,107104,same-sheet,9.9,33.3,same-wrap,,,,
107469,108295,ambiguous,115.6,265.6,unresolved,,,,
107469,107590,same-sheet,9.0,10.2,unresolved,,,,
107512,107632,same-sheet,10.4,25.8,same-wrap,,,,
107527,107857,same-sheet,8.7,9.6,same-wrap,,,,
107527,108251,same-sheet,9.6,35.4,same-wrap,,,,
107527,108378,same-sheet,10.6,25.5,same-wrap,,,,
107527,107104,same-sheet,10.4,20.1,same-wrap,,,,
107527,107203,same-sheet,8.2,8.3,same-wrap,,,,
107527,108607,same-sheet,9.2,18.6,same-wrap,,,,
107569,106138,untestable,8.3,8.3,same-wrap,,,,
107695,109944,untestable,10.1,47.0,same-wrap,,,,
107695,108036,same-sheet,11.2,20.5,same-wrap,,,,
107719,108102,same-sheet,10.3,24.3,same-wrap,,,,
107719,108203,same-sheet,10.3,24.0,same-wrap,,,,
107719,108691,same-sheet,9.0,17.8,same-wrap,,,,
107719,108930,same-sheet,9.7,15.9,same-wrap,,,,
107719,109058,same-sheet,10.7,28.6,same-wrap,,,,
107752,107940,same-sheet,10.0,13.6,unresolved,,,,
107752,108902,same-sheet,11.7,55.6,unresolved,,,,
107752,111208,same-sheet,14.6,32.4,unresolved,,,,
107752,108108,same-sheet,18.7,55.8,unresolved,,,,
107832,112168,untestable,8.2,8.2,unresolved,,,,
107857,107899,same-sheet,8.9,12.6,same-wrap,,,,
107857,108251,same-sheet,9.6,23.4,same-wrap,,,,
107857,108378,same-sheet,9.8,24.4,same-wrap,,,,
107857,108568,same-sheet,9.6,18.5,same-wrap,,,,
107857,107104,same-sheet,8.2,9.7,same-wrap,,,,
107899,108103,same-sheet,10.7,108.2,same-wrap,49.7,28.4,0.25,
107899,108171,same-sheet,9.5,22.1,same-wrap,,,,
107899,108251,same-sheet,10.0,16.2,same-wrap,,,,
107899,108253,untestable,10.9,10.9,same-wrap,,,,
107899,108568,same-sheet,12.2,34.8,same-wrap,,,,
107899,107104,untestable,8.1,8.1,same-wrap,,,,
107919,108647,same-sheet,9.3,10.5,same-wrap,,,,
107919,109636,ambiguous,16.7,35.9,unresolved,,,,
107919,118734,same-sheet,11.6,21.5,same-wrap,,,,
107919,106138,same-sheet,33.2,150.3,same-wrap,47.0,126.5,0.5,170.0
107940,108902,same-sheet,10.0,15.5,unresolved,,,,
107940,111208,same-sheet,8.6,10.9,unresolved,,,,
107940,111176,same-sheet,9.9,9.9,unresolved,,,,
108008,109678,same-sheet,8.0,8.0,unresolved,,,,
108008,108388,ambiguous,10.4,16.4,same-wrap,,,,
108008,108741,same-sheet,11.4,18.0,same-wrap,,,,
108102,108203,same-sheet,11.5,38.3,same-wrap,,,,
108102,108691,same-sheet,10.1,23.7,same-wrap,,,,
108102,108930,same-sheet,10.0,19.3,same-wrap,,,,
108102,110338,same-sheet,10.1,16.9,same-wrap,,,,
108103,108171,same-sheet,10.6,57.7,same-wrap,,,,
108110,108663,untestable,11.2,12.4,unresolved,,,,
108110,112168,untestable,9.4,26.8,unresolved,,,,
108125,106850,untestable,13.1,438.0,same-wrap,57.0,141.7,75.01,30.0
108171,108568,same-sheet,11.2,53.7,same-wrap,,,,
108171,109137,same-sheet,9.4,13.7,same-wrap,,,,
108171,109970,same-sheet,9.0,43.2,same-wrap,,,,
108203,108691,same-sheet,9.8,27.2,same-wrap,,,,
108203,108930,same-sheet,9.8,18.2,same-wrap,,,,
108203,109058,same-sheet,9.7,20.2,same-wrap,,,,
108203,110338,same-sheet,8.4,10.7,same-wrap,,,,
108247,110541,same-sheet,9.8,16.6,same-wrap,,,,
108247,106218,same-sheet,8.8,8.8,same-wrap,,,,
108251,108378,same-sheet,9.8,17.9,same-wrap,,,,
108251,108568,same-sheet,9.0,15.4,same-wrap,,,,
108251,107104,same-sheet,12.2,28.7,same-wrap,,,,
108251,108607,same-sheet,8.3,8.4,same-wrap,,,,
108251,109597,same-sheet,8.9,8.9,same-wrap,,,,
108253,107104,same-sheet,11.8,33.8,same-wrap,,,,
108295,108663,same-sheet,42.9,106.5,unresolved,,,,
108295,111935,same-sheet,8.7,22.6,unresolved,,,,
108295,107590,ambiguous,98.1,238.9,unresolved,,,,
108316,108378,untestable,11.0,12.0,same-wrap,,,,
108316,108568,same-sheet,9.4,17.1,same-wrap,,,,
108316,109015,untestable,8.5,8.5,unresolved,,,,
108316,109597,same-sheet,9.5,33.4,same-wrap,,,,
108338,100159,ambiguous,11.3,74.1,same-wrap,,,,
108378,108402,same-sheet,9.2,15.5,same-wrap,,,,
108378,108568,same-sheet,9.2,15.1,same-wrap,,,,
108378,109457,same-sheet,9.0,16.9,same-wrap,,,,
108378,110722,same-sheet,8.4,11.7,same-wrap,,,,
108378,107203,same-sheet,11.9,18.7,same-wrap,,,,
108378,108607,same-sheet,9.4,15.3,same-wrap,,,,
108378,109345,same-sheet,10.7,20.3,same-wrap,,,,
108378,109597,same-sheet,9.5,17.8,same-wrap,,,,
108402,109457,ambiguous,19.3,61.0,adjacent,,,,
108402,109597,same-sheet,10.0,59.2,same-wrap,,,,
108402,109808,same-sheet,13.0,60.7,same-wrap,,,,
108510,92244,same-sheet,49.3,85.4,unresolved,,,,
108510,94360,switch,107.6,235.7,unresolved,,,,
108537,108833,same-sheet,9.1,11.5,same-wrap,,,,
108537,112075,same-sheet,8.1,13.9,same-wrap,,,,
108537,114559,same-sheet,10.7,15.3,same-wrap,,,,
108537,124713,same-sheet,8.7,9.3,same-wrap,,,,
108556,109359,same-sheet,13.5,51.4,same-wrap,,,,
108568,109015,same-sheet,8.8,19.5,same-wrap,,,,
108568,109137,same-sheet,9.5,18.7,same-wrap,,,,
108568,109970,same-sheet,8.2,9.0,same-wrap,,,,
108568,112501,untestable,13.1,13.1,same-wrap,,,,
108568,109597,same-sheet,10.2,18.6,same-wrap,,,,
108601,102868,same-sheet,9.3,13.1,same-wrap,,,,
108647,108828,same-sheet,11.9,37.6,same-wrap,,,,
108647,109636,untestable,8.1,8.1,same-wrap,,,,
108647,110195,same-sheet,8.6,13.8,same-wrap,,,,
108647,115091,same-sheet,11.2,16.6,same-wrap,,,,
108647,118734,same-sheet,38.4,121.8,same-wrap,26.0,78.3,59.34,170.0
108663,111935,same-sheet,73.3,363.2,unresolved,,,,
108663,112168,same-sheet,10.1,23.4,same-wrap,,,,
108663,107590,same-sheet,12.1,29.0,unresolved,,,,
108691,108923,untestable,9.7,17.8,same-wrap,,,,
108691,108930,same-sheet,10.0,22.8,same-wrap,,,,
108691,109694,same-sheet,8.4,8.4,same-wrap,,,,
108691,110338,same-sheet,9.2,13.2,same-wrap,,,,
108691,108992,same-sheet,9.5,19.4,same-wrap,,,,
108828,108861,same-sheet,9.5,40.5,same-wrap,,,,
108828,110195,same-sheet,12.4,52.4,same-wrap,,,,
108828,110284,ambiguous,10.8,65.5,same-wrap,,,,
108828,118734,switch,149.7,233.7,adjacent,,,,
108828,109664,untestable,10.3,33.9,same-wrap,,,,
108833,109058,same-sheet,8.7,16.3,same-wrap,,,,
108833,109224,same-sheet,8.1,9.4,same-wrap,,,,
108833,109651,same-sheet,8.4,8.7,same-wrap,,,,
108833,114436,ambiguous,22.8,50.1,same-wrap,,,,
108833,114559,ambiguous,15.7,35.5,same-wrap,,,,
108861,110284,ambiguous,13.7,62.7,same-wrap,,,,
108861,114707,same-sheet,10.8,20.5,same-wrap,,,,
108861,116255,same-sheet,9.6,14.0,same-wrap,,,,
108861,109664,same-sheet,9.2,23.4,same-wrap,,,,
108902,109644,same-sheet,16.1,24.9,unresolved,,,,
108902,111208,same-sheet,10.2,35.7,unresolved,,,,
108902,111176,same-sheet,8.5,9.1,unresolved,,,,
108923,109694,same-sheet,10.9,24.9,same-wrap,,,,
108923,109964,same-sheet,11.3,22.6,same-wrap,,,,
108923,110338,same-sheet,10.9,26.3,same-wrap,,,,
108923,108992,same-sheet,10.0,22.7,same-wrap,,,,
108930,109058,same-sheet,10.8,40.7,same-wrap,,,,
108930,109112,same-sheet,9.9,31.4,same-wrap,,,,
108930,109292,same-sheet,11.5,18.0,same-wrap,,,,
108930,109408,same-sheet,9.1,10.2,same-wrap,,,,
108930,109651,same-sheet,12.3,36.9,same-wrap,,,,
108930,109738,same-sheet,9.3,10.1,same-wrap,,,,
108930,109836,same-sheet,9.0,12.2,same-wrap,,,,
108930,109917,same-sheet,10.3,18.9,same-wrap,,,,
108930,110338,same-sheet,9.2,14.1,same-wrap,,,,
108930,110967,same-sheet,9.0,10.9,same-wrap,,,,
109015,110542,same-sheet,10.1,14.7,same-wrap,,,,
109015,112207,same-sheet,9.8,9.8,same-wrap,,,,
109015,112501,same-sheet,8.7,16.1,same-wrap,,,,
109015,134441,ambiguous,43.8,59.4,adjacent,,,,
109015,109597,same-sheet,9.0,15.6,same-wrap,,,,
109029,101368,same-sheet,17.8,24.4,same-wrap,,,,
109058,109224,same-sheet,9.1,16.9,same-wrap,,,,
109058,109651,same-sheet,9.7,32.0,same-wrap,,,,
109112,109582,same-sheet,9.3,17.2,same-wrap,,,,
109112,109651,same-sheet,11.9,22.2,same-wrap,,,,
109112,109917,same-sheet,9.5,17.1,same-wrap,,,,
109112,110395,same-sheet,9.7,11.2,same-wrap,,,,
109137,109970,same-sheet,9.8,38.5,same-wrap,,,,
109224,109651,same-sheet,8.9,12.2,same-wrap,,,,
109224,114436,untestable,8.7,9.5,same-wrap,,,,
109292,109408,same-sheet,10.5,16.9,same-wrap,,,,
109292,109738,same-sheet,8.2,8.2,same-wrap,,,,
109292,109836,same-sheet,9.4,15.4,same-wrap,,,,
109292,110338,same-sheet,12.3,26.1,same-wrap,,,,
109292,110967,same-sheet,8.1,11.8,same-wrap,,,,
109408,109836,same-sheet,9.5,12.2,same-wrap,,,,
109408,110338,same-sheet,9.0,19.9,same-wrap,,,,
109408,110967,same-sheet,8.6,9.7,same-wrap,,,,
109409,111591,same-sheet,9.6,25.8,same-wrap,,,,
109409,115336,untestable,8.1,8.1,same-wrap,,,,
109409,108218,ambiguous,24.5,111.5,same-wrap,18.6,121.3,0.15,
109438,109964,untestable,12.8,17.0,same-wrap,,,,
109438,110915,same-sheet,9.2,11.9,same-wrap,,,,
109438,108992,untestable,10.2,15.8,same-wrap,,,,
109457,110722,same-sheet,9.2,13.5,same-wrap,,,,
109457,109345,same-sheet,9.7,18.7,same-wrap,,,,
109457,109597,same-sheet,9.5,16.5,same-wrap,,,,
109457,109808,same-sheet,10.5,28.3,same-wrap,,,,
109481,110555,untestable,10.1,18.2,same-wrap,,,,
109481,108607,untestable,17.4,55.6,same-wrap,,,,
109582,109917,untestable,10.1,10.1,same-wrap,,,,
109582,112147,same-sheet,10.9,21.3,same-wrap,,,,
109582,113903,same-sheet,10.5,14.8,same-wrap,,,,
109582,115473,same-sheet,10.2,31.3,same-wrap,,,,
109582,110395,same-sheet,11.5,20.3,same-wrap,,,,
109644,109897,same-sheet,10.0,12.6,unresolved,,,,
109644,108310,same-sheet,10.9,22.6,unresolved,,,,
109651,118375,ambiguous,8.9,11.7,same-wrap,,,,
109651,134912,untestable,9.3,10.5,same-wrap,,,,
109677,109764,untestable,12.3,23.0,same-wrap,,,,
109677,110360,untestable,8.9,23.6,same-wrap,,,,
109677,111483,untestable,8.8,15.1,same-wrap,,,,
109677,112400,untestable,10.1,33.7,same-wrap,,,,
109677,113286,untestable,9.3,24.9,same-wrap,,,,
109677,126366,untestable,129.6,298.3,adjacent,,,,
109678,110881,same-sheet,11.2,16.7,same-wrap,,,,
109678,111720,same-sheet,10.8,17.5,same-wrap,,,,
109678,108388,ambiguous,82.5,148.5,adjacent,,,,
109678,108741,same-sheet,8.2,8.4,same-wrap,,,,
109694,109836,same-sheet,9.6,12.9,same-wrap,,,,
109694,109964,same-sheet,9.6,24.7,same-wrap,,,,
109694,110338,same-sheet,10.4,31.8,same-wrap,,,,
109694,108992,same-sheet,11.1,15.8,same-wrap,,,,
109738,109917,same-sheet,18.0,52.8,same-wrap,,,,
109738,110967,same-sheet,12.1,19.0,same-wrap,,,,
109738,112106,same-sheet,11.2,11.2,same-wrap,,,,
109738,112119,ambiguous,8.5,9.9,same-wrap,,,,
109764,110040,same-sheet,11.0,27.5,same-wrap,,,,
109764,110327,same-sheet,10.1,20.1,same-wrap,,,,
109764,110403,untestable,10.6,10.6,same-wrap,,,,
109764,112400,same-sheet,9.1,32.7,same-wrap,,,,
109764,126366,untestable,83.4,426.2,adjacent,,,,
109812,110115,same-sheet,8.7,9.8,same-wrap,,,,
109812,110542,same-sheet,9.6,14.0,same-wrap,,,,
109812,110574,same-sheet,9.3,14.7,same-wrap,,,,
109812,109808,same-sheet,10.0,18.8,same-wrap,,,,
109836,109964,same-sheet,9.2,29.5,same-wrap,,,,
109836,110338,same-sheet,12.6,54.6,same-wrap,,,,
109836,110915,same-sheet,10.2,19.1,same-wrap,,,,
109836,110967,same-sheet,9.3,13.4,same-wrap,,,,
109836,112119,same-sheet,10.0,17.1,same-wrap,,,,
109852,110009,same-sheet,8.4,10.2,unresolved,,,,
109852,114782,same-sheet,14.8,50.1,unresolved,,,,
109852,112884,same-sheet,10.5,27.8,unresolved,,,,
109897,115288,same-sheet,14.5,133.9,unresolved,,,,
109897,116509,same-sheet,13.3,21.9,unresolved,,,,
109897,117997,same-sheet,11.6,66.3,unresolved,,,,
109897,108310,same-sheet,12.1,102.8,unresolved,,,,
109917,110967,untestable,12.2,12.2,same-wrap,,,,
109917,112147,ambiguous,8.3,14.4,same-wrap,,,,
109917,110395,untestable,9.9,21.4,same-wrap,,,,
109928,102868,same-sheet,8.7,10.7,same-wrap,,,,
109928,105307,same-sheet,8.0,8.0,same-wrap,,,,
109944,110965,untestable,8.1,8.3,same-wrap,,,,
109944,111843,untestable,10.9,19.2,same-wrap,,,,
109944,112476,untestable,11.7,80.9,same-wrap,15.3,21.3,0.07,
109944,108036,untestable,40.8,54.3,same-wrap,,,,
109944,113028,untestable,18.1,71.5,same-wrap,,,,
109964,110338,same-sheet,11.4,31.6,same-wrap,,,,
109964,110388,same-sheet,9.7,13.9,same-wrap,,,,
109964,110915,same-sheet,11.2,45.8,same-wrap,,,,
109964,110955,same-sheet,11.2,13.9,same-wrap,,,,
109964,110967,same-sheet,9.6,23.6,same-wrap,,,,
109964,108992,same-sheet,10.9,29.5,same-wrap,,,,
109970,110572,untestable,10.0,16.5,same-wrap,,,,
109970,112501,same-sheet,9.8,24.6,same-wrap,,,,
110009,114782,same-sheet,11.8,43.3,unresolved,,,,
110009,112884,same-sheet,10.8,114.7,unresolved,,,,
110040,110327,same-sheet,8.6,17.1,same-wrap,,,,
110040,110403,same-sheet,9.2,15.7,same-wrap,,,,
110040,110556,untestable,8.7,12.0,same-wrap,,,,
110040,112400,same-sheet,12.3,22.9,same-wrap,,,,
110040,111074,untestable,8.7,11.4,same-wrap,,,,
110083,110095,untestable,9.5,10.3,unresolved,,,,
110083,110270,same-sheet,8.3,8.3,unresolved,,,,
110083,110818,untestable,8.3,8.3,same-wrap,,,,
110095,110270,untestable,8.9,12.3,same-wrap,,,,
110095,110422,same-sheet,9.3,13.6,same-wrap,,,,
110095,110818,untestable,8.0,8.0,unresolved,,,,
110095,115469,untestable,8.2,8.2,unresolved,,,,
110115,110542,same-sheet,8.3,10.1,same-wrap,,,,
110115,110574,same-sheet,12.5,19.1,same-wrap,,,,
110115,110621,same-sheet,13.1,69.8,same-wrap,,,,
110115,112207,same-sheet,8.9,11.4,same-wrap,,,,
110115,116585,same-sheet,8.9,9.2,same-wrap,,,,
110115,109808,untestable,9.8,17.7,same-wrap,,,,
110195,115091,untestable,13.0,15.7,same-wrap,,,,
110270,110422,untestable,8.9,8.9,same-wrap,,,,
110270,114275,untestable,8.1,8.2,unresolved,,,,
110270,112481,untestable,10.0,10.7,unresolved,,,,
110284,114707,same-sheet,11.9,27.9,same-wrap,,,,
110327,110403,same-sheet,9.9,16.1,same-wrap,,,,
110327,111983,same-sheet,9.4,12.2,same-wrap,,,,
110327,112400,same-sheet,9.6,25.4,same-wrap,,,,
110327,118927,same-sheet,9.1,19.0,same-wrap,,,,
110327,111074,same-sheet,9.8,23.2,same-wrap,,,,
110327,111515,same-sheet,8.7,9.3,same-wrap,,,,
110338,108992,same-sheet,14.5,22.1,same-wrap,,,,
110360,110428,same-sheet,11.7,27.0,same-wrap,,,,
110360,110509,same-sheet,11.9,21.8,same-wrap,,,,
110360,111120,same-sheet,9.6,16.6,same-wrap,,,,
110360,111483,same-sheet,11.3,39.7,same-wrap,,,,
110360,112400,same-sheet,9.3,14.5,same-wrap,,,,
110360,113286,same-sheet,13.0,24.9,same-wrap,,,,
110388,110915,same-sheet,9.0,16.3,same-wrap,,,,
110388,110955,same-sheet,9.2,34.6,same-wrap,,,,
110388,111128,same-sheet,8.9,11.5,same-wrap,,,,
110403,110556,same-sheet,10.1,23.4,same-wrap,,,,
110403,111074,same-sheet,9.2,16.7,same-wrap,,,,
110422,114275,untestable,10.2,10.6,unresolved,,,,
110422,115469,untestable,8.7,15.1,same-wrap,,,,
110422,111200,same-sheet,10.3,23.5,same-wrap,,,,
110428,110509,same-sheet,10.9,14.8,same-wrap,,,,
110428,110546,same-sheet,10.2,22.2,same-wrap,,,,
110428,111120,same-sheet,9.9,18.2,same-wrap,,,,
110428,111483,untestable,12.8,28.6,same-wrap,,,,
110428,112309,ambiguous,15.1,25.9,same-wrap,,,,
110428,112400,same-sheet,11.7,59.7,same-wrap,,,,
110428,112591,same-sheet,9.0,9.0,same-wrap,,,,
110428,113286,same-sheet,10.5,19.8,same-wrap,,,,
110428,118927,same-sheet,19.5,61.5,same-wrap,,,,
110428,128450,ambiguous,121.7,218.9,adjacent,,,,
110509,111120,untestable,8.5,9.2,same-wrap,,,,
110509,111483,untestable,9.4,36.1,same-wrap,,,,
110509,112591,same-sheet,8.2,8.2,same-wrap,,,,
110509,113286,same-sheet,9.8,30.8,same-wrap,,,,
110541,106218,ambiguous,19.4,52.7,same-wrap,,,,
110542,112207,same-sheet,10.6,43.1,same-wrap,,,,
110542,109597,same-sheet,9.8,11.9,same-wrap,,,,
110542,109808,same-sheet,9.1,25.4,same-wrap,,,,
110546,111120,same-sheet,9.4,17.4,same-wrap,,,,
110546,112400,same-sheet,23.3,70.0,same-wrap,,,,
110546,112572,untestable,12.0,20.5,same-wrap,,,,
110546,118927,same-sheet,20.7,64.2,same-wrap,,,,
110546,125292,same-sheet,30.0,89.9,adjacent,,,,
110546,112381,untestable,11.6,12.7,unresolved,,,,
110546,112823,same-sheet,8.3,9.6,same-wrap,,,,
110546,128450,ambiguous,120.8,529.4,adjacent,,,,
110555,123148,untestable,133.2,311.6,same-wrap,9.8,17.8,60.25,
110555,123289,untestable,113.4,305.0,unresolved,,,,
110555,107203,untestable,24.3,51.5,same-wrap,,,,
110555,108607,same-sheet,10.3,13.5,same-wrap,,,,
110555,111426,untestable,8.9,14.6,same-wrap,,,,
110555,122144,untestable,134.3,316.7,adjacent,,,,
110556,111221,same-sheet,9.2,19.9,same-wrap,,,,
110556,111689,same-sheet,10.8,10.8,same-wrap,,,,
110556,112433,untestable,8.5,8.5,same-wrap,,,,
110556,112757,same-sheet,8.9,11.6,same-wrap,,,,
110556,110830,same-sheet,15.2,26.7,same-wrap,,,,
110556,111074,same-sheet,11.0,35.2,same-wrap,,,,
110556,111515,same-sheet,8.1,8.4,same-wrap,,,,
110572,112501,untestable,9.9,16.0,same-wrap,,,,
110574,110621,same-sheet,12.8,52.8,same-wrap,,,,
110574,112761,same-sheet,12.8,15.1,same-wrap,,,,
110574,109808,same-sheet,10.1,16.9,same-wrap,,,,
110621,112761,same-sheet,11.4,44.9,same-wrap,,,,
110621,115212,untestable,15.3,16.4,same-wrap,,,,
110621,116585,same-sheet,10.9,29.0,same-wrap,,,,
110621,115292,same-sheet,11.0,16.5,same-wrap,,,,
110652,110801,untestable,13.7,32.2,same-wrap,,,,
110652,110806,same-sheet,10.0,25.2,same-wrap,,,,
110652,110863,same-sheet,9.2,13.9,same-wrap,,,,
110652,111101,untestable,17.8,49.3,same-wrap,,,,
110652,113465,untestable,9.6,55.6,same-wrap,,,,
110722,110762,same-sheet,10.2,23.3,same-wrap,,,,
110722,111256,same-sheet,8.7,12.0,same-wrap,,,,
110722,111291,same-sheet,10.1,14.1,same-wrap,,,,
110722,109345,same-sheet,9.3,26.4,same-wrap,,,,
110722,109808,same-sheet,10.1,18.8,same-wrap,,,,
110762,111256,same-sheet,9.4,17.7,same-wrap,,,,
110762,117233,same-sheet,9.1,14.7,same-wrap,,,,
110762,109345,same-sheet,10.9,30.0,same-wrap,,,,
110790,114281,same-sheet,11.2,19.1,unresolved,,,,
110790,108108,same-sheet,8.4,10.9,unresolved,,,,
110790,108310,same-sheet,8.3,8.5,unresolved,,,,
110790,114154,same-sheet,10.5,15.0,unresolved,,,,
110801,110806,same-sheet,11.6,19.4,same-wrap,,,,
110801,118709,same-sheet,8.8,8.8,same-wrap,,,,
110801,111101,same-sheet,13.2,59.3,same-wrap,,,,
110806,110863,same-sheet,9.0,14.3,same-wrap,,,,
110806,110928,same-sheet,9.9,23.0,same-wrap,,,,
110806,111180,same-sheet,10.3,44.5,same-wrap,,,,
110806,111290,same-sheet,8.2,8.2,same-wrap,,,,
110806,111406,same-sheet,9.0,21.9,same-wrap,,,,
110806,112228,same-sheet,10.0,15.8,same-wrap,,,,
110863,110928,same-sheet,9.4,14.1,same-wrap,,,,
110881,111720,untestable,10.9,11.1,unresolved,,,,
110915,110917,untestable,8.7,8.7,same-wrap,,,,
110915,110955,same-sheet,10.5,23.1,same-wrap,,,,
110915,110988,same-sheet,9.5,15.7,same-wrap,,,,
110915,111128,same-sheet,10.2,25.6,same-wrap,,,,
110915,111287,same-sheet,9.9,13.6,same-wrap,,,,
110915,112119,same-sheet,8.6,9.9,same-wrap,,,,
110917,110955,untestable,8.9,13.9,same-wrap,,,,
110917,111031,untestable,7.9,7.9,same-wrap,,,,
110928,111406,same-sheet,9.7,11.3,same-wrap,,,,
110928,112228,same-sheet,10.8,21.4,same-wrap,,,,
110928,112473,ambiguous,18.4,38.5,same-wrap,,,,
110928,113711,same-sheet,15.7,20.9,same-wrap,,,,
110955,111031,same-sheet,9.4,19.3,same-wrap,,,,
110955,111128,same-sheet,9.5,23.1,same-wrap,,,,
110955,112068,untestable,8.0,8.0,same-wrap,,,,
110965,111099,same-sheet,9.9,29.2,same-wrap,,,,
110965,111843,same-sheet,8.5,8.9,same-wrap,,,,
110965,111901,same-sheet,8.3,14.0,same-wrap,,,,
110965,112421,same-sheet,8.0,8.0,same-wrap,,,,
110965,112476,same-sheet,8.5,9.3,same-wrap,,,,
110965,108036,same-sheet,9.5,17.4,same-wrap,,,,
110965,111178,ambiguous,11.5,48.5,same-wrap,,,,
110965,113061,same-sheet,9.7,26.6,same-wrap,,,,
110967,110988,same-sheet,8.8,10.6,same-wrap,,,,
110967,112106,same-sheet,9.5,15.8,same-wrap,,,,
110967,112119,same-sheet,9.9,17.0,same-wrap,,,,
110988,111128,same-sheet,13.0,28.7,same-wrap,,,,
110988,111287,same-sheet,11.1,19.1,same-wrap,,,,
110988,111531,same-sheet,9.7,22.6,same-wrap,,,,
110988,112119,same-sheet,8.6,11.6,same-wrap,,,,
111031,111128,same-sheet,10.4,29.4,same-wrap,,,,
111031,111668,same-sheet,9.8,14.5,same-wrap,,,,
111031,111685,same-sheet,11.4,21.9,same-wrap,,,,
111031,112068,same-sheet,11.4,45.1,same-wrap,,,,
111031,112686,untestable,8.8,8.8,same-wrap,,,,
111099,111901,untestable,13.3,17.0,same-wrap,,,,
111099,121261,ambiguous,132.1,494.3,adjacent,,,,
111099,108036,same-sheet,10.6,20.0,same-wrap,,,,
111099,111178,same-sheet,11.2,30.0,same-wrap,,,,
111099,113061,same-sheet,11.6,35.8,same-wrap,,,,
111099,113244,ambiguous,45.5,70.1,same-wrap,,,,
111099,114207,same-sheet,9.2,9.2,same-wrap,,,,
111099,122185,ambiguous,68.6,118.7,adjacent,,,,
111112,112128,same-sheet,8.8,15.5,unresolved,,,,
111112,117599,same-sheet,9.0,18.1,unresolved,,,,
111112,108108,same-sheet,9.1,13.6,unresolved,,,,
111112,114154,same-sheet,12.0,28.1,unresolved,,,,
111120,112309,same-sheet,8.6,10.2,same-wrap,,,,
111120,112400,same-sheet,9.2,11.2,same-wrap,,,,
111120,112591,same-sheet,8.7,10.1,same-wrap,,,,
111120,113123,same-sheet,9.0,20.8,same-wrap,,,,
111120,113161,same-sheet,9.8,15.9,same-wrap,,,,
111120,113286,same-sheet,10.0,17.4,same-wrap,,,,
111120,116886,same-sheet,8.8,10.1,same-wrap,,,,
111120,112381,same-sheet,8.8,12.3,same-wrap,,,,
111120,112823,same-sheet,8.3,9.7,same-wrap,,,,
111128,111287,same-sheet,8.8,11.4,same-wrap,,,,
111128,111668,same-sheet,10.1,16.2,same-wrap,,,,
111128,111703,same-sheet,9.5,15.0,same-wrap,,,,
111128,112068,same-sheet,9.6,16.3,same-wrap,,,,
111128,112177,same-sheet,9.8,16.7,same-wrap,,,,
111128,112278,same-sheet,10.5,25.1,same-wrap,,,,
111180,111290,same-sheet,8.7,11.6,same-wrap,,,,
111180,111406,same-sheet,8.6,11.6,same-wrap,,,,
111180,111989,same-sheet,8.9,10.6,same-wrap,,,,
111180,118709,same-sheet,9.5,15.7,same-wrap,,,,
111180,111101,same-sheet,11.0,16.6,same-wrap,,,,
111208,111227,same-sheet,11.1,21.7,unresolved,,,,
111208,111906,same-sheet,18.4,36.0,unresolved,,,,
111208,112356,same-sheet,11.2,33.6,unresolved,,,,
111208,114896,untestable,11.0,25.2,unresolved,,,,
111208,111176,same-sheet,8.6,14.9,same-wrap,,,,
111221,112433,same-sheet,10.0,40.1,same-wrap,,,,
111221,112479,same-sheet,17.8,30.3,same-wrap,,,,
111221,112757,same-sheet,11.9,60.3,same-wrap,,,,
111221,126683,ambiguous,64.5,265.5,adjacent,,,,
111221,110830,same-sheet,10.8,39.7,same-wrap,,,,
111221,111325,same-sheet,10.9,30.2,same-wrap,,,,
111221,113006,same-sheet,10.5,17.3,same-wrap,,,,
111221,120087,ambiguous,69.2,236.3,adjacent,,,,
111227,114490,same-sheet,14.8,29.7,unresolved,,,,
111227,114896,untestable,10.6,13.1,unresolved,,,,
111227,116831,same-sheet,9.9,14.1,unresolved,,,,
111256,111291,same-sheet,9.7,24.6,same-wrap,,,,
111287,111531,same-sheet,9.7,16.0,same-wrap,,,,
111287,112119,same-sheet,10.9,27.4,same-wrap,,,,
111287,112177,same-sheet,8.4,11.2,same-wrap,,,,
111290,111406,same-sheet,8.7,9.0,same-wrap,,,,
111290,111840,same-sheet,10.4,20.8,same-wrap,,,,
111290,111989,same-sheet,9.2,12.7,same-wrap,,,,
111290,112065,same-sheet,9.8,26.8,same-wrap,,,,
111290,114418,same-sheet,19.5,42.4,same-wrap,,,,
111290,118709,same-sheet,9.6,18.5,same-wrap,,,,
111290,112748,same-sheet,11.1,20.9,same-wrap,,,,
111291,111327,same-sheet,10.9,43.4,same-wrap,,,,
111291,111665,same-sheet,10.5,72.2,same-wrap,,,,
111291,113154,same-sheet,10.8,21.3,same-wrap,,,,
111291,109808,same-sheet,9.7,12.5,same-wrap,,,,
111327,111665,same-sheet,12.4,60.0,same-wrap,,,,
111406,111989,same-sheet,11.8,33.9,same-wrap,,,,
111406,112228,same-sheet,10.6,48.4,same-wrap,,,,
111406,112951,same-sheet,9.6,19.2,same-wrap,,,,
111483,112309,untestable,10.9,13.4,same-wrap,,,,
111483,112400,untestable,10.6,14.9,same-wrap,,,,
111483,112591,untestable,19.0,26.3,same-wrap,,,,
111483,113286,same-sheet,9.0,21.7,same-wrap,,,,
111531,112119,same-sheet,10.0,22.3,same-wrap,,,,
111531,112177,untestable,10.7,13.4,same-wrap,,,,
111531,112569,same-sheet,9.4,17.9,same-wrap,,,,
111591,111749,same-sheet,10.1,35.3,same-wrap,,,,
111591,115336,same-sheet,9.5,26.0,same-wrap,,,,
111591,108218,ambiguous,24.1,207.5,same-wrap,68.9,153.1,0.19,
111649,111689,same-sheet,11.2,28.6,same-wrap,,,,
111649,111737,same-sheet,9.2,12.1,same-wrap,,,,
111649,113485,untestable,8.0,8.0,same-wrap,,,,
111649,120474,same-sheet,40.9,55.8,same-wrap,,,,
111649,111515,same-sheet,9.3,18.3,same-wrap,,,,
111649,112447,same-sheet,10.2,15.4,same-wrap,,,,
111665,111729,same-sheet,8.9,15.0,same-wrap,,,,
111665,111804,untestable,8.8,10.7,same-wrap,,,,
111665,111933,same-sheet,10.6,30.5,same-wrap,,,,
111665,112474,same-sheet,9.8,9.9,same-wrap,,,,
111665,112761,same-sheet,9.8,25.2,same-wrap,,,,
111665,113154,same-sheet,12.7,18.1,same-wrap,,,,
111668,111703,same-sheet,13.3,31.2,same-wrap,,,,
111668,112068,same-sheet,10.1,19.6,same-wrap,,,,
111668,112278,same-sheet,8.6,10.2,same-wrap,,,,
111668,112980,same-sheet,9.4,14.1,same-wrap,,,,
111685,112068,same-sheet,11.8,21.3,same-wrap,,,,
111685,112474,same-sheet,10.9,30.3,same-wrap,,,,
111685,112686,same-sheet,9.6,24.9,same-wrap,,,,
111689,112757,same-sheet,13.1,40.0,same-wrap,,,,
111689,113485,untestable,10.3,21.3,same-wrap,,,,
111689,115400,same-sheet,9.5,23.2,same-wrap,,,,
111689,111515,same-sheet,9.3,14.4,same-wrap,,,,
111703,112177,same-sheet,10.3,27.6,same-wrap,,,,
111703,112278,same-sheet,12.8,23.6,same-wrap,,,,
111703,112448,same-sheet,11.0,19.9,same-wrap,,,,
111720,96912,same-sheet,9.8,21.2,same-wrap,,,,
111720,108388,ambiguous,47.1,146.2,same-wrap,97.4,31.7,58.22,
111729,111933,same-sheet,10.5,19.4,same-wrap,,,,
111729,112427,same-sheet,9.1,12.5,same-wrap,,,,
111729,113651,same-sheet,10.7,23.3,same-wrap,,,,
111729,127652,same-sheet,17.5,64.5,same-wrap,,,,
111737,111983,same-sheet,15.0,29.5,same-wrap,,,,
111737,112367,same-sheet,9.7,17.6,same-wrap,,,,
111737,111515,same-sheet,11.1,27.2,same-wrap,,,,
111737,111979,same-sheet,9.0,9.5,same-wrap,,,,
111737,112447,same-sheet,8.6,10.5,same-wrap,,,,
111737,113294,same-sheet,10.7,18.2,same-wrap,,,,
111744,111951,same-sheet,10.0,18.3,same-wrap,,,,
111744,117791,same-sheet,9.1,20.3,same-wrap,,,,
111744,111178,same-sheet,8.2,10.3,same-wrap,,,,
111744,114207,same-sheet,8.5,10.0,same-wrap,,,,
111749,115336,same-sheet,8.9,52.2,same-wrap,,,,
111749,108218,ambiguous,19.1,142.7,same-wrap,26.1,147.9,0.02,
111798,97870,same-sheet,16.7,63.9,same-wrap,,,,
111840,111989,same-sheet,11.1,11.1,same-wrap,,,,
111840,112065,same-sheet,8.9,9.2,same-wrap,,,,
111840,112799,same-sheet,10.2,10.2,same-wrap,,,,
111840,113540,same-sheet,8.2,8.2,same-wrap,,,,
111840,114418,ambiguous,64.1,142.5,same-wrap,15.6,146.1,0.78,
111840,117049,untestable,8.0,9.9,same-wrap,,,,
111840,118709,untestable,8.0,8.0,same-wrap,,,,
111840,112748,same-sheet,9.4,20.3,same-wrap,,,,
111843,111901,untestable,8.0,8.0,adjacent,,,,
111843,112421,same-sheet,8.1,8.4,same-wrap,,,,
111843,112476,same-sheet,8.8,10.3,same-wrap,,,,
111843,113061,same-sheet,8.1,8.4,same-wrap,,,,
111874,112123,untestable,8.2,8.2,unresolved,,,,
111874,112707,untestable,8.3,8.4,unresolved,,,,
111874,113341,untestable,8.7,9.2,unresolved,,,,
111901,112421,same-sheet,10.9,20.4,same-wrap,,,,
111901,112476,same-sheet,10.1,16.2,same-wrap,,,,
111901,112776,same-sheet,12.8,14.8,same-wrap,,,,
111901,113061,same-sheet,10.2,20.0,same-wrap,,,,
111906,112356,same-sheet,11.8,29.6,unresolved,,,,
111906,114896,untestable,15.2,22.3,unresolved,,,,
111906,104330,ambiguous,96.7,103.8,same-wrap,0.0,0.0,0.05,
111906,111176,ambiguous,15.9,38.8,same-wrap,,,,
111920,112045,same-sheet,9.0,18.8,same-wrap,,,,
111920,118709,same-sheet,9.9,21.9,same-wrap,,,,
111920,111101,untestable,8.5,12.4,same-wrap,,,,
111920,112747,untestable,8.9,23.0,same-wrap,,,,
111933,112432,same-sheet,9.2,10.6,same-wrap,,,,
111933,112761,same-sheet,9.0,12.9,same-wrap,,,,
111933,113651,same-sheet,8.4,8.8,same-wrap,,,,
111933,113855,same-sheet,9.1,13.5,same-wrap,,,,
111933,116453,same-sheet,8.3,9.4,same-wrap,,,,
111933,127652,same-sheet,9.7,15.4,same-wrap,,,,
111935,107590,same-sheet,17.2,69.2,unresolved,,,,
111951,116727,same-sheet,10.7,19.6,same-wrap,,,,
111951,117214,same-sheet,9.2,9.2,same-wrap,,,,
111951,117791,same-sheet,8.7,9.2,same-wrap,,,,
111951,114207,ambiguous,19.8,29.4,adjacent,,,,
111983,112367,same-sheet,12.1,36.5,same-wrap,,,,
111983,118927,same-sheet,8.7,11.9,same-wrap,,,,
111983,123418,switch,76.6,114.7,adjacent,,,,
111983,124349,switch,90.6,182.2,adjacent,,,,
111983,111074,same-sheet,16.9,77.7,same-wrap,,,,
111983,111515,ambiguous,19.4,82.8,same-wrap,17.3,22.1,64.15,70.0
111983,111979,same-sheet,9.1,26.5,same-wrap,,,,
111983,124719,switch,111.1,214.3,adjacent,,,,
111989,112228,untestable,9.1,10.0,same-wrap,,,,
111989,112951,same-sheet,25.0,46.2,same-wrap,,,,
111989,114418,ambiguous,42.1,67.6,same-wrap,,,,
112045,112065,same-sheet,9.5,20.1,same-wrap,,,,
112045,113502,same-sheet,9.5,15.5,same-wrap,,,,
112045,118709,same-sheet,10.8,21.1,same-wrap,,,,
112045,112747,same-sheet,9.7,14.1,same-wrap,,,,
112065,113502,same-sheet,9.8,20.0,same-wrap,,,,
112065,118709,same-sheet,11.0,27.8,same-wrap,,,,
112065,112747,same-sheet,11.0,28.3,same-wrap,,,,
112065,112748,same-sheet,9.9,18.2,same-wrap,,,,
112068,112474,ambiguous,11.0,22.1,same-wrap,,,,
112068,112686,same-sheet,10.5,21.5,same-wrap,,,,
112075,114559,same-sheet,9.3,13.9,same-wrap,,,,
112075,124713,same-sheet,9.5,12.7,same-wrap,,,,
112106,112119,ambiguous,8.7,11.1,same-wrap,,,,
112106,112246,same-sheet,24.0,94.0,adjacent,,,,
112119,112177,same-sheet,10.2,16.9,same-wrap,,,,
112119,112246,same-sheet,9.4,11.3,same-wrap,,,,
112119,112569,same-sheet,10.4,17.5,same-wrap,,,,
112123,113347,untestable,8.0,8.0,unresolved,,,,
112128,108108,same-sheet,10.1,31.1,unresolved,,,,
112147,112246,untestable,9.2,11.1,same-wrap,,,,
112147,112558,switch,10.6,11.7,same-wrap,,,,
112147,113903,untestable,9.4,10.9,same-wrap,,,,
112147,110395,same-sheet,10.2,33.0,same-wrap,,,,
112177,112278,same-sheet,9.7,22.7,same-wrap,,,,
112177,112316,same-sheet,9.5,17.7,same-wrap,,,,
112177,112448,same-sheet,9.0,14.2,same-wrap,,,,
112177,112569,same-sheet,8.4,10.5,same-wrap,,,,
112177,116900,untestable,8.5,10.9,same-wrap,,,,
112228,112473,same-sheet,10.6,30.0,same-wrap,,,,
112228,112951,same-sheet,11.2,28.7,same-wrap,,,,
112228,113151,same-sheet,9.1,47.0,same-wrap,,,,
112228,112504,same-sheet,11.9,42.8,same-wrap,,,,
112228,112709,same-sheet,12.2,43.6,same-wrap,,,,
112246,112558,untestable,10.5,11.8,same-wrap,,,,
112246,94591,same-sheet,190.8,281.3,adjacent,,,,
112246,112817,ambiguous,8.6,12.0,same-wrap,,,,
112278,112448,same-sheet,9.3,10.1,same-wrap,,,,
112278,112980,same-sheet,10.3,17.7,same-wrap,,,,
112278,113575,same-sheet,10.5,17.6,same-wrap,,,,
112278,113915,same-sheet,10.3,22.4,same-wrap,,,,
112309,112591,untestable,23.7,48.5,same-wrap,,,,
112309,113286,untestable,10.4,49.1,same-wrap,,,,
112316,112448,same-sheet,9.3,11.1,same-wrap,,,,
112316,112569,untestable,8.5,8.5,same-wrap,,,,
112316,116900,same-sheet,8.5,12.5,same-wrap,,,,
112356,114896,untestable,15.9,35.1,unresolved,,,,
112367,113450,same-sheet,9.9,17.2,same-wrap,,,,
112367,113294,same-sheet,9.5,17.8,same-wrap,,,,
112400,113286,untestable,9.7,10.9,same-wrap,,,,
112400,118927,same-sheet,25.3,74.4,same-wrap,,,,
112400,125292,ambiguous,221.5,639.4,adjacent,,,,
112400,126366,switch,163.4,664.1,adjacent,,,,
112400,127763,same-sheet,21.6,60.0,same-wrap,,,,
112400,124719,ambiguous,155.7,577.8,adjacent,,,,
112400,126607,ambiguous,194.0,671.9,adjacent,,,,
112400,128450,ambiguous,49.6,89.5,same-wrap,9.9,15.7,62.07,
112421,112476,same-sheet,8.6,13.4,same-wrap,,,,
112421,113061,same-sheet,9.4,22.7,same-wrap,,,,
112427,112474,same-sheet,9.8,17.9,same-wrap,,,,
112427,112686,same-sheet,10.9,21.7,same-wrap,,,,
112427,113260,same-sheet,12.0,27.1,same-wrap,,,,
112427,113651,same-sheet,9.7,16.9,same-wrap,,,,
112427,114475,same-sheet,9.7,20.0,same-wrap,,,,
112427,116453,same-sheet,8.7,13.5,same-wrap,,,,
112432,113855,same-sheet,8.3,9.0,same-wrap,,,,
112432,114184,same-sheet,9.5,12.7,same-wrap,,,,
112432,114577,same-sheet,12.6,20.7,same-wrap,,,,
112432,127652,same-sheet,10.1,17.7,same-wrap,,,,
112432,114808,same-sheet,9.6,12.9,same-wrap,,,,
112433,112479,same-sheet,13.9,40.2,same-wrap,,,,
112433,111325,same-sheet,9.6,33.9,same-wrap,,,,
112448,112864,same-sheet,10.0,29.1,same-wrap,,,,
112448,114604,same-sheet,12.5,41.2,same-wrap,,,,
112473,113711,same-sheet,8.3,8.3,same-wrap,,,,
112474,112686,same-sheet,8.7,15.5,same-wrap,,,,
112474,113260,same-sheet,8.6,10.7,same-wrap,,,,
112476,112776,untestable,7.9,7.9,same-wrap,,,,
112476,114378,same-sheet,10.1,25.0,same-wrap,,,,
112476,113028,untestable,8.7,13.3,same-wrap,,,,
112476,113061,same-sheet,9.9,11.1,same-wrap,,,,
112479,113235,same-sheet,9.0,12.4,same-wrap,,,,
112479,113927,same-sheet,10.1,32.2,same-wrap,,,,
112479,111325,same-sheet,10.3,10.7,same-wrap,,,,
112501,114482,switch,101.4,252.1,adjacent,,,,
112501,134441,same-sheet,18.8,51.8,same-wrap,,,,
112528,112717,same-sheet,9.4,17.4,same-wrap,,,,
112528,112736,same-sheet,8.4,13.6,same-wrap,,,,
112528,112785,untestable,10.3,14.3,same-wrap,,,,
112528,112447,same-sheet,12.9,21.0,same-wrap,,,,
112528,113698,same-sheet,9.9,22.0,same-wrap,,,,
112543,112846,untestable,8.0,8.2,unresolved,,,,
112543,112983,untestable,8.7,10.3,same-wrap,,,,
112543,114275,untestable,8.8,8.8,unresolved,,,,
112543,112481,same-sheet,9.1,10.8,unresolved,,,,
112543,112847,untestable,8.4,14.1,unresolved,,,,
112543,112991,same-sheet,8.4,15.0,unresolved,,,,
112558,112670,same-sheet,11.6,34.1,same-wrap,,,,
112558,110395,same-sheet,10.0,14.8,same-wrap,,,,
112569,112817,same-sheet,9.7,14.2,same-wrap,,,,
112572,113450,same-sheet,12.4,51.7,same-wrap,,,,
112572,112381,same-sheet,13.0,36.2,same-wrap,,,,
112572,112823,same-sheet,12.1,35.1,same-wrap,,,,
112591,113123,same-sheet,11.2,27.3,same-wrap,,,,
112591,113161,same-sheet,10.5,15.5,same-wrap,,,,
112591,113286,untestable,8.6,41.7,same-wrap,,,,
112591,113391,same-sheet,9.6,20.2,same-wrap,,,,
112670,115772,untestable,9.5,20.9,same-wrap,,,,
112686,113260,same-sheet,9.4,12.6,same-wrap,,,,
112707,113747,same-sheet,7.9,7.9,unresolved,,,,
112717,113824,same-sheet,8.9,11.1,same-wrap,,,,
112717,112447,same-sheet,11.5,14.4,same-wrap,,,,
112717,113204,same-sheet,13.5,33.3,same-wrap,,,,
112717,113698,same-sheet,9.1,12.2,same-wrap,,,,
112736,112785,untestable,9.2,9.3,same-wrap,,,,
112736,120517,untestable,116.6,235.8,adjacent,,,,
112736,113698,untestable,10.0,23.2,same-wrap,,,,
112736,119134,untestable,116.3,238.2,adjacent,,,,
112757,112879,same-sheet,8.6,17.1,same-wrap,,,,
112757,115400,same-sheet,8.2,12.8,same-wrap,,,,
112757,126683,switch,110.6,841.6,adjacent,,,,
112757,110830,same-sheet,14.1,80.2,same-wrap,36.4,34.9,63.21,170.0
112757,111325,same-sheet,8.3,8.6,same-wrap,,,,
112757,113006,same-sheet,10.9,18.6,same-wrap,,,,
112757,120087,switch,123.1,948.8,adjacent,,,,
112761,113855,same-sheet,9.0,11.4,same-wrap,,,,
112776,113348,same-sheet,8.4,8.5,same-wrap,,,,
112776,114378,same-sheet,9.1,9.9,same-wrap,,,,
112776,113061,same-sheet,9.1,17.4,same-wrap,,,,
112785,117012,untestable,9.3,20.1,same-wrap,,,,
112785,113698,untestable,13.0,19.5,same-wrap,,,,
112799,113540,same-sheet,10.1,17.1,same-wrap,,,,
112799,114034,same-sheet,11.1,17.4,same-wrap,,,,
112799,116165,same-sheet,9.9,20.0,same-wrap,,,,
112799,117049,same-sheet,8.6,12.7,same-wrap,,,,
112799,112709,same-sheet,11.1,28.5,same-wrap,,,,
112799,112748,same-sheet,9.7,18.1,same-wrap,,,,
112799,115504,same-sheet,14.4,18.6,same-wrap,,,,
112841,113156,same-sheet,8.6,13.3,same-wrap,,,,
112841,113502,same-sheet,12.6,14.8,same-wrap,,,,
112841,113540,same-sheet,9.7,20.4,same-wrap,,,,
112841,113964,same-sheet,9.7,16.8,same-wrap,,,,
112841,114034,same-sheet,8.9,12.4,same-wrap,,,,
112841,112748,same-sheet,9.4,17.9,same-wrap,,,,
112846,112983,untestable,8.3,13.0,same-wrap,,,,
112846,112847,untestable,9.3,9.9,unresolved,,,,
112864,113024,untestable,8.2,9.6,same-wrap,,,,
112864,113243,untestable,9.5,13.7,same-wrap,,,,
112864,114604,same-sheet,10.7,12.8,same-wrap,,,,
112879,115400,same-sheet,9.7,17.4,same-wrap,,,,
112879,113006,same-sheet,10.3,23.5,same-wrap,,,,
112879,113724,untestable,8.3,8.3,same-wrap,,,,
112879,114272,ambiguous,15.5,46.1,same-wrap,,,,
112879,115224,ambiguous,45.3,116.5,adjacent,,,,
112879,129216,same-sheet,15.4,37.0,same-wrap,,,,
112951,114418,ambiguous,48.6,105.8,same-wrap,18.9,130.0,0.44,
112951,114847,ambiguous,70.3,122.0,same-wrap,17.7,145.0,0.03,
112951,112504,same-sheet,10.9,12.9,same-wrap,,,,
112951,112709,ambiguous,49.1,83.8,same-wrap,89.4,6.9,0.02,
112980,113575,same-sheet,9.0,19.5,same-wrap,,,,
112980,113607,same-sheet,8.8,12.2,same-wrap,,,,
112980,114475,same-sheet,8.9,9.2,same-wrap,,,,
112983,114247,untestable,11.3,16.7,same-wrap,,,,
112983,112481,untestable,9.1,11.3,unresolved,,,,
112983,112847,untestable,103.9,3365.5,unresolved,,,,
112983,112991,untestable,9.7,10.7,unresolved,,,,
113024,113110,same-sheet,9.6,27.2,same-wrap,,,,
113024,113243,untestable,9.7,27.3,same-wrap,,,,
113024,113915,same-sheet,9.2,19.5,same-wrap,,,,
113024,116872,untestable,9.4,20.6,same-wrap,,,,
113066,113103,same-sheet,9.3,19.2,same-wrap,,,,
113066,113965,same-sheet,8.8,21.0,same-wrap,,,,
113066,126766,untestable,27.9,27.9,adjacent,,,,
113066,111178,untestable,8.2,8.4,same-wrap,,,,
113066,113061,same-sheet,9.9,19.5,same-wrap,,,,
113066,113414,same-sheet,10.6,15.3,same-wrap,,,,
113066,114207,same-sheet,9.7,17.5,same-wrap,,,,
113103,113965,same-sheet,9.8,14.2,same-wrap,,,,
113103,113414,same-sheet,12.3,14.9,same-wrap,,,,
113103,114207,same-sheet,32.9,79.2,adjacent,,,,
113110,113575,same-sheet,8.3,8.6,same-wrap,,,,
113110,113624,same-sheet,9.3,16.4,same-wrap,,,,
113110,113915,same-sheet,9.8,22.4,same-wrap,,,,
113110,116872,same-sheet,11.9,41.9,same-wrap,,,,
113123,113161,same-sheet,10.3,29.0,same-wrap,,,,
113123,113391,same-sheet,9.5,23.6,same-wrap,,,,
113123,114775,same-sheet,9.1,10.9,same-wrap,,,,
113123,113174,same-sheet,10.9,14.1,same-wrap,,,,
113151,113217,same-sheet,8.8,14.3,same-wrap,,,,
113151,113235,same-sheet,10.2,31.4,same-wrap,,,,
113151,113577,same-sheet,12.5,41.6,same-wrap,,,,
113151,113711,same-sheet,8.7,18.6,same-wrap,,,,
113151,113927,same-sheet,9.4,19.1,same-wrap,,,,
113151,115014,same-sheet,10.5,54.3,same-wrap,,,,
113151,136619,ambiguous,70.1,174.4,adjacent,,,,
113151,123459,switch,131.1,504.9,adjacent,,,,
113154,113508,switch,112.2,209.4,adjacent,,,,
113154,109808,same-sheet,10.5,17.4,same-wrap,,,,
113156,113540,same-sheet,11.2,31.1,same-wrap,,,,
113156,113669,same-sheet,10.2,11.4,same-wrap,,,,
113156,113964,same-sheet,9.5,29.2,same-wrap,,,,
113156,114034,same-sheet,11.2,30.8,same-wrap,,,,
113156,114240,same-sheet,9.2,9.3,same-wrap,,,,
113156,114952,same-sheet,9.3,19.0,same-wrap,,,,
113156,112748,same-sheet,8.7,8.7,same-wrap,,,,
113161,114202,same-sheet,8.1,8.1,same-wrap,,,,
113161,114775,same-sheet,10.0,20.9,same-wrap,,,,
113161,114819,same-sheet,9.4,16.5,same-wrap,,,,
113161,115295,same-sheet,13.9,67.9,same-wrap,,,,
113161,116886,same-sheet,12.4,69.4,same-wrap,,,,
113161,112823,untestable,10.5,11.3,same-wrap,,,,
113161,113174,same-sheet,10.6,13.8,same-wrap,,,,
113217,113577,same-sheet,9.4,14.0,same-wrap,,,,
113217,114096,same-sheet,16.0,70.3,same-wrap,,,,
113217,117569,same-sheet,15.2,65.2,same-wrap,,,,
113217,112709,same-sheet,8.1,8.1,same-wrap,,,,
113235,113577,untestable,10.1,15.6,same-wrap,,,,
113235,113927,same-sheet,11.4,35.1,same-wrap,,,,
113235,115014,untestable,10.5,17.5,same-wrap,,,,
113235,117140,untestable,11.5,16.5,same-wrap,,,,
113243,114604,untestable,23.1,30.3,same-wrap,,,,
113260,113607,same-sheet,10.3,12.2,same-wrap,,,,
113260,114475,same-sheet,11.2,49.0,same-wrap,,,,
113260,116453,same-sheet,11.2,24.1,same-wrap,,,,
113286,113391,untestable,9.8,17.9,same-wrap,,,,
113302,115772,untestable,14.5,97.7,same-wrap,3.6,32.9,0.87,
113302,116900,same-sheet,17.2,43.8,same-wrap,,,,
113302,112817,same-sheet,11.3,30.6,same-wrap,,,,
113310,113347,untestable,8.5,11.0,same-wrap,,,,
113310,113623,untestable,9.4,12.4,unresolved,,,,
113310,113747,same-sheet,9.5,18.7,unresolved,,,,
113310,114751,same-sheet,8.2,10.0,unresolved,,,,
113341,114972,untestable,10.0,11.2,unresolved,,,,
113341,115256,same-sheet,8.1,8.4,unresolved,,,,
113347,113623,untestable,8.1,8.2,unresolved,,,,
113347,114113,untestable,8.3,8.3,unresolved,,,,
113347,114448,same-sheet,8.0,8.0,unresolved,,,,
113348,113357,same-sheet,8.9,9.4,same-wrap,,,,
113348,113508,same-sheet,8.8,13.8,same-wrap,,,,
113348,113825,same-sheet,20.2,64.5,same-wrap,,,,
113348,114378,same-sheet,8.2,11.0,same-wrap,,,,
113348,122096,switch,69.1,100.3,adjacent,,,,
113348,113061,same-sheet,8.5,11.9,same-wrap,,,,
113357,113825,same-sheet,9.1,19.3,same-wrap,,,,
113357,113061,same-sheet,9.3,32.4,same-wrap,,,,
113357,113414,same-sheet,9.1,37.3,same-wrap,,,,
113365,114443,untestable,9.4,9.4,unresolved,,,,
113365,114550,untestable,8.6,8.6,unresolved,,,,
113391,114009,ambiguous,10.0,18.1,same-wrap,,,,
113391,115500,untestable,11.3,18.1,same-wrap,,,,
113391,113174,ambiguous,18.6,106.8,same-wrap,111.3,4.6,0.0,
113426,114426,same-sheet,12.7,41.6,same-wrap,,,,
113426,112823,untestable,12.1,14.1,same-wrap,,,,
113426,115163,same-sheet,12.0,19.8,same-wrap,,,,
113450,113294,same-sheet,10.2,18.7,same-wrap,,,,
113479,113149,same-sheet,12.0,39.4,same-wrap,,,,
113485,115400,same-sheet,9.0,13.1,same-wrap,,,,
113485,120474,ambiguous,68.0,135.4,same-wrap,22.2,111.5,0.19,
113485,111515,untestable,8.1,8.1,same-wrap,,,,
113485,113724,same-sheet,9.1,21.5,same-wrap,,,,
113502,114152,untestable,22.0,33.7,same-wrap,,,,
113502,112747,same-sheet,9.5,66.4,same-wrap,,,,
113502,113879,ambiguous,8.3,10.1,same-wrap,,,,
113508,109808,switch,103.2,215.1,adjacent,,,,
113521,115529,same-sheet,16.8,63.9,unresolved,,,,
113521,115939,same-sheet,10.8,42.4,unresolved,,,,
113521,118919,same-sheet,17.2,32.1,unresolved,,,,
113521,104248,same-sheet,9.8,21.4,unresolved,,,,
113521,104764,ambiguous,65.4,236.2,unresolved,,,,
113521,114839,same-sheet,11.2,38.7,unresolved,,,,
113521,118507,ambiguous,24.1,99.9,unresolved,,,,
113540,114034,same-sheet,10.7,43.3,same-wrap,,,,
113540,114952,same-sheet,9.8,15.5,same-wrap,,,,
113540,115404,same-sheet,9.7,18.7,same-wrap,,,,
113540,116165,same-sheet,10.1,20.2,same-wrap,,,,
113540,112748,same-sheet,9.5,17.3,same-wrap,,,,
113540,114974,untestable,14.2,21.8,same-wrap,,,,
113540,115504,same-sheet,10.2,13.6,same-wrap,,,,
113575,113607,same-sheet,8.2,9.0,same-wrap,,,,
113575,113915,same-sheet,10.8,17.1,same-wrap,,,,
113577,115014,same-sheet,11.8,48.3,same-wrap,,,,
113577,117140,same-sheet,9.3,11.3,same-wrap,,,,
113577,134740,switch,82.4,138.6,adjacent,,,,
113577,136619,switch,72.6,178.6,adjacent,,,,
113577,123459,ambiguous,83.6,135.9,unresolved,,,,
113607,114475,same-sheet,8.6,19.4,same-wrap,,,,
113607,116453,same-sheet,9.5,18.4,same-wrap,,,,
113607,117105,same-sheet,10.8,29.2,same-wrap,,,,
113607,127652,same-sheet,10.6,22.8,same-wrap,,,,
113624,116872,same-sheet,12.5,41.3,same-wrap,,,,
113624,117105,same-sheet,11.7,34.4,same-wrap,,,,
113624,114580,same-sheet,10.1,61.6,same-wrap,,,,
113650,114378,switch,9.6,9.6,same-wrap,,,,
113650,122514,same-sheet,9.2,36.3,same-wrap,,,,
113650,122598,same-sheet,10.5,33.9,same-wrap,,,,
113650,114594,switch,56.3,85.0,same-wrap,49.8,39.2,0.0,160.0
113651,116453,same-sheet,10.7,53.3,same-wrap,,,,
113651,127652,same-sheet,12.6,37.3,same-wrap,,,,
113669,113964,same-sheet,12.3,23.9,same-wrap,,,,
113669,114240,same-sheet,11.5,30.9,same-wrap,,,,
113669,114952,same-sheet,8.4,8.5,same-wrap,,,,
113711,113927,same-sheet,8.7,11.7,same-wrap,,,,
113711,111325,same-sheet,8.9,11.1,same-wrap,,,,
113711,113006,same-sheet,8.9,12.7,same-wrap,,,,
113711,117135,untestable,11.8,14.0,same-wrap,,,,
113747,114113,same-sheet,8.1,8.2,unresolved,,,,
113747,114443,untestable,9.1,9.1,unresolved,,,,
113747,114550,untestable,10.5,10.5,unresolved,,,,
113747,114751,same-sheet,10.1,17.6,unresolved,,,,
113747,114982,same-sheet,8.5,8.8,unresolved,,,,
113761,114515,same-sheet,8.0,8.0,same-wrap,,,,
113761,122638,same-sheet,47.0,65.6,same-wrap,,,,
113761,113006,same-sheet,8.6,11.3,unresolved,,,,
113761,114272,same-sheet,8.5,8.5,same-wrap,,,,
113761,117135,switch,25.8,78.0,adjacent,,,,
113824,113204,same-sheet,12.5,63.3,same-wrap,,,,
113825,113836,same-sheet,8.6,10.9,same-wrap,,,,
113825,114040,same-sheet,9.5,22.3,same-wrap,,,,
113825,114135,same-sheet,9.3,14.2,same-wrap,,,,
113825,122096,switch,76.1,179.2,adjacent,,,,
113825,122273,switch,111.8,296.4,adjacent,,,,
113825,113414,same-sheet,9.6,12.3,same-wrap,,,,
113836,114040,same-sheet,14.2,36.2,same-wrap,,,,
113836,122598,untestable,9.0,10.1,same-wrap,,,,
113855,114834,same-sheet,36.5,131.3,adjacent,,,,
113855,115212,same-sheet,26.6,130.0,same-wrap,19.1,88.4,57.57,150.0
113855,127652,same-sheet,9.8,13.3,same-wrap,,,,
113855,86651,ambiguous,88.7,175.6,adjacent,,,,
113855,114808,same-sheet,10.5,119.0,same-wrap,21.1,68.6,57.14,150.0
113903,115473,same-sheet,12.2,42.1,same-wrap,,,,
113903,110395,same-sheet,10.0,16.2,same-wrap,,,,
113903,115596,untestable,8.5,15.0,same-wrap,,,,
113927,111325,same-sheet,8.8,9.4,same-wrap,,,,
113964,114240,same-sheet,10.6,15.9,same-wrap,,,,
113964,114400,ambiguous,14.2,115.6,same-wrap,71.2,33.1,0.01,
113964,114952,same-sheet,11.3,17.2,same-wrap,,,,
113964,113879,same-sheet,10.6,25.2,same-wrap,,,,
113965,113414,same-sheet,9.4,15.2,same-wrap,,,,
113965,114131,same-sheet,10.9,14.8,same-wrap,,,,
113965,114191,same-sheet,9.8,22.8,same-wrap,,,,
113965,114207,same-sheet,8.8,11.4,same-wrap,,,,
114009,114101,same-sheet,9.8,51.4,same-wrap,,,,
114009,115500,untestable,8.9,9.0,same-wrap,,,,
114009,113174,ambiguous,41.4,115.7,same-wrap,122.8,6.7,0.01,
114034,114952,same-sheet,10.7,41.4,same-wrap,,,,
114034,115340,untestable,9.5,21.1,same-wrap,,,,
114034,115404,same-sheet,10.1,19.5,same-wrap,,,,
114034,115814,same-sheet,10.0,19.0,same-wrap,,,,
114034,118733,same-sheet,10.6,19.4,same-wrap,,,,
114034,112748,untestable,8.1,8.1,same-wrap,,,,
114034,114464,same-sheet,8.9,16.5,same-wrap,,,,
114034,114974,same-sheet,9.9,31.9,same-wrap,,,,
114040,114135,same-sheet,9.5,12.9,same-wrap,,,,
114040,118425,same-sheet,8.5,8.9,same-wrap,,,,
114040,125397,same-sheet,13.4,18.7,same-wrap,,,,
114096,115603,same-sheet,9.9,42.4,same-wrap,,,,
114096,117140,untestable,8.3,8.7,same-wrap,,,,
114096,117569,ambiguous,60.4,73.8,same-wrap,,,,
114096,118339,untestable,8.5,14.1,same-wrap,,,,
114101,114202,same-sheet,20.1,35.1,same-wrap,,,,
114101,114686,same-sheet,9.9,34.1,same-wrap,,,,
114101,114786,same-sheet,9.4,11.7,same-wrap,,,,
114101,115500,untestable,10.7,10.7,same-wrap,,,,
114101,118490,same-sheet,9.9,25.6,same-wrap,,,,
114113,114448,same-sheet,10.2,12.8,unresolved,,,,
114113,114859,untestable,10.5,12.2,unresolved,,,,
114113,114434,same-sheet,8.9,9.5,unresolved,,,,
114135,113414,same-sheet,17.3,46.5,same-wrap,,,,
114135,114131,untestable,8.2,8.3,same-wrap,,,,
114135,116202,untestable,9.5,10.5,unresolved,,,,
114152,114400,same-sheet,8.6,13.1,same-wrap,,,,
114152,115205,same-sheet,10.3,15.4,same-wrap,,,,
114152,115272,untestable,10.4,10.6,same-wrap,,,,
114152,116363,untestable,12.4,33.9,same-wrap,,,,
114152,112747,untestable,32.0,68.4,same-wrap,,,,
114152,113879,same-sheet,10.1,29.4,same-wrap,,,,
114184,114577,same-sheet,11.4,24.6,same-wrap,,,,
114184,117105,same-sheet,9.5,20.6,same-wrap,,,,
114184,127652,same-sheet,10.9,26.0,same-wrap,,,,
114184,114808,same-sheet,10.7,21.8,same-wrap,,,,
114202,114786,same-sheet,8.2,8.2,same-wrap,,,,
114202,113174,same-sheet,9.1,14.4,same-wrap,,,,
114240,114952,same-sheet,9.1,24.6,same-wrap,,,,
114240,115151,same-sheet,9.0,12.3,same-wrap,,,,
114240,115756,same-sheet,8.6,9.2,same-wrap,,,,
114247,112991,same-sheet,12.3,39.5,same-wrap,,,,
114275,115469,same-sheet,8.9,12.6,unresolved,,,,
114275,112481,same-sheet,9.0,11.7,same-wrap,,,,
114275,112991,untestable,10.2,20.7,same-wrap,,,,
114281,118214,same-sheet,10.4,14.1,unresolved,,,,
114281,114154,same-sheet,16.9,88.7,unresolved,,,,
114281,117472,same-sheet,9.1,9.6,unresolved,,,,
114378,119213,untestable,8.5,9.0,same-wrap,,,,
114378,113028,same-sheet,9.7,22.9,same-wrap,,,,
114378,114594,same-sheet,9.8,16.0,same-wrap,,,,
114400,115205,same-sheet,9.1,19.8,same-wrap,,,,
114400,115272,same-sheet,9.5,20.5,same-wrap,,,,
114400,116363,same-sheet,11.1,21.4,same-wrap,,,,
114400,113879,same-sheet,9.2,12.6,same-wrap,,,,
114418,114847,same-sheet,9.5,19.4,same-wrap,,,,
114426,118302,same-sheet,10.8,20.7,same-wrap,,,,
114426,118979,same-sheet,9.6,14.5,same-wrap,,,,
114426,119936,untestable,9.0,18.0,same-wrap,,,,
114426,112823,same-sheet,8.7,8.7,same-wrap,,,,
114426,115163,same-sheet,10.5,14.2,same-wrap,,,,
114436,114707,same-sheet,12.9,44.1,same-wrap,,,,
114436,118375,same-sheet,10.5,19.2,same-wrap,,,,
114443,114550,untestable,9.5,9.7,unresolved,,,,
114448,114859,untestable,8.4,8.5,unresolved,,,,
114448,116045,same-sheet,7.9,7.9,unresolved,,,,
114448,116055,untestable,8.2,9.1,unresolved,,,,
114448,114434,untestable,8.0,8.0,same-wrap,,,,
114475,116453,same-sheet,12.9,31.2,same-wrap,,,,
114482,117267,untestable,22.8,46.8,unresolved,,,,
114482,117862,untestable,8.8,9.6,same-wrap,,,,
114482,134441,untestable,28.3,33.6,adjacent,,,,
114482,114131,untestable,107.4,143.4,adjacent,,,,
114482,114191,untestable,10.3,131.4,same-wrap,25.6,6.3,121.17,40.0
114482,118592,untestable,159.3,276.5,adjacent,,,,
114490,116831,same-sheet,11.4,27.9,unresolved,,,,
114515,113006,same-sheet,12.0,16.0,same-wrap,,,,
114515,114272,same-sheet,10.0,13.4,same-wrap,,,,
114550,114982,same-sheet,8.9,10.3,unresolved,,,,
114550,117990,untestable,8.3,10.0,unresolved,,,,
114559,124713,same-sheet,15.1,24.0,same-wrap,,,,
114577,114893,same-sheet,10.1,15.0,same-wrap,,,,
114577,115318,same-sheet,8.4,11.7,same-wrap,,,,
114577,117105,same-sheet,10.0,16.2,same-wrap,,,,
114577,127652,same-sheet,13.6,28.6,same-wrap,,,,
114577,114580,same-sheet,8.1,8.3,same-wrap,,,,
114577,114808,same-sheet,9.2,16.6,same-wrap,,,,
114604,116900,untestable,8.0,8.1,same-wrap,,,,
114686,114959,untestable,8.3,10.2,same-wrap,,,,
114686,115500,untestable,10.8,16.1,same-wrap,,,,
114686,118490,same-sheet,9.7,30.5,same-wrap,,,,
114690,116130,same-sheet,9.0,19.2,same-wrap,,,,
114690,117012,untestable,8.9,9.7,same-wrap,,,,
114690,123766,same-sheet,100.6,122.7,unresolved,,,,
114690,112447,same-sheet,9.3,11.0,same-wrap,,,,
114690,113294,same-sheet,29.9,118.1,same-wrap,0.4,4.8,0.44,30.0
114690,123439,untestable,101.3,130.2,unresolved,,,,
114707,116255,same-sheet,52.1,66.0,same-wrap,,,,
114707,118375,same-sheet,10.5,35.7,same-wrap,,,,
114707,132554,same-sheet,40.7,62.6,same-wrap,,,,
114751,114859,same-sheet,8.9,12.6,unresolved,,,,
114751,114982,same-sheet,9.1,12.2,unresolved,,,,
114751,115252,same-sheet,11.0,13.0,unresolved,,,,
114751,117990,same-sheet,8.6,10.0,unresolved,,,,
114751,114434,same-sheet,8.2,8.7,unresolved,,,,
114775,114786,same-sheet,8.9,14.9,same-wrap,,,,
114775,114819,same-sheet,11.8,57.9,same-wrap,,,,
114775,115261,same-sheet,10.0,23.7,same-wrap,,,,
114775,116886,same-sheet,9.8,31.1,same-wrap,,,,
114775,113174,same-sheet,11.1,12.4,same-wrap,,,,
114782,112884,same-sheet,10.6,78.3,unresolved,,,,
114786,114814,same-sheet,9.7,19.7,same-wrap,,,,
114786,114819,same-sheet,8.3,8.3,same-wrap,,,,
114786,115261,same-sheet,10.1,31.5,same-wrap,,,,
114786,118490,same-sheet,9.2,20.4,same-wrap,,,,
114814,114959,same-sheet,9.6,15.5,same-wrap,,,,
114814,115261,same-sheet,9.1,14.8,same-wrap,,,,
114814,118490,same-sheet,9.0,14.1,same-wrap,,,,
114819,115261,same-sheet,10.5,18.4,same-wrap,,,,
114819,115413,same-sheet,9.6,33.8,same-wrap,,,,
114819,116557,same-sheet,10.3,18.5,same-wrap,,,,
114819,116886,same-sheet,10.7,23.1,same-wrap,,,,
114819,118328,same-sheet,8.4,8.4,same-wrap,,,,
114819,118991,same-sheet,10.1,23.1,same-wrap,,,,
114834,115212,same-sheet,8.5,12.3,same-wrap,,,,
114834,86651,ambiguous,116.6,248.3,adjacent,,,,
114834,114808,same-sheet,11.3,18.0,same-wrap,,,,
114834,115292,same-sheet,8.8,19.9,same-wrap,,,,
114847,116165,same-sheet,90.3,498.6,same-wrap,102.1,29.1,62.96,
114847,112709,ambiguous,129.2,562.9,unresolved,,,,
114859,114982,same-sheet,8.5,13.2,unresolved,,,,
114859,115252,same-sheet,8.9,10.8,same-wrap,,,,
114859,115270,untestable,8.3,9.4,same-wrap,,,,
114859,114434,untestable,8.3,10.0,same-wrap,,,,
114893,115318,same-sheet,11.3,47.8,same-wrap,,,,
114893,114808,same-sheet,9.0,10.1,same-wrap,,,,
114893,115862,untestable,9.0,14.5,same-wrap,,,,
114952,114953,same-sheet,10.3,27.0,same-wrap,,,,
114952,115151,same-sheet,10.2,15.0,same-wrap,,,,
114952,115393,untestable,11.6,13.7,same-wrap,,,,
114952,118733,same-sheet,10.8,43.9,same-wrap,,,,
114952,121477,untestable,8.7,9.2,same-wrap,,,,
114952,114464,same-sheet,10.0,11.2,same-wrap,,,,
114952,114974,same-sheet,8.6,8.7,same-wrap,,,,
114953,115057,same-sheet,8.7,19.4,same-wrap,,,,
114953,115061,same-sheet,14.0,16.6,same-wrap,,,,
114953,115151,same-sheet,8.1,8.1,same-wrap,,,,
114953,115393,same-sheet,9.5,21.8,same-wrap,,,,
114953,119799,untestable,9.6,10.5,same-wrap,,,,
114953,121239,ambiguous,11.9,35.4,same-wrap,,,,
114953,114464,same-sheet,9.2,14.1,same-wrap,,,,
114953,115715,same-sheet,10.2,15.0,same-wrap,,,,
114959,115500,untestable,9.2,15.8,same-wrap,,,,
114959,118490,same-sheet,8.7,14.1,same-wrap,,,,
114972,115059,untestable,8.5,9.4,unresolved,,,,
114972,115173,untestable,9.1,9.9,unresolved,,,,
114972,115256,same-sheet,8.6,12.1,unresolved,,,,
114982,115252,same-sheet,8.7,12.0,same-wrap,,,,
114982,117990,untestable,9.8,20.1,unresolved,,,,
114982,114434,untestable,270.8,5994.4,unresolved,,,,
115014,117140,same-sheet,11.0,37.9,same-wrap,,,,
115014,136619,same-sheet,10.5,86.7,same-wrap,15.7,10.4,62.21,
115057,115061,same-sheet,8.9,15.1,same-wrap,,,,
115057,115393,same-sheet,9.1,23.2,same-wrap,,,,
115059,115173,untestable,8.2,8.2,unresolved,,,,
115059,115256,same-sheet,9.8,9.8,unresolved,,,,
115059,116045,untestable,7.9,7.9,unresolved,,,,
115059,116055,untestable,8.3,8.3,unresolved,,,,
115061,115393,same-sheet,11.4,22.2,same-wrap,,,,
115061,115556,ambiguous,11.6,46.9,same-wrap,,,,
115061,116545,ambiguous,14.9,51.1,same-wrap,,,,
115061,119073,switch,11.1,21.8,same-wrap,,,,
115061,119581,ambiguous,13.2,34.8,same-wrap,,,,
115061,119799,same-sheet,10.1,14.0,same-wrap,,,,
115061,118947,same-sheet,9.2,13.3,same-wrap,,,,
115061,130982,ambiguous,60.7,104.3,adjacent,,,,
115128,115793,same-sheet,9.7,20.6,same-wrap,,,,
115128,118425,untestable,11.7,42.4,same-wrap,,,,
115128,114131,same-sheet,8.9,14.1,same-wrap,,,,
115128,116202,same-sheet,15.3,43.2,adjacent,,,,
115151,115756,ambiguous,13.0,36.9,same-wrap,,,,
115151,115715,same-sheet,10.1,14.8,same-wrap,,,,
115173,115312,untestable,8.5,12.2,unresolved,,,,
115173,116055,untestable,8.3,9.7,unresolved,,,,
115173,115525,untestable,9.2,9.9,unresolved,,,,
115182,115970,untestable,8.7,9.0,same-wrap,,,,
115182,117109,untestable,8.3,8.5,same-wrap,,,,
115182,117302,same-sheet,9.5,14.1,same-wrap,,,,
115182,117818,same-sheet,25.9,52.7,same-wrap,,,,
115182,118233,untestable,8.2,8.2,same-wrap,,,,
115182,120619,same-sheet,15.6,32.1,same-wrap,,,,
115182,107210,ambiguous,96.2,297.1,adjacent,,,,
115182,108036,switch,90.7,116.0,adjacent,,,,
115182,113244,ambiguous,52.5,179.7,adjacent,,,,
115182,114287,same-sheet,35.8,57.0,adjacent,,,,
115205,115272,untestable,9.5,17.8,same-wrap,,,,
115205,116363,untestable,12.2,41.3,same-wrap,,,,
115205,113879,same-sheet,10.1,16.2,same-wrap,,,,
115212,116585,same-sheet,16.6,18.9,same-wrap,,,,
115212,86651,ambiguous,100.4,188.9,adjacent,,,,
115212,114808,same-sheet,10.2,12.9,same-wrap,,,,
115212,115292,ambiguous,8.9,11.7,same-wrap,,,,
115252,115270,untestable,8.2,9.0,same-wrap,,,,
115252,117990,same-sheet,9.7,10.6,unresolved,,,,
115252,114434,same-sheet,9.8,10.9,unresolved,,,,
115256,165284,ambiguous,390.2,902.0,unresolved,,,,
115256,165191,ambiguous,247.2,953.0,unresolved,,,,
115261,116426,same-sheet,10.0,22.3,same-wrap,,,,
115261,116972,same-sheet,10.3,17.2,same-wrap,,,,
115261,117605,same-sheet,10.2,29.6,same-wrap,,,,
115261,118328,same-sheet,8.6,10.1,same-wrap,,,,
115261,118490,same-sheet,9.1,21.5,same-wrap,,,,
115261,127905,same-sheet,8.9,17.5,same-wrap,,,,
115261,130587,same-sheet,10.4,21.7,same-wrap,,,,
115272,115756,same-sheet,10.2,17.9,same-wrap,,,,
115272,116363,untestable,9.3,13.9,same-wrap,,,,
115272,117276,untestable,8.8,12.2,same-wrap,,,,
115288,116509,same-sheet,10.4,27.8,unresolved,,,,
115288,117440,same-sheet,9.4,10.5,unresolved,,,,
115288,117997,same-sheet,9.9,14.4,unresolved,,,,
115288,108310,same-sheet,19.6,192.0,unresolved,,,,
115295,116886,same-sheet,10.2,24.0,same-wrap,,,,
115295,112823,same-sheet,9.7,19.7,same-wrap,,,,
115312,115525,untestable,8.1,8.4,unresolved,,,,
115318,115533,untestable,10.2,19.4,same-wrap,,,,
115318,114580,same-sheet,9.8,16.8,same-wrap,,,,
115318,114808,same-sheet,10.7,18.7,same-wrap,,,,
115318,115862,untestable,9.5,15.1,same-wrap,,,,
115330,118959,same-sheet,8.8,19.2,same-wrap,,,,
115330,91334,switch,75.8,250.6,adjacent,,,,
115330,115292,same-sheet,8.1,8.3,same-wrap,,,,
115336,108218,ambiguous,18.8,195.5,same-wrap,67.4,148.8,0.01,
115340,115814,untestable,9.7,16.9,same-wrap,,,,
115340,116222,untestable,10.8,17.4,same-wrap,,,,
115340,119597,untestable,11.3,23.4,same-wrap,,,,
115340,114974,same-sheet,10.1,28.2,same-wrap,,,,
115393,115553,same-sheet,10.3,27.8,same-wrap,,,,
115393,115556,same-sheet,9.2,12.8,same-wrap,,,,
115393,115991,same-sheet,8.4,13.1,same-wrap,,,,
115393,116125,same-sheet,8.8,10.0,same-wrap,,,,
115393,116545,same-sheet,9.4,16.6,same-wrap,,,,
115393,121477,same-sheet,8.9,9.2,same-wrap,,,,
115400,113006,same-sheet,8.4,9.4,same-wrap,,,,
115400,113724,same-sheet,9.3,15.2,same-wrap,,,,
115404,116165,same-sheet,9.9,11.9,same-wrap,,,,
115404,116222,same-sheet,9.2,12.2,same-wrap,,,,
115404,114974,same-sheet,11.5,23.1,same-wrap,,,,
115404,115504,same-sheet,10.0,17.7,same-wrap,,,,
115413,116557,same-sheet,12.0,38.6,same-wrap,,,,
115413,116886,same-sheet,11.2,28.9,same-wrap,,,,
115413,117763,same-sheet,12.5,26.6,same-wrap,,,,
115413,118991,same-sheet,10.1,18.9,same-wrap,,,,
115413,120900,same-sheet,11.8,20.5,same-wrap,,,,
115469,164341,untestable,10.5,10.5,same-wrap,,,,
115469,111200,untestable,9.1,9.6,same-wrap,,,,
115473,135869,same-sheet,10.4,10.9,same-wrap,,,,
115473,110395,same-sheet,9.2,12.9,same-wrap,,,,
115473,115596,untestable,9.5,19.5,same-wrap,,,,
115500,118490,same-sheet,8.6,14.1,same-wrap,,,,
115529,137460,same-sheet,11.0,35.5,unresolved,,,,
115529,104248,same-sheet,15.4,59.3,unresolved,,,,
115529,104764,same-sheet,17.1,56.4,unresolved,,,,
115529,118507,same-sheet,8.0,8.0,unresolved,,,,
115533,114580,untestable,10.6,27.1,same-wrap,,,,
115533,115862,untestable,12.9,19.2,same-wrap,,,,
115553,115556,untestable,8.3,8.8,same-wrap,,,,
115553,116125,same-sheet,9.7,21.5,same-wrap,,,,
115553,116545,same-sheet,10.7,36.1,same-wrap,,,,
115556,116125,untestable,11.1,13.0,same-wrap,,,,
115556,116545,same-sheet,8.9,14.2,same-wrap,,,,
115603,117140,untestable,10.3,10.3,same-wrap,,,,
115603,117569,same-sheet,10.6,51.5,same-wrap,,,,
115603,117575,untestable,11.3,23.7,same-wrap,,,,
115603,118339,untestable,12.3,30.7,same-wrap,,,,
115756,116363,untestable,8.5,10.3,same-wrap,,,,
115756,117276,same-sheet,10.8,27.3,same-wrap,,,,
115756,115715,ambiguous,10.6,15.7,same-wrap,,,,
115756,116735,same-sheet,10.6,12.8,same-wrap,,,,
115772,112817,same-sheet,13.4,53.1,same-wrap,,,,
115793,118088,untestable,8.5,9.5,same-wrap,,,,
115793,118425,same-sheet,9.3,16.5,same-wrap,,,,
115793,118988,switch,100.3,222.8,adjacent,,,,
115793,114131,untestable,7.9,7.9,same-wrap,,,,
115793,116202,ambiguous,16.9,34.0,adjacent,,,,
115814,115991,same-sheet,11.5,69.3,same-wrap,,,,
115814,116125,untestable,10.5,24.6,same-wrap,,,,
115814,118733,same-sheet,10.0,16.8,same-wrap,,,,
115814,121477,same-sheet,14.2,71.1,same-wrap,,,,
115814,114974,same-sheet,8.5,11.0,same-wrap,,,,
115814,132367,same-sheet,62.7,140.5,adjacent,,,,
115828,112481,untestable,10.5,35.2,unresolved,,,,
115828,112847,untestable,8.1,8.6,unresolved,,,,
115939,118292,same-sheet,9.0,9.6,unresolved,,,,
115939,114839,same-sheet,12.2,64.7,unresolved,,,,
115939,118507,ambiguous,73.2,95.9,unresolved,,,,
115939,120615,untestable,8.8,14.7,unresolved,,,,
115970,116615,same-sheet,10.0,17.5,same-wrap,,,,
115970,117109,untestable,9.2,12.7,same-wrap,,,,
115970,108036,switch,232.3,434.8,adjacent,,,,
115970,114287,same-sheet,8.8,9.6,same-wrap,,,,
115970,116826,same-sheet,10.0,24.2,same-wrap,,,,
115978,135869,untestable,11.8,38.9,same-wrap,,,,
115978,115596,untestable,9.2,13.3,same-wrap,,,,
115991,116125,same-sheet,9.6,23.3,same-wrap,,,,
115991,118733,untestable,10.0,11.0,unresolved,,,,
115991,121477,same-sheet,10.1,23.4,same-wrap,,,,
115991,127806,ambiguous,118.9,258.6,adjacent,,,,
115991,132367,same-sheet,72.4,309.8,adjacent,,,,
116055,117252,untestable,8.4,8.4,unresolved,,,,
116055,115525,untestable,8.9,8.9,unresolved,,,,
116125,116545,same-sheet,11.6,33.3,same-wrap,,,,
116125,127679,untestable,171.5,303.4,adjacent,,,,
116125,127806,switch,138.7,267.3,adjacent,,,,
116125,132367,switch,89.8,273.2,adjacent,,,,
116130,117012,untestable,15.7,47.8,same-wrap,,,,
116130,120423,same-sheet,10.7,41.0,same-wrap,,,,
116165,117049,same-sheet,8.3,9.7,same-wrap,,,,
116165,117498,same-sheet,10.0,19.8,same-wrap,,,,
116165,117569,same-sheet,9.9,23.5,same-wrap,,,,
116165,112709,same-sheet,14.4,77.4,same-wrap,,,,
116165,115504,same-sheet,10.2,20.5,same-wrap,,,,
116222,117575,untestable,10.6,11.1,same-wrap,,,,
116222,119597,same-sheet,13.0,62.7,same-wrap,,,,
116222,114974,same-sheet,13.1,87.1,same-wrap,38.4,28.7,62.43,
116222,115504,same-sheet,10.1,32.6,same-wrap,,,,
116222,118339,untestable,8.8,9.3,same-wrap,,,,
116255,132554,same-sheet,10.3,20.2,same-wrap,,,,
116255,109664,same-sheet,15.0,34.7,same-wrap,,,,
116363,117276,untestable,9.3,16.7,same-wrap,,,,
116426,116972,same-sheet,9.8,15.6,same-wrap,,,,
116426,117605,same-sheet,10.2,44.1,same-wrap,,,,
116426,118328,same-sheet,12.4,28.4,same-wrap,,,,
116449,117479,same-sheet,14.8,55.7,same-wrap,,,,
116449,118692,same-sheet,11.6,24.3,same-wrap,,,,
116449,113724,ambiguous,94.2,203.6,adjacent,,,,
116449,114272,same-sheet,11.4,49.0,same-wrap,,,,
116449,115224,same-sheet,17.2,100.8,unresolved,,,,
116449,119134,same-sheet,10.0,16.9,same-wrap,,,,
116449,119510,same-sheet,9.3,16.8,same-wrap,,,,
116449,124846,same-sheet,27.9,96.2,same-wrap,8.1,54.9,62.87,120.0
116453,127652,same-sheet,10.0,27.2,same-wrap,,,,
116509,117440,same-sheet,9.0,17.8,unresolved,,,,
116509,117554,same-sheet,9.6,20.2,unresolved,,,,
116509,117997,same-sheet,9.2,19.0,unresolved,,,,
116509,120251,same-sheet,10.7,70.9,unresolved,,,,
116557,116886,same-sheet,15.6,52.8,same-wrap,,,,
116557,117519,untestable,12.8,24.7,same-wrap,,,,
116557,117763,same-sheet,12.8,44.3,same-wrap,,,,
116557,118991,same-sheet,10.2,24.4,same-wrap,,,,
116557,119430,untestable,16.1,55.3,same-wrap,,,,
116557,119632,untestable,9.9,17.6,same-wrap,,,,
116557,119755,same-sheet,11.1,15.5,same-wrap,,,,
116557,120900,same-sheet,19.7,48.3,same-wrap,,,,
116585,118959,same-sheet,16.0,51.0,same-wrap,,,,
116585,131370,same-sheet,10.1,51.3,same-wrap,,,,
116585,115292,same-sheet,9.5,48.3,same-wrap,,,,
116615,114287,same-sheet,8.6,16.5,same-wrap,,,,
116615,116826,same-sheet,8.8,12.2,same-wrap,,,,
116615,122185,ambiguous,55.0,73.9,adjacent,,,,
116727,117214,same-sheet,10.4,32.2,same-wrap,,,,
116727,117791,untestable,8.6,8.6,same-wrap,,,,
116727,118784,same-sheet,11.0,15.3,same-wrap,,,,
116760,118084,same-sheet,9.1,9.7,same-wrap,,,,
116760,122132,same-sheet,9.2,16.7,same-wrap,,,,
116760,122514,same-sheet,11.6,12.6,same-wrap,,,,
116760,114594,untestable,15.6,15.6,same-wrap,,,,
116831,119204,same-sheet,9.5,13.9,unresolved,,,,
116831,135690,same-sheet,13.7,46.7,unresolved,,,,
116872,114580,same-sheet,13.9,17.4,same-wrap,,,,
116886,117763,same-sheet,11.6,43.3,same-wrap,,,,
116886,120900,same-sheet,12.7,17.5,same-wrap,,,,
116886,112823,ambiguous,14.0,57.2,same-wrap,,,,
116900,112817,untestable,9.4,11.8,same-wrap,,,,
116972,117605,same-sheet,8.7,8.7,same-wrap,,,,
116972,127905,ambiguous,13.1,16.7,same-wrap,,,,
117049,112748,same-sheet,9.9,25.2,same-wrap,,,,
117105,127652,same-sheet,11.7,23.4,same-wrap,,,,
117105,114580,same-sheet,11.9,52.0,same-wrap,,,,
117105,114808,untestable,9.4,9.4,same-wrap,,,,
117109,117302,same-sheet,8.8,11.3,same-wrap,,,,
117109,118233,same-sheet,9.5,15.2,same-wrap,,,,
117109,118338,untestable,8.2,8.2,same-wrap,,,,
117140,118339,untestable,11.0,28.9,same-wrap,,,,
117153,117411,same-sheet,9.4,12.4,same-wrap,,,,
117153,116826,same-sheet,10.4,19.4,same-wrap,,,,
117214,118784,same-sheet,9.9,13.8,same-wrap,,,,
117214,119433,same-sheet,11.3,11.3,same-wrap,,,,
117233,108607,same-sheet,8.9,13.3,same-wrap,,,,
117233,109345,same-sheet,9.4,14.3,same-wrap,,,,
117252,115525,untestable,8.9,9.6,unresolved,,,,
117267,118088,same-sheet,8.2,8.3,same-wrap,,,,
117267,114131,untestable,16.4,79.2,same-wrap,38.8,6.6,121.18,30.0
117276,117426,same-sheet,9.3,13.5,same-wrap,,,,
117276,117621,same-sheet,10.3,27.2,same-wrap,,,,
117276,116735,switch,9.9,23.8,same-wrap,,,,
117302,118233,same-sheet,9.3,21.8,same-wrap,,,,
117302,118338,untestable,8.9,10.2,same-wrap,,,,
117302,119395,same-sheet,11.9,120.7,same-wrap,12.3,26.1,1.51,
117302,120619,same-sheet,9.2,10.5,same-wrap,,,,
117302,120721,untestable,9.9,10.1,same-wrap,,,,
117302,113244,ambiguous,61.2,148.2,adjacent,,,,
117390,118084,same-sheet,17.6,54.3,adjacent,,,,
117390,119388,same-sheet,11.8,57.3,same-wrap,,,,
117390,122132,same-sheet,9.7,16.5,same-wrap,,,,
117390,122973,same-sheet,8.7,11.3,same-wrap,,,,
117390,125549,switch,101.6,150.9,adjacent,,,,
117411,117489,same-sheet,9.5,21.2,same-wrap,,,,
117411,117597,same-sheet,9.1,12.7,same-wrap,,,,
117411,123895,switch,10.3,13.2,same-wrap,,,,
117411,116826,same-sheet,8.7,10.0,same-wrap,,,,
117411,117774,untestable,8.5,8.8,same-wrap,,,,
117426,117621,same-sheet,10.5,31.2,same-wrap,,,,
117426,118648,same-sheet,9.1,18.9,same-wrap,,,,
117426,121239,ambiguous,9.7,63.2,same-wrap,,,,
117426,124033,same-sheet,10.3,19.9,same-wrap,,,,
117426,115715,same-sheet,12.0,12.0,same-wrap,,,,
117426,116735,same-sheet,10.0,17.2,same-wrap,,,,
117426,120853,ambiguous,22.5,79.6,same-wrap,23.4,56.3,0.46,
117440,117554,same-sheet,9.4,24.0,unresolved,,,,
117440,117997,same-sheet,9.8,16.2,unresolved,,,,
117440,117472,untestable,11.1,11.9,unresolved,,,,
117440,120251,same-sheet,11.0,272.5,unresolved,,,,
117479,117939,same-sheet,10.8,16.8,same-wrap,,,,
117479,118692,same-sheet,12.2,30.6,same-wrap,,,,
117479,126683,untestable,11.3,26.6,same-wrap,,,,
117479,115224,ambiguous,81.1,144.8,adjacent,,,,
117479,119510,same-sheet,13.0,19.2,same-wrap,,,,
117479,120087,same-sheet,12.8,22.4,same-wrap,,,,
117479,124846,same-sheet,11.7,37.2,same-wrap,,,,
117489,117597,same-sheet,8.8,17.6,same-wrap,,,,
117489,117783,untestable,8.3,8.3,same-wrap,,,,
117489,116826,same-sheet,10.9,13.7,same-wrap,,,,
117489,117774,same-sheet,8.9,13.4,same-wrap,,,,
117489,118196,same-sheet,9.0,12.6,same-wrap,,,,
117489,118791,untestable,8.3,8.3,unresolved,,,,
117498,117569,same-sheet,10.6,13.8,same-wrap,,,,
117498,117575,same-sheet,10.0,12.4,same-wrap,,,,
117498,137395,ambiguous,150.4,519.2,adjacent,,,,
117498,112709,same-sheet,11.0,27.4,same-wrap,,,,
117498,115504,untestable,9.5,11.8,same-wrap,,,,
117500,125285,ambiguous,127.8,385.0,adjacent,,,,
117500,117999,same-sheet,8.5,13.0,same-wrap,,,,
117519,118991,untestable,9.3,12.4,same-wrap,,,,
117519,119430,untestable,10.0,17.7,same-wrap,,,,
117519,119632,untestable,11.5,57.9,same-wrap,,,,
117519,119755,same-sheet,9.7,22.2,same-wrap,,,,
117519,120900,untestable,16.3,22.8,same-wrap,,,,
117554,117472,same-sheet,10.3,13.1,unresolved,,,,
117554,120251,same-sheet,9.9,179.2,unresolved,,,,
117554,127935,same-sheet,9.9,18.1,unresolved,,,,
117555,118648,same-sheet,9.4,16.2,same-wrap,,,,
117555,120804,same-sheet,14.5,31.8,same-wrap,,,,
117555,121736,untestable,8.8,9.7,same-wrap,,,,
117555,122381,untestable,8.9,8.9,same-wrap,,,,
117569,117575,untestable,8.4,12.8,same-wrap,,,,
117569,119597,untestable,10.7,20.2,same-wrap,,,,
117569,137395,ambiguous,133.5,501.3,adjacent,,,,
117569,112709,same-sheet,9.7,10.3,same-wrap,,,,
117569,118339,untestable,10.0,15.5,same-wrap,,,,
117569,130621,ambiguous,116.0,307.6,adjacent,,,,
117575,119597,same-sheet,9.2,20.7,same-wrap,,,,
117575,118339,same-sheet,9.4,24.4,same-wrap,,,,
117597,117783,same-sheet,9.9,15.1,same-wrap,,,,
117597,119099,ambiguous,122.9,503.5,adjacent,,,,
117597,117774,same-sheet,11.2,12.7,adjacent,,,,
117597,118616,ambiguous,62.8,166.8,adjacent,,,,
117599,114154,same-sheet,8.2,18.3,unresolved,,,,
117605,118328,same-sheet,10.1,30.6,same-wrap,,,,
117621,118648,same-sheet,12.2,68.7,same-wrap,,,,
117621,116735,same-sheet,9.8,10.7,same-wrap,,,,
117763,118302,switch,11.2,13.1,same-wrap,,,,
117763,118595,same-sheet,10.0,30.0,same-wrap,,,,
117763,120900,same-sheet,12.8,24.7,adjacent,,,,
117783,119099,ambiguous,174.1,480.0,adjacent,,,,
117783,118616,ambiguous,59.4,165.3,adjacent,,,,
117783,119694,ambiguous,134.3,488.0,adjacent,,,,
117783,120887,ambiguous,147.1,337.3,adjacent,,,,
117791,114207,same-sheet,11.5,23.0,same-wrap,,,,
117818,119395,same-sheet,17.3,33.7,same-wrap,,,,
117818,120619,same-sheet,8.7,17.4,same-wrap,,,,
117818,120721,same-sheet,10.7,15.2,same-wrap,,,,
117818,121261,same-sheet,11.2,14.7,same-wrap,,,,
117818,107210,ambiguous,78.4,242.8,adjacent,,,,
117818,108036,untestable,8.5,8.5,same-wrap,,,,
117818,111178,switch,87.7,167.7,adjacent,,,,
117818,113244,ambiguous,64.6,147.0,unresolved,,,,
117818,114287,same-sheet,18.9,51.5,unresolved,,,,
117818,122185,same-sheet,18.7,65.1,same-wrap,,,,
117862,120060,untestable,89.6,187.5,adjacent,,,,
117862,114191,same-sheet,9.4,15.9,same-wrap,,,,
117939,118692,untestable,9.5,12.8,same-wrap,,,,
117939,119966,same-sheet,10.8,18.8,same-wrap,,,,
117939,126683,same-sheet,10.7,16.9,same-wrap,,,,
117939,120087,same-sheet,11.0,27.2,same-wrap,,,,
117939,120323,same-sheet,10.5,21.0,same-wrap,,,,
117939,122867,same-sheet,12.5,37.3,same-wrap,,,,
117939,124846,untestable,10.6,10.6,same-wrap,,,,
117997,108310,same-sheet,18.2,175.6,unresolved,,,,
118084,119213,untestable,8.3,9.0,same-wrap,,,,
118084,119388,same-sheet,10.2,10.7,same-wrap,,,,
118084,122132,same-sheet,9.9,23.1,same-wrap,,,,
118084,126375,ambiguous,106.9,200.1,adjacent,,,,
118084,125549,switch,106.6,205.4,adjacent,,,,
118168,118739,same-sheet,9.0,13.8,same-wrap,,,,
118168,119213,untestable,10.9,17.7,same-wrap,,,,
118168,119388,same-sheet,17.6,38.6,same-wrap,,,,
118214,117472,same-sheet,9.3,16.3,unresolved,,,,
118233,118338,same-sheet,9.2,12.8,same-wrap,,,,
118233,119395,same-sheet,9.6,20.6,same-wrap,,,,
118233,120619,same-sheet,9.9,24.4,same-wrap,,,,
118292,120615,same-sheet,12.3,22.1,unresolved,,,,
118302,118595,untestable,20.6,55.9,same-wrap,,,,
118302,118979,untestable,8.0,8.0,same-wrap,,,,
118302,120900,untestable,17.4,61.6,same-wrap,,,,
118302,121141,untestable,12.8,19.2,same-wrap,,,,
118302,115163,same-sheet,15.1,48.8,same-wrap,,,,
118328,118991,same-sheet,9.8,24.4,same-wrap,,,,
118328,119430,same-sheet,13.6,43.7,same-wrap,,,,
118328,119755,ambiguous,14.3,44.0,same-wrap,,,,
118328,119802,same-sheet,9.4,12.9,same-wrap,,,,
118375,132554,same-sheet,9.7,22.3,same-wrap,,,,
118375,134912,same-sheet,9.7,20.0,same-wrap,,,,
118425,118837,same-sheet,8.7,11.2,same-wrap,,,,
118425,119536,same-sheet,10.7,14.8,same-wrap,,,,
118425,125397,same-sheet,10.3,11.3,same-wrap,,,,
118425,116202,same-sheet,8.6,17.8,same-wrap,,,,
118595,120900,untestable,9.2,14.5,same-wrap,,,,
118595,121141,untestable,20.1,67.6,same-wrap,,,,
118648,120804,same-sheet,9.0,35.3,same-wrap,,,,
118648,124033,same-sheet,10.1,21.9,same-wrap,,,,
118692,120517,same-sheet,9.3,24.5,same-wrap,,,,
118692,113724,switch,100.7,218.6,adjacent,,,,
118692,114272,same-sheet,10.3,15.3,same-wrap,,,,
118692,115224,same-sheet,11.9,51.1,same-wrap,,,,
118692,119134,same-sheet,10.3,22.7,same-wrap,,,,
118692,119510,same-sheet,9.9,28.9,same-wrap,,,,
118692,124189,same-sheet,9.9,18.3,same-wrap,,,,
118692,124846,same-sheet,18.5,81.0,same-wrap,30.1,29.9,63.85,60.0
118709,111101,untestable,10.8,14.3,same-wrap,,,,
118733,121477,same-sheet,9.2,10.6,same-wrap,,,,
118733,114464,same-sheet,16.4,52.0,adjacent,,,,
118733,114974,same-sheet,8.5,8.9,same-wrap,,,,
118739,119213,untestable,9.0,12.2,same-wrap,,,,
118739,119216,untestable,9.2,20.1,same-wrap,,,,
118739,119388,same-sheet,11.4,18.8,same-wrap,,,,
118753,119914,same-sheet,8.9,11.9,same-wrap,,,,
118753,117999,same-sheet,11.2,18.8,same-wrap,,,,
118753,118813,same-sheet,9.9,18.5,same-wrap,,,,
118753,120999,untestable,11.2,11.2,same-wrap,,,,
118753,123001,switch,118.2,157.8,adjacent,,,,
118753,123838,ambiguous,126.9,389.4,adjacent,,,,
118784,126672,untestable,24.8,35.8,same-wrap,,,,
118784,126796,same-sheet,8.3,31.4,same-wrap,,,,
118837,119536,same-sheet,9.0,13.0,same-wrap,,,,
118837,124981,same-sheet,9.3,16.1,same-wrap,,,,
118837,125397,same-sheet,9.1,11.7,same-wrap,,,,
118919,119020,same-sheet,8.6,9.0,same-wrap,,,,
118919,119204,same-sheet,8.3,8.3,unresolved,,,,
118919,137292,same-sheet,10.4,16.3,unresolved,,,,
118919,137460,same-sheet,12.1,17.4,unresolved,,,,
118919,104330,ambiguous,116.8,232.8,same-wrap,2509.2,2378.3,0.55,
118919,118507,same-sheet,9.6,28.5,unresolved,,,,
118927,125292,ambiguous,126.5,430.5,adjacent,,,,
118927,124719,switch,118.1,391.7,adjacent,,,,
118927,126607,ambiguous,77.6,263.5,adjacent,,,,
118927,128450,ambiguous,104.6,194.4,adjacent,,,,
118959,127406,untestable,9.3,16.9,same-wrap,,,,
118959,131370,same-sheet,11.1,19.6,same-wrap,,,,
118959,134097,same-sheet,9.7,12.5,same-wrap,,,,
118959,115292,same-sheet,9.2,13.2,same-wrap,,,,
118979,119936,untestable,11.3,20.1,same-wrap,,,,
118979,121141,untestable,8.7,10.3,same-wrap,,,,
118988,119794,same-sheet,10.0,10.0,same-wrap,,,,
118988,119940,same-sheet,10.6,13.7,same-wrap,,,,
118988,120055,same-sheet,9.9,13.0,same-wrap,,,,
118988,121857,same-sheet,9.5,23.4,same-wrap,,,,
118988,114131,switch,107.2,345.4,adjacent,,,,
118988,116202,ambiguous,62.6,107.9,adjacent,,,,
118988,118592,same-sheet,21.4,108.0,same-wrap,24.2,18.7,61.97,
118991,119430,ambiguous,11.3,47.6,same-wrap,,,,
118991,119632,same-sheet,8.9,41.1,same-wrap,,,,
118991,119755,ambiguous,19.2,47.3,same-wrap,,,,
118991,120900,untestable,13.1,17.3,same-wrap,,,,
119020,119204,same-sheet,10.1,20.6,same-wrap,,,,
119020,137292,same-sheet,8.2,10.5,unresolved,,,,
119020,104330,ambiguous,128.5,241.8,unresolved,,,,
119020,118507,same-sheet,9.4,9.4,unresolved,,,,
119041,119216,untestable,11.8,53.2,same-wrap,,,,
119041,119752,same-sheet,9.7,49.6,same-wrap,,,,
119041,119808,same-sheet,8.7,11.4,same-wrap,,,,
119041,119893,same-sheet,13.3,35.0,same-wrap,,,,
119041,119810,same-sheet,10.6,28.2,same-wrap,,,,
119073,119140,same-sheet,9.5,14.6,same-wrap,,,,
119073,119581,untestable,8.1,8.2,same-wrap,,,,
119073,119799,same-sheet,10.1,21.1,same-wrap,,,,
119073,118947,same-sheet,10.8,32.5,same-wrap,,,,
119073,120999,untestable,9.1,9.1,same-wrap,,,,
119099,121854,same-sheet,29.0,37.8,same-wrap,,,,
119099,117774,ambiguous,63.4,345.6,adjacent,,,,
119099,118616,same-sheet,45.0,79.1,adjacent,,,,
119099,119694,same-sheet,12.3,37.6,same-wrap,,,,
119140,119303,same-sheet,9.7,14.7,same-wrap,,,,
119140,119581,untestable,7.9,7.9,same-wrap,,,,
119140,119746,same-sheet,8.2,8.2,same-wrap,,,,
119140,119839,same-sheet,10.3,12.5,same-wrap,,,,
119140,120291,untestable,8.1,8.1,same-wrap,,,,
119140,121533,same-sheet,10.3,15.0,same-wrap,,,,
119140,123054,same-sheet,8.0,8.0,same-wrap,,,,
119140,124372,same-sheet,9.6,16.3,same-wrap,,,,
119140,118947,same-sheet,9.8,17.2,same-wrap,,,,
119140,120999,same-sheet,9.0,15.2,same-wrap,,,,
119204,135690,ambiguous,25.1,127.5,unresolved,,,,
119204,137292,same-sheet,8.8,10.3,unresolved,,,,
119204,137460,untestable,8.4,8.4,unresolved,,,,
119213,119388,same-sheet,11.2,16.4,same-wrap,,,,
119213,114594,same-sheet,9.7,15.2,same-wrap,,,,
119216,119388,same-sheet,9.6,16.8,same-wrap,,,,
119216,119808,same-sheet,9.3,18.2,same-wrap,,,,
119303,119746,same-sheet,9.0,9.3,same-wrap,,,,
119303,119839,same-sheet,12.1,16.1,same-wrap,,,,
119303,119875,same-sheet,9.9,12.5,same-wrap,,,,
119303,121533,same-sheet,9.5,19.7,same-wrap,,,,
119303,123054,same-sheet,10.2,17.8,same-wrap,,,,
119303,124372,same-sheet,8.4,10.5,same-wrap,,,,
119388,119808,same-sheet,11.6,27.4,same-wrap,,,,
119395,120619,same-sheet,10.6,120.5,same-wrap,20.9,14.1,1.5,
119395,120721,same-sheet,10.5,20.3,same-wrap,,,,
119406,118791,same-sheet,12.0,28.0,same-wrap,,,,
119406,118908,same-sheet,10.0,19.4,same-wrap,,,,
119406,125549,same-sheet,8.7,8.8,same-wrap,,,,
119430,119632,untestable,14.5,29.7,same-wrap,,,,
119430,119755,same-sheet,9.1,17.8,same-wrap,,,,
119430,119802,untestable,9.5,12.2,same-wrap,,,,
119430,120900,untestable,15.5,31.4,same-wrap,,,,
119433,126672,untestable,28.1,37.9,same-wrap,,,,
119433,126796,untestable,17.7,41.0,same-wrap,,,,
119536,124981,untestable,14.1,14.1,unresolved,,,,
119536,125397,same-sheet,10.1,15.7,same-wrap,,,,
119581,120291,same-sheet,8.5,8.5,same-wrap,,,,
119581,118947,same-sheet,9.7,76.3,same-wrap,,,,
119581,120999,same-sheet,8.6,8.9,same-wrap,,,,
119597,114974,ambiguous,10.5,53.3,same-wrap,,,,
119597,115504,same-sheet,8.4,8.5,same-wrap,,,,
119597,118339,untestable,9.8,19.7,same-wrap,,,,
119632,119755,untestable,10.1,18.1,same-wrap,,,,
119632,120900,untestable,9.6,43.0,same-wrap,,,,
119746,119839,same-sheet,9.6,17.6,same-wrap,,,,
119746,119875,same-sheet,11.5,14.0,same-wrap,,,,
119746,121533,same-sheet,13.0,13.0,same-wrap,,,,
119751,120517,same-sheet,9.4,15.2,same-wrap,,,,
119751,123766,same-sheet,8.5,8.8,same-wrap,,,,
119751,119134,same-sheet,9.0,14.1,same-wrap,,,,
119751,123439,same-sheet,29.0,85.2,adjacent,,,,
119751,124189,same-sheet,8.8,17.0,same-wrap,,,,
119752,119893,same-sheet,11.5,41.0,same-wrap,,,,
119752,119914,same-sheet,10.1,25.0,same-wrap,,,,
119752,119810,same-sheet,11.1,28.7,same-wrap,,,,
119755,119802,same-sheet,10.5,22.7,same-wrap,,,,
119755,120717,untestable,9.9,14.5,same-wrap,,,,
119755,120900,untestable,10.8,38.1,same-wrap,,,,
119794,119940,same-sheet,8.6,13.6,same-wrap,,,,
119794,120055,same-sheet,9.7,16.3,same-wrap,,,,
119794,135377,same-sheet,10.0,12.3,same-wrap,,,,
119794,120809,same-sheet,9.2,18.9,same-wrap,,,,
119799,121239,untestable,11.6,16.1,same-wrap,,,,
119799,118947,same-sheet,9.8,33.3,same-wrap,,,,
119802,120717,untestable,15.2,36.3,same-wrap,,,,
119808,121129,same-sheet,11.1,21.1,same-wrap,,,,
119808,121543,same-sheet,9.3,21.6,same-wrap,,,,
119808,119810,same-sheet,8.6,10.9,same-wrap,,,,
119808,125549,ambiguous,108.9,246.0,adjacent,,,,
119839,119875,same-sheet,9.8,21.1,same-wrap,,,,
119839,119927,same-sheet,9.5,17.6,same-wrap,,,,
119839,120804,same-sheet,10.4,21.1,same-wrap,,,,
119875,119927,same-sheet,9.5,20.8,same-wrap,,,,
119875,120804,same-sheet,9.7,20.2,same-wrap,,,,
119875,121533,same-sheet,8.9,8.9,same-wrap,,,,
119875,122381,same-sheet,9.6,12.3,same-wrap,,,,
119875,124030,same-sheet,9.9,22.8,same-wrap,,,,
119893,119914,same-sheet,11.0,31.4,same-wrap,,,,
119893,121864,same-sheet,9.7,11.9,same-wrap,,,,
119893,123107,ambiguous,9.2,12.3,same-wrap,,,,
119893,124343,ambiguous,119.6,210.0,adjacent,,,,
119893,124372,ambiguous,8.9,15.4,same-wrap,,,,
119893,118813,untestable,8.2,8.2,same-wrap,,,,
119893,119810,same-sheet,9.3,15.2,same-wrap,,,,
119912,120382,same-sheet,9.9,17.0,same-wrap,,,,
119912,120466,same-sheet,9.7,9.7,same-wrap,,,,
119912,121070,same-sheet,9.9,19.9,same-wrap,,,,
119912,119694,same-sheet,10.9,24.5,same-wrap,,,,
119912,119988,untestable,9.3,15.4,same-wrap,,,,
119914,124372,same-sheet,9.6,16.9,same-wrap,,,,
119914,117999,same-sheet,10.2,21.5,same-wrap,,,,
119914,118813,same-sheet,9.8,21.1,same-wrap,,,,
119914,120999,same-sheet,9.0,17.5,same-wrap,,,,
119914,123838,switch,139.5,385.4,adjacent,,,,
119927,121239,same-sheet,9.4,9.6,same-wrap,,,,
119927,124033,untestable,7.9,7.9,same-wrap,,,,
119936,120423,ambiguous,24.5,110.8,same-wrap,43.6,16.6,0.25,
119940,120055,same-sheet,12.2,37.9,same-wrap,,,,
119940,120326,same-sheet,11.0,38.2,same-wrap,,,,
119940,121857,same-sheet,8.9,16.6,same-wrap,,,,
119966,126683,same-sheet,10.7,22.8,same-wrap,,,,
119966,128703,switch,98.0,170.5,adjacent,,,,
119966,120087,same-sheet,11.9,21.0,same-wrap,,,,
119966,120323,same-sheet,9.6,18.0,same-wrap,,,,
119966,122077,same-sheet,32.3,61.3,adjacent,,,,
119966,122867,same-sheet,11.6,25.2,same-wrap,,,,
120055,120572,same-sheet,9.4,12.3,same-wrap,,,,
120055,124774,same-sheet,8.9,12.5,same-wrap,,,,
120055,126146,same-sheet,9.9,47.1,same-wrap,,,,
120055,126717,ambiguous,59.1,108.9,adjacent,,,,
120055,127209,same-sheet,68.0,135.4,unresolved,,,,
120055,135377,same-sheet,10.8,54.9,same-wrap,,,,
120055,120809,same-sheet,10.1,19.8,same-wrap,,,,
120060,126672,untestable,59.7,149.5,adjacent,,,,
120060,127181,untestable,11.1,13.8,same-wrap,,,,
120060,129488,untestable,9.2,79.4,same-wrap,20.3,5.3,61.07,
120196,120572,same-sheet,8.7,13.1,same-wrap,,,,
120196,121854,same-sheet,10.3,13.5,same-wrap,,,,
120196,122096,ambiguous,108.9,357.0,adjacent,,,,
120196,122273,switch,86.6,167.3,adjacent,,,,
120196,119694,same-sheet,9.2,31.5,same-wrap,,,,
120196,120210,same-sheet,9.5,42.3,same-wrap,,,,
120196,122022,same-sheet,8.3,13.4,same-wrap,,,,
120221,121545,same-sheet,8.5,11.6,same-wrap,,,,
120221,125534,same-sheet,8.7,13.1,same-wrap,,,,
120221,126854,same-sheet,9.0,21.3,same-wrap,,,,
120221,118908,same-sheet,10.1,25.4,same-wrap,,,,
120221,126549,same-sheet,9.3,13.1,same-wrap,,,,
120247,120328,same-sheet,8.5,11.4,same-wrap,,,,
120247,120404,same-sheet,10.5,20.0,same-wrap,,,,
120247,120407,same-sheet,10.0,22.2,same-wrap,,,,
120247,120514,same-sheet,10.4,32.7,same-wrap,,,,
120247,120731,same-sheet,11.9,35.2,same-wrap,,,,
120247,124218,untestable,8.8,8.9,same-wrap,,,,
120277,120641,same-sheet,10.1,19.8,same-wrap,,,,
120277,122512,ambiguous,11.8,76.8,same-wrap,,,,
120277,123199,same-sheet,10.5,31.2,same-wrap,,,,
120291,120999,same-sheet,10.1,14.5,same-wrap,,,,
120326,121857,same-sheet,8.9,26.2,same-wrap,,,,
120328,120404,same-sheet,10.2,30.2,same-wrap,,,,
120328,120407,same-sheet,9.4,15.7,same-wrap,,,,
120328,120514,untestable,15.1,16.6,same-wrap,,,,
120328,121256,same-sheet,8.6,9.7,same-wrap,,,,
120382,121070,same-sheet,9.5,9.6,same-wrap,,,,
120382,119694,same-sheet,9.4,13.2,same-wrap,,,,
120404,120407,same-sheet,8.7,11.5,same-wrap,,,,
120404,121256,same-sheet,9.8,27.3,same-wrap,,,,
120404,121526,same-sheet,11.8,18.5,same-wrap,,,,
120404,128074,same-sheet,9.8,20.4,same-wrap,,,,
120404,128264,same-sheet,10.4,14.1,same-wrap,,,,
120407,120650,same-sheet,10.2,32.0,same-wrap,,,,
120407,120731,ambiguous,11.4,22.8,same-wrap,,,,
120407,121358,same-sheet,9.8,44.7,same-wrap,,,,
120407,128074,same-sheet,8.0,8.0,same-wrap,,,,
120407,132013,same-sheet,8.5,8.6,same-wrap,,,,
120407,124218,same-sheet,15.9,22.6,same-wrap,,,,
120466,124979,same-sheet,8.8,11.6,same-wrap,,,,
120466,119988,untestable,8.5,9.3,same-wrap,,,,
120474,113204,same-sheet,10.9,151.0,same-wrap,90.4,111.2,0.4,
120474,113698,untestable,9.5,9.5,unresolved,,,,
120474,113724,switch,93.3,151.8,same-wrap,120.5,5.2,0.35,
120514,123809,same-sheet,9.7,18.7,same-wrap,,,,
120517,123766,same-sheet,8.4,9.8,same-wrap,,,,
120517,113698,switch,146.6,468.6,adjacent,,,,
120517,119134,same-sheet,9.4,13.4,same-wrap,,,,
120517,123439,same-sheet,24.3,95.0,adjacent,,,,
120517,124189,same-sheet,9.3,21.8,same-wrap,,,,
120572,124774,same-sheet,12.2,36.5,same-wrap,,,,
120572,135377,same-sheet,10.4,14.2,same-wrap,,,,
120572,119694,same-sheet,8.5,10.3,same-wrap,,,,
120572,120210,same-sheet,12.0,36.0,same-wrap,,,,
120618,121725,same-sheet,9.2,13.2,unresolved,,,,
120618,128924,untestable,10.6,15.8,unresolved,,,,
120619,120721,same-sheet,9.9,22.1,same-wrap,,,,
120619,121261,same-sheet,9.5,30.7,same-wrap,,,,
120619,107210,switch,77.7,186.7,adjacent,,,,
120619,113244,ambiguous,69.4,137.6,adjacent,,,,
120619,122185,same-sheet,35.6,71.7,same-wrap,,,,
120641,122512,same-sheet,11.0,14.9,same-wrap,,,,
120641,123199,same-sheet,10.7,28.5,same-wrap,,,,
120641,123557,same-sheet,11.4,22.6,same-wrap,,,,
120641,123989,same-sheet,8.5,10.9,same-wrap,,,,
120641,131485,untestable,8.7,8.9,same-wrap,,,,
120650,120731,same-sheet,9.5,16.2,same-wrap,,,,
120650,120775,same-sheet,9.9,22.8,same-wrap,,,,
120650,120836,same-sheet,9.8,18.9,same-wrap,,,,
120650,121350,same-sheet,9.3,10.1,same-wrap,,,,
120650,121358,same-sheet,9.4,14.2,same-wrap,,,,
120650,122115,untestable,8.6,9.9,same-wrap,,,,
120650,122986,same-sheet,10.3,12.7,same-wrap,,,,
120650,124218,same-sheet,10.6,35.9,same-wrap,,,,
120650,130675,same-sheet,10.5,17.0,same-wrap,,,,
120655,120823,untestable,9.4,17.5,same-wrap,,,,
120655,121714,untestable,9.8,10.0,same-wrap,,,,
120655,121736,untestable,10.2,22.0,same-wrap,,,,
120655,122215,untestable,11.2,17.9,same-wrap,,,,
120655,122381,same-sheet,9.8,13.6,same-wrap,,,,
120655,122608,same-sheet,10.0,22.0,same-wrap,,,,
120717,139685,untestable,141.8,261.6,adjacent,,,,
120721,121261,same-sheet,9.7,17.1,same-wrap,,,,
120721,128355,same-sheet,9.6,19.6,same-wrap,,,,
120721,135945,same-sheet,11.4,53.5,same-wrap,,,,
120731,124218,same-sheet,10.0,23.4,same-wrap,,,,
120775,121350,same-sheet,8.9,18.3,same-wrap,,,,
120775,121358,same-sheet,9.2,13.2,same-wrap,,,,
120775,122115,same-sheet,8.9,14.0,same-wrap,,,,
120775,129637,ambiguous,124.4,362.1,adjacent,,,,
120775,122986,same-sheet,9.6,19.5,same-wrap,,,,
120804,121736,untestable,14.1,19.7,same-wrap,,,,
120804,122381,same-sheet,8.2,8.7,same-wrap,,,,
120804,124030,same-sheet,10.3,13.4,same-wrap,,,,
120823,121736,same-sheet,10.7,32.6,same-wrap,,,,
120823,122215,untestable,8.8,10.1,same-wrap,,,,
120823,122381,same-sheet,10.2,21.5,same-wrap,,,,
120823,124030,same-sheet,9.2,10.5,same-wrap,,,,
120823,122608,same-sheet,10.0,21.8,same-wrap,,,,
120836,122986,untestable,8.2,8.2,same-wrap,,,,
120836,124218,same-sheet,9.0,12.4,same-wrap,,,,
120836,130675,same-sheet,12.3,25.1,same-wrap,,,,
120885,121437,untestable,10.2,44.9,same-wrap,,,,
120885,121695,same-sheet,10.2,17.0,same-wrap,,,,
120885,128863,ambiguous,78.0,197.5,adjacent,,,,
120885,129276,ambiguous,75.1,113.3,adjacent,,,,
120900,121141,untestable,21.9,42.6,same-wrap,,,,
121070,130582,ambiguous,54.7,83.4,adjacent,,,,
121070,130984,ambiguous,124.7,265.9,adjacent,,,,
121129,121543,same-sheet,10.0,16.6,same-wrap,,,,
121129,122132,same-sheet,8.7,9.8,same-wrap,,,,
121129,122973,same-sheet,9.2,13.8,same-wrap,,,,
121129,126375,ambiguous,94.3,243.6,adjacent,,,,
121129,119810,same-sheet,8.7,10.9,same-wrap,,,,
121129,125549,ambiguous,93.8,244.7,adjacent,,,,
121141,115163,untestable,11.1,21.9,same-wrap,,,,
121239,124033,same-sheet,9.7,11.3,same-wrap,,,,
121239,115715,ambiguous,30.3,70.3,same-wrap,,,,
121239,116735,ambiguous,31.6,74.9,same-wrap,,,,
121239,120853,same-sheet,8.7,10.2,same-wrap,,,,
121256,121526,same-sheet,8.5,10.7,same-wrap,,,,
121256,121906,same-sheet,8.8,8.8,same-wrap,,,,
121256,126041,same-sheet,8.6,10.5,same-wrap,,,,
121256,128074,same-sheet,10.0,11.8,same-wrap,,,,
121261,124137,same-sheet,11.1,49.8,same-wrap,,,,
121261,128158,same-sheet,24.1,29.4,same-wrap,,,,
121261,128355,untestable,8.2,25.8,same-wrap,,,,
121261,111178,ambiguous,153.1,495.8,adjacent,,,,
121261,113244,ambiguous,54.9,108.5,same-wrap,13.5,11.3,61.67,
121261,122185,same-sheet,10.2,28.5,same-wrap,,,,
121350,121358,same-sheet,10.8,34.0,same-wrap,,,,
121350,122115,same-sheet,9.7,16.1,same-wrap,,,,
121358,122115,same-sheet,10.0,21.2,same-wrap,,,,
121358,132013,same-sheet,10.7,12.6,same-wrap,,,,
121358,128264,same-sheet,9.1,9.1,same-wrap,,,,
121363,121515,same-sheet,13.3,19.5,same-wrap,,,,
121363,121544,untestable,9.1,9.7,same-wrap,,,,
121363,121605,same-sheet,8.7,12.3,same-wrap,,,,
121363,121768,same-sheet,10.1,15.4,same-wrap,,,,
121363,121897,same-sheet,9.8,22.7,same-wrap,,,,
121363,122867,same-sheet,9.1,19.7,same-wrap,,,,
121437,121695,same-sheet,9.7,41.3,same-wrap,,,,
121437,122248,same-sheet,8.4,8.4,same-wrap,,,,
121477,114464,same-sheet,10.4,18.6,same-wrap,,,,
121477,132367,ambiguous,17.0,56.6,same-wrap,,,,
121515,121544,same-sheet,8.3,8.7,same-wrap,,,,
121515,121605,same-sheet,10.2,23.7,same-wrap,,,,
121515,121768,untestable,8.5,9.5,same-wrap,,,,
121515,121331,same-sheet,10.5,15.6,same-wrap,,,,
121515,122077,untestable,8.6,9.9,same-wrap,,,,
121515,122867,same-sheet,10.0,22.7,same-wrap,,,,
121526,121867,same-sheet,9.0,12.5,same-wrap,,,,
121526,121906,same-sheet,9.6,20.3,same-wrap,,,,
121526,126041,same-sheet,9.9,19.7,same-wrap,,,,
121533,122809,same-sheet,9.0,15.0,same-wrap,,,,
121533,123054,same-sheet,10.4,28.4,same-wrap,,,,
121533,124030,same-sheet,9.4,13.5,same-wrap,,,,
121533,124372,same-sheet,10.5,23.0,same-wrap,,,,
121543,121864,same-sheet,9.0,11.4,same-wrap,,,,
121543,122066,untestable,8.1,8.1,same-wrap,,,,
121543,122132,same-sheet,8.7,13.0,same-wrap,,,,
121543,122973,same-sheet,10.1,23.1,same-wrap,,,,
121543,119810,same-sheet,10.6,74.6,same-wrap,,,,
121543,121634,same-sheet,9.4,13.4,same-wrap,,,,
121544,121768,same-sheet,9.7,21.4,same-wrap,,,,
121544,122867,same-sheet,8.9,22.7,same-wrap,,,,
121545,121600,same-sheet,50.5,79.5,adjacent,,,,
121545,125534,untestable,10.1,12.9,same-wrap,,,,
121545,118791,same-sheet,15.4,36.7,same-wrap,,,,
121545,118908,same-sheet,11.8,41.8,same-wrap,,,,
121545,120887,same-sheet,59.0,83.1,adjacent,,,,
121600,123070,same-sheet,10.0,37.2,same-wrap,,,,
121600,123976,same-sheet,36.1,46.3,adjacent,,,,
121600,118791,ambiguous,76.6,263.7,adjacent,,,,
121600,118908,ambiguous,79.7,184.2,adjacent,,,,
121600,120887,same-sheet,8.7,17.3,same-wrap,,,,
121605,121768,untestable,11.4,15.8,same-wrap,,,,
121605,121931,same-sheet,10.3,18.4,same-wrap,,,,
121605,120323,same-sheet,12.7,15.8,same-wrap,,,,
121605,121331,same-sheet,9.1,15.3,same-wrap,,,,
121605,121897,same-sheet,9.3,14.7,same-wrap,,,,
121605,122867,same-sheet,11.4,45.0,same-wrap,,,,
121605,123459,same-sheet,10.6,29.0,same-wrap,,,,
121695,122248,same-sheet,9.4,16.0,same-wrap,,,,
121695,128863,switch,115.9,241.1,adjacent,,,,
121695,129276,switch,95.7,146.1,adjacent,,,,
121695,129979,untestable,8.3,8.3,same-wrap,,,,
121714,125950,same-sheet,15.6,38.6,same-wrap,,,,
121714,122608,same-sheet,8.9,13.7,same-wrap,,,,
121714,123078,same-sheet,12.0,22.3,same-wrap,,,,
121725,128924,same-sheet,8.6,10.7,unresolved,,,,
121725,114154,same-sheet,10.0,12.0,unresolved,,,,
121736,122381,same-sheet,10.0,20.2,same-wrap,,,,
121768,121793,same-sheet,20.1,48.9,same-wrap,,,,
121768,121331,same-sheet,11.2,11.2,same-wrap,,,,
121768,122077,same-sheet,8.6,9.8,same-wrap,,,,
121768,122807,same-sheet,8.6,8.6,same-wrap,,,,
121768,122867,same-sheet,8.7,11.9,same-wrap,,,,
121793,123690,untestable,20.8,44.2,same-wrap,,,,
121793,125739,untestable,9.3,50.7,same-wrap,,,,
121793,122077,untestable,10.5,50.1,same-wrap,,,,
121793,122807,untestable,10.7,50.3,same-wrap,,,,
121793,122867,same-sheet,8.9,9.0,same-wrap,,,,
121793,129718,switch,135.6,377.4,adjacent,,,,
121854,119694,same-sheet,9.0,10.8,same-wrap,,,,
121854,120887,same-sheet,10.4,14.6,same-wrap,,,,
121854,122022,same-sheet,9.4,17.2,same-wrap,,,,
121857,129548,switch,70.1,115.5,adjacent,,,,
121857,118592,untestable,92.1,112.8,adjacent,,,,
121864,123244,same-sheet,8.5,11.2,same-wrap,,,,
121867,121906,same-sheet,9.5,16.1,same-wrap,,,,
121867,122284,same-sheet,9.3,18.9,same-wrap,,,,
121867,123809,same-sheet,11.8,14.9,same-wrap,,,,
121867,126041,same-sheet,10.7,11.1,same-wrap,,,,
121906,122284,same-sheet,8.3,8.3,same-wrap,,,,
121906,126041,untestable,8.5,8.5,same-wrap,,,,
121906,129390,same-sheet,9.5,12.9,same-wrap,,,,
121906,128264,same-sheet,9.3,19.6,same-wrap,,,,
121906,130982,untestable,8.1,8.2,same-wrap,,,,
121931,122638,untestable,10.0,11.1,same-wrap,,,,
121931,125510,same-sheet,8.1,8.1,same-wrap,,,,
121931,132500,same-sheet,9.4,9.6,same-wrap,,,,
121931,134740,same-sheet,9.2,23.3,same-wrap,,,,
121931,121897,same-sheet,8.5,11.3,same-wrap,,,,
121931,123459,same-sheet,10.5,16.3,same-wrap,,,,
122010,113006,ambiguous,133.6,369.8,adjacent,,,,
122010,120323,same-sheet,8.0,8.0,same-wrap,,,,
122010,121897,same-sheet,8.2,13.4,same-wrap,,,,
122010,124846,same-sheet,17.3,28.4,same-wrap,,,,
122066,122973,same-sheet,10.7,19.8,same-wrap,,,,
122066,123199,same-sheet,9.3,27.4,same-wrap,,,,
122066,123557,same-sheet,8.3,10.8,same-wrap,,,,
122066,124509,untestable,8.2,8.5,same-wrap,,,,
122066,121634,same-sheet,8.4,9.9,same-wrap,,,,
122096,122273,same-sheet,12.0,62.5,same-wrap,,,,
122096,135377,same-sheet,17.1,23.4,same-wrap,,,,
122096,117774,same-sheet,9.4,10.3,same-wrap,,,,
122096,122022,switch,102.1,360.5,adjacent,,,,
122115,130803,ambiguous,132.9,271.7,adjacent,,,,
122115,122986,same-sheet,8.7,14.8,same-wrap,,,,
122115,124659,same-sheet,9.3,16.0,same-wrap,,,,
122115,130171,ambiguous,166.5,362.9,adjacent,,,,
122132,122415,untestable,9.1,9.1,same-wrap,,,,
122132,122512,same-sheet,9.1,13.7,same-wrap,,,,
122132,122598,untestable,9.9,16.0,same-wrap,,,,
122132,122973,same-sheet,10.1,26.8,same-wrap,,,,
122132,123199,same-sheet,8.9,13.3,same-wrap,,,,
122132,124981,same-sheet,11.1,18.4,same-wrap,,,,
122215,122381,same-sheet,9.5,12.9,same-wrap,,,,
122215,122489,same-sheet,9.5,16.6,same-wrap,,,,
122215,122809,same-sheet,9.6,22.2,same-wrap,,,,
122215,123054,untestable,10.1,11.0,same-wrap,,,,
122215,122608,same-sheet,10.3,18.3,same-wrap,,,,
122215,123078,same-sheet,8.4,9.8,same-wrap,,,,
122248,122616,untestable,9.4,10.6,same-wrap,,,,
122248,122627,same-sheet,9.1,13.6,same-wrap,,,,
122248,128408,same-sheet,9.6,10.8,same-wrap,,,,
122248,130273,same-sheet,18.9,32.8,adjacent,,,,
122273,124686,same-sheet,9.1,15.3,same-wrap,,,,
122273,128677,same-sheet,8.5,8.9,same-wrap,,,,
122273,135377,same-sheet,10.1,27.2,same-wrap,,,,
122273,117774,same-sheet,8.6,8.6,unresolved,,,,
122273,122022,ambiguous,121.2,539.6,adjacent,,,,
122284,122316,same-sheet,9.1,14.5,same-wrap,,,,
122284,122328,same-sheet,10.3,15.3,same-wrap,,,,
122284,122539,same-sheet,10.8,14.8,same-wrap,,,,
122284,123134,same-sheet,9.4,9.8,same-wrap,,,,
122316,122328,same-sheet,9.8,16.0,same-wrap,,,,
122316,122539,same-sheet,10.7,19.8,same-wrap,,,,
122316,122599,same-sheet,8.8,9.5,same-wrap,,,,
122316,122872,same-sheet,8.0,8.4,same-wrap,,,,
122316,123579,same-sheet,9.5,12.5,same-wrap,,,,
122316,124006,same-sheet,9.0,15.8,same-wrap,,,,
122316,123001,same-sheet,8.4,8.9,same-wrap,,,,
122316,123099,same-sheet,10.7,18.6,same-wrap,,,,
122328,122599,same-sheet,10.1,32.6,same-wrap,,,,
122328,122924,untestable,8.3,8.3,same-wrap,,,,
122328,124006,same-sheet,11.6,24.8,same-wrap,,,,
122381,122809,same-sheet,9.5,12.0,same-wrap,,,,
122381,124030,same-sheet,8.7,12.6,same-wrap,,,,
122415,122512,untestable,9.7,11.9,same-wrap,,,,
122415,122514,same-sheet,11.3,16.8,same-wrap,,,,
122415,122598,same-sheet,8.8,11.9,same-wrap,,,,
122415,124981,same-sheet,11.5,43.2,same-wrap,,,,
122415,125397,same-sheet,8.4,8.4,same-wrap,,,,
122489,122809,same-sheet,8.6,12.0,same-wrap,,,,
122489,123054,ambiguous,9.2,11.0,same-wrap,,,,
122489,123107,same-sheet,30.0,54.9,same-wrap,,,,
122489,123244,same-sheet,11.0,40.5,same-wrap,,,,
122489,123578,untestable,10.2,10.2,same-wrap,,,,
122489,122608,same-sheet,11.1,17.6,same-wrap,,,,
122489,123078,same-sheet,9.0,11.6,same-wrap,,,,
122493,122539,same-sheet,11.4,28.1,same-wrap,,,,
122493,122872,same-sheet,9.3,11.3,same-wrap,,,,
122493,123001,same-sheet,13.4,20.9,same-wrap,,,,
122512,123199,same-sheet,9.8,18.3,same-wrap,,,,
122512,124981,same-sheet,10.6,12.8,same-wrap,,,,
122514,122598,same-sheet,11.3,20.6,same-wrap,,,,
122514,114594,switch,73.8,76.0,same-wrap,,,,
122539,122872,same-sheet,15.6,52.9,same-wrap,,,,
122539,123586,same-sheet,8.7,11.8,same-wrap,,,,
122539,123001,untestable,10.0,14.5,same-wrap,,,,
122539,123099,same-sheet,9.5,9.5,same-wrap,,,,
122598,124981,same-sheet,9.6,15.2,same-wrap,,,,
122598,125397,same-sheet,9.2,9.9,same-wrap,,,,
122599,122924,same-sheet,8.2,8.5,same-wrap,,,,
122599,123134,untestable,8.4,9.9,same-wrap,,,,
122599,123495,same-sheet,10.8,41.8,same-wrap,,,,
122599,124006,same-sheet,8.6,11.3,same-wrap,,,,
122599,125942,same-sheet,9.1,34.6,same-wrap,,,,
122616,123423,same-sheet,10.3,22.4,same-wrap,,,,
122627,123402,same-sheet,14.3,50.9,same-wrap,,,,
122627,124096,same-sheet,11.4,21.6,same-wrap,,,,
122627,124142,same-sheet,11.4,24.9,same-wrap,,,,
122627,128408,same-sheet,9.0,10.9,same-wrap,,,,
122627,130273,same-sheet,13.4,40.3,same-wrap,,,,
122638,123508,same-sheet,9.1,21.5,same-wrap,,,,
122638,124415,same-sheet,8.8,13.4,same-wrap,,,,
122638,125510,same-sheet,10.6,16.5,same-wrap,,,,
122638,113006,ambiguous,131.4,252.5,adjacent,,,,
122638,117135,ambiguous,85.8,209.7,adjacent,,,,
122638,121897,same-sheet,10.3,31.5,same-wrap,,,,
122809,123054,same-sheet,9.5,15.3,same-wrap,,,,
122809,124030,same-sheet,9.5,20.9,same-wrap,,,,
122809,124372,untestable,9.1,9.1,same-wrap,,,,
122872,128977,switch,102.7,254.3,adjacent,,,,
122872,130716,same-sheet,8.4,11.9,same-wrap,,,,
122872,123001,same-sheet,9.8,14.4,same-wrap,,,,
122872,130982,same-sheet,10.2,18.8,same-wrap,,,,
122924,123134,same-sheet,9.2,14.1,same-wrap,,,,
122924,123809,same-sheet,9.8,10.8,same-wrap,,,,
122960,122993,untestable,25.3,57.4,same-wrap,,,,
122960,123224,untestable,10.3,16.1,same-wrap,,,,
122973,123199,same-sheet,9.1,19.2,same-wrap,,,,
122973,121634,same-sheet,8.5,9.9,same-wrap,,,,
122993,119694,same-sheet,22.8,68.7,same-wrap,,,,
123054,123107,same-sheet,9.3,12.4,same-wrap,,,,
123054,124030,same-sheet,8.8,13.7,same-wrap,,,,
123054,124372,same-sheet,9.5,12.5,same-wrap,,,,
123060,123615,same-sheet,10.0,19.1,same-wrap,,,,
123060,123636,same-sheet,9.1,13.2,same-wrap,,,,
123060,123423,untestable,8.3,10.5,same-wrap,,,,
123070,123224,same-sheet,9.5,17.8,same-wrap,,,,
123070,123976,same-sheet,9.3,10.9,same-wrap,,,,
123070,124222,same-sheet,10.0,17.7,same-wrap,,,,
123070,124329,untestable,9.3,10.6,same-wrap,,,,
123107,123244,same-sheet,23.2,63.5,same-wrap,,,,
123107,123636,ambiguous,61.4,132.9,adjacent,,,,
123107,124372,same-sheet,8.2,8.5,same-wrap,,,,
123133,123578,same-sheet,9.4,18.9,same-wrap,,,,
123133,124509,same-sheet,9.4,24.6,same-wrap,,,,
123133,125950,same-sheet,8.6,9.3,same-wrap,,,,
123133,121634,untestable,13.5,26.0,same-wrap,,,,
123133,123078,same-sheet,10.9,17.2,same-wrap,,,,
123134,123809,untestable,8.9,8.9,same-wrap,,,,
123148,123289,untestable,9.9,27.6,same-wrap,,,,
123148,107203,untestable,32.7,52.5,same-wrap,,,,
123148,111426,untestable,159.2,321.6,same-wrap,39.0,33.6,60.32,
123148,122144,untestable,11.9,37.3,same-wrap,,,,
123199,123557,same-sheet,11.0,22.8,same-wrap,,,,
123199,121634,untestable,9.3,9.3,same-wrap,,,,
123224,123976,same-sheet,10.0,12.6,same-wrap,,,,
123224,124222,same-sheet,9.0,14.6,same-wrap,,,,
123224,124329,untestable,9.2,15.0,same-wrap,,,,
123244,123578,same-sheet,11.1,19.3,same-wrap,,,,
123244,121634,same-sheet,8.6,11.9,same-wrap,,,,
123289,107203,untestable,26.7,45.4,same-wrap,,,,
123289,111426,untestable,122.2,317.4,adjacent,,,,
123289,122144,untestable,11.3,43.6,same-wrap,,,,
123402,124096,same-sheet,8.8,10.4,same-wrap,,,,
123402,124142,ambiguous,10.2,22.4,same-wrap,,,,
123402,130273,same-sheet,10.4,18.9,same-wrap,,,,
123413,123557,untestable,9.3,15.5,same-wrap,,,,
123413,123989,ambiguous,9.9,22.7,same-wrap,,,,
123413,124509,same-sheet,8.8,12.5,same-wrap,,,,
123413,125950,same-sheet,10.5,18.5,same-wrap,,,,
123418,124349,same-sheet,8.8,32.7,same-wrap,,,,
123418,125112,same-sheet,15.1,66.0,same-wrap,,,,
123418,125324,same-sheet,8.1,8.1,same-wrap,,,,
123418,125739,untestable,8.6,9.3,same-wrap,,,,
123418,111074,switch,124.8,660.6,adjacent,,,,
123418,111515,switch,96.2,170.9,adjacent,,,,
123418,111979,switch,67.8,112.7,adjacent,,,,
123418,122807,same-sheet,8.3,9.0,same-wrap,,,,
123418,123234,same-sheet,13.4,49.3,same-wrap,,,,
123495,123575,same-sheet,11.3,19.3,same-wrap,,,,
123495,123636,same-sheet,12.5,20.1,same-wrap,,,,
123508,123736,same-sheet,9.8,18.0,same-wrap,,,,
123508,124415,same-sheet,9.9,20.8,same-wrap,,,,
123508,126527,same-sheet,14.5,57.2,same-wrap,,,,
123508,123853,same-sheet,9.3,12.2,same-wrap,,,,
123557,123989,same-sheet,10.9,33.2,same-wrap,,,,
123557,124509,same-sheet,9.4,18.6,same-wrap,,,,
123557,125950,same-sheet,9.5,13.0,same-wrap,,,,
123557,121634,same-sheet,8.8,8.8,same-wrap,,,,
123575,123636,same-sheet,8.8,23.4,same-wrap,,,,
123578,124509,same-sheet,10.2,18.4,same-wrap,,,,
123578,125950,same-sheet,10.2,24.9,same-wrap,,,,
123578,121634,same-sheet,10.8,25.5,same-wrap,,,,
123578,123078,same-sheet,10.4,16.8,same-wrap,,,,
123579,123586,same-sheet,8.3,8.4,same-wrap,,,,
123579,124006,same-sheet,8.2,12.1,same-wrap,,,,
123579,125904,same-sheet,8.7,8.7,same-wrap,,,,
123579,123099,same-sheet,10.7,23.6,same-wrap,,,,
123586,123596,same-sheet,13.1,30.0,same-wrap,,,,
123586,124520,untestable,8.9,8.9,same-wrap,,,,
123586,125904,same-sheet,8.7,8.7,same-wrap,,,,
123586,126166,same-sheet,12.0,17.1,same-wrap,,,,
123586,126348,same-sheet,8.7,9.0,same-wrap,,,,
123586,127067,switch,124.5,283.8,adjacent,,,,
123586,127661,switch,147.4,430.3,adjacent,,,,
123586,128788,ambiguous,143.7,342.5,adjacent,,,,
123586,130816,ambiguous,122.8,332.9,adjacent,,,,
123586,132394,ambiguous,89.9,192.9,adjacent,,,,
123586,123001,same-sheet,9.6,15.0,same-wrap,,,,
123586,123099,same-sheet,10.0,15.7,same-wrap,,,,
123586,123838,same-sheet,10.7,34.8,same-wrap,,,,
123586,124194,same-sheet,10.2,19.9,same-wrap,,,,
123586,126170,same-sheet,10.7,24.9,adjacent,,,,
123596,123636,untestable,63.1,63.1,adjacent,,,,
123596,123861,same-sheet,13.7,21.3,same-wrap,,,,
123596,123897,same-sheet,8.9,28.1,same-wrap,,,,
123596,124343,same-sheet,9.8,18.0,same-wrap,,,,
123596,126166,same-sheet,8.5,10.7,same-wrap,,,,
123596,127067,ambiguous,59.4,136.3,adjacent,,,,
123596,126170,ambiguous,88.7,174.9,adjacent,,,,
123598,125129,same-sheet,8.6,13.6,same-wrap,,,,
123598,122986,same-sheet,25.6,53.9,same-wrap,,,,
123598,126373,untestable,40.1,57.2,same-wrap,,,,
123598,128900,ambiguous,114.1,271.5,adjacent,,,,
123615,123636,same-sheet,10.5,22.6,same-wrap,,,,
123615,123861,same-sheet,10.8,59.2,same-wrap,,,,
123615,123423,same-sheet,10.8,16.4,same-wrap,,,,
123615,123977,same-sheet,8.9,26.5,same-wrap,,,,
123636,123861,same-sheet,9.7,28.5,same-wrap,,,,
123636,125904,same-sheet,9.9,18.3,same-wrap,,,,
123636,125942,same-sheet,8.8,14.2,same-wrap,,,,
123690,125739,same-sheet,9.5,16.5,same-wrap,,,,
123690,122807,untestable,8.8,9.4,same-wrap,,,,
123736,124415,same-sheet,8.5,8.6,same-wrap,,,,
123736,126527,same-sheet,8.5,8.5,same-wrap,,,,
123736,123853,same-sheet,8.8,9.6,same-wrap,,,,
123736,123971,untestable,9.5,9.5,same-wrap,,,,
123736,126477,ambiguous,65.5,88.6,adjacent,,,,
123766,124085,same-sheet,9.4,13.4,same-wrap,,,,
123766,113294,switch,110.5,501.7,adjacent,,,,
123766,123439,same-sheet,10.0,27.0,same-wrap,,,,
123766,124189,same-sheet,9.4,24.6,same-wrap,,,,
123809,126041,same-sheet,8.0,8.0,same-wrap,,,,
123861,123897,same-sheet,10.8,29.6,same-wrap,,,,
123861,124343,same-sheet,10.2,11.3,same-wrap,,,,
123861,123423,same-sheet,10.3,14.8,same-wrap,,,,
123861,123977,same-sheet,9.9,17.2,same-wrap,,,,
123895,126766,same-sheet,8.8,12.9,same-wrap,,,,
123895,113061,switch,85.9,143.5,adjacent,,,,
123895,117774,same-sheet,9.0,9.5,same-wrap,,,,
123897,123948,same-sheet,8.2,11.3,same-wrap,,,,
123897,124142,same-sheet,8.9,19.8,same-wrap,,,,
123897,124343,same-sheet,11.7,47.1,same-wrap,,,,
123897,123977,same-sheet,11.8,32.9,same-wrap,,,,
123948,124142,same-sheet,9.7,17.6,same-wrap,,,,
123976,124222,same-sheet,9.0,12.0,same-wrap,,,,
123976,124329,same-sheet,8.5,12.8,same-wrap,,,,
123976,127078,same-sheet,8.9,15.9,same-wrap,,,,
123976,126509,same-sheet,9.0,9.9,same-wrap,,,,
124006,125942,same-sheet,10.0,26.2,same-wrap,,,,
124006,123099,same-sheet,11.7,30.6,same-wrap,,,,
124033,120853,same-sheet,9.2,18.4,same-wrap,,,,
124085,124189,same-sheet,8.2,8.2,same-wrap,,,,
124096,124109,same-sheet,8.9,9.0,same-wrap,,,,
124096,124142,same-sheet,9.4,15.5,same-wrap,,,,
124096,125930,same-sheet,9.6,12.1,same-wrap,,,,
124096,126854,same-sheet,19.5,134.4,same-wrap,14.2,8.1,1.06,80.0
124096,126549,same-sheet,9.4,18.0,same-wrap,,,,
124109,124142,same-sheet,9.2,11.2,same-wrap,,,,
124109,125534,same-sheet,11.5,16.8,same-wrap,,,,
124109,125930,same-sheet,11.7,30.9,same-wrap,,,,
124109,126854,same-sheet,10.7,146.0,same-wrap,19.7,15.7,0.4,
124109,126549,same-sheet,8.9,9.3,same-wrap,,,,
124137,125039,same-sheet,9.9,14.8,same-wrap,,,,
124137,125116,same-sheet,10.7,21.4,same-wrap,,,,
124137,125167,same-sheet,9.4,12.5,same-wrap,,,,
124137,128158,untestable,14.1,21.3,same-wrap,,,,
124142,125930,same-sheet,9.2,20.4,same-wrap,,,,
124142,130273,same-sheet,10.5,21.1,same-wrap,,,,
124142,123977,same-sheet,10.4,28.5,same-wrap,,,,
124142,126549,untestable,8.1,8.1,same-wrap,,,,
124222,124329,same-sheet,10.8,18.8,same-wrap,,,,
124222,126582,same-sheet,9.1,16.6,same-wrap,,,,
124222,127078,same-sheet,9.2,15.7,same-wrap,,,,
124222,126509,same-sheet,9.1,11.3,same-wrap,,,,
124329,126582,same-sheet,10.4,14.0,same-wrap,,,,
124329,141083,same-sheet,9.8,9.8,adjacent,,,,
124329,124585,same-sheet,11.0,13.8,same-wrap,,,,
124343,126166,same-sheet,16.7,41.9,adjacent,,,,
124343,119810,switch,125.4,324.3,adjacent,,,,
124349,125112,same-sheet,12.9,36.3,same-wrap,,,,
124349,125324,same-sheet,9.2,13.6,same-wrap,,,,
124349,111074,switch,91.7,529.2,adjacent,,,,
124349,111515,switch,81.3,121.3,adjacent,,,,
124349,111979,switch,79.2,157.6,adjacent,,,,
124349,123234,untestable,9.4,9.4,same-wrap,,,,
124349,124719,same-sheet,8.7,14.9,same-wrap,,,,
124372,118813,same-sheet,9.0,17.4,same-wrap,,,,
124372,120999,same-sheet,9.7,24.7,same-wrap,,,,
124402,125159,untestable,10.9,15.1,same-wrap,,,,
124402,126132,same-sheet,16.7,63.6,same-wrap,,,,
124402,126148,same-sheet,10.1,21.9,same-wrap,,,,
124402,141699,same-sheet,10.3,11.7,same-wrap,,,,
124402,123971,switch,85.8,163.6,same-wrap,29.7,5.3,61.71,80.0
124402,126062,same-sheet,9.9,18.6,same-wrap,,,,
124415,124685,same-sheet,10.5,11.4,same-wrap,,,,
124415,125006,same-sheet,11.3,13.7,same-wrap,,,,
124415,125510,same-sheet,10.1,30.4,same-wrap,,,,
124415,125690,same-sheet,8.9,12.8,same-wrap,,,,
124415,123853,same-sheet,9.8,26.7,same-wrap,,,,
124509,125950,same-sheet,11.1,43.2,same-wrap,,,,
124509,121634,same-sheet,10.2,23.1,same-wrap,,,,
124509,123078,same-sheet,9.7,15.7,same-wrap,,,,
124520,126166,same-sheet,12.0,21.3,same-wrap,,,,
124520,126348,same-sheet,8.0,8.0,same-wrap,,,,
124520,124194,same-sheet,10.0,30.7,same-wrap,,,,
124520,130684,same-sheet,10.6,163.2,same-wrap,14.4,42.1,0.81,
124685,125006,same-sheet,8.9,15.3,same-wrap,,,,
124685,125248,same-sheet,10.9,29.3,same-wrap,,,,
124685,127137,untestable,13.6,38.5,same-wrap,,,,
124686,128677,same-sheet,14.3,24.7,same-wrap,,,,
124686,125712,same-sheet,19.8,42.7,same-wrap,,,,
124774,126146,same-sheet,10.3,22.7,same-wrap,,,,
124774,127209,ambiguous,83.0,163.2,adjacent,,,,
124825,126582,same-sheet,16.2,72.0,adjacent,,,,
124825,124585,untestable,46.8,139.5,adjacent,,,,
124868,125552,untestable,12.2,46.3,same-wrap,,,,
124868,126722,same-sheet,10.9,26.5,same-wrap,,,,
124868,131043,same-sheet,8.3,8.3,unresolved,,,,
124868,124123,same-sheet,11.1,28.7,same-wrap,,,,
124929,125150,same-sheet,10.7,21.1,same-wrap,,,,
124929,125628,ambiguous,10.0,26.5,same-wrap,,,,
124929,126043,same-sheet,9.0,10.7,same-wrap,,,,
124929,126645,same-sheet,10.7,12.9,same-wrap,,,,
124979,119988,untestable,9.7,35.3,same-wrap,,,,
124981,125397,same-sheet,11.5,17.6,same-wrap,,,,
125006,125248,same-sheet,9.2,13.5,same-wrap,,,,
125006,123853,same-sheet,16.1,74.1,same-wrap,,,,
125006,125204,same-sheet,9.6,13.3,same-wrap,,,,
125039,125116,same-sheet,8.9,14.2,same-wrap,,,,
125039,125167,same-sheet,9.2,12.3,same-wrap,,,,
125039,128158,untestable,9.2,13.0,same-wrap,,,,
125112,111074,switch,89.1,174.1,adjacent,,,,
125112,111515,switch,90.2,881.0,adjacent,,,,
125112,111979,untestable,13.0,67.1,adjacent,,,,
125112,122807,same-sheet,13.2,46.0,same-wrap,,,,
125112,123234,same-sheet,12.8,51.6,same-wrap,,,,
125112,131737,untestable,80.8,283.1,adjacent,,,,
125116,125167,same-sheet,9.7,14.8,same-wrap,,,,
125116,128158,untestable,15.1,15.1,same-wrap,,,,
125129,127572,same-sheet,8.9,11.1,same-wrap,,,,
125129,128395,same-sheet,9.4,10.5,same-wrap,,,,
125129,131888,same-sheet,8.7,11.7,same-wrap,,,,
125129,126373,untestable,9.5,33.4,same-wrap,,,,
125150,125628,same-sheet,9.4,33.4,same-wrap,,,,
125150,126043,untestable,9.7,17.6,same-wrap,,,,
125150,126645,same-sheet,9.2,18.2,same-wrap,,,,
125150,125235,untestable,8.4,8.4,same-wrap,,,,
125150,126170,same-sheet,8.8,10.5,same-wrap,,,,
125159,126148,same-sheet,8.6,8.9,same-wrap,,,,
125159,126162,same-sheet,9.5,25.3,same-wrap,,,,
125159,126883,same-sheet,8.9,14.7,same-wrap,,,,
125159,127418,same-sheet,18.5,38.7,same-wrap,,,,
125159,126062,same-sheet,8.5,10.7,same-wrap,,,,
125159,127472,same-sheet,9.0,16.2,same-wrap,,,,
125167,126766,untestable,50.0,50.0,same-wrap,,,,
125180,125402,untestable,9.5,17.1,unresolved,,,,
125180,125707,same-sheet,8.9,19.2,unresolved,,,,
125180,127294,same-sheet,9.7,15.2,unresolved,,,,
125180,129607,same-sheet,8.9,11.0,unresolved,,,,
125180,129849,same-sheet,9.8,9.8,unresolved,,,,
125180,125895,same-sheet,9.7,13.1,unresolved,,,,
125248,127418,ambiguous,182.3,763.4,adjacent,,,,
125248,125204,same-sheet,9.7,15.0,same-wrap,,,,
125285,117999,ambiguous,192.4,355.4,adjacent,,,,
125285,126169,ambiguous,8.7,9.7,same-wrap,,,,
125292,126366,same-sheet,9.8,11.6,same-wrap,,,,
125292,124719,ambiguous,29.9,78.9,adjacent,,,,
125292,125217,same-sheet,9.0,15.4,same-wrap,,,,
125292,126607,same-sheet,24.6,71.4,same-wrap,,,,
125292,128450,ambiguous,30.8,88.5,adjacent,,,,
125307,125903,same-sheet,10.7,34.0,same-wrap,,,,
125307,126257,same-sheet,10.9,21.6,same-wrap,,,,
125307,127761,untestable,11.0,11.0,same-wrap,,,,
125307,125235,same-sheet,10.4,20.2,same-wrap,,,,
125307,125920,same-sheet,13.3,34.1,same-wrap,,,,
125307,126170,same-sheet,10.1,23.0,same-wrap,,,,
125324,125739,same-sheet,8.7,14.8,same-wrap,,,,
125324,122807,same-sheet,8.6,8.9,same-wrap,,,,
125324,124322,same-sheet,8.8,9.9,same-wrap,,,,
125324,125217,same-sheet,10.8,35.9,same-wrap,,,,
125357,125369,same-sheet,9.0,16.1,same-wrap,,,,
125357,125492,untestable,9.0,11.3,same-wrap,,,,
125357,127851,same-sheet,9.2,15.8,same-wrap,,,,
125369,125492,untestable,8.1,10.8,same-wrap,,,,
125369,125541,same-sheet,9.8,21.6,same-wrap,,,,
125369,125579,same-sheet,9.9,18.0,same-wrap,,,,
125369,125877,same-sheet,9.0,13.1,same-wrap,,,,
125369,126993,same-sheet,10.3,13.1,same-wrap,,,,
125369,127715,same-sheet,12.1,19.8,same-wrap,,,,
125369,127851,same-sheet,9.9,23.0,same-wrap,,,,
125369,128380,same-sheet,9.4,11.3,same-wrap,,,,
125492,126988,same-sheet,10.1,26.4,same-wrap,,,,
125492,127851,same-sheet,11.8,43.5,same-wrap,,,,
125510,125690,same-sheet,9.3,62.4,same-wrap,,,,
125510,129898,same-sheet,9.3,9.3,same-wrap,,,,
125510,134740,same-sheet,17.4,25.7,same-wrap,,,,
125534,125930,same-sheet,9.4,15.6,same-wrap,,,,
125534,126854,same-sheet,9.9,11.0,same-wrap,,,,
125534,118908,same-sheet,9.5,18.6,same-wrap,,,,
125534,126549,same-sheet,10.8,19.0,same-wrap,,,,
125541,125579,same-sheet,9.4,14.1,same-wrap,,,,
125541,125877,same-sheet,9.6,18.3,same-wrap,,,,
125541,126993,same-sheet,10.7,35.7,same-wrap,,,,
125541,127715,untestable,8.2,8.2,same-wrap,,,,
125541,127851,same-sheet,9.9,24.2,same-wrap,,,,
125541,128380,same-sheet,9.0,10.1,same-wrap,,,,
125544,128661,ambiguous,140.8,279.3,adjacent,,,,
125544,129276,switch,118.0,263.9,adjacent,,,,
125544,118592,same-sheet,9.5,15.6,same-wrap,,,,
125544,125617,same-sheet,8.9,10.6,same-wrap,,,,
125552,126722,same-sheet,10.6,17.9,unresolved,,,,
125552,128239,same-sheet,9.0,10.2,unresolved,,,,
125552,131043,same-sheet,11.2,34.3,same-wrap,,,,
125579,125877,same-sheet,10.0,22.3,same-wrap,,,,
125579,126200,same-sheet,8.2,8.4,same-wrap,,,,
125579,126993,same-sheet,9.1,10.7,same-wrap,,,,
125579,127715,same-sheet,8.8,13.7,same-wrap,,,,
125579,127851,same-sheet,11.0,11.0,same-wrap,,,,
125579,128380,same-sheet,8.5,9.0,same-wrap,,,,
125628,125683,same-sheet,8.7,14.3,same-wrap,,,,
125628,126645,same-sheet,11.1,17.5,same-wrap,,,,
125628,126664,same-sheet,11.3,29.2,same-wrap,,,,
125628,126988,same-sheet,11.0,43.4,same-wrap,,,,
125631,125786,same-sheet,9.2,18.5,same-wrap,,,,
125631,125814,same-sheet,11.4,17.8,same-wrap,,,,
125631,128100,same-sheet,9.7,57.5,same-wrap,,,,
125631,126240,untestable,9.7,13.9,same-wrap,,,,
125639,125678,same-sheet,10.1,16.8,same-wrap,,,,
125639,125903,same-sheet,9.1,12.6,same-wrap,,,,
125639,126043,same-sheet,10.6,29.8,same-wrap,,,,
125639,125235,untestable,9.2,10.5,same-wrap,,,,
125678,125903,same-sheet,9.6,16.4,same-wrap,,,,
125678,126615,same-sheet,12.2,34.3,same-wrap,,,,
125678,125920,same-sheet,9.8,45.0,same-wrap,,,,
125678,126747,same-sheet,9.0,12.7,same-wrap,,,,
125683,126645,same-sheet,9.4,18.2,same-wrap,,,,
125683,126988,same-sheet,9.4,12.3,same-wrap,,,,
125683,130213,same-sheet,9.9,18.1,same-wrap,,,,
125690,127443,ambiguous,165.4,580.4,adjacent,,,,
125690,129898,same-sheet,10.8,25.2,adjacent,,,,
125690,132500,same-sheet,10.1,10.1,adjacent,,,,
125690,127137,same-sheet,8.8,11.0,same-wrap,,,,
125707,127294,same-sheet,9.1,9.7,unresolved,,,,
125707,129607,untestable,11.4,12.6,unresolved,,,,
125707,129849,same-sheet,9.2,10.0,unresolved,,,,
125707,125895,same-sheet,8.9,15.1,unresolved,,,,
125739,122077,same-sheet,10.4,28.0,same-wrap,,,,
125739,122807,same-sheet,9.5,25.5,same-wrap,,,,
125739,124322,same-sheet,9.4,32.7,same-wrap,,,,
125775,126262,same-sheet,10.2,18.7,same-wrap,,,,
125775,122022,same-sheet,8.1,10.7,same-wrap,,,,
125775,124548,same-sheet,8.4,8.8,same-wrap,,,,
125775,128457,same-sheet,11.2,20.0,same-wrap,,,,
125786,125814,same-sheet,9.4,15.2,same-wrap,,,,
125786,125931,same-sheet,10.0,34.7,same-wrap,,,,
125786,126176,same-sheet,8.7,13.8,same-wrap,,,,
125786,126323,same-sheet,11.1,18.3,same-wrap,,,,
125786,129007,same-sheet,12.5,35.2,same-wrap,,,,
125786,125351,same-sheet,9.8,15.4,same-wrap,,,,
125786,125982,same-sheet,9.5,12.2,same-wrap,,,,
125786,126090,same-sheet,11.0,26.5,same-wrap,,,,
125786,126240,untestable,9.0,9.0,same-wrap,,,,
125814,126176,same-sheet,13.3,39.1,same-wrap,,,,
125814,128100,same-sheet,10.7,20.9,unresolved,,,,
125814,128495,same-sheet,12.2,20.6,same-wrap,,,,
125814,125351,same-sheet,10.7,16.4,same-wrap,,,,
125877,126680,same-sheet,8.1,13.2,same-wrap,,,,
125877,126993,same-sheet,8.7,11.1,same-wrap,,,,
125877,127168,same-sheet,9.4,17.7,same-wrap,,,,
125877,127851,same-sheet,9.0,19.1,same-wrap,,,,
125877,128977,same-sheet,10.1,17.5,same-wrap,,,,
125877,128380,same-sheet,9.2,12.4,same-wrap,,,,
125903,125961,same-sheet,9.8,26.5,same-wrap,,,,
125903,126043,untestable,8.8,9.4,same-wrap,,,,
125903,125235,same-sheet,9.6,11.5,same-wrap,,,,
125903,125920,same-sheet,10.6,30.4,same-wrap,,,,
125904,125942,same-sheet,8.6,16.6,same-wrap,,,,
125904,123099,same-sheet,9.8,11.6,same-wrap,,,,
125930,126549,same-sheet,20.1,27.5,same-wrap,,,,
125931,126323,ambiguous,9.7,15.4,same-wrap,,,,
125931,129007,same-sheet,9.1,18.0,same-wrap,,,,
125931,125982,same-sheet,9.3,12.8,same-wrap,,,,
125931,126090,untestable,9.2,21.0,same-wrap,,,,
125950,121634,same-sheet,9.3,9.3,same-wrap,,,,
125950,122608,same-sheet,12.2,32.2,same-wrap,,,,
125950,123078,untestable,11.3,26.1,same-wrap,,,,
125961,126257,same-sheet,10.5,19.1,same-wrap,,,,
125961,126666,same-sheet,9.4,16.3,same-wrap,,,,
125961,126755,same-sheet,10.4,22.3,same-wrap,,,,
125961,127761,same-sheet,9.4,18.3,same-wrap,,,,
125961,128907,same-sheet,8.6,10.7,same-wrap,,,,
125961,125920,same-sheet,12.2,45.1,same-wrap,,,,
125961,126728,same-sheet,8.9,11.7,same-wrap,,,,
125961,127729,same-sheet,8.7,8.7,same-wrap,,,,
126043,125235,same-sheet,9.4,10.1,same-wrap,,,,
126132,126148,same-sheet,12.2,69.6,same-wrap,,,,
126132,126332,untestable,15.4,28.8,same-wrap,,,,
126132,141699,untestable,13.4,32.7,same-wrap,,,,
126132,123971,ambiguous,46.9,122.7,same-wrap,7.9,74.7,63.49,
126132,126062,same-sheet,13.2,71.6,same-wrap,,,,
126146,126717,same-sheet,15.7,66.7,same-wrap,,,,
126146,127209,ambiguous,148.7,427.5,adjacent,,,,
126148,126162,same-sheet,11.4,22.2,same-wrap,,,,
126148,126332,untestable,9.2,11.3,same-wrap,,,,
126148,126427,same-sheet,9.3,15.6,same-wrap,,,,
126148,123971,switch,95.0,181.8,adjacent,,,,
126148,126062,same-sheet,9.5,24.2,same-wrap,,,,
126148,126568,same-sheet,10.5,40.5,same-wrap,,,,
126162,126331,same-sheet,14.3,24.5,same-wrap,,,,
126162,126492,same-sheet,10.5,28.3,same-wrap,,,,
126162,126883,same-sheet,9.5,19.9,same-wrap,,,,
126162,127418,same-sheet,10.7,12.1,same-wrap,,,,
126162,126062,same-sheet,11.0,13.7,same-wrap,,,,
126166,126348,same-sheet,10.7,21.0,same-wrap,,,,
126176,126323,same-sheet,9.7,15.7,same-wrap,,,,
126176,128100,same-sheet,9.6,22.1,same-wrap,,,,
126176,128587,same-sheet,9.4,14.4,same-wrap,,,,
126176,129047,same-sheet,10.1,15.0,same-wrap,,,,
126176,125982,same-sheet,10.6,21.9,same-wrap,,,,
126200,126673,same-sheet,11.0,58.0,same-wrap,,,,
126200,127715,same-sheet,8.9,10.6,same-wrap,,,,
126200,128284,untestable,10.5,12.1,same-wrap,,,,
126200,127704,same-sheet,10.8,25.9,same-wrap,,,,
126200,128380,same-sheet,10.0,60.0,same-wrap,,,,
126220,130684,untestable,41.2,201.4,same-wrap,0.1,17.4,0.23,
126257,127761,same-sheet,9.0,15.4,same-wrap,,,,
126257,128049,same-sheet,8.4,8.7,same-wrap,,,,
126257,125920,same-sheet,12.6,34.6,same-wrap,,,,
126257,126170,same-sheet,9.3,10.2,same-wrap,,,,
126262,127269,same-sheet,9.5,13.5,same-wrap,,,,
126262,128162,same-sheet,8.5,13.6,same-wrap,,,,
126262,122022,same-sheet,11.9,21.1,same-wrap,,,,
126262,125712,ambiguous,49.0,104.0,same-wrap,10.6,113.0,0.0,130.0
126323,126464,same-sheet,8.6,11.2,same-wrap,,,,
126323,129007,ambiguous,11.1,23.6,same-wrap,,,,
126323,125982,same-sheet,10.5,19.1,same-wrap,,,,
126323,126607,same-sheet,9.4,13.3,same-wrap,,,,
126323,127042,same-sheet,11.7,156.9,same-wrap,37.2,12.3,2.8,180.0
126323,127400,same-sheet,10.5,14.5,same-wrap,,,,
126323,128450,same-sheet,12.4,152.9,same-wrap,43.2,22.3,0.76,
126331,126492,same-sheet,9.6,13.7,same-wrap,,,,
126331,127288,untestable,12.8,12.8,same-wrap,,,,
126331,127418,same-sheet,8.7,13.8,same-wrap,,,,
126332,126427,same-sheet,10.6,46.0,same-wrap,,,,
126332,126062,same-sheet,9.0,9.3,same-wrap,,,,
126366,125217,same-sheet,13.4,79.9,same-wrap,20.1,23.0,63.31,70.0
126366,126607,same-sheet,11.3,26.3,same-wrap,,,,
126366,127400,same-sheet,8.9,9.4,same-wrap,,,,
126375,128907,same-sheet,8.8,10.2,same-wrap,,,,
126375,141083,ambiguous,92.0,209.9,adjacent,,,,
126375,125549,same-sheet,19.5,77.6,same-wrap,,,,
126427,126527,ambiguous,75.5,188.8,adjacent,,,,
126427,126748,same-sheet,17.1,27.5,unresolved,,,,
126427,128065,untestable,10.1,13.7,same-wrap,,,,
126427,126062,untestable,8.0,8.0,same-wrap,,,,
126427,126477,same-sheet,66.4,103.0,unresolved,,,,
126427,126568,same-sheet,10.5,32.7,same-wrap,,,,
126427,127883,ambiguous,71.0,123.8,adjacent,,,,
126464,129007,same-sheet,8.2,8.2,same-wrap,,,,
126464,126607,ambiguous,11.7,27.1,same-wrap,,,,
126464,127042,same-sheet,9.9,14.0,same-wrap,,,,
126464,127400,same-sheet,9.2,12.0,same-wrap,,,,
126464,128450,same-sheet,11.5,25.1,same-wrap,,,,
126492,127201,same-sheet,9.5,17.6,same-wrap,,,,
126492,127288,untestable,10.9,12.0,same-wrap,,,,
126492,127443,same-sheet,9.1,12.7,same-wrap,,,,
126492,129601,same-sheet,10.0,21.1,same-wrap,,,,
126514,129007,same-sheet,11.2,34.5,same-wrap,,,,
126514,126090,switch,31.7,123.0,same-wrap,100.9,20.8,65.84,
126514,126240,switch,49.2,99.2,same-wrap,92.3,5.4,0.02,
126514,127400,same-sheet,10.2,18.1,same-wrap,,,,
126527,126477,ambiguous,68.4,122.1,adjacent,,,,
126527,127883,same-sheet,10.7,48.4,same-wrap,,,,
126582,141083,untestable,8.9,9.6,same-wrap,,,,
126582,124585,untestable,9.3,15.6,same-wrap,,,,
126582,126509,ambiguous,10.9,36.1,unresolved,,,,
126615,126747,same-sheet,10.5,62.8,same-wrap,,,,
126645,126988,same-sheet,10.7,10.7,same-wrap,,,,
126645,127067,same-sheet,9.0,11.1,same-wrap,,,,
126645,126170,same-sheet,8.0,12.9,same-wrap,,,,
126664,126988,same-sheet,11.3,29.0,same-wrap,,,,
126666,126698,same-sheet,12.9,30.7,same-wrap,,,,
126666,126755,same-sheet,11.8,42.1,same-wrap,,,,
126666,125920,same-sheet,8.5,8.5,same-wrap,,,,
126666,126728,same-sheet,9.5,15.6,same-wrap,,,,
126666,126747,same-sheet,9.3,10.6,unresolved,,,,
126666,127610,same-sheet,10.2,20.7,same-wrap,,,,
126672,126796,same-sheet,10.4,24.3,same-wrap,,,,
126672,127181,switch,127.3,217.0,adjacent,,,,
126672,129488,untestable,91.7,285.3,adjacent,,,,
126673,127715,same-sheet,8.2,9.4,same-wrap,,,,
126673,127804,same-sheet,9.1,14.6,same-wrap,,,,
126673,127951,same-sheet,11.2,38.2,same-wrap,,,,
126673,129307,same-sheet,10.3,33.0,same-wrap,,,,
126673,127704,same-sheet,12.8,83.6,same-wrap,34.0,49.5,0.01,
126673,128380,same-sheet,10.6,40.3,same-wrap,,,,
126680,127979,same-sheet,9.1,9.1,same-wrap,,,,
126680,128977,same-sheet,9.3,24.4,same-wrap,,,,
126683,128703,switch,103.6,204.1,adjacent,,,,
126683,110830,same-sheet,23.7,89.1,unresolved,,,,
126683,120087,same-sheet,11.0,31.5,same-wrap,,,,
126683,120323,same-sheet,10.8,21.7,same-wrap,,,,
126683,122077,same-sheet,28.6,84.3,adjacent,,,,
126683,122867,same-sheet,17.1,83.3,same-wrap,18.1,3.1,63.05,
126698,126755,same-sheet,9.1,12.7,same-wrap,,,,
126698,127424,same-sheet,9.1,12.3,same-wrap,,,,
126698,128162,same-sheet,11.3,25.6,same-wrap,,,,
126698,126509,ambiguous,13.1,20.4,same-wrap,,,,
126698,127610,same-sheet,10.9,19.2,same-wrap,,,,
126717,131367,ambiguous,14.4,28.0,same-wrap,,,,
126717,132168,same-sheet,9.8,12.3,same-wrap,,,,
126717,132881,same-sheet,8.3,8.3,same-wrap,,,,
126717,136145,same-sheet,8.9,12.4,same-wrap,,,,
126722,128239,untestable,8.2,11.6,same-wrap,,,,
126722,131043,same-sheet,10.9,28.9,unresolved,,,,
126748,126852,same-sheet,8.9,18.7,same-wrap,,,,
126748,126904,same-sheet,10.5,68.7,same-wrap,,,,
126748,127363,same-sheet,9.2,10.8,same-wrap,,,,
126748,127423,same-sheet,10.4,18.8,same-wrap,,,,
126748,128744,same-sheet,10.1,14.2,same-wrap,,,,
126748,139927,ambiguous,100.4,227.1,adjacent,,,,
126748,126568,same-sheet,11.1,21.3,same-wrap,,,,
126748,127231,same-sheet,9.6,22.3,same-wrap,,,,
126755,127424,same-sheet,8.7,10.6,same-wrap,,,,
126755,128162,same-sheet,10.6,22.0,same-wrap,,,,
126755,141083,same-sheet,11.4,32.6,same-wrap,,,,
126755,126509,ambiguous,46.0,95.3,same-wrap,15.6,49.4,64.01,
126755,126728,same-sheet,10.8,10.8,same-wrap,,,,
126755,127610,same-sheet,11.3,26.2,same-wrap,,,,
126766,113061,switch,83.0,184.9,adjacent,,,,
126766,117774,same-sheet,14.2,15.2,same-wrap,,,,
126796,127181,switch,92.5,213.2,adjacent,,,,
126796,127566,switch,112.8,362.0,adjacent,,,,
126796,129967,switch,94.3,285.3,adjacent,,,,
126852,127338,same-sheet,8.8,17.4,same-wrap,,,,
126852,127423,same-sheet,10.2,16.1,same-wrap,,,,
126852,139927,switch,121.9,297.5,adjacent,,,,
126852,126568,same-sheet,10.3,19.8,same-wrap,,,,
126852,127231,same-sheet,9.5,20.9,same-wrap,,,,
126854,128408,same-sheet,10.5,15.1,same-wrap,,,,
126854,129979,same-sheet,13.6,35.7,same-wrap,,,,
126854,126549,same-sheet,11.8,215.3,same-wrap,48.3,4.1,1.32,
126883,127418,same-sheet,33.4,63.9,same-wrap,,,,
126883,128140,same-sheet,9.0,9.2,same-wrap,,,,
126883,140136,same-sheet,9.0,11.8,same-wrap,,,,
126883,127472,same-sheet,8.4,8.9,same-wrap,,,,
126895,127905,untestable,8.1,8.6,same-wrap,,,,
126895,130587,untestable,16.8,43.2,same-wrap,,,,
126904,127178,same-sheet,9.8,27.8,same-wrap,,,,
126904,127363,same-sheet,8.6,8.6,same-wrap,,,,
126904,128744,same-sheet,10.0,24.6,same-wrap,,,,
126904,126477,ambiguous,40.8,54.2,same-wrap,,,,
126983,128978,same-sheet,9.0,20.6,same-wrap,,,,
126983,130816,same-sheet,10.4,36.2,same-wrap,,,,
126983,126867,same-sheet,8.8,11.9,same-wrap,,,,
126983,127464,untestable,9.2,9.2,same-wrap,,,,
126988,127168,same-sheet,9.8,14.5,same-wrap,,,,
126988,127851,same-sheet,12.0,47.8,same-wrap,,,,
126988,131230,same-sheet,8.6,17.9,same-wrap,,,,
126993,127168,same-sheet,9.5,42.3,same-wrap,,,,
126993,127851,same-sheet,8.5,11.0,same-wrap,,,,
127030,125895,same-sheet,12.5,201.1,unresolved,,,,
127067,127661,same-sheet,12.6,26.9,same-wrap,,,,
127067,130595,same-sheet,9.7,10.9,same-wrap,,,,
127067,126170,same-sheet,11.0,23.6,same-wrap,,,,
127078,127424,same-sheet,8.6,11.6,same-wrap,,,,
127078,128162,same-sheet,9.1,11.5,same-wrap,,,,
127078,131052,switch,46.1,110.6,adjacent,,,,
127078,131139,switch,87.3,169.1,adjacent,,,,
127078,134667,ambiguous,43.4,55.3,adjacent,,,,
127078,126509,same-sheet,8.1,8.1,same-wrap,,,,
127078,130986,switch,91.6,207.2,adjacent,,,,
127168,127782,same-sheet,15.0,53.0,same-wrap,,,,
127168,127851,same-sheet,10.3,36.7,same-wrap,,,,
127168,127979,untestable,9.3,10.5,same-wrap,,,,
127178,128744,same-sheet,9.8,16.3,same-wrap,,,,
127178,129176,same-sheet,16.3,29.1,same-wrap,,,,
127178,129344,untestable,13.0,22.2,same-wrap,,,,
127178,126477,untestable,9.1,9.1,same-wrap,,,,
127178,129216,same-sheet,9.1,13.6,same-wrap,,,,
127181,127566,same-sheet,8.7,13.1,same-wrap,,,,
127181,129967,untestable,19.5,22.2,same-wrap,,,,
127181,129488,untestable,8.4,9.7,same-wrap,,,,
127201,127443,same-sheet,10.1,18.9,same-wrap,,,,
127201,129601,same-sheet,8.2,8.2,same-wrap,,,,
127201,126568,same-sheet,8.8,12.5,same-wrap,,,,
127209,128355,same-sheet,14.9,20.9,same-wrap,,,,
127209,134421,untestable,9.0,9.0,unresolved,,,,
127234,127679,untestable,12.7,26.8,same-wrap,,,,
127234,127687,untestable,8.7,8.7,same-wrap,,,,
127234,126169,same-sheet,8.3,9.7,same-wrap,,,,
127269,128162,same-sheet,9.2,13.5,same-wrap,,,,
127269,130093,same-sheet,226.2,516.8,adjacent,,,,
127269,129753,same-sheet,177.9,513.0,adjacent,,,,
127288,127315,same-sheet,12.2,54.4,same-wrap,,,,
127288,127418,same-sheet,10.2,23.4,same-wrap,,,,
127288,127472,same-sheet,8.1,8.3,same-wrap,,,,
127294,129607,same-sheet,8.5,9.6,unresolved,,,,
127294,125895,same-sheet,8.7,9.8,unresolved,,,,
127315,127418,same-sheet,11.4,50.6,same-wrap,,,,
127315,129578,same-sheet,16.0,44.9,same-wrap,,,,
127315,136413,switch,104.4,238.1,adjacent,,,,
127315,127472,same-sheet,10.5,12.9,same-wrap,,,,
127315,129647,same-sheet,26.5,42.4,same-wrap,,,,
127315,136994,switch,103.8,309.6,adjacent,,,,
127338,128124,same-sheet,9.8,82.0,same-wrap,1.9,1.1,0.1,
127338,126568,same-sheet,9.0,9.1,same-wrap,,,,
127338,127231,same-sheet,10.4,42.4,same-wrap,,,,
127363,127423,same-sheet,9.0,21.4,same-wrap,,,,
127363,127988,same-sheet,9.6,10.2,same-wrap,,,,
127363,128744,same-sheet,10.0,11.2,same-wrap,,,,
127406,131370,same-sheet,10.1,13.2,same-wrap,,,,
127406,134097,same-sheet,9.9,16.6,same-wrap,,,,
127418,129578,untestable,9.4,10.3,same-wrap,,,,
127418,127472,same-sheet,40.0,73.5,same-wrap,,,,
127423,127988,same-sheet,8.6,10.5,same-wrap,,,,
127423,128703,same-sheet,9.5,13.8,same-wrap,,,,
127423,128708,same-sheet,13.1,17.8,same-wrap,,,,
127423,128744,same-sheet,10.1,31.4,same-wrap,,,,
127423,127231,same-sheet,9.3,15.9,same-wrap,,,,
127424,128162,same-sheet,9.4,19.6,same-wrap,,,,
127424,134667,same-sheet,9.1,17.6,same-wrap,,,,
127424,126509,ambiguous,9.3,10.1,same-wrap,,,,
127443,128124,same-sheet,13.5,22.3,same-wrap,,,,
127443,129601,same-sheet,11.5,19.7,same-wrap,,,,
127443,129898,ambiguous,58.9,123.6,same-wrap,8.8,7.0,63.08,130.0
127566,129967,same-sheet,30.2,69.9,adjacent,,,,
127566,131670,same-sheet,8.8,19.2,same-wrap,,,,
127566,133452,same-sheet,9.0,11.0,same-wrap,,,,
127566,133824,same-sheet,8.4,8.4,same-wrap,,,,
127566,135945,same-sheet,9.1,14.1,same-wrap,,,,
127571,128863,same-sheet,10.1,23.0,same-wrap,,,,
127571,129276,same-sheet,11.1,33.1,same-wrap,,,,
127571,126728,same-sheet,9.9,13.5,same-wrap,,,,
127571,126747,same-sheet,10.7,21.1,same-wrap,,,,
127572,128395,same-sheet,12.4,30.7,same-wrap,,,,
127572,128483,untestable,11.3,26.6,same-wrap,,,,
127572,128529,same-sheet,8.1,8.2,same-wrap,,,,
127572,131888,same-sheet,9.7,19.5,same-wrap,,,,
127572,126373,untestable,8.5,9.1,same-wrap,,,,
127652,114808,same-sheet,12.4,23.7,same-wrap,,,,
127661,126170,same-sheet,16.0,78.5,same-wrap,,,,
127679,127687,untestable,8.6,8.6,same-wrap,,,,
127679,126169,untestable,9.9,10.9,same-wrap,,,,
127679,127806,same-sheet,9.2,14.6,same-wrap,,,,
127687,134840,untestable,8.2,8.2,same-wrap,,,,
127687,127806,untestable,11.4,25.4,same-wrap,,,,
127715,128284,same-sheet,8.6,11.1,same-wrap,,,,
127715,128769,same-sheet,11.5,19.0,same-wrap,,,,
127715,130356,same-sheet,11.4,34.6,same-wrap,,,,
127715,137432,ambiguous,86.7,171.9,adjacent,,,,
127715,127704,same-sheet,10.0,18.6,same-wrap,,,,
127715,128380,same-sheet,8.6,10.2,same-wrap,,,,
127761,128049,same-sheet,8.6,8.6,same-wrap,,,,
127761,125920,same-sheet,11.9,38.2,same-wrap,,,,
127761,127464,same-sheet,9.3,10.2,same-wrap,,,,
127761,127729,same-sheet,9.0,9.8,same-wrap,,,,
127763,124719,same-sheet,9.4,11.1,same-wrap,,,,
127763,126607,same-sheet,9.9,70.3,same-wrap,,,,
127763,127042,untestable,10.3,10.3,same-wrap,,,,
127763,128450,same-sheet,10.0,75.0,same-wrap,,,,
127782,127874,same-sheet,8.9,11.0,same-wrap,,,,
127782,127979,same-sheet,9.7,14.4,same-wrap,,,,
127782,131230,same-sheet,11.4,22.5,same-wrap,,,,
127782,127987,same-sheet,9.8,12.1,same-wrap,,,,
127804,127951,same-sheet,9.2,13.6,same-wrap,,,,
127804,129307,untestable,8.0,8.0,same-wrap,,,,
127804,128380,same-sheet,8.6,12.5,same-wrap,,,,
127804,128433,untestable,8.3,8.4,same-wrap,,,,
127826,104442,switch,52.2,83.7,same-wrap,44.1,40.1,0.02,
127874,127979,same-sheet,8.7,13.9,same-wrap,,,,
127874,128099,untestable,9.4,9.4,same-wrap,,,,
127874,131230,same-sheet,10.0,18.6,same-wrap,,,,
127874,127987,same-sheet,8.5,9.9,same-wrap,,,,
127874,129374,same-sheet,8.3,11.0,same-wrap,,,,
127905,130587,ambiguous,8.5,9.6,same-wrap,,,,
127951,129307,ambiguous,11.0,13.2,same-wrap,,,,
127951,127704,ambiguous,43.3,80.9,same-wrap,32.8,48.6,0.02,
127951,128380,same-sheet,9.1,23.7,same-wrap,,,,
127951,128433,same-sheet,9.5,13.9,same-wrap,,,,
127951,129939,same-sheet,9.4,10.7,same-wrap,,,,
127951,130371,same-sheet,9.7,13.4,same-wrap,,,,
127979,127987,same-sheet,11.0,18.3,same-wrap,,,,
127988,128703,same-sheet,9.5,20.0,same-wrap,,,,
127988,128708,same-sheet,10.1,18.7,same-wrap,,,,
127988,128744,same-sheet,9.9,20.6,same-wrap,,,,
127988,128802,same-sheet,9.4,17.1,same-wrap,,,,
127988,124846,ambiguous,137.2,221.2,adjacent,,,,
127988,128113,same-sheet,9.3,17.6,same-wrap,,,,
128049,130595,same-sheet,10.6,34.5,same-wrap,,,,
128049,126170,same-sheet,13.1,79.3,adjacent,,,,
128065,126477,ambiguous,27.6,54.3,same-wrap,,,,
128065,127883,switch,31.9,66.4,unresolved,,,,
128074,128264,same-sheet,9.2,12.6,same-wrap,,,,
128099,128784,same-sheet,9.3,12.1,same-wrap,,,,
128099,132265,same-sheet,10.3,18.4,same-wrap,,,,
128099,127987,same-sheet,8.3,8.7,same-wrap,,,,
128099,129374,same-sheet,8.2,10.3,same-wrap,,,,
128100,128237,same-sheet,10.6,16.3,same-wrap,,,,
128100,128495,same-sheet,9.6,24.4,same-wrap,,,,
128100,128587,same-sheet,10.6,23.8,same-wrap,,,,
128100,125351,same-sheet,47.1,237.5,same-wrap,71.5,131.5,0.12,
128140,128643,same-sheet,23.3,53.5,adjacent,,,,
128140,129637,same-sheet,24.3,46.0,adjacent,,,,
128140,131888,switch,129.6,256.0,adjacent,,,,
128140,122986,ambiguous,61.1,96.3,adjacent,,,,
128140,127472,same-sheet,8.0,8.0,same-wrap,,,,
128140,128780,same-sheet,11.5,35.1,same-wrap,,,,
128140,128900,same-sheet,24.2,56.0,same-wrap,,,,
128146,128788,same-sheet,10.2,21.2,same-wrap,,,,
128146,130816,same-sheet,9.5,15.5,same-wrap,,,,
128146,134397,ambiguous,62.2,222.6,adjacent,,,,
128146,126867,same-sheet,9.7,10.6,same-wrap,,,,
128146,127464,same-sheet,8.5,9.6,same-wrap,,,,
128158,128355,same-sheet,10.6,24.6,same-wrap,,,,
128158,134421,same-sheet,8.2,10.5,same-wrap,,,,
128158,134955,same-sheet,12.2,12.2,same-wrap,,,,
128162,134667,same-sheet,8.8,28.5,same-wrap,,,,
128162,139033,same-sheet,11.2,38.5,same-wrap,,,,
128162,127610,same-sheet,11.3,29.0,same-wrap,,,,
128207,128526,untestable,8.1,8.9,same-wrap,,,,
128207,128784,same-sheet,8.8,9.9,same-wrap,,,,
128207,128978,same-sheet,9.9,25.2,same-wrap,,,,
128207,132265,same-sheet,10.3,41.0,same-wrap,,,,
128207,135914,ambiguous,131.5,254.0,adjacent,,,,
128207,137734,ambiguous,75.0,144.4,adjacent,,,,
128207,128078,untestable,9.6,17.5,same-wrap,,,,
128237,128495,same-sheet,8.9,14.0,same-wrap,,,,
128237,128587,same-sheet,9.2,16.9,same-wrap,,,,
128239,131043,same-sheet,8.8,9.9,unresolved,,,,
128284,128643,same-sheet,9.2,11.8,same-wrap,,,,
128284,128753,same-sheet,8.7,14.3,same-wrap,,,,
128284,129398,same-sheet,9.1,13.2,same-wrap,,,,
128284,127704,same-sheet,8.8,13.2,same-wrap,,,,
128355,134421,same-sheet,8.9,9.7,same-wrap,,,,
128355,134955,same-sheet,9.4,18.8,same-wrap,,,,
128395,128483,same-sheet,11.8,25.1,same-wrap,,,,
128395,128529,untestable,15.1,34.7,same-wrap,,,,
128395,131888,same-sheet,8.3,8.3,same-wrap,,,,
128395,126373,same-sheet,9.5,18.4,same-wrap,,,,
128408,129979,same-sheet,8.3,10.9,same-wrap,,,,
128483,128529,same-sheet,11.0,33.8,same-wrap,,,,
128483,129107,same-sheet,9.6,18.4,same-wrap,,,,
128483,131888,same-sheet,9.3,11.9,same-wrap,,,,
128483,126373,untestable,15.5,22.9,same-wrap,,,,
128495,128587,same-sheet,9.3,16.8,same-wrap,,,,
128526,128978,same-sheet,9.5,24.5,same-wrap,,,,
128526,130816,same-sheet,10.2,16.1,same-wrap,,,,
128529,129107,same-sheet,9.6,21.5,same-wrap,,,,
128529,131888,same-sheet,9.3,17.0,same-wrap,,,,
128529,123971,untestable,8.1,8.1,same-wrap,,,,
128529,125204,untestable,11.0,12.0,same-wrap,,,,
128643,128753,same-sheet,9.5,15.8,same-wrap,,,,
128643,129368,same-sheet,10.5,10.6,same-wrap,,,,
128643,129398,same-sheet,8.6,11.2,same-wrap,,,,
128643,129637,same-sheet,12.9,58.9,adjacent,,,,
128643,122986,switch,81.5,136.9,adjacent,,,,
128643,128780,same-sheet,8.6,12.8,same-wrap,,,,
128643,130171,same-sheet,9.6,12.3,same-wrap,,,,
128643,133940,same-sheet,7.9,7.9,same-wrap,,,,
128653,128655,same-sheet,8.5,10.2,same-wrap,,,,
128653,128661,same-sheet,10.3,27.1,same-wrap,,,,
128653,129276,untestable,8.3,8.3,same-wrap,,,,
128653,124548,same-sheet,10.1,16.6,same-wrap,,,,
128653,128457,same-sheet,9.1,11.3,same-wrap,,,,
128653,129441,same-sheet,9.5,10.3,same-wrap,,,,
128655,129276,untestable,8.4,8.5,same-wrap,,,,
128655,128457,same-sheet,9.0,11.0,same-wrap,,,,
128661,128882,same-sheet,8.9,12.0,same-wrap,,,,
128661,128922,ambiguous,10.1,14.6,same-wrap,,,,
128661,129081,untestable,10.3,24.2,same-wrap,,,,
128661,128457,same-sheet,9.5,15.3,same-wrap,,,,
128661,129441,untestable,8.0,8.0,same-wrap,,,,
128677,125712,same-sheet,9.6,13.5,same-wrap,,,,
128703,128708,same-sheet,9.7,16.6,same-wrap,,,,
128703,128802,ambiguous,9.1,16.9,same-wrap,,,,
128703,130835,same-sheet,15.8,18.3,same-wrap,,,,
128703,120087,switch,102.8,176.3,adjacent,,,,
128703,128113,same-sheet,9.0,11.8,same-wrap,,,,
128708,128802,same-sheet,10.7,34.0,same-wrap,,,,
128708,130175,same-sheet,11.0,19.1,same-wrap,,,,
128708,140898,switch,124.3,243.2,adjacent,,,,
128744,129176,same-sheet,9.5,19.3,same-wrap,,,,
128744,124846,ambiguous,83.8,214.5,adjacent,,,,
128744,128113,same-sheet,16.0,38.2,same-wrap,,,,
128744,129216,same-sheet,10.8,26.1,same-wrap,,,,
128753,129368,same-sheet,13.8,81.9,same-wrap,75.1,27.6,62.92,30.0
128753,130171,untestable,8.8,8.8,same-wrap,,,,
128784,128978,same-sheet,9.5,19.8,same-wrap,,,,
128784,130816,same-sheet,10.1,17.9,same-wrap,,,,
128784,132265,same-sheet,9.5,15.7,same-wrap,,,,
128784,132394,same-sheet,10.5,20.8,same-wrap,,,,
128784,129374,same-sheet,9.2,15.6,same-wrap,,,,
128788,130816,same-sheet,9.1,19.8,same-wrap,,,,
128788,134397,ambiguous,240.6,337.8,adjacent,,,,
128802,130175,same-sheet,10.2,25.1,same-wrap,,,,
128802,130835,ambiguous,9.7,19.2,same-wrap,,,,
128802,140898,switch,133.6,278.6,adjacent,,,,
128802,129718,untestable,8.1,8.1,same-wrap,,,,
128863,129276,same-sheet,8.5,12.4,same-wrap,,,,
128863,126747,same-sheet,8.2,10.3,same-wrap,,,,
128882,128922,same-sheet,9.2,12.4,same-wrap,,,,
128882,129081,untestable,8.4,12.0,same-wrap,,,,
128907,127464,same-sheet,13.6,18.8,same-wrap,,,,
128907,127729,same-sheet,9.2,20.3,same-wrap,,,,
128922,129664,same-sheet,10.6,12.7,same-wrap,,,,
128922,143670,switch,105.9,172.2,adjacent,,,,
128922,129538,same-sheet,10.7,36.2,same-wrap,,,,
128922,134493,ambiguous,64.0,131.2,same-wrap,31.1,6.6,64.23,
128922,143816,ambiguous,75.4,176.2,same-wrap,31.1,19.4,64.5,
128922,148267,ambiguous,76.3,376.5,adjacent,,,,
128924,114154,same-sheet,43.0,76.7,unresolved,,,,
128977,127987,untestable,10.0,10.0,same-wrap,,,,
128977,128380,same-sheet,11.9,24.5,same-wrap,,,,
128977,128433,same-sheet,8.3,8.3,same-wrap,,,,
128977,129939,same-sheet,11.4,57.1,same-wrap,,,,
128978,130816,same-sheet,9.7,17.8,same-wrap,,,,
129007,125982,same-sheet,8.9,15.3,same-wrap,,,,
129007,126090,same-sheet,9.3,22.5,same-wrap,,,,
129007,127400,same-sheet,10.8,20.7,same-wrap,,,,
129047,129210,same-sheet,13.1,58.2,same-wrap,,,,
129047,129315,same-sheet,13.5,38.9,same-wrap,,,,
129047,130312,same-sheet,8.7,12.8,same-wrap,,,,
129107,125204,untestable,9.5,13.9,same-wrap,,,,
129176,129604,same-sheet,8.3,9.8,same-wrap,,,,
129176,124846,same-sheet,10.1,14.2,same-wrap,,,,
129176,128113,same-sheet,10.2,12.6,same-wrap,,,,
129176,129216,same-sheet,10.0,25.2,same-wrap,,,,
129210,130312,same-sheet,13.7,39.8,same-wrap,,,,
129210,130435,ambiguous,15.5,32.5,same-wrap,,,,
129211,120615,same-sheet,13.1,55.7,unresolved,,,,
129276,130584,switch,112.9,201.9,adjacent,,,,
129276,126747,same-sheet,9.0,10.5,same-wrap,,,,
129307,130427,same-sheet,8.7,11.7,same-wrap,,,,
129307,127704,same-sheet,9.1,9.1,same-wrap,,,,
129307,128380,untestable,9.1,9.8,same-wrap,,,,
129307,128433,same-sheet,10.8,12.2,same-wrap,,,,
129307,130371,same-sheet,8.6,12.8,same-wrap,,,,
129315,130312,same-sheet,12.1,28.4,same-wrap,,,,
129315,129425,same-sheet,10.1,19.6,same-wrap,,,,
129315,130966,same-sheet,14.8,191.7,same-wrap,36.0,2.1,0.58,180.0
129344,130961,same-sheet,10.2,13.6,same-wrap,,,,
129344,132960,untestable,8.0,8.0,same-wrap,,,,
129344,119607,switch,84.8,142.5,adjacent,,,,
129344,129216,same-sheet,9.4,13.9,same-wrap,,,,
129368,131532,ambiguous,72.0,81.3,same-wrap,2.2,33.8,127.99,50.0
129368,124659,ambiguous,75.4,182.7,adjacent,,,,
129368,130171,same-sheet,9.6,27.3,same-wrap,,,,
129390,133986,same-sheet,8.4,8.4,same-wrap,,,,
129390,134840,same-sheet,15.4,18.9,same-wrap,,,,
129390,128264,same-sheet,8.7,11.1,same-wrap,,,,
129390,130783,same-sheet,11.8,27.8,same-wrap,,,,
129390,130982,same-sheet,33.5,83.8,adjacent,,,,
129398,130356,same-sheet,9.8,10.2,same-wrap,,,,
129398,131871,same-sheet,20.4,54.2,same-wrap,,,,
129398,128780,untestable,8.4,8.4,same-wrap,,,,
129398,133940,same-sheet,10.0,26.8,same-wrap,,,,
129486,129534,untestable,11.3,32.7,same-wrap,,,,
129486,129548,untestable,10.0,14.0,same-wrap,,,,
129486,129770,untestable,9.6,17.2,same-wrap,,,,
129534,129548,untestable,8.6,11.4,same-wrap,,,,
129534,129767,same-sheet,10.4,25.0,same-wrap,,,,
129534,129770,same-sheet,8.9,15.7,same-wrap,,,,
129534,135989,same-sheet,10.0,16.3,same-wrap,,,,
129578,130803,same-sheet,10.6,17.0,same-wrap,,,,
129578,127472,same-sheet,9.2,9.2,same-wrap,,,,
129578,129647,same-sheet,8.5,10.0,same-wrap,,,,
129601,129898,ambiguous,45.1,71.5,same-wrap,,,,
129601,131545,same-sheet,13.5,22.7,same-wrap,,,,
129601,127137,ambiguous,134.0,600.0,adjacent,,,,
129601,131380,ambiguous,32.5,78.6,adjacent,,,,
129604,129810,same-sheet,10.3,14.5,same-wrap,,,,
129604,124846,ambiguous,81.9,208.5,adjacent,,,,
129604,128113,same-sheet,11.5,25.2,same-wrap,,,,
129604,129216,same-sheet,10.5,50.9,same-wrap,,,,
129607,129849,same-sheet,9.2,21.5,unresolved,,,,
129607,125895,same-sheet,8.0,8.0,unresolved,,,,
129616,129650,same-sheet,17.8,55.1,same-wrap,,,,
129616,130105,same-sheet,8.7,11.4,same-wrap,,,,
129616,130398,same-sheet,10.6,11.3,same-wrap,,,,
129616,129441,ambiguous,60.6,132.8,adjacent,,,,
129616,130522,same-sheet,10.3,12.9,same-wrap,,,,
129631,129874,untestable,9.0,10.4,same-wrap,,,,
129631,130382,untestable,11.2,35.5,same-wrap,,,,
129631,130422,untestable,7.9,7.9,same-wrap,,,,
129631,131059,untestable,8.1,8.1,same-wrap,,,,
129631,131515,untestable,8.4,8.4,same-wrap,,,,
129637,122986,same-sheet,50.9,87.1,adjacent,,,,
129650,129796,same-sheet,8.0,8.0,same-wrap,,,,
129650,130105,same-sheet,10.0,13.3,same-wrap,,,,
129650,130398,same-sheet,10.4,18.4,same-wrap,,,,
129650,129441,ambiguous,74.3,283.8,adjacent,,,,
129650,129753,untestable,10.8,22.0,same-wrap,,,,
129664,130106,same-sheet,10.3,21.5,same-wrap,,,,
129664,130582,same-sheet,10.1,13.4,same-wrap,,,,
129664,148528,same-sheet,42.5,83.6,same-wrap,27.4,50.1,64.24,
129664,129538,same-sheet,11.4,21.7,same-wrap,,,,
129664,130522,same-sheet,8.1,8.1,unresolved,,,,
129664,134493,same-sheet,11.6,35.2,same-wrap,,,,
129664,148267,same-sheet,27.9,81.8,same-wrap,36.5,47.1,64.51,
129743,129796,same-sheet,8.4,11.5,same-wrap,,,,
129743,130093,same-sheet,9.5,18.7,same-wrap,,,,
129743,130256,same-sheet,9.5,15.9,same-wrap,,,,
129743,130584,same-sheet,8.1,8.1,same-wrap,,,,
129743,130847,same-sheet,10.6,21.3,same-wrap,,,,
129743,129753,same-sheet,10.1,31.3,same-wrap,,,,
129767,129770,same-sheet,9.0,11.0,same-wrap,,,,
129767,132168,same-sheet,11.7,14.5,same-wrap,,,,
129767,132881,same-sheet,9.1,16.3,same-wrap,,,,
129767,135989,same-sheet,10.2,18.5,same-wrap,,,,
129770,132881,same-sheet,8.3,8.3,same-wrap,,,,
129780,129885,untestable,12.6,14.3,same-wrap,,,,
129780,133309,same-sheet,12.5,22.7,same-wrap,,,,
129780,133577,same-sheet,12.1,21.6,same-wrap,,,,
129780,138601,same-sheet,19.2,81.2,same-wrap,1.0,14.1,64.13,
129780,128433,same-sheet,8.6,10.1,same-wrap,,,,
129780,130371,same-sheet,11.1,42.7,same-wrap,,,,
129796,130256,same-sheet,8.6,14.3,same-wrap,,,,
129796,130584,same-sheet,8.1,9.3,same-wrap,,,,
129810,130961,same-sheet,11.0,17.9,same-wrap,,,,
129810,132960,same-sheet,9.1,13.9,same-wrap,,,,
129810,133860,same-sheet,10.7,16.2,same-wrap,,,,
129810,139727,same-sheet,14.1,75.4,same-wrap,,,,
129810,129216,same-sheet,10.3,80.0,same-wrap,1.4,32.4,66.68,120.0
129810,145657,switch,116.4,212.7,unresolved,,,,
129849,129879,same-sheet,8.9,11.6,unresolved,,,,
129849,129965,same-sheet,16.2,27.1,unresolved,,,,
129849,125895,same-sheet,9.9,20.0,unresolved,,,,
129874,129923,same-sheet,11.7,20.5,same-wrap,,,,
129874,130382,untestable,8.3,8.6,same-wrap,,,,
129874,131059,same-sheet,9.7,18.4,same-wrap,,,,
129874,131515,same-sheet,9.9,16.0,same-wrap,,,,
129874,132009,same-sheet,12.1,26.9,same-wrap,,,,
129879,129965,same-sheet,9.1,16.8,unresolved,,,,
129885,133309,same-sheet,10.9,25.2,unresolved,,,,
129885,133577,same-sheet,10.9,21.5,same-wrap,,,,
129885,128078,untestable,42.8,79.8,unresolved,,,,
129885,138589,untestable,110.1,277.4,adjacent,,,,
129898,130723,untestable,8.4,8.4,same-wrap,,,,
129898,132500,same-sheet,10.0,12.8,same-wrap,,,,
129898,127137,same-sheet,12.3,15.4,same-wrap,,,,
129898,130621,same-sheet,10.2,17.2,same-wrap,,,,
129898,131380,same-sheet,11.2,16.0,same-wrap,,,,
129923,131059,same-sheet,8.7,9.8,same-wrap,,,,
129923,131515,same-sheet,9.2,12.2,same-wrap,,,,
129923,132009,same-sheet,10.0,47.2,same-wrap,,,,
129965,125895,same-sheet,15.0,99.7,unresolved,,,,
129967,131670,switch,55.8,68.9,same-wrap,,,,
129967,129488,untestable,63.3,94.8,adjacent,,,,
130093,130164,same-sheet,9.9,22.5,same-wrap,,,,
130093,130256,same-sheet,10.9,24.7,same-wrap,,,,
130093,130337,same-sheet,11.0,46.9,same-wrap,,,,
130093,130847,same-sheet,11.6,22.6,same-wrap,,,,
130093,129753,same-sheet,9.1,23.9,same-wrap,,,,
130093,131803,ambiguous,12.6,48.0,same-wrap,,,,
130093,135156,untestable,11.7,12.3,same-wrap,,,,
130105,130398,same-sheet,9.5,19.5,same-wrap,,,,
130105,129441,same-sheet,8.9,12.1,same-wrap,,,,
130105,130522,same-sheet,8.5,10.7,same-wrap,,,,
130106,130582,same-sheet,8.3,8.7,same-wrap,,,,
130106,130787,same-sheet,9.7,11.8,same-wrap,,,,
130106,130976,same-sheet,8.8,11.0,same-wrap,,,,
130106,130522,same-sheet,9.1,12.2,same-wrap,,,,
130106,134493,same-sheet,9.9,29.6,same-wrap,,,,
130164,130337,same-sheet,8.0,11.9,same-wrap,,,,
130164,130406,same-sheet,9.0,15.8,same-wrap,,,,
130164,131052,same-sheet,9.0,12.1,same-wrap,,,,
130164,131139,same-sheet,9.3,11.7,same-wrap,,,,
130164,132462,same-sheet,9.8,22.8,same-wrap,,,,
130164,130986,same-sheet,10.0,26.5,same-wrap,,,,
130164,133003,same-sheet,11.6,35.2,same-wrap,,,,
130164,135156,untestable,9.4,9.4,same-wrap,,,,
130175,130835,same-sheet,11.0,11.9,same-wrap,,,,
130175,129718,untestable,9.3,14.7,same-wrap,,,,
130213,131230,same-sheet,9.8,18.6,same-wrap,,,,
130213,129374,same-sheet,11.2,24.4,same-wrap,,,,
130256,130584,same-sheet,9.4,9.5,unresolved,,,,
130256,130847,same-sheet,9.8,14.9,same-wrap,,,,
130256,135086,untestable,10.8,72.1,same-wrap,,,,
130256,129753,same-sheet,12.2,25.6,same-wrap,,,,
130273,123423,switch,10.5,29.7,same-wrap,,,,
130273,123977,same-sheet,11.1,25.9,same-wrap,,,,
130273,126747,ambiguous,87.2,285.2,unresolved,,,,
130312,130435,same-sheet,12.0,28.5,same-wrap,,,,
130337,133180,untestable,14.6,21.7,same-wrap,,,,
130337,131803,ambiguous,18.9,55.7,same-wrap,,,,
130337,133548,untestable,8.4,9.2,same-wrap,,,,
130337,135156,same-sheet,9.9,22.9,same-wrap,,,,
130356,131871,same-sheet,11.3,18.0,same-wrap,,,,
130356,137432,ambiguous,62.0,134.6,adjacent,,,,
130382,130422,untestable,8.6,12.9,same-wrap,,,,
130382,131515,untestable,8.2,8.2,same-wrap,,,,
130382,132009,same-sheet,8.7,10.7,same-wrap,,,,
130398,130478,same-sheet,10.5,41.0,same-wrap,,,,
130398,130625,ambiguous,8.9,9.2,same-wrap,,,,
130398,130870,untestable,8.8,9.3,same-wrap,,,,
130398,131262,same-sheet,12.3,18.6,same-wrap,,,,
130398,129753,ambiguous,11.8,37.8,same-wrap,,,,
130398,130522,same-sheet,10.8,18.8,same-wrap,,,,
130406,131139,ambiguous,8.7,11.1,same-wrap,,,,
130406,132462,same-sheet,11.4,33.3,same-wrap,,,,
130406,130986,same-sheet,10.4,23.5,same-wrap,,,,
130406,133003,same-sheet,12.9,19.5,same-wrap,,,,
130422,130544,same-sheet,11.4,46.1,same-wrap,,,,
130422,131570,same-sheet,9.2,11.6,same-wrap,,,,
130422,132009,same-sheet,8.2,8.8,same-wrap,,,,
130427,130537,same-sheet,9.9,42.5,same-wrap,,,,
130427,131059,untestable,8.5,10.7,same-wrap,,,,
130427,131515,same-sheet,9.6,15.7,same-wrap,,,,
130427,131532,same-sheet,9.3,11.2,same-wrap,,,,
130427,130371,same-sheet,14.4,21.2,same-wrap,,,,
130435,131666,same-sheet,10.8,14.0,same-wrap,,,,
130435,132485,same-sheet,11.0,27.9,same-wrap,,,,
130435,133620,same-sheet,8.6,8.6,same-wrap,,,,
130478,130625,same-sheet,8.5,9.2,same-wrap,,,,
130478,131052,same-sheet,8.7,8.7,same-wrap,,,,
130478,129753,same-sheet,10.6,18.2,same-wrap,,,,
130537,131515,same-sheet,10.1,13.1,same-wrap,,,,
130537,133577,untestable,8.9,9.2,same-wrap,,,,
130537,130371,same-sheet,10.7,59.1,same-wrap,,,,
130544,131570,same-sheet,8.9,8.9,same-wrap,,,,
130544,132289,same-sheet,9.9,17.1,same-wrap,,,,
130582,130787,same-sheet,9.2,16.5,same-wrap,,,,
130582,130976,same-sheet,11.6,31.3,same-wrap,,,,
130582,130984,same-sheet,10.4,14.3,same-wrap,,,,
130582,134940,same-sheet,14.5,97.3,same-wrap,17.5,6.1,64.36,
130582,130522,same-sheet,8.1,8.2,same-wrap,,,,
130582,134493,same-sheet,8.9,9.6,same-wrap,,,,
130595,134119,ambiguous,169.1,722.3,adjacent,,,,
130595,134252,ambiguous,199.9,703.6,adjacent,,,,
130595,134397,ambiguous,65.6,157.2,adjacent,,,,
130595,134483,ambiguous,119.1,612.4,adjacent,,,,
130625,131052,same-sheet,32.2,67.0,same-wrap,,,,
130625,131139,ambiguous,36.7,56.0,adjacent,,,,
130625,131320,same-sheet,17.6,21.0,same-wrap,,,,
130625,139033,switch,125.4,505.5,adjacent,,,,
130625,130522,same-sheet,10.0,12.7,same-wrap,,,,
130716,120999,switch,81.0,100.3,adjacent,,,,
130716,126169,same-sheet,9.5,12.0,same-wrap,,,,
130723,132500,same-sheet,21.5,167.2,unresolved,,,,
130723,130621,same-sheet,16.5,163.5,same-wrap,50.7,7.3,62.56,
130723,131380,same-sheet,8.5,13.4,same-wrap,,,,
130787,130976,same-sheet,8.5,8.8,same-wrap,,,,
130787,137962,same-sheet,9.3,9.5,same-wrap,,,,
130787,134493,same-sheet,11.2,19.6,same-wrap,,,,
130803,127472,same-sheet,8.3,9.2,same-wrap,,,,
130803,130171,same-sheet,9.7,16.9,same-wrap,,,,
130816,132394,same-sheet,17.2,39.8,same-wrap,,,,
130816,126867,same-sheet,8.3,9.9,same-wrap,,,,
130835,122807,switch,115.3,329.6,adjacent,,,,
130835,123234,switch,84.4,179.9,adjacent,,,,
130835,129718,same-sheet,8.3,15.2,same-wrap,,,,
130835,129954,same-sheet,9.2,15.3,same-wrap,,,,
130835,131737,same-sheet,10.8,42.3,same-wrap,,,,
130847,133353,untestable,8.5,9.0,same-wrap,,,,
130847,129753,same-sheet,10.2,19.1,same-wrap,,,,
130847,131803,same-sheet,8.9,13.2,same-wrap,,,,
130870,131262,same-sheet,11.4,18.0,same-wrap,,,,
130870,131411,same-sheet,13.9,33.3,unresolved,,,,
130870,130522,same-sheet,19.5,47.1,same-wrap,,,,
130961,132960,same-sheet,11.0,22.2,same-wrap,,,,
130961,119607,switch,78.7,140.2,adjacent,,,,
130961,129216,same-sheet,8.6,13.6,same-wrap,,,,
130961,145657,ambiguous,131.5,357.6,unresolved,,,,
130976,131927,same-sheet,10.3,21.6,same-wrap,,,,
130976,132215,same-sheet,8.8,9.4,same-wrap,,,,
130976,134857,same-sheet,8.9,12.4,same-wrap,,,,
130976,134940,same-sheet,18.3,60.5,same-wrap,,,,
130976,132745,same-sheet,8.9,8.9,same-wrap,,,,
130984,131411,same-sheet,9.1,11.4,same-wrap,,,,
130984,131633,same-sheet,8.2,8.2,same-wrap,,,,
130984,132944,same-sheet,8.2,8.3,same-wrap,,,,
131044,122534,untestable,189.8,388.4,adjacent,,,,
131044,130675,untestable,26.0,76.8,same-wrap,,,,
131044,133940,untestable,49.3,71.6,adjacent,,,,
131052,131139,ambiguous,17.6,66.8,same-wrap,,,,
131052,139033,switch,130.5,508.9,adjacent,,,,
131052,130986,untestable,9.5,9.7,same-wrap,,,,
131059,131515,same-sheet,9.5,12.9,same-wrap,,,,
131059,131532,same-sheet,9.7,15.0,same-wrap,,,,
131059,132009,same-sheet,10.0,20.5,same-wrap,,,,
131092,132705,untestable,10.1,11.5,same-wrap,,,,
131092,132895,untestable,8.6,14.8,same-wrap,,,,
131092,131111,untestable,10.6,27.2,same-wrap,,,,
131139,131320,same-sheet,10.0,13.3,same-wrap,,,,
131139,131650,same-sheet,9.0,16.2,same-wrap,,,,
131139,131973,same-sheet,10.1,22.9,same-wrap,,,,
131139,132764,same-sheet,9.6,14.3,same-wrap,,,,
131139,130986,same-sheet,10.7,27.9,same-wrap,,,,
131230,127987,same-sheet,8.7,22.4,same-wrap,,,,
131230,129374,same-sheet,10.4,18.9,same-wrap,,,,
131262,131320,same-sheet,8.5,9.1,same-wrap,,,,
131262,131411,same-sheet,11.2,36.2,same-wrap,,,,
131262,132764,untestable,8.5,9.1,same-wrap,,,,
131262,130522,same-sheet,11.0,51.5,same-wrap,,,,
131320,131411,same-sheet,8.3,11.3,same-wrap,,,,
131320,131650,same-sheet,9.2,11.2,same-wrap,,,,
131320,132764,same-sheet,8.9,18.8,same-wrap,,,,
131367,136145,same-sheet,9.4,18.7,same-wrap,,,,
131370,134097,same-sheet,9.9,21.3,same-wrap,,,,
131370,115292,same-sheet,11.9,23.3,same-wrap,,,,
131411,132764,same-sheet,10.1,29.6,same-wrap,,,,
131411,120210,switch,94.7,220.4,adjacent,,,,
131411,130522,same-sheet,22.6,57.8,same-wrap,,,,
131515,133577,same-sheet,9.7,27.0,same-wrap,,,,
131515,130371,same-sheet,9.2,11.4,same-wrap,,,,
131532,135618,ambiguous,66.7,152.2,adjacent,,,,
131545,132508,same-sheet,22.0,49.3,adjacent,,,,
131545,136866,ambiguous,107.6,260.4,adjacent,,,,
131545,137244,ambiguous,110.1,291.2,adjacent,,,,
131545,137395,ambiguous,43.2,101.3,same-wrap,32.0,8.1,62.06,60.0
131545,127137,ambiguous,114.9,360.1,adjacent,,,,
131545,131380,ambiguous,24.0,75.8,adjacent,,,,
131570,132009,same-sheet,11.8,25.6,same-wrap,,,,
131570,132508,switch,11.4,13.9,same-wrap,,,,
131633,132016,untestable,10.0,26.7,same-wrap,,,,
131633,132944,untestable,8.2,9.3,same-wrap,,,,
131650,131922,untestable,9.3,22.2,same-wrap,,,,
131650,131973,same-sheet,10.9,23.2,same-wrap,,,,
131650,132764,same-sheet,9.8,20.7,same-wrap,,,,
131650,133000,untestable,8.9,19.3,same-wrap,,,,
131650,130986,same-sheet,10.7,16.5,same-wrap,,,,
131666,132485,same-sheet,8.9,17.0,same-wrap,,,,
131666,133620,same-sheet,10.2,12.8,same-wrap,,,,
131670,135945,same-sheet,10.8,55.2,same-wrap,,,,
131871,124218,switch,79.5,258.5,adjacent,,,,
131871,130675,ambiguous,64.1,177.5,adjacent,,,,
131871,133940,untestable,32.2,57.5,same-wrap,,,,
131922,131973,untestable,8.8,9.0,same-wrap,,,,
131922,133000,untestable,12.0,27.3,same-wrap,,,,
131927,132215,same-sheet,10.0,15.6,same-wrap,,,,
131927,132302,same-sheet,8.4,8.5,same-wrap,,,,
131927,134857,same-sheet,8.9,11.4,same-wrap,,,,
131927,132745,same-sheet,10.3,18.2,same-wrap,,,,
131973,133000,same-sheet,9.3,12.1,same-wrap,,,,
131973,130986,same-sheet,8.7,8.7,same-wrap,,,,
132013,132117,same-sheet,9.6,16.5,same-wrap,,,,
132013,128264,same-sheet,9.8,17.6,same-wrap,,,,
132016,133534,untestable,8.2,8.2,same-wrap,,,,
132168,132881,same-sheet,10.4,34.0,same-wrap,,,,
132215,132302,same-sheet,27.5,50.3,adjacent,,,,
132215,132690,same-sheet,25.2,46.0,same-wrap,,,,
132215,134857,same-sheet,9.3,9.3,unresolved,,,,
132215,139247,ambiguous,68.1,147.0,adjacent,,,,
132215,140032,ambiguous,67.0,145.5,adjacent,,,,
132265,135914,ambiguous,68.8,151.3,adjacent,,,,
132265,137734,ambiguous,98.1,233.2,adjacent,,,,
132265,127987,same-sheet,9.8,10.6,same-wrap,,,,
132265,129374,same-sheet,8.6,8.8,same-wrap,,,,
132302,132690,same-sheet,10.0,21.5,same-wrap,,,,
132302,134857,same-sheet,9.4,16.3,same-wrap,,,,
132302,132745,same-sheet,8.6,8.6,same-wrap,,,,
132394,123001,ambiguous,91.3,190.5,adjacent,,,,
132394,129374,same-sheet,10.8,53.7,same-wrap,,,,
132462,133121,same-sheet,9.6,34.4,same-wrap,,,,
132462,130986,same-sheet,11.1,76.6,same-wrap,,,,
132462,133003,same-sheet,9.9,32.9,same-wrap,,,,
132485,138670,untestable,8.5,8.7,same-wrap,,,,
132485,133620,same-sheet,8.4,8.5,same-wrap,,,,
132485,138475,same-sheet,12.5,29.9,same-wrap,,,,
132500,134740,same-sheet,8.7,9.8,same-wrap,,,,
132500,136619,same-sheet,8.6,11.5,same-wrap,,,,
132500,136677,untestable,13.2,13.2,same-wrap,,,,
132500,130621,same-sheet,14.9,90.7,same-wrap,42.2,11.7,0.12,
132508,129647,same-sheet,10.6,33.2,same-wrap,,,,
132510,132757,same-sheet,10.3,45.0,same-wrap,,,,
132510,132895,same-sheet,10.0,26.0,same-wrap,,,,
132510,133158,same-sheet,9.7,11.5,same-wrap,,,,
132510,133226,ambiguous,14.2,43.9,same-wrap,,,,
132510,131111,same-sheet,8.5,11.3,same-wrap,,,,
132554,134912,same-sheet,9.0,14.8,same-wrap,,,,
132690,134857,same-sheet,8.6,9.5,same-wrap,,,,
132705,132871,same-sheet,9.4,51.9,same-wrap,,,,
132705,132895,untestable,9.7,16.9,same-wrap,,,,
132705,133008,ambiguous,12.1,62.9,same-wrap,,,,
132705,133072,same-sheet,11.0,25.4,same-wrap,,,,
132705,144365,ambiguous,40.1,94.1,adjacent,,,,
132705,144578,same-sheet,30.5,65.8,adjacent,,,,
132705,131111,ambiguous,11.2,59.4,same-wrap,,,,
132757,132895,same-sheet,10.3,23.3,same-wrap,,,,
132757,133158,same-sheet,9.3,17.5,same-wrap,,,,
132757,133226,same-sheet,11.2,22.2,same-wrap,,,,
132757,131111,same-sheet,10.6,11.9,same-wrap,,,,
132871,133008,ambiguous,10.1,69.6,same-wrap,,,,
132871,133072,same-sheet,8.9,13.3,same-wrap,,,,
132871,144365,switch,94.8,218.9,adjacent,,,,
132871,144578,switch,105.3,184.2,adjacent,,,,
132871,146865,same-sheet,88.6,306.7,adjacent,,,,
132871,131111,ambiguous,19.8,81.7,same-wrap,21.2,9.2,66.42,70.0
132881,132993,same-sheet,9.1,17.3,same-wrap,,,,
132881,136145,same-sheet,8.8,8.8,same-wrap,,,,
132895,132952,same-sheet,8.3,8.9,same-wrap,,,,
132895,133158,same-sheet,9.6,14.0,same-wrap,,,,
132895,133226,same-sheet,9.3,11.1,same-wrap,,,,
132895,131111,same-sheet,9.2,27.6,same-wrap,,,,
132944,133162,same-sheet,8.5,15.7,same-wrap,,,,
132944,140657,ambiguous,60.3,97.1,adjacent,,,,
132952,133158,same-sheet,8.2,10.9,same-wrap,,,,
132952,133216,same-sheet,9.5,13.5,same-wrap,,,,
132952,133476,same-sheet,9.3,11.8,same-wrap,,,,
132960,133860,same-sheet,9.6,16.3,same-wrap,,,,
132960,134959,same-sheet,10.8,24.9,unresolved,,,,
132960,129216,ambiguous,10.0,18.9,same-wrap,,,,
132960,145657,ambiguous,96.6,176.5,same-wrap,6.0,39.9,65.8,50.0
132993,136145,ambiguous,11.5,55.0,same-wrap,,,,
133000,136913,untestable,10.0,16.4,same-wrap,,,,
133000,143396,same-sheet,9.5,13.6,same-wrap,,,,
133008,133072,same-sheet,9.9,20.3,same-wrap,,,,
133008,133202,same-sheet,12.1,36.6,same-wrap,,,,
133008,133669,untestable,8.4,8.6,same-wrap,,,,
133008,131111,same-sheet,12.4,42.1,same-wrap,,,,
133008,133079,same-sheet,9.5,19.6,same-wrap,,,,
133072,133202,same-sheet,9.8,25.1,same-wrap,,,,
133072,133350,same-sheet,8.5,9.3,same-wrap,,,,
133121,133318,same-sheet,15.9,21.2,same-wrap,,,,
133121,143396,same-sheet,9.2,13.1,same-wrap,,,,
133121,133003,same-sheet,10.5,67.6,same-wrap,,,,
133158,133216,same-sheet,13.1,37.9,same-wrap,,,,
133158,133226,same-sheet,9.5,14.0,same-wrap,,,,
133158,133250,same-sheet,9.8,20.5,same-wrap,,,,
133158,133256,same-sheet,11.7,17.8,same-wrap,,,,
133162,133534,same-sheet,10.0,14.5,same-wrap,,,,
133162,134940,same-sheet,9.7,15.6,same-wrap,,,,
133180,135644,same-sheet,16.5,34.7,same-wrap,,,,
133180,139703,switch,104.8,243.0,adjacent,,,,
133180,141057,untestable,67.8,113.6,adjacent,,,,
133180,131803,same-sheet,22.8,64.3,same-wrap,,,,
133180,133548,same-sheet,11.1,33.2,same-wrap,,,,
133180,135156,same-sheet,10.2,14.6,same-wrap,,,,
133180,140368,switch,95.5,150.8,adjacent,,,,
133185,133198,same-sheet,8.8,10.4,same-wrap,,,,
133185,133350,untestable,8.5,10.2,same-wrap,,,,
133185,134100,same-sheet,13.9,21.9,same-wrap,,,,
133185,134119,same-sheet,11.7,30.8,same-wrap,,,,
133185,134483,same-sheet,11.3,33.0,same-wrap,,,,
133185,133079,same-sheet,9.7,14.0,same-wrap,,,,
133198,134100,same-sheet,10.7,20.9,same-wrap,,,,
133198,134483,same-sheet,10.1,15.7,same-wrap,,,,
133202,133253,same-sheet,9.1,20.5,same-wrap,,,,
133202,133350,same-sheet,9.8,17.4,same-wrap,,,,
133216,133250,same-sheet,11.3,63.0,same-wrap,,,,
133216,133476,ambiguous,9.4,15.4,same-wrap,,,,
133216,137570,ambiguous,12.4,23.6,same-wrap,,,,
133226,133250,untestable,8.8,9.7,same-wrap,,,,
133226,133256,same-sheet,8.9,14.6,same-wrap,,,,
133226,133339,same-sheet,8.9,9.6,same-wrap,,,,
133226,133593,same-sheet,10.7,18.4,same-wrap,,,,
133226,133785,same-sheet,12.2,56.3,same-wrap,,,,
133250,133256,same-sheet,9.8,16.0,same-wrap,,,,
133250,133476,same-sheet,21.3,41.7,same-wrap,,,,
133250,137570,same-sheet,13.5,49.3,same-wrap,,,,
133253,133350,same-sheet,11.2,25.6,same-wrap,,,,
133253,134072,untestable,8.7,10.9,same-wrap,,,,
133253,134074,same-sheet,9.1,15.4,same-wrap,,,,
133253,134123,same-sheet,9.7,11.0,same-wrap,,,,
133253,134290,same-sheet,10.3,16.7,same-wrap,,,,
133256,133318,same-sheet,11.1,36.9,same-wrap,,,,
133256,133339,same-sheet,9.0,11.5,same-wrap,,,,
133256,133682,same-sheet,8.7,17.1,same-wrap,,,,
133256,133003,same-sheet,9.9,17.5,same-wrap,,,,
133256,137570,same-sheet,8.6,8.6,same-wrap,,,,
133309,133577,same-sheet,8.8,22.3,same-wrap,,,,
133318,133339,same-sheet,11.7,34.2,same-wrap,,,,
133318,133463,same-sheet,9.1,10.3,same-wrap,,,,
133318,134775,same-sheet,9.3,12.0,same-wrap,,,,
133318,143396,same-sheet,13.1,19.8,same-wrap,,,,
133318,133003,same-sheet,12.0,35.7,same-wrap,,,,
133339,133463,same-sheet,9.5,18.9,same-wrap,,,,
133339,133467,untestable,8.6,8.7,same-wrap,,,,
133339,133593,same-sheet,10.8,22.7,same-wrap,,,,
133339,133785,same-sheet,10.1,13.8,same-wrap,,,,
133339,134175,untestable,11.5,11.5,same-wrap,,,,
133339,134775,same-sheet,9.6,20.8,same-wrap,,,,
133350,134100,same-sheet,10.7,18.2,same-wrap,,,,
133350,134290,same-sheet,10.6,36.4,same-wrap,,,,
133350,134528,same-sheet,9.9,22.0,same-wrap,,,,
133353,133476,same-sheet,9.0,9.8,same-wrap,,,,
133353,135086,untestable,11.5,16.2,unresolved,,,,
133353,135644,same-sheet,9.1,11.4,same-wrap,,,,
133452,133824,same-sheet,8.6,14.6,same-wrap,,,,
133452,134955,same-sheet,11.9,37.9,same-wrap,,,,
133452,135945,same-sheet,9.8,51.0,same-wrap,,,,
133452,114207,ambiguous,72.6,242.9,adjacent,,,,
133463,133467,same-sheet,8.8,11.1,same-wrap,,,,
133463,134175,same-sheet,8.7,8.7,same-wrap,,,,
133463,134479,same-sheet,8.7,10.6,same-wrap,,,,
133463,134649,same-sheet,9.2,9.9,same-wrap,,,,
133463,134775,ambiguous,9.6,11.9,same-wrap,,,,
133467,133593,same-sheet,9.6,19.4,same-wrap,,,,
133467,144203,switch,113.7,205.0,adjacent,,,,
133476,135644,same-sheet,8.7,12.9,same-wrap,,,,
133476,137570,ambiguous,16.0,67.1,same-wrap,,,,
133534,141513,switch,154.9,420.9,adjacent,,,,
133534,138053,switch,96.0,376.1,adjacent,,,,
133593,133785,same-sheet,10.9,19.0,same-wrap,,,,
133593,144203,ambiguous,75.6,136.3,adjacent,,,,
133669,134119,same-sheet,16.9,16.9,same-wrap,,,,
133669,133079,same-sheet,9.9,26.6,same-wrap,,,,
133682,133003,untestable,8.2,8.4,same-wrap,,,,
133682,133548,ambiguous,75.2,87.7,same-wrap,45.3,35.5,65.0,170.0
133682,135156,same-sheet,14.9,27.3,same-wrap,,,,
133682,137570,same-sheet,22.8,74.6,adjacent,,,,
133785,134252,same-sheet,12.8,19.3,same-wrap,,,,
133824,134955,same-sheet,8.3,11.8,same-wrap,,,,
133824,135945,same-sheet,8.9,9.7,same-wrap,,,,
133860,134040,same-sheet,9.7,97.5,same-wrap,47.4,45.2,0.6,30.0
133860,134959,same-sheet,10.1,18.7,unresolved,,,,
133986,134840,same-sheet,8.4,9.1,same-wrap,,,,
133986,130783,same-sheet,8.7,10.4,same-wrap,,,,
134040,134959,untestable,11.2,112.6,same-wrap,43.6,46.3,0.6,
134072,134074,same-sheet,10.8,47.5,same-wrap,,,,
134072,134123,same-sheet,8.7,13.5,same-wrap,,,,
134072,137637,untestable,9.6,12.6,same-wrap,,,,
134074,134123,same-sheet,9.9,20.0,same-wrap,,,,
134074,134231,same-sheet,8.0,9.2,same-wrap,,,,
134074,137637,same-sheet,12.3,36.5,same-wrap,,,,
134097,134441,same-sheet,9.3,11.8,same-wrap,,,,
134097,88693,same-sheet,61.7,114.8,adjacent,,,,
134100,134119,same-sheet,17.9,67.9,same-wrap,,,,
134100,134483,same-sheet,12.0,36.1,same-wrap,,,,
134100,134528,same-sheet,14.6,27.8,same-wrap,,,,
134100,134589,same-sheet,9.5,10.9,same-wrap,,,,
134100,133079,same-sheet,16.2,34.1,unresolved,,,,
134119,134252,same-sheet,8.5,11.2,same-wrap,,,,
134119,134397,same-sheet,8.3,8.5,same-wrap,,,,
134119,134483,same-sheet,17.2,61.4,same-wrap,,,,
134119,133079,same-sheet,10.6,36.3,same-wrap,,,,
134123,134231,same-sheet,10.4,26.0,same-wrap,,,,
134123,134288,same-sheet,8.5,12.6,same-wrap,,,,
134123,134290,same-sheet,9.2,12.2,same-wrap,,,,
134123,134657,same-sheet,12.8,40.6,same-wrap,,,,
134123,134726,same-sheet,13.3,23.0,same-wrap,,,,
134123,135606,same-sheet,14.7,28.7,same-wrap,,,,
134123,137637,same-sheet,12.2,16.7,same-wrap,,,,
134123,137894,same-sheet,10.0,12.6,same-wrap,,,,
134175,134355,same-sheet,9.9,19.0,same-wrap,,,,
134175,134479,same-sheet,9.3,11.4,same-wrap,,,,
134175,134516,same-sheet,8.1,8.1,same-wrap,,,,
134175,134649,same-sheet,11.3,30.5,same-wrap,,,,
134175,134775,same-sheet,17.4,35.0,unresolved,,,,
134182,133645,untestable,10.7,74.2,same-wrap,,,,
134182,134270,same-sheet,9.4,20.7,same-wrap,,,,
134231,134504,same-sheet,10.4,18.8,same-wrap,,,,
134231,134657,same-sheet,9.8,18.2,same-wrap,,,,
134231,134663,same-sheet,9.1,19.3,same-wrap,,,,
134231,134726,same-sheet,10.6,15.7,same-wrap,,,,
134231,135606,same-sheet,9.5,12.6,same-wrap,,,,
134231,137637,untestable,8.4,16.0,same-wrap,,,,
134252,134397,same-sheet,9.6,11.9,same-wrap,,,,
134252,134483,same-sheet,9.5,17.0,same-wrap,,,,
134252,133079,same-sheet,9.3,16.8,same-wrap,,,,
134288,134290,same-sheet,9.5,14.8,same-wrap,,,,
134288,134589,same-sheet,8.9,13.9,same-wrap,,,,
134288,134702,same-sheet,8.5,8.5,unresolved,,,,
134288,134726,same-sheet,12.4,13.8,same-wrap,,,,
134288,137894,same-sheet,10.5,17.1,same-wrap,,,,
134288,144113,ambiguous,114.7,290.6,adjacent,,,,
134288,135418,same-sheet,8.7,20.5,same-wrap,,,,
134290,134528,same-sheet,12.7,60.0,same-wrap,,,,
134290,134589,same-sheet,11.2,24.6,same-wrap,,,,
134319,136677,untestable,8.0,8.0,same-wrap,,,,
134319,132289,untestable,186.4,363.3,adjacent,,,,
134355,134516,untestable,10.8,27.9,same-wrap,,,,
134355,134649,same-sheet,9.1,14.2,same-wrap,,,,
134355,135441,same-sheet,8.2,8.2,same-wrap,,,,
134397,134483,same-sheet,10.6,22.4,same-wrap,,,,
134421,134955,same-sheet,9.6,11.4,same-wrap,,,,
134479,134649,same-sheet,10.0,16.5,same-wrap,,,,
134479,134773,same-sheet,10.0,23.3,same-wrap,,,,
134479,134853,same-sheet,9.0,15.9,same-wrap,,,,
134479,136033,same-sheet,10.4,16.9,same-wrap,,,,
134483,134528,same-sheet,9.3,18.5,same-wrap,,,,
134483,134589,same-sheet,11.6,49.8,same-wrap,,,,
134483,134644,same-sheet,9.8,17.6,same-wrap,,,,
134483,134773,same-sheet,9.0,12.9,same-wrap,,,,
134483,134853,same-sheet,9.1,10.5,same-wrap,,,,
134483,135007,same-sheet,9.0,11.8,same-wrap,,,,
134483,135164,same-sheet,8.9,12.7,same-wrap,,,,
134483,133079,same-sheet,9.9,13.2,same-wrap,,,,
134504,134657,untestable,9.6,11.6,same-wrap,,,,
134504,134663,same-sheet,9.2,17.8,same-wrap,,,,
134504,135606,same-sheet,9.2,12.9,same-wrap,,,,
134504,137637,untestable,12.1,16.7,same-wrap,,,,
134516,134649,untestable,11.0,20.7,same-wrap,,,,
134516,135441,untestable,10.5,16.7,same-wrap,,,,
134528,134589,same-sheet,8.5,11.0,same-wrap,,,,
134589,134644,untestable,8.9,8.9,same-wrap,,,,
134589,134702,same-sheet,9.5,18.0,same-wrap,,,,
134589,135035,same-sheet,9.2,15.0,same-wrap,,,,
134589,135164,same-sheet,10.0,26.2,same-wrap,,,,
134589,135418,same-sheet,10.1,13.5,same-wrap,,,,
134644,134773,same-sheet,9.5,17.2,same-wrap,,,,
134644,134853,same-sheet,11.4,29.6,same-wrap,,,,
134644,135007,same-sheet,9.7,24.3,same-wrap,,,,
134644,135164,same-sheet,9.7,20.1,same-wrap,,,,
134644,135435,untestable,8.7,11.4,same-wrap,,,,
134649,134773,same-sheet,9.7,15.8,same-wrap,,,,
134649,134775,same-sheet,9.4,11.0,same-wrap,,,,
134649,134853,same-sheet,9.0,14.3,same-wrap,,,,
134649,135441,untestable,12.2,17.2,same-wrap,,,,
134649,136033,same-sheet,9.9,12.4,same-wrap,,,,
134657,134726,same-sheet,9.1,13.0,same-wrap,,,,
134657,134813,same-sheet,9.2,10.0,same-wrap,,,,
134657,135606,same-sheet,9.1,15.4,same-wrap,,,,
134663,135606,same-sheet,9.7,18.3,same-wrap,,,,
134663,135956,untestable,9.1,11.8,same-wrap,,,,
134663,137432,same-sheet,11.4,36.6,same-wrap,,,,
134667,139033,same-sheet,11.4,21.8,same-wrap,,,,
134702,135035,same-sheet,9.2,22.1,same-wrap,,,,
134702,135164,same-sheet,12.5,31.5,same-wrap,,,,
134702,137734,same-sheet,9.1,10.4,same-wrap,,,,
134702,135418,same-sheet,9.9,13.2,same-wrap,,,,
134726,134813,same-sheet,10.7,28.3,same-wrap,,,,
134726,135606,same-sheet,10.4,23.2,same-wrap,,,,
134726,137894,same-sheet,9.0,10.6,same-wrap,,,,
134735,136412,same-sheet,8.3,9.8,same-wrap,,,,
134735,136712,same-sheet,9.5,13.5,same-wrap,,,,
134735,124659,same-sheet,10.5,29.6,same-wrap,,,,
134740,136619,same-sheet,9.0,11.1,same-wrap,,,,
134740,121897,same-sheet,9.7,12.0,same-wrap,,,,
134740,123459,same-sheet,12.8,76.2,same-wrap,,,,
134773,134853,same-sheet,9.3,23.4,same-wrap,,,,
134773,136033,same-sheet,9.4,11.8,same-wrap,,,,
134775,135441,same-sheet,7.9,7.9,same-wrap,,,,
134775,135663,same-sheet,11.9,55.0,same-wrap,,,,
134775,136913,untestable,8.0,8.5,same-wrap,,,,
134775,143396,same-sheet,10.6,48.1,same-wrap,,,,
134813,134970,same-sheet,10.0,16.2,same-wrap,,,,
134813,135431,same-sheet,9.8,24.4,same-wrap,,,,
134813,135458,same-sheet,9.2,15.5,same-wrap,,,,
134813,135606,same-sheet,8.6,8.6,same-wrap,,,,
134813,135618,same-sheet,9.7,15.2,same-wrap,,,,
134813,135907,same-sheet,13.7,18.9,same-wrap,,,,
134813,137894,same-sheet,12.7,34.0,same-wrap,,,,
134840,130371,switch,110.8,361.7,adjacent,,,,
134840,130783,same-sheet,9.2,11.0,same-wrap,,,,
134853,135007,same-sheet,11.2,28.3,same-wrap,,,,
134853,136033,same-sheet,9.4,12.9,same-wrap,,,,
134857,137962,same-sheet,13.6,39.3,same-wrap,,,,
134857,132745,same-sheet,10.5,30.1,same-wrap,,,,
134912,135869,untestable,9.2,12.5,same-wrap,,,,
134955,114207,ambiguous,155.8,655.5,adjacent,,,,
134970,135431,same-sheet,10.4,49.3,same-wrap,,,,
134970,135458,same-sheet,9.6,18.6,same-wrap,,,,
135007,135164,same-sheet,11.2,27.1,same-wrap,,,,
135007,135435,same-sheet,10.3,25.1,same-wrap,,,,
135035,135164,same-sheet,10.7,30.0,same-wrap,,,,
135035,135435,same-sheet,9.0,11.2,same-wrap,,,,
135035,135914,same-sheet,12.3,14.2,same-wrap,,,,
135035,137734,same-sheet,8.6,11.5,same-wrap,,,,
135035,135418,same-sheet,8.9,11.2,same-wrap,,,,
135164,135435,same-sheet,10.7,19.0,same-wrap,,,,
135164,137734,same-sheet,10.3,23.9,same-wrap,,,,
135164,135418,same-sheet,11.8,23.8,same-wrap,,,,
135377,120809,ambiguous,18.4,73.4,same-wrap,,,,
135377,122022,ambiguous,111.8,277.4,adjacent,,,,
135431,135618,same-sheet,10.0,45.8,same-wrap,,,,
135431,135907,same-sheet,9.1,13.0,same-wrap,,,,
135431,136262,untestable,12.5,13.6,same-wrap,,,,
135431,137190,same-sheet,9.6,12.9,same-wrap,,,,
135435,135914,same-sheet,8.8,20.6,same-wrap,,,,
135435,137734,same-sheet,10.8,20.8,same-wrap,,,,
135435,138589,untestable,8.2,8.3,same-wrap,,,,
135441,135663,untestable,8.3,8.3,same-wrap,,,,
135441,136913,untestable,9.8,61.3,same-wrap,,,,
135458,135859,same-sheet,12.7,14.1,same-wrap,,,,
135458,135418,same-sheet,11.4,33.7,same-wrap,,,,
135606,135907,ambiguous,23.5,46.5,same-wrap,,,,
135606,134906,same-sheet,9.6,18.0,same-wrap,,,,
135618,135907,untestable,9.6,10.0,same-wrap,,,,
135618,136262,same-sheet,10.0,48.0,same-wrap,,,,
135618,137190,same-sheet,8.4,15.9,same-wrap,,,,
135618,139803,same-sheet,9.8,24.0,same-wrap,,,,
135644,133548,same-sheet,12.8,67.0,same-wrap,,,,
135663,143396,same-sheet,9.2,14.4,same-wrap,,,,
135818,135878,untestable,9.4,17.7,same-wrap,,,,
135818,135892,untestable,8.7,15.2,same-wrap,,,,
135859,135418,same-sheet,9.9,19.8,same-wrap,,,,
135859,135449,untestable,9.1,9.1,same-wrap,,,,
135869,115596,untestable,18.6,22.8,same-wrap,,,,
135878,137351,same-sheet,8.5,9.0,same-wrap,,,,
135878,143816,untestable,12.7,12.7,same-wrap,,,,
135892,137962,same-sheet,10.1,24.7,same-wrap,,,,
135907,137190,same-sheet,8.9,9.2,same-wrap,,,,
135907,134906,ambiguous,26.3,81.9,same-wrap,14.6,65.9,0.02,
135909,136302,same-sheet,10.3,112.6,same-wrap,36.5,32.3,0.33,
135909,136451,untestable,10.5,19.9,same-wrap,,,,
135909,138411,untestable,12.1,19.6,same-wrap,,,,
135914,137734,same-sheet,10.4,19.3,same-wrap,,,,
135914,128078,switch,128.7,234.8,adjacent,,,,
135914,138589,untestable,15.5,62.6,same-wrap,,,,
135956,137432,untestable,10.1,23.4,same-wrap,,,,
135956,150449,untestable,8.8,8.8,same-wrap,,,,
135989,136676,switch,165.4,525.0,adjacent,,,,
135989,143816,ambiguous,111.3,438.3,adjacent,,,,
136262,136285,same-sheet,9.4,13.6,same-wrap,,,,
136262,136532,same-sheet,9.8,11.9,same-wrap,,,,
136262,136817,same-sheet,8.4,9.6,same-wrap,,,,
136262,138838,same-sheet,8.0,9.6,same-wrap,,,,
136262,140646,untestable,11.0,14.1,same-wrap,,,,
136262,136688,same-sheet,10.8,21.8,same-wrap,,,,
136262,136994,same-sheet,11.5,61.9,same-wrap,,,,
136262,137308,same-sheet,11.4,44.5,same-wrap,,,,
136262,137519,same-sheet,8.2,10.3,same-wrap,,,,
136285,136413,same-sheet,9.6,19.4,same-wrap,,,,
136285,136532,same-sheet,9.7,14.5,same-wrap,,,,
136285,136737,same-sheet,10.1,22.3,same-wrap,,,,
136285,136866,untestable,10.7,20.8,same-wrap,,,,
136285,138186,same-sheet,9.0,10.6,same-wrap,,,,
136285,138838,same-sheet,9.0,10.0,same-wrap,,,,
136285,136994,same-sheet,11.3,20.1,same-wrap,,,,
136285,137159,same-sheet,16.2,19.1,same-wrap,,,,
136302,136317,same-sheet,11.7,191.8,same-wrap,12.4,22.1,0.19,
136302,138411,same-sheet,8.7,14.3,same-wrap,,,,
136302,139516,same-sheet,11.8,26.3,same-wrap,,,,
136317,139516,same-sheet,11.2,17.3,same-wrap,,,,
136412,136712,untestable,9.0,10.3,same-wrap,,,,
136413,136737,same-sheet,12.6,55.7,same-wrap,,,,
136413,136866,ambiguous,9.2,13.8,same-wrap,,,,
136413,137206,same-sheet,8.0,8.0,unresolved,,,,
136413,137244,same-sheet,9.3,19.6,same-wrap,,,,
136413,136994,same-sheet,9.1,19.0,same-wrap,,,,
136413,137159,same-sheet,15.3,49.0,same-wrap,,,,
136451,137345,same-sheet,10.1,17.4,same-wrap,,,,
136451,138411,same-sheet,9.7,19.7,same-wrap,,,,
136451,136621,same-sheet,9.4,20.8,same-wrap,,,,
136485,133619,untestable,49.3,512.9,same-wrap,4.7,0.6,0.01,150.0
136532,136737,same-sheet,9.4,11.2,same-wrap,,,,
136532,138070,same-sheet,16.2,38.8,unresolved,,,,
136532,138186,same-sheet,8.1,8.8,same-wrap,,,,
136532,138838,same-sheet,9.7,16.3,same-wrap,,,,
136532,140136,ambiguous,75.9,225.3,adjacent,,,,
136532,140235,same-sheet,22.8,69.9,adjacent,,,,
136532,140318,same-sheet,27.4,79.0,adjacent,,,,
136532,137349,same-sheet,15.1,48.7,adjacent,,,,
136619,136677,same-sheet,13.1,24.5,same-wrap,,,,
136619,130621,same-sheet,17.0,28.8,same-wrap,,,,
136675,136827,same-sheet,11.2,20.5,same-wrap,,,,
136675,136890,same-sheet,9.5,18.0,same-wrap,,,,
136675,137193,same-sheet,11.1,43.0,same-wrap,,,,
136675,137407,untestable,9.5,11.2,same-wrap,,,,
136675,136621,same-sheet,9.8,25.5,same-wrap,,,,
136712,137868,same-sheet,10.0,20.9,same-wrap,,,,
136712,141947,same-sheet,9.9,16.9,same-wrap,,,,
136737,136866,same-sheet,19.1,48.4,unresolved,,,,
136737,138186,same-sheet,9.8,37.0,same-wrap,,,,
136737,140269,ambiguous,10.2,17.3,same-wrap,,,,
136737,136994,same-sheet,12.6,49.1,same-wrap,,,,
136737,137159,same-sheet,12.1,47.4,same-wrap,,,,
136737,137349,same-sheet,13.8,26.5,same-wrap,,,,
136817,138838,same-sheet,12.3,42.9,same-wrap,,,,
136817,137519,same-sheet,10.4,21.1,same-wrap,,,,
136827,136890,same-sheet,9.8,17.0,same-wrap,,,,
136827,137193,same-sheet,10.3,31.3,same-wrap,,,,
136827,137262,same-sheet,10.5,17.9,same-wrap,,,,
136827,138990,same-sheet,11.2,30.2,same-wrap,,,,
136827,139646,untestable,8.7,8.7,same-wrap,,,,
136866,137206,same-sheet,11.6,25.9,same-wrap,,,,
136866,137244,same-sheet,10.8,23.3,same-wrap,,,,
136866,137355,same-sheet,9.2,16.8,same-wrap,,,,
136866,136994,same-sheet,9.8,19.6,same-wrap,,,,
136866,137159,same-sheet,10.8,32.8,same-wrap,,,,
136890,137193,same-sheet,8.5,11.3,same-wrap,,,,
136890,137262,same-sheet,9.7,20.6,same-wrap,,,,
136890,138230,same-sheet,9.7,17.1,same-wrap,,,,
136890,138990,same-sheet,10.6,23.7,same-wrap,,,,
136890,139646,same-sheet,14.6,14.6,same-wrap,,,,
136933,137098,untestable,10.0,18.0,same-wrap,,,,
136933,137179,untestable,9.9,20.0,same-wrap,,,,
136933,150047,untestable,98.1,233.1,adjacent,,,,
137098,137179,same-sheet,9.2,14.8,same-wrap,,,,
137098,137331,same-sheet,9.1,11.0,same-wrap,,,,
137098,144270,same-sheet,9.1,13.4,same-wrap,,,,
137179,150047,untestable,61.5,114.1,adjacent,,,,
137179,137302,same-sheet,10.8,20.8,same-wrap,,,,
137179,137331,same-sheet,10.2,14.9,same-wrap,,,,
137179,137378,same-sheet,10.7,18.7,same-wrap,,,,
137184,137798,same-sheet,8.7,13.4,same-wrap,,,,
137184,138146,same-sheet,8.5,9.4,same-wrap,,,,
137184,138323,untestable,8.5,8.5,same-wrap,,,,
137184,138363,same-sheet,8.3,10.2,same-wrap,,,,
137184,140269,same-sheet,9.1,11.5,same-wrap,,,,
137184,137159,same-sheet,11.2,25.9,same-wrap,,,,
137193,137407,untestable,10.8,51.2,same-wrap,,,,
137193,138990,same-sheet,13.3,55.5,same-wrap,,,,
137193,141220,same-sheet,12.0,43.4,same-wrap,,,,
137206,137244,same-sheet,10.8,16.8,same-wrap,,,,
137206,143168,same-sheet,10.4,17.7,same-wrap,,,,
137206,136688,same-sheet,9.7,10.5,same-wrap,,,,
137206,136994,same-sheet,10.3,35.5,same-wrap,,,,
137244,137355,same-sheet,9.2,18.6,same-wrap,,,,
137244,136994,same-sheet,10.1,28.7,same-wrap,,,,
137262,138230,same-sheet,10.1,19.7,same-wrap,,,,
137292,137460,same-sheet,8.7,11.8,unresolved,,,,
137336,138055,same-sheet,12.0,16.5,same-wrap,,,,
137336,138140,same-sheet,9.1,17.1,same-wrap,,,,
137336,138164,same-sheet,13.8,45.7,same-wrap,,,,
137336,138258,same-sheet,9.2,15.4,same-wrap,,,,
137336,140646,same-sheet,10.5,20.1,same-wrap,,,,
137336,137308,same-sheet,9.4,20.6,same-wrap,,,,
137345,137737,same-sheet,10.9,38.6,same-wrap,,,,
137345,138230,same-sheet,8.2,8.2,same-wrap,,,,
137345,138411,same-sheet,8.7,9.9,same-wrap,,,,
137345,141346,same-sheet,9.0,18.3,same-wrap,,,,
137345,136621,same-sheet,14.3,62.9,same-wrap,,,,
137351,137766,same-sheet,10.7,22.4,same-wrap,,,,
137351,137962,untestable,9.1,9.1,same-wrap,,,,
137351,138897,switch,194.9,288.5,adjacent,,,,
137351,143602,switch,165.3,376.6,adjacent,,,,
137351,143816,same-sheet,9.8,20.2,same-wrap,,,,
137351,145776,ambiguous,205.7,384.7,adjacent,,,,
137355,138363,same-sheet,9.0,12.6,same-wrap,,,,
137355,138966,same-sheet,9.8,22.1,same-wrap,,,,
137355,142802,switch,144.8,448.4,adjacent,,,,
137355,143166,switch,144.1,429.2,adjacent,,,,
137395,131380,same-sheet,10.8,19.4,same-wrap,,,,
137407,141220,untestable,11.3,13.4,same-wrap,,,,
137407,136621,untestable,8.6,11.1,same-wrap,,,,
137432,134906,same-sheet,13.5,54.8,same-wrap,,,,
137460,112884,ambiguous,85.8,160.5,unresolved,,,,
137532,138377,same-sheet,9.4,10.6,same-wrap,,,,
137532,137302,same-sheet,10.7,16.4,same-wrap,,,,
137532,138660,same-sheet,8.0,8.0,same-wrap,,,,
137532,139532,same-sheet,10.3,13.8,same-wrap,,,,
137591,137665,same-sheet,9.9,18.8,same-wrap,,,,
137591,138065,same-sheet,10.2,12.9,same-wrap,,,,
137591,137302,switch,82.0,247.0,adjacent,,,,
137591,137331,switch,47.9,75.7,adjacent,,,,
137591,140657,same-sheet,10.9,10.9,same-wrap,,,,
137591,144270,switch,50.9,79.1,adjacent,,,,
137596,141748,untestable,9.2,22.9,same-wrap,,,,
137596,137519,same-sheet,10.0,23.8,same-wrap,,,,
137665,138065,same-sheet,8.8,13.4,same-wrap,,,,
137665,138353,ambiguous,12.0,19.0,same-wrap,,,,
137665,139049,untestable,11.1,11.1,same-wrap,,,,
137665,137302,switch,86.9,338.8,adjacent,,,,
137665,137331,ambiguous,40.9,74.2,adjacent,,,,
137665,138178,same-sheet,8.4,9.8,same-wrap,,,,
137665,140657,untestable,8.1,14.0,same-wrap,,,,
137665,144270,switch,57.8,85.6,adjacent,,,,
137734,135418,same-sheet,9.9,27.3,same-wrap,,,,
137737,138230,same-sheet,11.6,56.5,same-wrap,,,,
137737,141346,ambiguous,10.2,16.8,same-wrap,,,,
137737,136621,same-sheet,9.7,9.7,same-wrap,,,,
137761,138626,same-sheet,18.7,42.0,same-wrap,,,,
137761,138660,same-sheet,25.9,73.2,adjacent,,,,
137761,138695,same-sheet,11.3,27.3,same-wrap,,,,
137766,137962,untestable,8.8,9.8,same-wrap,,,,
137766,143816,same-sheet,10.6,13.4,same-wrap,,,,
137794,137997,same-sheet,9.0,9.0,same-wrap,,,,
137794,140422,untestable,8.8,11.3,same-wrap,,,,
137798,138146,same-sheet,9.1,13.5,same-wrap,,,,
137798,138323,same-sheet,8.6,9.7,same-wrap,,,,
137798,138410,same-sheet,8.9,10.5,same-wrap,,,,
137798,139483,same-sheet,8.0,8.0,same-wrap,,,,
137798,140269,same-sheet,9.7,22.0,same-wrap,,,,
137798,137159,untestable,14.2,14.2,same-wrap,,,,
137815,138916,untestable,8.5,9.3,unresolved,,,,
137815,127935,switch,92.8,188.1,unresolved,,,,
137815,139069,same-sheet,13.4,28.5,unresolved,,,,
137868,138279,same-sheet,9.1,13.6,same-wrap,,,,
137868,141947,same-sheet,9.9,12.9,same-wrap,,,,
137894,135418,same-sheet,11.1,22.6,same-wrap,,,,
137962,132745,ambiguous,9.5,23.0,same-wrap,,,,
137997,140422,untestable,8.0,8.0,same-wrap,,,,
137997,148528,untestable,9.5,12.4,same-wrap,,,,
138055,138140,same-sheet,10.2,20.8,same-wrap,,,,
138055,138158,ambiguous,10.8,19.8,same-wrap,,,,
138055,138164,same-sheet,10.5,16.1,same-wrap,,,,
138055,138258,same-sheet,9.5,12.4,same-wrap,,,,
138055,140646,same-sheet,10.5,16.1,unresolved,,,,
138055,137308,same-sheet,8.6,8.9,same-wrap,,,,
138065,138357,same-sheet,9.4,25.6,same-wrap,,,,
138065,138897,same-sheet,13.7,61.7,same-wrap,,,,
138065,139049,same-sheet,8.8,11.8,same-wrap,,,,
138065,138178,same-sheet,9.1,12.4,same-wrap,,,,
138065,138878,untestable,17.3,17.3,same-wrap,,,,
138065,139089,same-sheet,8.4,12.3,same-wrap,,,,
138070,138186,same-sheet,10.6,32.2,same-wrap,,,,
138070,138323,same-sheet,9.5,11.8,same-wrap,,,,
138070,138450,same-sheet,10.7,24.3,same-wrap,,,,
138070,139485,same-sheet,11.5,26.4,same-wrap,,,,
138070,140318,ambiguous,137.8,357.7,adjacent,,,,
138070,137349,same-sheet,9.4,16.6,same-wrap,,,,
138140,138158,same-sheet,9.0,18.1,same-wrap,,,,
138140,138164,same-sheet,12.0,18.3,same-wrap,,,,
138140,138258,same-sheet,10.9,14.1,same-wrap,,,,
138140,140646,same-sheet,9.7,22.6,same-wrap,,,,
138146,138323,untestable,8.5,8.5,same-wrap,,,,
138146,138410,same-sheet,9.1,10.0,same-wrap,,,,
138146,140269,same-sheet,10.1,16.6,same-wrap,,,,
138158,138182,same-sheet,9.6,22.6,same-wrap,,,,
138158,138601,same-sheet,12.1,17.7,same-wrap,,,,
138158,139149,same-sheet,9.9,26.6,same-wrap,,,,
138158,139803,same-sheet,11.4,14.7,same-wrap,,,,
138158,138589,untestable,8.9,12.4,same-wrap,,,,
138164,138258,ambiguous,17.6,53.1,same-wrap,,,,
138164,140380,untestable,8.7,8.7,same-wrap,,,,
138180,138387,same-sheet,9.3,19.3,same-wrap,,,,
138180,138864,ambiguous,10.2,56.9,same-wrap,,,,
138180,139490,same-sheet,11.7,24.7,same-wrap,,,,
138180,138178,same-sheet,9.3,20.1,same-wrap,,,,
138180,138257,untestable,9.8,18.0,same-wrap,,,,
138182,138589,untestable,15.6,524.6,same-wrap,23.7,53.0,1.2,
138186,138323,same-sheet,8.3,10.0,same-wrap,,,,
138186,138450,same-sheet,9.2,11.8,same-wrap,,,,
138186,140269,same-sheet,9.4,17.9,same-wrap,,,,
138186,140318,switch,77.8,157.3,adjacent,,,,
138186,137159,same-sheet,9.5,18.5,same-wrap,,,,
138186,137349,same-sheet,10.6,11.0,same-wrap,,,,
138223,138240,same-sheet,9.8,19.9,same-wrap,,,,
138223,138357,same-sheet,8.3,8.5,same-wrap,,,,
138223,141904,untestable,12.0,22.0,same-wrap,,,,
138223,138178,same-sheet,10.1,34.7,same-wrap,,,,
138223,138878,untestable,8.7,8.7,same-wrap,,,,
138230,140353,same-sheet,15.0,18.5,same-wrap,,,,
138230,141346,same-sheet,12.7,61.0,same-wrap,,,,
138240,141506,same-sheet,9.8,9.8,unresolved,,,,
138240,141904,same-sheet,10.4,23.6,same-wrap,,,,
138240,138178,same-sheet,11.2,23.0,same-wrap,,,,
138240,138878,same-sheet,8.7,13.4,same-wrap,,,,
138258,140380,untestable,9.9,13.5,same-wrap,,,,
138258,143168,same-sheet,10.4,14.8,same-wrap,,,,
138258,136688,same-sheet,10.0,11.3,same-wrap,,,,
138258,136994,same-sheet,8.8,11.1,same-wrap,,,,
138258,137308,same-sheet,10.2,18.1,same-wrap,,,,
138323,138410,same-sheet,9.0,15.6,same-wrap,,,,
138323,138450,same-sheet,10.5,36.8,same-wrap,,,,
138323,139483,same-sheet,9.9,16.1,same-wrap,,,,
138323,140269,same-sheet,11.1,29.7,same-wrap,,,,
138353,138387,same-sheet,8.7,8.7,same-wrap,,,,
138353,138864,switch,8.6,8.6,same-wrap,,,,
138353,139490,same-sheet,10.0,15.5,same-wrap,,,,
138353,141637,same-sheet,11.1,11.4,same-wrap,,,,
138353,142331,same-sheet,9.1,9.1,same-wrap,,,,
138353,138178,same-sheet,10.7,19.9,same-wrap,,,,
138353,139339,switch,102.0,255.1,adjacent,,,,
138353,144270,same-sheet,47.8,64.2,adjacent,,,,
138357,138806,same-sheet,8.4,9.5,same-wrap,,,,
138357,138897,same-sheet,9.8,12.0,same-wrap,,,,
138357,138178,same-sheet,13.4,27.3,same-wrap,,,,
138357,138878,same-sheet,9.1,11.5,same-wrap,,,,
138363,138966,same-sheet,10.3,31.5,same-wrap,,,,
138363,139483,same-sheet,10.1,15.2,same-wrap,,,,
138363,137159,same-sheet,11.6,23.1,same-wrap,,,,
138377,138772,untestable,18.6,18.6,same-wrap,,,,
138377,143355,ambiguous,93.3,151.3,unresolved,,,,
138377,137302,ambiguous,33.1,81.0,adjacent,,,,
138377,138660,same-sheet,8.1,8.1,same-wrap,,,,
138377,139532,same-sheet,9.5,15.5,same-wrap,,,,
138377,139855,untestable,8.0,8.0,unresolved,,,,
138377,142573,switch,117.3,384.1,adjacent,,,,
138387,138864,same-sheet,8.9,15.1,same-wrap,,,,
138387,139044,same-sheet,9.0,19.1,same-wrap,,,,
138387,138178,same-sheet,10.0,11.9,same-wrap,,,,
138387,138257,same-sheet,10.5,35.6,same-wrap,,,,
138410,138450,same-sheet,11.6,16.0,same-wrap,,,,
138410,139483,same-sheet,9.5,11.4,same-wrap,,,,
138410,139525,same-sheet,9.0,10.9,same-wrap,,,,
138410,139546,same-sheet,8.9,10.5,same-wrap,,,,
138410,139629,ambiguous,9.3,10.3,same-wrap,,,,
138410,141271,same-sheet,8.5,8.5,same-wrap,,,,
138411,139516,same-sheet,8.7,11.3,same-wrap,,,,
138450,139485,untestable,11.3,16.9,same-wrap,,,,
138450,137349,untestable,8.9,8.9,same-wrap,,,,
138601,139149,same-sheet,9.2,11.8,same-wrap,,,,
138601,139803,same-sheet,9.3,13.0,same-wrap,,,,
138601,130371,ambiguous,118.7,223.4,adjacent,,,,
138670,138728,same-sheet,20.0,52.3,adjacent,,,,
138670,139087,same-sheet,9.1,12.6,same-wrap,,,,
138670,139316,untestable,14.3,19.5,same-wrap,,,,
138670,138475,same-sheet,32.9,84.7,adjacent,,,,
138670,138831,same-sheet,10.9,42.2,same-wrap,,,,
138728,139026,untestable,8.4,8.4,unresolved,,,,
138728,139316,untestable,8.1,8.2,same-wrap,,,,
138728,138475,same-sheet,24.6,64.1,adjacent,,,,
138728,138831,same-sheet,11.2,76.0,same-wrap,,,,
138772,139136,same-sheet,8.9,8.9,same-wrap,,,,
138772,139271,same-sheet,9.6,27.5,same-wrap,,,,
138772,140010,same-sheet,11.1,16.7,same-wrap,,,,
138772,142679,switch,99.8,233.4,adjacent,,,,
138772,143062,switch,101.0,190.8,adjacent,,,,
138772,138660,same-sheet,8.9,12.0,same-wrap,,,,
138772,141841,same-sheet,8.9,9.0,same-wrap,,,,
138772,143915,untestable,9.8,10.0,same-wrap,,,,
138806,138897,same-sheet,8.6,29.6,same-wrap,,,,
138806,140687,same-sheet,9.1,11.1,same-wrap,,,,
138806,143670,ambiguous,60.9,91.2,unresolved,,,,
138806,142386,same-sheet,9.3,19.9,same-wrap,,,,
138806,148267,switch,125.1,275.2,adjacent,,,,
138838,140136,ambiguous,63.1,204.4,adjacent,,,,
138838,140235,ambiguous,34.5,123.4,same-wrap,10.1,24.5,63.59,140.0
138838,137519,same-sheet,13.5,49.2,same-wrap,,,,
138864,139044,same-sheet,9.1,13.8,same-wrap,,,,
138864,139239,same-sheet,11.2,28.4,same-wrap,,,,
138864,139490,ambiguous,29.4,44.5,same-wrap,,,,
138864,139999,same-sheet,8.2,8.2,same-wrap,,,,
138864,138257,same-sheet,12.4,31.4,same-wrap,,,,
138864,139364,same-sheet,9.0,16.1,same-wrap,,,,
138864,141779,same-sheet,8.1,8.1,same-wrap,,,,
138897,143602,untestable,12.6,16.8,same-wrap,,,,
138897,139089,ambiguous,13.7,60.4,same-wrap,,,,
138897,139588,same-sheet,12.1,14.5,same-wrap,,,,
138897,142386,same-sheet,8.9,10.2,same-wrap,,,,
138897,145776,same-sheet,15.9,80.0,same-wrap,45.9,27.5,0.03,
138916,127935,switch,106.5,211.5,unresolved,,,,
138916,139069,same-sheet,11.0,536.8,unresolved,,,,
138966,139014,untestable,10.4,12.1,same-wrap,,,,
138966,139483,same-sheet,9.5,14.8,same-wrap,,,,
138966,139546,same-sheet,8.6,12.2,same-wrap,,,,
138966,139927,same-sheet,10.8,14.6,same-wrap,,,,
138966,139752,same-sheet,8.4,9.0,same-wrap,,,,
138990,139646,same-sheet,9.0,14.2,same-wrap,,,,
139014,142761,switch,89.9,173.4,adjacent,,,,
139014,142802,switch,84.8,266.6,adjacent,,,,
139014,139752,same-sheet,10.3,17.1,same-wrap,,,,
139024,140918,same-sheet,9.6,17.8,same-wrap,,,,
139024,141025,untestable,9.1,9.7,same-wrap,,,,
139024,141506,same-sheet,12.1,31.5,same-wrap,,,,
139024,138257,same-sheet,11.6,65.3,same-wrap,,,,
139026,139038,same-sheet,11.8,38.7,same-wrap,,,,
139026,138831,same-sheet,10.2,17.6,same-wrap,,,,
139026,139143,untestable,9.9,35.3,same-wrap,,,,
139033,122022,same-sheet,9.0,9.0,same-wrap,,,,
139038,138831,same-sheet,13.9,51.5,same-wrap,,,,
139038,139143,same-sheet,9.3,23.2,same-wrap,,,,
139044,139239,same-sheet,11.8,37.0,same-wrap,,,,
139044,140326,untestable,12.5,26.3,same-wrap,,,,
139044,140367,same-sheet,9.1,14.3,same-wrap,,,,
139044,140918,untestable,14.7,14.7,same-wrap,,,,
139044,141025,same-sheet,15.3,24.1,same-wrap,,,,
139049,139247,same-sheet,8.4,8.4,same-wrap,,,,
139049,140032,same-sheet,9.4,13.4,same-wrap,,,,
139049,138600,same-sheet,9.5,11.8,same-wrap,,,,
139049,139089,same-sheet,9.3,14.8,same-wrap,,,,
139049,140657,same-sheet,17.9,22.5,adjacent,,,,
139087,139316,same-sheet,8.2,10.2,same-wrap,,,,
139087,139685,same-sheet,11.4,16.0,same-wrap,,,,
139087,133620,untestable,12.3,12.3,unresolved,,,,
139136,139271,same-sheet,9.9,26.0,same-wrap,,,,
139136,140359,same-sheet,9.3,14.7,same-wrap,,,,
139136,138626,same-sheet,10.2,73.7,same-wrap,,,,
139136,138660,untestable,10.2,14.0,same-wrap,,,,
139136,139643,untestable,8.1,8.1,same-wrap,,,,
139149,139803,same-sheet,10.4,16.6,same-wrap,,,,
139191,139490,same-sheet,13.2,25.5,same-wrap,,,,
139191,140138,same-sheet,10.7,16.6,unresolved,,,,
139191,142331,same-sheet,11.8,11.8,same-wrap,,,,
139191,139364,same-sheet,15.1,15.6,unresolved,,,,
139239,139703,same-sheet,9.4,27.3,same-wrap,,,,
139239,140326,same-sheet,14.3,15.9,same-wrap,,,,
139239,140367,same-sheet,9.9,32.3,same-wrap,,,,
139239,141025,same-sheet,8.8,9.3,same-wrap,,,,
139239,141531,switch,8.0,9.9,same-wrap,,,,
139239,140368,same-sheet,9.7,15.8,same-wrap,,,,
139247,139821,same-sheet,10.3,20.5,same-wrap,,,,
139247,140032,same-sheet,14.0,32.3,same-wrap,,,,
139247,137378,same-sheet,20.4,47.7,adjacent,,,,
139247,138600,same-sheet,9.1,9.9,same-wrap,,,,
139247,139532,ambiguous,89.1,306.6,adjacent,,,,
139247,140626,ambiguous,32.5,170.9,adjacent,,,,
139271,140359,same-sheet,9.9,11.7,unresolved,,,,
139271,140975,untestable,9.1,9.1,same-wrap,,,,
139271,138626,same-sheet,10.1,31.7,same-wrap,,,,
139271,138660,same-sheet,8.8,8.9,same-wrap,,,,
139271,139643,same-sheet,10.3,34.3,same-wrap,,,,
139271,141841,same-sheet,9.2,11.6,same-wrap,,,,
139271,142256,same-sheet,8.6,13.6,same-wrap,,,,
139271,142345,same-sheet,11.0,11.5,same-wrap,,,,
139271,143915,same-sheet,10.7,18.3,same-wrap,,,,
139316,138831,same-sheet,8.9,47.2,same-wrap,,,,
139426,140359,ambiguous,73.6,178.7,adjacent,,,,
139426,140621,switch,102.8,189.3,adjacent,,,,
139426,140830,switch,95.3,221.2,adjacent,,,,
139426,139339,same-sheet,8.6,14.5,same-wrap,,,,
139426,139457,same-sheet,8.8,16.6,same-wrap,,,,
139483,139546,same-sheet,9.6,22.9,same-wrap,,,,
139483,139927,same-sheet,13.2,25.8,same-wrap,,,,
139483,140269,same-sheet,9.4,10.8,same-wrap,,,,
139483,137159,same-sheet,13.3,14.4,same-wrap,,,,
139483,139752,same-sheet,10.3,21.7,same-wrap,,,,
139490,142331,same-sheet,8.0,8.0,same-wrap,,,,
139525,139629,same-sheet,10.1,21.5,same-wrap,,,,
139525,139727,same-sheet,8.7,11.0,same-wrap,,,,
139525,140074,untestable,9.4,15.7,same-wrap,,,,
139533,139999,ambiguous,66.3,197.3,adjacent,,,,
139533,140138,same-sheet,11.9,38.3,same-wrap,,,,
139533,141529,ambiguous,12.7,77.3,adjacent,,,,
139546,139927,same-sheet,10.9,60.8,same-wrap,,,,
139546,141271,switch,24.3,25.4,same-wrap,,,,
139546,139752,same-sheet,9.9,24.2,same-wrap,,,,
139629,139680,same-sheet,9.3,17.7,same-wrap,,,,
139629,139727,same-sheet,8.5,10.1,same-wrap,,,,
139629,140518,same-sheet,10.8,60.5,same-wrap,,,,
139680,139727,untestable,8.7,8.7,same-wrap,,,,
139680,140518,same-sheet,12.5,55.4,same-wrap,,,,
139703,140367,same-sheet,14.3,20.5,same-wrap,,,,
139703,141057,same-sheet,10.0,22.8,same-wrap,,,,
139703,141327,switch,70.6,277.6,same-wrap,4.0,110.3,132.81,
139703,141531,untestable,8.6,8.6,same-wrap,,,,
139703,133548,ambiguous,85.3,216.4,adjacent,,,,
139703,135156,ambiguous,119.1,342.5,adjacent,,,,
139703,140368,same-sheet,8.9,10.9,same-wrap,,,,
139727,140074,same-sheet,9.8,18.9,same-wrap,,,,
139727,129216,switch,145.4,300.9,adjacent,,,,
139803,140646,untestable,9.6,17.4,same-wrap,,,,
139821,140032,same-sheet,11.1,34.8,same-wrap,,,,
139821,139089,same-sheet,10.4,68.2,same-wrap,,,,
139821,139588,same-sheet,10.7,110.0,same-wrap,24.8,23.5,0.15,60.0
139821,145776,ambiguous,52.4,217.6,same-wrap,35.4,9.4,0.36,50.0
139927,139962,same-sheet,10.5,35.6,same-wrap,,,,
139927,140582,same-sheet,8.8,14.8,same-wrap,,,,
139927,141271,same-sheet,26.9,78.9,same-wrap,,,,
139927,142761,switch,167.0,376.6,adjacent,,,,
139927,142802,switch,110.5,237.7,adjacent,,,,
139927,126568,ambiguous,94.0,203.6,adjacent,,,,
139927,127231,switch,110.4,376.0,adjacent,,,,
139927,139752,same-sheet,9.1,12.7,same-wrap,,,,
139927,144342,ambiguous,166.6,488.2,adjacent,,,,
139962,140582,same-sheet,9.5,35.2,same-wrap,,,,
139962,140843,untestable,8.1,8.1,same-wrap,,,,
139962,127231,switch,91.7,197.5,adjacent,,,,
139999,140138,same-sheet,9.2,9.2,same-wrap,,,,
139999,141529,same-sheet,8.7,16.5,same-wrap,,,,
139999,150418,switch,94.6,163.8,adjacent,,,,
139999,139364,same-sheet,8.9,13.1,same-wrap,,,,
139999,141779,same-sheet,10.1,19.6,same-wrap,,,,
140010,142679,same-sheet,41.6,91.7,adjacent,,,,
140010,143915,untestable,8.1,8.1,same-wrap,,,,
140032,139089,ambiguous,11.4,21.8,same-wrap,,,,
140074,144054,ambiguous,108.1,225.6,adjacent,,,,
140074,145657,ambiguous,114.0,269.9,adjacent,,,,
140116,140138,untestable,21.2,28.2,same-wrap,,,,
140136,140235,same-sheet,19.2,66.0,adjacent,,,,
140136,140318,same-sheet,29.3,83.9,same-wrap,50.3,55.9,65.64,60.0
140136,127472,same-sheet,9.5,9.5,same-wrap,,,,
140136,137349,ambiguous,73.3,197.5,unresolved,,,,
140138,139364,untestable,10.9,10.9,unresolved,,,,
140235,140318,same-sheet,13.4,66.2,same-wrap,,,,
140235,128900,same-sheet,11.1,16.9,same-wrap,,,,
140235,137349,ambiguous,70.0,201.5,adjacent,,,,
140269,137159,same-sheet,9.0,9.9,same-wrap,,,,
140318,141152,untestable,11.0,29.4,same-wrap,,,,
140318,141699,same-sheet,11.3,18.4,same-wrap,,,,
140318,137349,ambiguous,88.6,231.6,unresolved,,,,
140326,140367,same-sheet,9.6,13.9,same-wrap,,,,
140326,140918,same-sheet,9.6,18.5,same-wrap,,,,
140326,141025,same-sheet,10.4,14.6,same-wrap,,,,
140326,141327,same-sheet,10.0,10.0,same-wrap,,,,
140353,141346,ambiguous,11.8,17.9,same-wrap,,,,
140353,143266,same-sheet,9.5,14.9,same-wrap,,,,
140353,139516,same-sheet,11.0,28.3,same-wrap,,,,
140353,143648,same-sheet,12.1,15.6,same-wrap,,,,
140353,144002,same-sheet,16.3,38.5,same-wrap,,,,
140359,140454,ambiguous,12.8,46.0,same-wrap,,,,
140359,140621,same-sheet,9.4,20.1,same-wrap,,,,
140359,140830,same-sheet,8.4,8.8,same-wrap,,,,
140359,142150,untestable,14.5,16.8,unresolved,,,,
140359,138626,ambiguous,82.7,159.8,adjacent,,,,
140359,139000,switch,104.0,202.0,adjacent,,,,
140359,139457,switch,78.4,180.4,adjacent,,,,
140359,139643,ambiguous,21.7,43.4,adjacent,,,,
140367,140918,same-sheet,9.4,15.0,same-wrap,,,,
140367,141025,ambiguous,8.6,10.5,same-wrap,,,,
140367,141327,same-sheet,8.3,8.8,same-wrap,,,,
140367,142218,same-sheet,10.0,18.0,same-wrap,,,,
140380,140429,same-sheet,10.5,30.3,same-wrap,,,,
140410,140785,switch,109.0,189.7,adjacent,,,,
140410,139500,same-sheet,9.6,20.7,same-wrap,,,,
140410,139848,same-sheet,44.7,91.7,adjacent,,,,
140410,140132,same-sheet,8.7,10.7,same-wrap,,,,
140410,140437,untestable,15.3,15.9,same-wrap,,,,
140410,141031,switch,118.5,274.2,adjacent,,,,
140410,142163,switch,97.8,161.6,adjacent,,,,
140422,141478,untestable,8.5,8.5,same-wrap,,,,
140454,140621,ambiguous,23.5,41.8,same-wrap,,,,
140454,142679,same-sheet,8.5,8.8,same-wrap,,,,
140454,138626,ambiguous,150.6,294.1,adjacent,,,,
140454,139643,same-sheet,13.5,40.4,adjacent,,,,
140518,140582,same-sheet,9.0,17.4,same-wrap,,,,
140518,140843,same-sheet,12.1,28.1,same-wrap,,,,
140518,141271,same-sheet,8.8,20.9,same-wrap,,,,
140582,140843,same-sheet,9.8,25.6,same-wrap,,,,
140582,140936,same-sheet,9.0,9.8,same-wrap,,,,
140621,140747,same-sheet,10.5,12.1,same-wrap,,,,
140621,140785,untestable,8.1,8.1,same-wrap,,,,
140621,140830,same-sheet,9.2,24.2,same-wrap,,,,
140621,140913,same-sheet,9.3,36.9,same-wrap,,,,
140621,139339,switch,127.3,254.3,adjacent,,,,
140621,139643,ambiguous,14.8,38.1,same-wrap,,,,
140621,141031,same-sheet,9.6,12.9,same-wrap,,,,
140621,141738,same-sheet,8.5,38.0,same-wrap,,,,
140646,144850,switch,187.8,556.2,adjacent,,,,
140646,147078,ambiguous,160.4,530.0,adjacent,,,,
140646,137308,same-sheet,9.7,14.5,same-wrap,,,,
140646,145675,switch,70.6,153.7,adjacent,,,,
140687,146237,same-sheet,33.5,71.8,same-wrap,,,,
140747,140785,same-sheet,10.9,17.9,same-wrap,,,,
140747,140830,same-sheet,9.0,19.1,same-wrap,,,,
140747,140913,same-sheet,8.6,18.3,same-wrap,,,,
140747,141031,same-sheet,8.8,13.2,same-wrap,,,,
140785,140830,same-sheet,9.2,12.1,same-wrap,,,,
140785,141629,same-sheet,9.2,14.9,same-wrap,,,,
140785,141031,same-sheet,9.7,27.3,same-wrap,,,,
140785,141627,same-sheet,8.7,11.5,same-wrap,,,,
140830,142071,ambiguous,47.7,73.3,adjacent,,,,
140830,142150,same-sheet,10.2,37.5,same-wrap,,,,
140830,142351,untestable,10.6,10.6,same-wrap,,,,
140830,141031,untestable,9.2,11.1,same-wrap,,,,
140830,141627,same-sheet,8.8,19.0,same-wrap,,,,
140830,142678,switch,58.6,92.1,adjacent,,,,
140843,140898,same-sheet,9.2,17.5,same-wrap,,,,
140843,140936,same-sheet,9.3,17.8,same-wrap,,,,
140898,140936,same-sheet,9.1,13.2,same-wrap,,,,
140913,139339,switch,68.5,184.3,adjacent,,,,
140913,141031,same-sheet,9.7,20.3,same-wrap,,,,
140913,141293,same-sheet,8.8,12.8,same-wrap,,,,
140913,141738,switch,126.4,258.3,adjacent,,,,
140913,144354,same-sheet,9.2,12.9,same-wrap,,,,
140918,141025,same-sheet,9.3,14.9,same-wrap,,,,
140918,141506,same-sheet,15.3,27.5,same-wrap,,,,
140954,142250,same-sheet,10.3,14.3,same-wrap,,,,
140954,139848,same-sheet,8.7,11.9,same-wrap,,,,
140975,141116,same-sheet,11.1,37.2,adjacent,,,,
140975,141444,same-sheet,14.2,47.2,same-wrap,,,,
140975,141528,same-sheet,9.4,10.0,unresolved,,,,
140975,143413,same-sheet,48.5,73.8,adjacent,,,,
140975,142688,same-sheet,8.9,9.6,adjacent,,,,
141025,141327,same-sheet,10.2,20.6,same-wrap,,,,
141025,141506,same-sheet,8.2,10.2,same-wrap,,,,
141025,141904,same-sheet,10.0,16.2,same-wrap,,,,
141025,142218,same-sheet,10.3,32.3,same-wrap,,,,
141025,141536,same-sheet,9.8,154.1,same-wrap,7.6,4.9,0.95,80.0
141057,141531,untestable,8.1,8.1,same-wrap,,,,
141057,146263,untestable,20.2,44.4,same-wrap,,,,
141057,133548,ambiguous,65.9,177.8,adjacent,,,,
141057,135156,ambiguous,67.3,177.4,adjacent,,,,
141057,137570,switch,82.5,99.7,same-wrap,59.2,39.4,0.02,
141057,140368,switch,10.1,14.8,same-wrap,,,,
141083,143396,switch,94.2,205.7,adjacent,,,,
141083,126509,switch,92.5,114.2,same-wrap,3.8,54.0,62.9,
141116,141236,same-sheet,11.3,42.4,same-wrap,,,,
141116,141444,same-sheet,12.0,30.2,same-wrap,,,,
141116,141528,ambiguous,10.0,10.5,same-wrap,,,,
141116,142415,untestable,11.8,34.0,same-wrap,,,,
141116,143213,untestable,9.3,15.9,same-wrap,,,,
141116,143413,untestable,75.7,289.3,unresolved,,,,
141116,149972,switch,79.7,116.0,adjacent,,,,
141116,151808,switch,78.9,114.9,adjacent,,,,
141116,142688,untestable,20.8,38.3,same-wrap,,,,
141116,143305,switch,92.0,391.6,adjacent,,,,
141116,143498,ambiguous,125.3,290.8,adjacent,,,,
141152,141699,untestable,9.4,16.3,same-wrap,,,,
141186,145009,untestable,124.6,276.1,adjacent,,,,
141186,141031,same-sheet,9.1,13.4,same-wrap,,,,
141186,142401,untestable,11.8,19.9,same-wrap,,,,
141186,142491,same-sheet,8.7,9.2,same-wrap,,,,
141186,144293,switch,194.5,334.7,adjacent,,,,
141186,144618,ambiguous,168.9,328.8,adjacent,,,,
141220,139981,untestable,12.9,80.3,same-wrap,107.8,9.1,0.02,
141236,141528,same-sheet,10.0,12.3,same-wrap,,,,
141236,143213,untestable,14.1,55.5,same-wrap,,,,
141236,149972,ambiguous,74.0,105.1,adjacent,,,,
141236,151808,ambiguous,73.0,108.0,adjacent,,,,
141236,142089,same-sheet,15.1,301.4,same-wrap,98.3,51.3,0.35,150.0
141236,143498,ambiguous,53.3,84.5,adjacent,,,,
141327,142218,same-sheet,11.1,54.4,same-wrap,,,,
141327,143222,same-sheet,7.9,7.9,same-wrap,,,,
141327,143156,untestable,8.0,8.0,same-wrap,,,,
141327,143370,untestable,9.2,9.2,same-wrap,,,,
141327,146508,same-sheet,11.5,259.1,same-wrap,20.5,2.9,1.25,
141346,143266,same-sheet,8.8,8.8,same-wrap,,,,
141346,139516,same-sheet,9.1,10.5,same-wrap,,,,
141444,142415,untestable,9.9,17.1,same-wrap,,,,
141444,143413,same-sheet,58.9,284.3,adjacent,,,,
141444,142688,untestable,13.6,18.3,unresolved,,,,
141444,143305,switch,71.0,291.8,adjacent,,,,
141444,145485,untestable,54.0,206.3,adjacent,,,,
141452,141467,untestable,9.6,10.3,same-wrap,,,,
141452,141912,same-sheet,8.7,11.9,same-wrap,,,,
141452,142317,same-sheet,8.3,8.3,unresolved,,,,
141452,143207,untestable,8.5,8.5,same-wrap,,,,
141452,147199,ambiguous,66.0,184.6,adjacent,,,,
141452,147338,ambiguous,124.5,254.5,adjacent,,,,
141452,153688,ambiguous,67.0,158.7,adjacent,,,,
141452,141404,same-sheet,9.8,18.8,same-wrap,,,,
141452,149050,ambiguous,100.3,255.1,adjacent,,,,
141467,141912,untestable,8.3,8.4,same-wrap,,,,
141467,142043,same-sheet,9.8,22.1,same-wrap,,,,
141467,143207,same-sheet,9.2,17.5,same-wrap,,,,
141467,141404,same-sheet,13.8,31.7,same-wrap,,,,
141467,142037,untestable,9.0,16.4,same-wrap,,,,
141506,141904,same-sheet,9.0,12.3,same-wrap,,,,
141506,138257,same-sheet,12.9,71.7,same-wrap,,,,
141506,141536,untestable,8.7,8.7,same-wrap,,,,
141513,145300,untestable,91.8,152.2,adjacent,,,,
141513,138053,untestable,11.0,12.2,same-wrap,,,,
141513,142849,same-sheet,10.3,16.1,same-wrap,,,,
141528,141841,same-sheet,9.7,13.0,same-wrap,,,,
141528,142089,same-sheet,11.5,24.9,same-wrap,,,,
141528,143915,ambiguous,129.3,155.0,adjacent,,,,
141529,143182,ambiguous,103.9,249.6,same-wrap,76.2,11.9,66.99,
141529,143399,same-sheet,10.6,19.5,same-wrap,,,,
141529,150418,switch,127.0,250.4,adjacent,,,,
141529,139364,untestable,9.2,9.2,same-wrap,,,,
141529,141779,ambiguous,9.2,11.9,same-wrap,,,,
141529,149480,switch,124.2,242.7,adjacent,,,,
141531,145042,ambiguous,29.6,124.8,same-wrap,12.5,20.3,0.04,130.0
141531,140368,same-sheet,9.0,25.6,same-wrap,,,,
141531,144905,ambiguous,59.4,71.8,same-wrap,,,,
141629,146006,switch,113.9,249.6,adjacent,,,,
141629,146198,switch,84.1,142.3,adjacent,,,,
141629,141627,same-sheet,8.6,8.6,same-wrap,,,,
141629,142004,same-sheet,9.3,25.1,same-wrap,,,,
141637,141923,untestable,8.1,8.5,same-wrap,,,,
141748,137519,untestable,8.1,8.1,same-wrap,,,,
141748,137562,untestable,9.9,26.5,same-wrap,,,,
141762,141857,same-sheet,8.9,15.8,same-wrap,,,,
141762,142041,same-sheet,10.6,19.6,same-wrap,,,,
141762,143510,same-sheet,12.5,50.5,same-wrap,,,,
141762,141870,untestable,8.4,10.4,same-wrap,,,,
141762,141919,same-sheet,8.6,15.2,same-wrap,,,,
141857,142041,same-sheet,9.3,23.9,same-wrap,,,,
141857,142062,same-sheet,10.1,14.8,same-wrap,,,,
141857,146611,same-sheet,10.3,14.5,same-wrap,,,,
141857,141870,same-sheet,9.8,18.6,same-wrap,,,,
141864,142633,same-sheet,8.7,14.1,same-wrap,,,,
141864,142679,same-sheet,9.7,73.0,same-wrap,,,,
141864,143355,untestable,10.6,10.6,same-wrap,,,,
141864,138660,switch,95.9,213.4,adjacent,,,,
141864,141211,untestable,12.2,12.6,unresolved,,,,
141864,141721,same-sheet,9.6,10.3,same-wrap,,,,
141864,141738,same-sheet,8.1,9.5,same-wrap,,,,
141864,142573,same-sheet,8.7,9.8,same-wrap,,,,
141904,153333,untestable,9.7,10.9,same-wrap,,,,
141904,138178,same-sheet,10.6,25.9,same-wrap,,,,
141904,138878,same-sheet,11.1,42.8,same-wrap,,,,
141904,141536,same-sheet,13.2,183.1,same-wrap,23.8,61.7,1.35,
141912,142317,same-sheet,13.7,51.5,same-wrap,,,,
141912,142450,same-sheet,10.6,39.6,same-wrap,,,,
141912,143162,untestable,10.2,13.8,same-wrap,,,,
141912,143207,same-sheet,11.1,12.0,same-wrap,,,,
141912,141404,same-sheet,12.9,30.8,same-wrap,,,,
141912,142492,same-sheet,8.5,8.6,same-wrap,,,,
141912,143525,same-sheet,10.0,12.9,same-wrap,,,,
142041,142081,same-sheet,10.2,28.2,same-wrap,,,,
142041,142346,same-sheet,9.4,16.9,same-wrap,,,,
142041,145513,same-sheet,8.9,9.7,same-wrap,,,,
142041,141870,same-sheet,9.1,10.7,same-wrap,,,,
142043,142109,same-sheet,8.6,10.0,same-wrap,,,,
142043,142315,same-sheet,8.2,8.7,same-wrap,,,,
142043,142320,same-sheet,9.4,17.2,same-wrap,,,,
142043,142396,same-sheet,9.9,11.6,same-wrap,,,,
142043,143207,same-sheet,8.7,10.5,same-wrap,,,,
142043,142037,same-sheet,8.6,12.2,same-wrap,,,,
142062,143402,untestable,8.7,16.1,same-wrap,,,,
142062,143710,same-sheet,8.6,8.6,same-wrap,,,,
142062,144809,same-sheet,9.0,15.1,same-wrap,,,,
142062,141870,same-sheet,9.6,15.8,same-wrap,,,,
142071,142150,same-sheet,9.4,29.5,same-wrap,,,,
142071,141627,switch,58.5,87.7,adjacent,,,,
142071,142678,same-sheet,14.4,51.5,same-wrap,,,,
142081,142346,same-sheet,8.1,9.7,same-wrap,,,,
142081,144361,untestable,10.4,13.4,same-wrap,,,,
142081,145513,untestable,8.0,8.1,same-wrap,,,,
142107,149037,same-sheet,71.4,131.2,same-wrap,32.7,73.9,67.63,70.0
142107,141919,untestable,8.7,14.8,same-wrap,,,,
142107,142896,ambiguous,11.8,18.9,same-wrap,,,,
142107,146842,untestable,66.5,120.1,same-wrap,30.8,72.8,67.66,70.0
142109,142315,same-sheet,15.1,15.1,adjacent,,,,
142109,142396,same-sheet,9.2,18.8,same-wrap,,,,
142150,142351,same-sheet,8.4,11.1,same-wrap,,,,
142150,141627,ambiguous,22.3,63.5,same-wrap,,,,
142150,142678,untestable,9.5,9.8,same-wrap,,,,
142218,143222,same-sheet,8.7,11.9,same-wrap,,,,
142218,144450,switch,90.4,194.0,adjacent,,,,
142218,141536,same-sheet,9.9,139.6,same-wrap,8.9,4.4,0.94,80.0
142218,143370,same-sheet,10.2,17.0,same-wrap,,,,
142241,142320,same-sheet,9.4,15.7,same-wrap,,,,
142241,142717,same-sheet,12.0,12.0,same-wrap,,,,
142241,142037,untestable,10.4,48.9,same-wrap,,,,
142250,142596,same-sheet,8.5,9.7,same-wrap,,,,
142250,142127,same-sheet,7.9,7.9,same-wrap,,,,
142311,143308,same-sheet,8.7,12.7,same-wrap,,,,
142311,143575,same-sheet,10.1,34.2,same-wrap,,,,
142311,143924,same-sheet,9.7,20.7,same-wrap,,,,
142311,144809,ambiguous,9.2,10.2,same-wrap,,,,
142315,142320,same-sheet,9.2,13.5,same-wrap,,,,
142315,142653,same-sheet,8.8,14.0,same-wrap,,,,
142315,142717,same-sheet,10.7,21.5,same-wrap,,,,
142317,142450,same-sheet,9.6,18.7,same-wrap,,,,
142317,143207,untestable,11.5,11.5,unresolved,,,,
142317,147199,ambiguous,203.9,596.0,adjacent,,,,
142317,147338,ambiguous,121.5,316.6,adjacent,,,,
142317,153688,switch,212.1,572.9,adjacent,,,,
142317,149050,ambiguous,123.1,368.2,adjacent,,,,
142320,142653,same-sheet,11.1,23.6,same-wrap,,,,
142320,142717,same-sheet,9.2,19.8,same-wrap,,,,
142320,142037,same-sheet,10.8,26.8,same-wrap,,,,
142346,143510,same-sheet,8.8,12.3,same-wrap,,,,
142346,144203,same-sheet,9.0,16.1,same-wrap,,,,
142346,144308,same-sheet,10.3,20.7,same-wrap,,,,
142351,142702,untestable,19.0,30.9,same-wrap,,,,
142351,142997,same-sheet,19.3,44.4,same-wrap,,,,
142351,143451,same-sheet,11.5,21.6,same-wrap,,,,
142351,143543,same-sheet,10.8,14.9,same-wrap,,,,
142351,150156,switch,88.0,134.4,adjacent,,,,
142351,139643,untestable,8.4,8.4,same-wrap,,,,
142351,142256,same-sheet,8.7,8.7,unresolved,,,,
142351,142678,same-sheet,20.0,25.4,same-wrap,,,,
142351,142695,same-sheet,8.8,10.9,same-wrap,,,,
142351,149186,switch,92.7,156.0,adjacent,,,,
142396,142450,same-sheet,9.8,50.6,same-wrap,,,,
142396,142704,ambiguous,19.2,64.4,same-wrap,,,,
142396,143207,same-sheet,9.2,26.1,same-wrap,,,,
142415,143213,untestable,9.1,13.9,same-wrap,,,,
142450,142704,same-sheet,10.2,19.4,same-wrap,,,,
142450,142761,ambiguous,12.2,34.8,same-wrap,,,,
142450,143207,same-sheet,13.0,25.9,same-wrap,,,,
142450,145662,ambiguous,94.3,387.9,same-wrap,15.9,152.8,69.62,
142450,147199,ambiguous,207.0,609.3,adjacent,,,,
142450,152868,ambiguous,112.1,400.2,adjacent,,,,
142450,153688,switch,154.1,593.1,adjacent,,,,
142450,142492,same-sheet,9.3,33.0,same-wrap,,,,
142450,144342,same-sheet,14.8,59.5,same-wrap,,,,
142487,143437,same-sheet,15.1,125.4,same-wrap,36.7,103.3,0.33,
142487,142127,same-sheet,8.9,13.8,same-wrap,,,,
142487,143407,untestable,9.6,13.2,same-wrap,,,,
142596,143182,same-sheet,8.3,8.4,same-wrap,,,,
142596,143394,same-sheet,8.2,8.2,same-wrap,,,,
142596,144920,same-sheet,9.1,11.9,same-wrap,,,,
142596,142004,ambiguous,130.3,282.1,adjacent,,,,
142596,142163,switch,114.9,278.4,adjacent,,,,
142596,142604,same-sheet,8.9,11.6,same-wrap,,,,
142596,144011,switch,106.4,272.3,adjacent,,,,
142609,147565,ambiguous,166.6,213.8,adjacent,,,,
142609,142163,same-sheet,9.6,19.4,same-wrap,,,,
142609,142401,same-sheet,8.6,10.8,same-wrap,,,,
142609,142491,same-sheet,8.0,8.7,same-wrap,,,,
142633,142679,same-sheet,8.6,9.6,same-wrap,,,,
142633,142841,same-sheet,8.2,8.7,same-wrap,,,,
142633,143355,same-sheet,12.8,19.8,same-wrap,,,,
142633,138695,ambiguous,102.8,245.3,adjacent,,,,
142633,141211,switch,118.1,231.4,adjacent,,,,
142633,141721,ambiguous,62.0,144.8,adjacent,,,,
142633,141738,switch,115.9,201.2,adjacent,,,,
142633,142573,same-sheet,15.4,26.6,same-wrap,,,,
142633,144354,same-sheet,16.2,20.0,unresolved,,,,
142653,142778,same-sheet,33.2,51.9,adjacent,,,,
142653,143590,same-sheet,8.4,8.5,same-wrap,,,,
142679,143062,same-sheet,10.0,13.2,same-wrap,,,,
142679,141721,same-sheet,7.9,7.9,same-wrap,,,,
142679,142573,same-sheet,9.8,13.3,same-wrap,,,,
142700,142717,same-sheet,8.9,13.2,same-wrap,,,,
142700,142778,same-sheet,8.5,31.2,same-wrap,,,,
142700,143590,same-sheet,8.5,10.7,same-wrap,,,,
142702,142997,same-sheet,9.0,13.8,same-wrap,,,,
142702,142695,untestable,10.4,44.3,same-wrap,,,,
142704,142761,same-sheet,10.9,20.6,same-wrap,,,,
142704,142802,same-sheet,9.4,21.3,same-wrap,,,,
142704,143166,same-sheet,9.6,21.7,same-wrap,,,,
142704,144342,same-sheet,9.9,10.2,same-wrap,,,,
142717,142778,same-sheet,9.3,14.1,same-wrap,,,,
142717,142824,same-sheet,11.5,29.5,same-wrap,,,,
142717,143590,same-sheet,9.6,29.8,same-wrap,,,,
142761,142802,same-sheet,10.8,36.0,same-wrap,,,,
142761,145662,ambiguous,20.0,106.0,same-wrap,24.3,74.5,0.26,170.0
142761,139752,switch,135.3,255.9,adjacent,,,,
142761,144342,same-sheet,12.7,31.7,same-wrap,,,,
142778,143590,same-sheet,9.0,12.3,same-wrap,,,,
142778,147210,same-sheet,13.1,15.4,same-wrap,,,,
142778,155952,ambiguous,76.0,185.1,adjacent,,,,
142778,142823,same-sheet,11.2,31.5,same-wrap,,,,
142778,142898,same-sheet,8.2,8.2,same-wrap,,,,
142778,143230,same-sheet,10.2,24.6,same-wrap,,,,
142802,143166,same-sheet,11.6,33.9,same-wrap,,,,
142802,146008,untestable,11.7,11.7,same-wrap,,,,
142802,139752,switch,110.4,231.5,adjacent,,,,
142802,144342,same-sheet,12.3,34.4,same-wrap,,,,
142824,143021,same-sheet,10.1,17.9,same-wrap,,,,
142824,143047,same-sheet,8.5,9.1,same-wrap,,,,
142824,143590,same-sheet,9.0,38.6,same-wrap,,,,
142824,143159,same-sheet,8.5,9.7,same-wrap,,,,
142841,143355,same-sheet,8.7,10.3,same-wrap,,,,
142841,141334,switch,79.9,165.5,adjacent,,,,
142841,141738,switch,118.7,252.2,adjacent,,,,
142841,141764,switch,71.3,179.2,adjacent,,,,
142841,143979,same-sheet,8.0,8.0,same-wrap,,,,
142841,144354,same-sheet,8.4,13.6,same-wrap,,,,
142991,143277,untestable,9.3,34.9,same-wrap,,,,
142991,149842,untestable,40.6,80.5,same-wrap,15.5,72.4,0.01,100.0
142991,146832,untestable,76.7,127.7,same-wrap,23.8,129.3,0.01,40.0
142997,143409,same-sheet,10.1,16.5,same-wrap,,,,
142997,143830,untestable,8.7,10.3,same-wrap,,,,
142997,144450,untestable,10.0,10.8,same-wrap,,,,
142997,150156,switch,83.9,135.8,adjacent,,,,
142997,142695,same-sheet,20.1,47.6,same-wrap,,,,
142997,143407,same-sheet,8.9,12.7,same-wrap,,,,
143021,143350,same-sheet,8.3,9.6,same-wrap,,,,
143021,143159,same-sheet,10.4,17.5,same-wrap,,,,
143047,143456,same-sheet,8.9,12.0,same-wrap,,,,
143047,143590,same-sheet,8.3,8.6,same-wrap,,,,
143047,142898,same-sheet,8.6,9.4,same-wrap,,,,
143047,145675,same-sheet,10.3,14.3,same-wrap,,,,
143062,143117,same-sheet,8.9,10.7,same-wrap,,,,
143062,143292,same-sheet,9.5,12.6,same-wrap,,,,
143062,143855,same-sheet,9.8,10.8,same-wrap,,,,
143062,141841,switch,96.5,203.4,adjacent,,,,
143062,143915,switch,95.2,228.0,adjacent,,,,
143117,143292,same-sheet,8.3,10.3,same-wrap,,,,
143117,143855,untestable,9.5,11.3,same-wrap,,,,
143117,147645,same-sheet,10.3,10.4,same-wrap,,,,
143157,143222,same-sheet,9.1,17.8,same-wrap,,,,
143157,143495,same-sheet,9.4,25.5,same-wrap,,,,
143157,143657,same-sheet,9.6,19.6,same-wrap,,,,
143157,144529,same-sheet,11.4,11.4,unresolved,,,,
143157,146685,untestable,10.8,10.8,adjacent,,,,
143157,143156,same-sheet,10.6,37.8,same-wrap,,,,
143157,143737,same-sheet,9.2,15.2,same-wrap,,,,
143157,146508,same-sheet,9.2,22.2,same-wrap,,,,
143162,143775,same-sheet,9.5,14.7,same-wrap,,,,
143162,146129,untestable,34.0,109.1,same-wrap,4.8,0.0,0.49,90.0
143162,143525,same-sheet,8.4,9.1,same-wrap,,,,
143166,146008,same-sheet,9.5,11.9,same-wrap,,,,
143166,147210,same-sheet,8.1,8.1,same-wrap,,,,
143182,143399,ambiguous,43.2,156.2,same-wrap,72.0,31.4,68.06,
143182,145000,same-sheet,9.4,9.4,same-wrap,,,,
143182,142604,untestable,9.1,9.1,same-wrap,,,,
143207,147199,same-sheet,47.6,101.1,adjacent,,,,
143207,147338,ambiguous,130.4,230.0,adjacent,,,,
143207,153688,ambiguous,125.8,215.8,adjacent,,,,
143207,149050,same-sheet,36.3,156.7,adjacent,,,,
143213,149972,untestable,27.1,58.6,same-wrap,,,,
143213,151808,untestable,17.6,60.7,adjacent,,,,
143213,143498,untestable,162.6,290.2,adjacent,,,,
143222,143495,untestable,13.9,15.8,same-wrap,,,,
143222,143657,same-sheet,10.9,22.9,same-wrap,,,,
143222,143156,same-sheet,10.4,32.9,same-wrap,,,,
143222,143370,same-sheet,10.0,171.7,same-wrap,23.8,27.3,0.54,160.0
143222,143737,same-sheet,9.1,16.1,same-wrap,,,,
143222,146508,same-sheet,9.8,21.6,same-wrap,,,,
143231,144084,same-sheet,10.2,17.3,same-wrap,,,,
143231,144203,same-sheet,10.1,18.6,same-wrap,,,,
143231,144697,same-sheet,9.8,10.2,same-wrap,,,,
143231,142896,same-sheet,10.3,22.2,same-wrap,,,,
143266,139516,ambiguous,29.7,150.0,same-wrap,86.8,55.9,0.45,
143266,143648,same-sheet,10.0,105.1,same-wrap,39.4,47.4,0.28,
143266,144002,same-sheet,13.8,79.4,same-wrap,48.4,50.5,0.59,
143277,149842,same-sheet,31.6,66.1,same-wrap,,,,
143277,146832,same-sheet,80.1,134.3,same-wrap,22.4,132.4,0.01,30.0
143292,143855,same-sheet,8.8,10.3,same-wrap,,,,
143292,147645,same-sheet,10.0,13.8,same-wrap,,,,
143292,148149,same-sheet,9.6,20.0,same-wrap,,,,
143292,149972,same-sheet,11.0,19.1,same-wrap,,,,
143292,151808,same-sheet,10.2,49.4,same-wrap,,,,
143292,143305,same-sheet,8.9,11.7,same-wrap,,,,
143292,143579,switch,77.8,156.5,adjacent,,,,
143292,143915,switch,86.1,190.5,adjacent,,,,
143308,143575,same-sheet,9.5,15.6,same-wrap,,,,
143308,143710,same-sheet,10.1,15.3,same-wrap,,,,
143308,143924,same-sheet,8.8,12.1,same-wrap,,,,
143308,144809,same-sheet,9.7,18.7,same-wrap,,,,
143308,145487,same-sheet,9.0,11.7,same-wrap,,,,
143308,148045,same-sheet,8.7,13.7,same-wrap,,,,
143350,152289,same-sheet,8.4,26.4,same-wrap,,,,
143350,143159,same-sheet,9.9,37.7,same-wrap,,,,
143355,144031,same-sheet,8.4,11.4,same-wrap,,,,
143355,144413,same-sheet,12.4,23.3,same-wrap,,,,
143355,139532,ambiguous,98.9,199.3,adjacent,,,,
143355,139855,ambiguous,127.2,236.1,adjacent,,,,
143355,140241,ambiguous,132.2,227.4,adjacent,,,,
143355,141211,switch,131.8,234.4,adjacent,,,,
143355,141721,ambiguous,63.0,101.0,adjacent,,,,
143355,141738,switch,123.3,203.8,adjacent,,,,
143355,142573,same-sheet,9.9,19.5,unresolved,,,,
143394,143437,same-sheet,15.5,41.9,same-wrap,,,,
143394,143520,same-sheet,10.7,35.0,same-wrap,,,,
143394,144920,same-sheet,10.3,16.3,same-wrap,,,,
143394,142604,same-sheet,12.9,67.0,same-wrap,,,,
143394,144016,untestable,8.0,8.0,same-wrap,,,,
143394,144803,same-sheet,9.3,9.3,same-wrap,,,,
143396,149842,switch,105.1,261.5,adjacent,,,,
143396,133003,same-sheet,13.6,30.2,same-wrap,,,,
143399,145000,same-sheet,17.9,18.0,same-wrap,,,,
143402,143611,same-sheet,10.3,16.2,same-wrap,,,,
143402,141870,untestable,9.0,14.3,same-wrap,,,,
143409,143437,same-sheet,8.5,9.0,same-wrap,,,,
143409,143438,same-sheet,11.2,24.1,same-wrap,,,,
143409,143444,ambiguous,12.0,43.8,same-wrap,,,,
143409,144025,same-sheet,10.6,30.6,same-wrap,,,,
143409,144450,same-sheet,10.2,24.5,same-wrap,,,,
143409,146562,same-sheet,12.1,18.9,same-wrap,,,,
143409,143407,same-sheet,9.2,20.5,same-wrap,,,,
143413,142688,same-sheet,40.2,65.2,adjacent,,,,
143413,143305,switch,56.4,91.8,adjacent,,,,
143413,145485,untestable,9.7,42.3,same-wrap,,,,
143431,143602,same-sheet,9.0,10.6,same-wrap,,,,
143431,143670,same-sheet,9.8,16.3,same-wrap,,,,
143431,145776,same-sheet,11.9,19.8,same-wrap,,,,
143437,144920,same-sheet,9.5,11.7,same-wrap,,,,
143437,143407,untestable,10.4,12.0,same-wrap,,,,
143438,144025,same-sheet,15.0,25.1,same-wrap,,,,
143438,145221,untestable,10.1,11.3,same-wrap,,,,
143438,146562,same-sheet,8.9,9.3,same-wrap,,,,
143438,145097,same-sheet,8.3,8.3,same-wrap,,,,
143444,144025,same-sheet,9.6,20.4,same-wrap,,,,
143444,144450,untestable,9.0,12.1,same-wrap,,,,
143444,143407,same-sheet,12.3,23.6,same-wrap,,,,
143451,150156,switch,50.4,86.5,adjacent,,,,
143451,142678,untestable,8.1,8.1,same-wrap,,,,
143451,143407,untestable,15.5,65.8,same-wrap,,,,
143451,149186,ambiguous,43.5,81.9,adjacent,,,,
143456,146561,same-sheet,11.3,33.1,same-wrap,,,,
143456,142898,untestable,9.0,9.0,same-wrap,,,,
143456,143159,same-sheet,9.5,15.4,same-wrap,,,,
143456,145675,same-sheet,9.4,10.0,same-wrap,,,,
143456,150449,ambiguous,22.9,76.7,same-wrap,,,,
143495,143657,same-sheet,9.8,30.4,same-wrap,,,,
143495,144345,switch,16.7,46.6,unresolved,,,,
143495,144529,same-sheet,11.1,33.6,same-wrap,,,,
143495,145201,ambiguous,96.9,149.3,adjacent,,,,
143495,146263,untestable,15.8,37.4,unresolved,,,,
143495,146685,ambiguous,11.6,39.8,same-wrap,,,,
143495,143156,same-sheet,8.4,8.4,same-wrap,,,,
143495,143737,same-sheet,9.7,30.7,same-wrap,,,,
143495,146508,same-sheet,10.1,12.5,same-wrap,,,,
143510,144203,same-sheet,10.8,19.4,same-wrap,,,,
143510,141919,same-sheet,19.6,66.4,same-wrap,,,,
143520,144382,untestable,8.9,8.9,same-wrap,,,,
143520,145000,same-sheet,8.6,11.9,same-wrap,,,,
143520,142604,same-sheet,17.1,70.4,same-wrap,,,,
143520,144016,same-sheet,9.9,15.2,same-wrap,,,,
143520,144803,same-sheet,8.6,11.2,same-wrap,,,,
143543,142345,untestable,8.2,8.2,same-wrap,,,,
143543,142688,untestable,26.4,38.3,same-wrap,,,,
143543,142695,untestable,28.7,67.7,unresolved,,,,
143543,142736,untestable,37.5,65.3,adjacent,,,,
143573,145321,ambiguous,12.5,30.8,same-wrap,,,,
143573,148302,untestable,14.1,23.0,same-wrap,,,,
143573,143498,untestable,109.0,368.2,adjacent,,,,
143573,143579,same-sheet,9.2,16.1,same-wrap,,,,
143575,143924,untestable,11.4,11.4,same-wrap,,,,
143575,148045,same-sheet,9.0,11.1,same-wrap,,,,
143586,145300,untestable,16.0,49.0,same-wrap,,,,
143586,150047,untestable,20.0,50.8,same-wrap,,,,
143586,138053,switch,66.6,260.5,adjacent,,,,
143586,139855,same-sheet,9.4,9.9,same-wrap,,,,
143586,140241,same-sheet,9.4,13.4,same-wrap,,,,
143586,141764,same-sheet,32.6,61.8,adjacent,,,,
143590,155952,ambiguous,74.9,115.1,adjacent,,,,
143590,142823,same-sheet,8.2,8.5,same-wrap,,,,
143590,142898,same-sheet,10.1,13.5,same-wrap,,,,
143602,143670,untestable,8.0,8.0,same-wrap,,,,
143602,142386,same-sheet,8.3,8.3,same-wrap,,,,
143602,145776,same-sheet,9.7,16.0,same-wrap,,,,
143611,143649,same-sheet,9.4,12.4,same-wrap,,,,
143611,143710,same-sheet,8.4,12.5,same-wrap,,,,
143611,145286,same-sheet,9.0,14.1,same-wrap,,,,
143649,144254,switch,10.3,24.4,same-wrap,,,,
143649,144850,ambiguous,11.7,12.5,same-wrap,,,,
143649,145286,untestable,8.6,9.2,same-wrap,,,,
143657,144529,same-sheet,9.9,25.9,same-wrap,,,,
143657,143370,same-sheet,13.2,95.9,same-wrap,24.4,10.5,0.12,140.0
143657,143737,same-sheet,9.4,20.0,same-wrap,,,,
143670,146237,untestable,8.1,8.4,same-wrap,,,,
143670,142386,same-sheet,32.8,70.3,same-wrap,,,,
143670,143816,switch,103.0,161.2,adjacent,,,,
143670,148267,switch,72.6,89.6,adjacent,,,,
143697,145207,same-sheet,11.0,19.1,same-wrap,,,,
143697,146761,same-sheet,9.4,41.7,same-wrap,,,,
143697,142823,same-sheet,9.4,17.1,same-wrap,,,,
143697,142898,same-sheet,10.3,27.1,same-wrap,,,,
143697,143230,same-sheet,9.1,17.7,same-wrap,,,,
143710,144809,same-sheet,9.0,10.1,same-wrap,,,,
143710,144907,same-sheet,8.6,8.9,same-wrap,,,,
143710,145197,same-sheet,9.0,9.9,same-wrap,,,,
143710,145487,ambiguous,33.8,39.7,same-wrap,,,,
143775,144054,untestable,9.0,15.8,same-wrap,,,,
143775,144144,same-sheet,12.3,24.8,same-wrap,,,,
143775,146129,same-sheet,10.6,165.2,same-wrap,0.5,9.8,0.16,90.0
143775,143525,same-sheet,9.4,15.9,same-wrap,,,,
143775,145657,untestable,10.0,14.0,same-wrap,,,,
143830,144450,untestable,9.0,13.2,same-wrap,,,,
143830,143407,untestable,8.7,11.1,same-wrap,,,,
143855,145065,ambiguous,82.2,141.5,adjacent,,,,
143855,145484,ambiguous,72.1,127.7,adjacent,,,,
143855,145641,same-sheet,57.0,74.1,adjacent,,,,
143855,145906,ambiguous,80.8,139.7,adjacent,,,,
143855,148149,same-sheet,10.4,13.8,same-wrap,,,,
143855,152556,same-sheet,10.0,14.0,same-wrap,,,,
143924,144064,same-sheet,8.3,10.4,same-wrap,,,,
143924,144113,same-sheet,9.8,11.4,same-wrap,,,,
143924,145052,same-sheet,8.6,16.1,same-wrap,,,,
143924,145557,same-sheet,9.6,18.0,same-wrap,,,,
143924,146611,same-sheet,8.7,9.2,same-wrap,,,,
143924,148045,untestable,8.0,8.0,same-wrap,,,,
143924,141870,same-sheet,9.2,9.2,same-wrap,,,,
143924,144604,same-sheet,8.5,11.9,same-wrap,,,,
144025,144450,same-sheet,10.0,54.0,same-wrap,,,,
144025,146562,untestable,10.0,13.7,same-wrap,,,,
144025,143407,same-sheet,9.6,11.1,same-wrap,,,,
144031,144413,same-sheet,33.9,44.6,same-wrap,,,,
144054,144144,same-sheet,9.9,16.6,same-wrap,,,,
144054,146129,untestable,10.6,13.6,same-wrap,,,,
144054,145657,same-sheet,10.4,36.5,same-wrap,,,,
144064,144113,same-sheet,8.7,8.7,same-wrap,,,,
144064,144236,untestable,9.7,10.0,same-wrap,,,,
144064,144873,same-sheet,9.9,21.7,same-wrap,,,,
144064,145052,same-sheet,10.0,24.0,same-wrap,,,,
144064,145557,same-sheet,8.7,12.3,same-wrap,,,,
144064,146611,untestable,8.1,8.1,same-wrap,,,,
144084,144114,same-sheet,12.0,35.1,same-wrap,,,,
144084,144160,same-sheet,9.9,32.4,same-wrap,,,,
144084,144345,same-sheet,9.3,10.6,same-wrap,,,,
144084,144697,same-sheet,10.5,31.8,same-wrap,,,,
144084,145550,same-sheet,12.3,36.4,same-wrap,,,,
144084,146361,ambiguous,109.8,308.7,adjacent,,,,
144084,151425,ambiguous,73.2,263.0,adjacent,,,,
144084,142896,same-sheet,8.4,8.4,same-wrap,,,,
144084,144165,same-sheet,10.0,20.5,same-wrap,,,,
144108,144570,same-sheet,10.0,22.6,same-wrap,,,,
144108,144733,same-sheet,9.0,11.1,same-wrap,,,,
144108,143937,untestable,11.0,29.2,same-wrap,,,,
144108,144458,same-sheet,11.7,29.3,same-wrap,,,,
144113,144683,same-sheet,9.4,10.7,same-wrap,,,,
144113,145052,same-sheet,9.4,15.1,same-wrap,,,,
144113,145487,switch,41.1,71.2,adjacent,,,,
144113,148045,ambiguous,19.1,72.4,adjacent,,,,
144113,135418,switch,109.8,245.2,adjacent,,,,
144113,144604,same-sheet,9.4,22.2,same-wrap,,,,
144114,144160,same-sheet,9.5,25.2,same-wrap,,,,
144114,144345,same-sheet,9.0,15.9,same-wrap,,,,
144114,145201,same-sheet,8.6,10.6,same-wrap,,,,
144114,144165,same-sheet,9.5,10.6,same-wrap,,,,
144144,146129,same-sheet,9.2,9.8,same-wrap,,,,
144144,143525,same-sheet,10.2,26.1,same-wrap,,,,
144160,144216,same-sheet,9.0,9.4,same-wrap,,,,
144160,144345,same-sheet,12.0,12.7,same-wrap,,,,
144160,144365,same-sheet,11.0,30.2,same-wrap,,,,
144160,144578,untestable,8.4,8.4,same-wrap,,,,
144160,145201,same-sheet,9.6,19.2,same-wrap,,,,
144160,145489,same-sheet,10.3,11.3,same-wrap,,,,
144160,146581,same-sheet,11.0,20.4,same-wrap,,,,
144160,145768,same-sheet,10.6,19.5,same-wrap,,,,
144203,142896,same-sheet,9.0,11.9,same-wrap,,,,
144208,144236,same-sheet,8.5,11.8,same-wrap,,,,
144208,144243,same-sheet,8.0,8.0,same-wrap,,,,
144208,144361,same-sheet,8.7,11.1,same-wrap,,,,
144208,144873,same-sheet,8.6,8.9,same-wrap,,,,
144208,145513,untestable,7.9,7.9,same-wrap,,,,
144208,145557,untestable,9.3,9.7,same-wrap,,,,
144216,144529,same-sheet,9.2,16.6,same-wrap,,,,
144216,144867,same-sheet,9.8,19.2,same-wrap,,,,
144216,145489,same-sheet,8.9,11.4,same-wrap,,,,
144236,144243,same-sheet,9.9,16.5,same-wrap,,,,
144236,144361,same-sheet,11.3,19.9,same-wrap,,,,
144236,144365,same-sheet,10.4,20.8,same-wrap,,,,
144236,144650,same-sheet,8.2,9.2,same-wrap,,,,
144236,144873,same-sheet,11.8,31.8,same-wrap,,,,
144236,145052,untestable,8.9,13.1,same-wrap,,,,
144243,144361,untestable,8.1,8.1,same-wrap,,,,
144243,144365,same-sheet,8.4,8.9,same-wrap,,,,
144243,144650,same-sheet,9.9,25.6,same-wrap,,,,
144243,144873,same-sheet,9.6,30.8,same-wrap,,,,
144243,145635,same-sheet,12.1,24.2,same-wrap,,,,
144254,144850,same-sheet,10.3,18.8,same-wrap,,,,
144254,145043,same-sheet,10.6,13.3,same-wrap,,,,
144308,146581,same-sheet,13.7,22.1,same-wrap,,,,
144308,145768,same-sheet,16.6,37.2,same-wrap,,,,
144345,145201,switch,10.7,13.9,same-wrap,,,,
144345,146263,same-sheet,11.8,240.1,same-wrap,9.7,16.2,1.86,
144345,146685,same-sheet,10.7,25.0,same-wrap,,,,
144345,144165,same-sheet,9.0,12.2,same-wrap,,,,
144345,144905,same-sheet,9.6,13.5,same-wrap,,,,
144361,144365,same-sheet,10.5,12.1,same-wrap,,,,
144361,145513,same-sheet,9.0,13.1,same-wrap,,,,
144361,145557,same-sheet,10.8,15.3,same-wrap,,,,
144361,146581,same-sheet,9.0,15.5,same-wrap,,,,
144365,144578,same-sheet,9.8,15.0,same-wrap,,,,
144365,144650,same-sheet,12.3,13.2,same-wrap,,,,
144365,146581,same-sheet,10.4,29.1,same-wrap,,,,
144365,131111,switch,101.7,122.8,adjacent,,,,
144382,145221,same-sheet,10.4,13.9,same-wrap,,,,
144382,144016,same-sheet,12.3,61.5,same-wrap,,,,
144382,144803,same-sheet,10.0,41.8,same-wrap,,,,
144382,145097,same-sheet,9.3,16.8,same-wrap,,,,
144413,141334,switch,61.4,159.9,adjacent,,,,
144413,141738,switch,112.9,215.5,adjacent,,,,
144413,141764,ambiguous,70.9,231.6,adjacent,,,,
144450,143407,same-sheet,10.7,20.3,same-wrap,,,,
144519,144761,same-sheet,11.9,21.7,same-wrap,,,,
144519,145065,same-sheet,10.2,15.8,same-wrap,,,,
144519,145321,same-sheet,8.2,12.8,same-wrap,,,,
144519,143579,same-sheet,9.5,9.9,same-wrap,,,,
144520,144612,same-sheet,9.3,10.3,same-wrap,,,,
144520,145160,same-sheet,9.5,14.5,same-wrap,,,,
144520,145572,same-sheet,9.6,9.7,same-wrap,,,,
144520,145645,same-sheet,14.4,36.9,same-wrap,,,,
144520,144011,same-sheet,8.4,10.8,same-wrap,,,,
144520,144393,same-sheet,9.4,15.3,same-wrap,,,,
144520,145173,same-sheet,10.6,15.6,same-wrap,,,,
144529,144867,same-sheet,9.3,20.5,same-wrap,,,,
144529,145489,same-sheet,9.1,10.5,same-wrap,,,,
144529,143737,same-sheet,9.9,18.8,same-wrap,,,,
144570,144733,same-sheet,12.4,38.6,same-wrap,,,,
144570,145451,same-sheet,9.2,17.2,same-wrap,,,,
144570,145674,same-sheet,10.1,17.0,same-wrap,,,,
144570,145946,same-sheet,9.6,24.1,same-wrap,,,,
144570,146337,same-sheet,10.2,18.7,same-wrap,,,,
144570,149188,same-sheet,47.8,71.0,adjacent,,,,
144570,143937,same-sheet,17.6,63.0,same-wrap,,,,
144570,144458,same-sheet,10.2,51.0,same-wrap,,,,
144570,144841,same-sheet,9.2,14.9,same-wrap,,,,
144570,145096,ambiguous,10.9,58.9,same-wrap,,,,
144578,145489,ambiguous,11.1,43.5,same-wrap,,,,
144578,146033,ambiguous,13.1,63.8,same-wrap,,,,
144578,146865,ambiguous,30.4,96.9,adjacent,,,,
144612,146426,switch,332.0,804.9,adjacent,,,,
144612,144011,same-sheet,10.0,19.6,same-wrap,,,,
144612,144393,untestable,8.7,9.3,same-wrap,,,,
144612,144626,untestable,8.3,8.3,unresolved,,,,
144639,146035,same-sheet,9.2,12.3,same-wrap,,,,
144639,142919,untestable,8.5,10.5,same-wrap,,,,
144639,145254,same-sheet,9.1,12.3,same-wrap,,,,
144650,144873,same-sheet,10.5,24.1,same-wrap,,,,
144650,145309,untestable,9.2,16.8,same-wrap,,,,
144650,145635,same-sheet,9.2,12.1,same-wrap,,,,
144666,145470,same-sheet,8.4,8.7,same-wrap,,,,
144666,145738,same-sheet,9.2,14.9,same-wrap,,,,
144666,145742,same-sheet,8.8,9.9,same-wrap,,,,
144666,146006,same-sheet,9.4,14.0,same-wrap,,,,
144666,144293,same-sheet,9.5,19.9,same-wrap,,,,
144666,144618,same-sheet,10.2,30.7,same-wrap,,,,
144666,144834,same-sheet,9.7,14.8,same-wrap,,,,
144683,144789,untestable,8.5,8.6,same-wrap,,,,
144683,144859,same-sheet,9.6,12.7,same-wrap,,,,
144683,144868,same-sheet,15.4,36.1,same-wrap,,,,
144683,145052,same-sheet,10.7,30.7,same-wrap,,,,
144683,145149,same-sheet,9.1,14.6,same-wrap,,,,
144683,146017,untestable,9.5,12.9,same-wrap,,,,
144683,146553,same-sheet,9.2,10.4,same-wrap,,,,
144683,146566,untestable,12.3,20.1,same-wrap,,,,
144683,147353,untestable,8.5,9.0,same-wrap,,,,
144683,147408,same-sheet,9.8,13.0,same-wrap,,,,
144683,144604,same-sheet,8.4,10.8,same-wrap,,,,
144683,147566,untestable,11.1,12.4,same-wrap,,,,
144697,146361,ambiguous,172.0,500.4,adjacent,,,,
144697,148018,same-sheet,12.1,44.1,same-wrap,,,,
144697,142896,same-sheet,9.0,19.8,same-wrap,,,,
144697,144165,ambiguous,12.8,76.6,same-wrap,,,,
144697,146842,same-sheet,11.1,13.3,same-wrap,,,,
144733,144890,same-sheet,11.5,46.0,same-wrap,,,,
144733,145674,same-sheet,10.8,36.7,same-wrap,,,,
144733,146337,same-sheet,13.6,28.4,same-wrap,,,,
144733,144458,same-sheet,11.1,21.8,same-wrap,,,,
144761,145065,same-sheet,11.1,13.5,same-wrap,,,,
144761,145484,ambiguous,9.3,11.4,same-wrap,,,,
144761,145906,untestable,18.7,48.1,same-wrap,,,,
144761,149900,same-sheet,11.4,22.3,same-wrap,,,,
144789,144868,same-sheet,9.4,12.7,same-wrap,,,,
144789,144907,untestable,8.0,8.0,same-wrap,,,,
144789,145149,same-sheet,9.8,14.4,same-wrap,,,,
144789,144604,same-sheet,13.3,13.3,same-wrap,,,,
144809,145487,ambiguous,12.0,23.9,same-wrap,,,,
144850,145043,same-sheet,8.3,8.3,same-wrap,,,,
144850,145286,untestable,8.0,8.0,same-wrap,,,,
144850,147078,same-sheet,13.9,43.9,adjacent,,,,
144850,137308,switch,135.1,400.9,same-wrap,146.5,2.5,138.08,
144850,142898,same-sheet,14.9,44.7,same-wrap,,,,
144850,145675,same-sheet,19.6,70.6,same-wrap,,,,
144859,144873,same-sheet,10.1,24.8,same-wrap,,,,
144859,145052,same-sheet,10.6,26.8,same-wrap,,,,
144859,147353,untestable,10.1,11.2,same-wrap,,,,
144859,147408,same-sheet,9.1,17.6,same-wrap,,,,
144859,144604,same-sheet,9.6,15.0,same-wrap,,,,
144859,145916,untestable,8.8,9.6,same-wrap,,,,
144867,145489,same-sheet,9.6,29.5,same-wrap,,,,
144867,146033,untestable,8.2,8.3,same-wrap,,,,
144867,143737,same-sheet,9.9,288.0,same-wrap,21.1,1.8,1.19,170.0
144868,144907,same-sheet,8.8,9.6,same-wrap,,,,
144868,145149,same-sheet,10.8,39.5,same-wrap,,,,
144868,146150,same-sheet,12.2,24.6,same-wrap,,,,
144873,145052,same-sheet,10.0,20.0,same-wrap,,,,
144873,145309,untestable,7.9,7.9,same-wrap,,,,
144873,147408,same-sheet,10.3,28.3,same-wrap,,,,
144873,145635,same-sheet,10.8,30.8,same-wrap,,,,
144890,145674,same-sheet,10.0,20.2,same-wrap,,,,
144890,144293,untestable,11.0,16.4,same-wrap,,,,
144907,145197,same-sheet,8.6,9.6,same-wrap,,,,
144907,145487,same-sheet,9.7,17.7,same-wrap,,,,
145000,145144,same-sheet,10.1,17.4,same-wrap,,,,
145000,142604,same-sheet,9.4,12.5,same-wrap,,,,
145000,144803,same-sheet,10.5,20.8,same-wrap,,,,
145000,145254,untestable,10.5,10.5,same-wrap,,,,
145009,145965,same-sheet,10.1,18.0,same-wrap,,,,
145009,142401,switch,134.5,264.5,adjacent,,,,
145009,144293,untestable,10.4,16.2,same-wrap,,,,
145009,144618,same-sheet,9.7,16.3,same-wrap,,,,
145009,144834,same-sheet,8.0,8.0,same-wrap,,,,
145009,145075,same-sheet,9.2,12.9,same-wrap,,,,
145042,147478,same-sheet,11.3,39.8,same-wrap,,,,
145042,140368,same-sheet,40.0,761.3,same-wrap,26.6,19.2,1.68,
145042,144905,same-sheet,15.2,37.9,same-wrap,,,,
145043,145675,ambiguous,10.3,45.5,same-wrap,,,,
145052,147353,same-sheet,11.9,17.7,same-wrap,,,,
145052,147408,same-sheet,12.2,38.8,same-wrap,,,,
145052,144604,same-sheet,10.1,24.9,same-wrap,,,,
145065,145484,same-sheet,9.8,16.4,same-wrap,,,,
145065,145641,same-sheet,8.3,8.8,same-wrap,,,,
145065,145906,same-sheet,10.9,43.1,same-wrap,,,,
145065,146337,same-sheet,7.9,7.9,same-wrap,,,,
145065,148149,ambiguous,76.4,116.6,adjacent,,,,
145065,155722,same-sheet,48.6,78.5,adjacent,,,,
145065,145750,untestable,9.5,9.5,same-wrap,,,,
145065,152556,same-sheet,50.4,82.9,adjacent,,,,
145102,145152,same-sheet,9.1,19.2,same-wrap,,,,
145102,145628,same-sheet,9.1,17.6,same-wrap,,,,
145102,145835,same-sheet,10.3,36.5,same-wrap,,,,
145102,146496,same-sheet,10.7,15.4,same-wrap,,,,
145102,144895,same-sheet,10.7,17.6,same-wrap,,,,
145102,145629,same-sheet,8.8,11.6,same-wrap,,,,
145102,149401,same-sheet,10.5,13.1,same-wrap,,,,
145102,152342,ambiguous,79.9,131.8,adjacent,,,,
145102,152578,switch,85.1,215.0,adjacent,,,,
145102,153159,switch,76.6,156.1,adjacent,,,,
145102,153302,ambiguous,90.0,134.9,adjacent,,,,
145144,145202,same-sheet,8.8,13.5,same-wrap,,,,
145144,146035,same-sheet,8.7,14.1,same-wrap,,,,
145144,146361,untestable,9.0,9.2,same-wrap,,,,
145144,145254,same-sheet,9.6,17.1,same-wrap,,,,
145144,145450,same-sheet,17.2,48.9,adjacent,,,,
145149,145951,same-sheet,9.0,12.4,same-wrap,,,,
145149,146150,same-sheet,9.8,13.5,same-wrap,,,,
145149,146243,same-sheet,10.1,15.8,same-wrap,,,,
145149,146553,same-sheet,9.1,11.2,same-wrap,,,,
145149,147526,same-sheet,15.5,31.4,same-wrap,,,,
145149,144604,same-sheet,10.0,10.0,same-wrap,,,,
145149,147566,same-sheet,9.1,9.1,same-wrap,,,,
145152,145628,same-sheet,10.5,18.9,same-wrap,,,,
145152,144803,same-sheet,11.2,23.1,same-wrap,,,,
145152,144895,same-sheet,11.7,28.8,same-wrap,,,,
145152,145097,same-sheet,10.0,26.6,same-wrap,,,,
145160,145240,same-sheet,8.5,9.0,same-wrap,,,,
145160,145572,same-sheet,11.7,38.0,same-wrap,,,,
145160,145645,same-sheet,12.3,62.8,same-wrap,,,,
145160,142163,same-sheet,20.6,44.4,same-wrap,,,,
145160,144011,same-sheet,8.6,9.8,same-wrap,,,,
145160,144393,same-sheet,10.2,14.4,same-wrap,,,,
145160,144626,untestable,8.3,8.3,same-wrap,,,,
145160,144834,same-sheet,14.0,38.2,same-wrap,,,,
145160,145173,same-sheet,9.3,13.8,same-wrap,,,,
145160,146037,switch,111.9,293.6,adjacent,,,,
145201,146263,same-sheet,11.3,33.3,same-wrap,,,,
145201,146685,ambiguous,12.8,82.1,same-wrap,19.0,5.7,66.51,
145202,146361,same-sheet,8.5,9.5,same-wrap,,,,
145202,153915,same-sheet,9.9,20.8,same-wrap,,,,
145202,145254,same-sheet,10.2,21.2,same-wrap,,,,
145202,145450,same-sheet,10.1,26.8,same-wrap,,,,
145207,145295,same-sheet,10.4,19.8,same-wrap,,,,
145207,146761,same-sheet,9.3,22.5,same-wrap,,,,
145207,143230,same-sheet,11.5,42.0,same-wrap,,,,
145221,146068,ambiguous,21.7,32.5,same-wrap,,,,
145221,146562,same-sheet,8.7,10.0,same-wrap,,,,
145221,149534,same-sheet,11.6,17.3,same-wrap,,,,
145221,144803,same-sheet,9.8,15.9,same-wrap,,,,
145221,144895,same-sheet,12.3,17.3,same-wrap,,,,
145221,145097,same-sheet,8.3,9.6,same-wrap,,,,
145221,145629,same-sheet,9.9,9.9,same-wrap,,,,
145240,145645,same-sheet,10.8,44.7,same-wrap,,,,
145240,148492,ambiguous,22.9,78.5,same-wrap,,,,
145240,145173,same-sheet,9.7,73.4,same-wrap,,,,
145240,145997,same-sheet,9.4,13.7,same-wrap,,,,
145284,145603,same-sheet,14.7,29.8,same-wrap,,,,
145284,146243,same-sheet,9.1,9.3,same-wrap,,,,
145284,146561,same-sheet,12.9,69.1,same-wrap,,,,
145284,147526,same-sheet,8.1,8.1,same-wrap,,,,
145286,145368,untestable,8.7,8.7,unresolved,,,,
145286,145623,same-sheet,9.4,15.4,same-wrap,,,,
145286,146761,same-sheet,8.8,14.9,same-wrap,,,,
145295,145368,untestable,9.6,10.5,same-wrap,,,,
145295,145623,untestable,7.9,7.9,same-wrap,,,,
145295,146761,same-sheet,9.0,14.4,same-wrap,,,,
145295,149318,same-sheet,10.5,14.7,same-wrap,,,,
145300,150047,untestable,14.5,35.3,same-wrap,,,,
145300,138053,untestable,104.9,183.0,adjacent,,,,
145300,142849,untestable,64.2,80.9,adjacent,,,,
145309,145860,untestable,9.9,11.7,same-wrap,,,,
145309,147408,untestable,10.8,22.3,same-wrap,,,,
145309,145635,same-sheet,10.6,22.8,same-wrap,,,,
145309,145916,untestable,10.2,20.0,same-wrap,,,,
145321,145906,same-sheet,18.3,19.6,same-wrap,,,,
145321,146775,same-sheet,8.5,13.0,same-wrap,,,,
145321,148302,untestable,14.6,23.4,same-wrap,,,,
145321,143579,same-sheet,12.7,31.9,same-wrap,,,,
145368,145623,same-sheet,10.4,16.5,same-wrap,,,,
145368,146761,untestable,8.3,8.6,same-wrap,,,,
145451,149188,same-sheet,8.7,15.6,same-wrap,,,,
145451,144841,same-sheet,11.1,42.7,same-wrap,,,,
145451,145096,same-sheet,16.3,66.8,same-wrap,,,,
145470,145738,same-sheet,8.1,8.2,same-wrap,,,,
145470,145742,same-sheet,9.6,10.9,same-wrap,,,,
145470,146006,same-sheet,11.6,13.4,same-wrap,,,,
145470,144293,same-sheet,10.7,11.8,same-wrap,,,,
145470,144618,same-sheet,8.7,9.2,same-wrap,,,,
145484,145641,same-sheet,9.0,15.5,same-wrap,,,,
145484,145906,same-sheet,14.9,49.8,same-wrap,,,,
145484,145946,same-sheet,11.0,15.5,same-wrap,,,,
145484,146337,same-sheet,8.5,9.7,same-wrap,,,,
145484,146985,same-sheet,9.5,15.2,same-wrap,,,,
145484,148149,ambiguous,62.4,100.3,adjacent,,,,
145484,155722,switch,59.0,94.6,adjacent,,,,
145484,145750,untestable,7.9,7.9,same-wrap,,,,
145484,152556,ambiguous,56.8,93.1,adjacent,,,,
145487,148045,same-sheet,10.7,22.8,same-wrap,,,,
145489,146033,untestable,8.9,11.4,same-wrap,,,,
145513,145557,same-sheet,9.3,20.4,same-wrap,,,,
145550,147099,same-sheet,8.9,10.3,same-wrap,,,,
145550,147478,same-sheet,10.1,10.2,same-wrap,,,,
145550,148018,same-sheet,14.5,76.5,same-wrap,,,,
145550,144165,same-sheet,34.6,73.1,same-wrap,,,,
145550,144905,same-sheet,8.4,8.4,same-wrap,,,,
145557,146611,same-sheet,12.5,38.1,same-wrap,,,,
145572,145645,same-sheet,10.1,32.5,same-wrap,,,,
145572,150339,switch,101.4,315.9,adjacent,,,,
145572,144393,untestable,14.0,16.9,same-wrap,,,,
145572,144834,same-sheet,24.2,83.3,unresolved,,,,
145572,146037,switch,106.2,348.9,adjacent,,,,
145572,146349,switch,101.8,294.5,adjacent,,,,
145603,146243,same-sheet,9.8,14.2,same-wrap,,,,
145603,146561,same-sheet,8.5,9.7,same-wrap,,,,
145603,146584,same-sheet,10.7,32.6,same-wrap,,,,
145603,146762,same-sheet,13.6,31.0,same-wrap,,,,
145603,147526,same-sheet,10.7,13.1,same-wrap,,,,
145623,146761,same-sheet,15.2,40.0,unresolved,,,,
145623,147078,same-sheet,10.1,28.9,same-wrap,,,,
145628,149405,ambiguous,11.8,34.3,same-wrap,,,,
145628,144803,same-sheet,8.1,8.2,same-wrap,,,,
145628,144895,same-sheet,9.9,25.9,same-wrap,,,,
145628,149401,same-sheet,11.0,30.8,same-wrap,,,,
145628,152342,ambiguous,12.0,43.2,same-wrap,,,,
145641,145906,same-sheet,10.5,21.9,same-wrap,,,,
145641,148149,ambiguous,73.6,151.9,adjacent,,,,
145641,155722,ambiguous,73.9,153.7,adjacent,,,,
145641,145750,untestable,8.8,9.5,same-wrap,,,,
145641,152556,ambiguous,75.6,151.5,adjacent,,,,
145645,150339,switch,111.8,545.6,adjacent,,,,
145645,144393,same-sheet,12.4,25.6,same-wrap,,,,
145645,144834,same-sheet,28.2,62.9,same-wrap,,,,
145645,145173,same-sheet,10.0,17.5,same-wrap,,,,
145645,146037,switch,105.0,313.2,adjacent,,,,
145645,146349,switch,110.6,526.7,adjacent,,,,
145645,146449,same-sheet,9.0,13.0,same-wrap,,,,
145662,146831,same-sheet,11.6,25.3,same-wrap,,,,
145662,152868,same-sheet,11.0,21.4,same-wrap,,,,
145662,153497,same-sheet,10.1,20.3,same-wrap,,,,
145662,153688,same-sheet,11.8,16.8,same-wrap,,,,
145662,142492,ambiguous,90.0,429.3,same-wrap,138.7,16.3,70.1,
145662,144342,ambiguous,16.6,84.5,same-wrap,33.0,38.6,0.26,
145662,146900,same-sheet,9.5,19.9,same-wrap,,,,
145674,145738,same-sheet,8.9,9.0,same-wrap,,,,
145674,146337,same-sheet,10.9,16.6,same-wrap,,,,
145733,146150,same-sheet,8.4,8.8,same-wrap,,,,
145733,146243,untestable,8.8,10.4,same-wrap,,,,
145733,147526,same-sheet,8.9,16.1,same-wrap,,,,
145733,145675,same-sheet,8.4,11.7,same-wrap,,,,
145738,145742,same-sheet,9.9,18.4,same-wrap,,,,
145738,146006,same-sheet,9.4,14.9,same-wrap,,,,
145742,145919,same-sheet,8.7,8.9,same-wrap,,,,
145742,146006,same-sheet,9.3,14.1,same-wrap,,,,
145742,146268,untestable,8.5,8.5,same-wrap,,,,
145742,146337,same-sheet,8.6,8.7,same-wrap,,,,
145742,145750,untestable,9.2,17.0,same-wrap,,,,
145835,146496,same-sheet,9.1,20.6,same-wrap,,,,
145835,145629,same-sheet,10.2,39.6,same-wrap,,,,
145835,149401,same-sheet,97.6,118.9,adjacent,,,,
145835,152342,switch,110.7,185.4,adjacent,,,,
145835,152578,ambiguous,70.8,131.7,adjacent,,,,
145835,153159,switch,95.4,230.5,adjacent,,,,
145835,153302,switch,108.7,197.8,adjacent,,,,
145855,139500,untestable,9.8,9.8,same-wrap,,,,
145855,141293,switch,75.1,247.7,adjacent,,,,
145855,141738,untestable,8.5,18.9,same-wrap,,,,
145860,147353,untestable,9.7,32.5,same-wrap,,,,
145860,147408,same-sheet,10.0,23.4,same-wrap,,,,
145860,145635,same-sheet,9.0,17.4,same-wrap,,,,
145860,145916,untestable,14.0,30.7,same-wrap,,,,
145906,146775,same-sheet,8.8,10.6,same-wrap,,,,
145906,148149,ambiguous,84.8,168.8,adjacent,,,,
145906,155722,ambiguous,64.4,137.8,adjacent,,,,
145906,145750,same-sheet,9.6,17.2,same-wrap,,,,
145906,146466,untestable,8.3,13.3,same-wrap,,,,
145906,152556,switch,82.2,151.6,adjacent,,,,
145919,146268,same-sheet,9.2,13.7,same-wrap,,,,
145919,145750,same-sheet,9.5,16.2,same-wrap,,,,
145919,146466,ambiguous,11.2,15.9,same-wrap,,,,
145946,146337,same-sheet,9.4,22.4,same-wrap,,,,
145946,146985,same-sheet,10.3,15.1,same-wrap,,,,
145946,144841,same-sheet,9.6,11.2,same-wrap,,,,
145946,145096,switch,71.0,101.8,same-wrap,45.6,67.4,73.48,
145951,146243,same-sheet,8.8,9.0,unresolved,,,,
145951,146553,same-sheet,10.1,22.4,same-wrap,,,,
145951,146584,same-sheet,9.5,34.3,same-wrap,,,,
145951,146688,same-sheet,8.9,29.5,same-wrap,,,,
145951,146762,same-sheet,10.9,29.3,same-wrap,,,,
145951,147566,same-sheet,10.8,32.4,same-wrap,,,,
145965,144834,same-sheet,11.7,19.9,same-wrap,,,,
145965,145075,same-sheet,9.3,38.4,same-wrap,,,,
145965,146037,same-sheet,9.4,15.4,same-wrap,,,,
145965,146349,same-sheet,14.6,40.6,same-wrap,,,,
146006,146041,same-sheet,9.3,17.2,same-wrap,,,,
146006,146198,same-sheet,9.9,16.6,same-wrap,,,,
146006,146228,same-sheet,10.0,25.1,same-wrap,,,,
146006,144834,same-sheet,10.2,15.0,same-wrap,,,,
146008,147210,ambiguous,10.4,14.0,same-wrap,,,,
146017,146566,same-sheet,8.9,17.1,same-wrap,,,,
146017,147353,same-sheet,9.6,20.1,same-wrap,,,,
146017,147408,untestable,13.7,22.6,same-wrap,,,,
146017,145916,untestable,11.0,33.9,same-wrap,,,,
146017,147566,untestable,9.0,22.2,same-wrap,,,,
146033,146865,same-sheet,9.5,25.0,same-wrap,,,,
146035,147565,same-sheet,8.2,10.6,same-wrap,,,,
146035,142919,untestable,9.9,9.9,same-wrap,,,,
146035,145254,same-sheet,9.2,11.5,same-wrap,,,,
146041,146228,same-sheet,13.0,34.4,same-wrap,,,,
146041,150339,ambiguous,14.6,48.6,same-wrap,,,,
146041,144834,same-sheet,13.3,68.7,same-wrap,,,,
146041,146349,ambiguous,19.1,54.5,unresolved,,,,
146068,149534,same-sheet,9.4,12.0,same-wrap,,,,
146068,145629,ambiguous,11.9,27.5,same-wrap,,,,
146068,153164,switch,104.5,294.9,adjacent,,,,
146068,153167,switch,94.5,238.3,adjacent,,,,
146068,153302,switch,91.7,188.3,adjacent,,,,
146090,146586,ambiguous,51.6,76.3,adjacent,,,,
146090,150217,switch,73.1,122.8,adjacent,,,,
146090,146003,same-sheet,17.8,55.9,same-wrap,,,,
146090,146266,ambiguous,70.5,135.3,adjacent,,,,
146090,146493,same-sheet,11.0,14.4,same-wrap,,,,
146090,146687,switch,71.6,102.9,adjacent,,,,
146090,146835,same-sheet,8.7,8.7,same-wrap,,,,
146090,146868,ambiguous,16.0,71.9,same-wrap,,,,
146090,147012,ambiguous,68.3,136.9,adjacent,,,,
146129,152480,same-sheet,70.3,143.4,same-wrap,10.0,16.5,70.54,70.0
146129,143525,untestable,218.6,222.3,same-wrap,21.9,23.0,0.84,160.0
146129,145657,untestable,10.7,13.2,same-wrap,,,,
146150,147526,same-sheet,10.5,15.1,same-wrap,,,,
146151,146218,same-sheet,9.5,16.1,same-wrap,,,,
146151,146235,untestable,9.1,9.7,same-wrap,,,,
146198,146228,same-sheet,9.2,13.5,same-wrap,,,,
146218,153915,same-sheet,8.7,16.8,same-wrap,,,,
146218,145450,same-sheet,9.4,14.9,same-wrap,,,,
146218,146235,same-sheet,8.3,9.1,same-wrap,,,,
146228,146426,same-sheet,10.5,35.6,same-wrap,,,,
146228,150339,same-sheet,9.1,22.7,same-wrap,,,,
146228,144834,same-sheet,12.6,44.5,same-wrap,,,,
146228,146349,same-sheet,11.0,21.0,same-wrap,,,,
146237,153333,untestable,9.3,13.1,adjacent,,,,
146243,146584,same-sheet,8.7,18.9,same-wrap,,,,
146243,147526,untestable,9.4,13.2,same-wrap,,,,
146263,146685,same-sheet,9.9,326.7,same-wrap,37.2,14.5,2.22,
146263,133548,same-sheet,17.0,283.4,same-wrap,13.6,5.6,0.28,
146263,135156,same-sheet,147.5,364.6,same-wrap,5.4,17.6,0.02,110.0
146263,137570,switch,84.4,173.4,adjacent,,,,
146263,144905,same-sheet,11.8,126.1,same-wrap,19.2,3.6,1.85,160.0
146268,145750,untestable,9.5,12.7,same-wrap,,,,
146268,148578,same-sheet,21.2,76.6,same-wrap,,,,
146337,146985,untestable,20.6,31.4,same-wrap,,,,
146337,145750,same-sheet,8.8,9.9,same-wrap,,,,
146361,144803,same-sheet,13.5,21.4,same-wrap,,,,
146426,150339,same-sheet,12.4,32.4,same-wrap,,,,
146426,144626,ambiguous,318.8,832.6,adjacent,,,,
146496,156086,ambiguous,59.3,100.3,adjacent,,,,
146496,153114,same-sheet,8.5,11.4,same-wrap,,,,
146497,146775,untestable,8.1,8.1,same-wrap,,,,
146497,147372,same-sheet,9.6,23.8,same-wrap,,,,
146497,148165,same-sheet,8.5,8.5,adjacent,,,,
146497,145750,same-sheet,76.5,115.3,adjacent,,,,
146497,146466,same-sheet,57.3,78.7,adjacent,,,,
146497,148454,ambiguous,16.3,46.1,same-wrap,,,,
146553,146688,same-sheet,10.1,11.2,same-wrap,,,,
146553,146762,same-sheet,8.5,8.5,same-wrap,,,,
146553,147566,untestable,8.3,8.3,same-wrap,,,,
146561,146584,same-sheet,11.8,33.1,same-wrap,,,,
146561,146762,same-sheet,10.2,18.0,same-wrap,,,,
146561,147526,same-sheet,11.2,35.5,same-wrap,,,,
146561,147560,same-sheet,26.6,60.8,adjacent,,,,
146561,152289,ambiguous,49.6,103.2,adjacent,,,,
146561,150449,same-sheet,9.8,52.2,same-wrap,,,,
146562,149534,same-sheet,9.6,17.2,same-wrap,,,,
146565,146987,same-sheet,24.0,47.1,same-wrap,,,,
146565,147149,untestable,22.7,45.1,same-wrap,,,,
146565,148614,same-sheet,11.0,15.6,same-wrap,,,,
146565,146235,ambiguous,254.4,403.5,adjacent,,,,
146565,146493,same-sheet,9.0,21.0,same-wrap,,,,
146565,146915,same-sheet,12.2,45.8,same-wrap,,,,
146565,147178,same-sheet,13.2,48.7,same-wrap,,,,
146566,147353,untestable,11.2,12.8,same-wrap,,,,
146566,147566,untestable,8.5,10.9,same-wrap,,,,
146581,145768,same-sheet,11.5,32.2,same-wrap,,,,
146584,146688,same-sheet,10.1,27.4,same-wrap,,,,
146584,146762,same-sheet,9.2,11.5,same-wrap,,,,
146584,147526,same-sheet,12.7,30.3,same-wrap,,,,
146584,147566,same-sheet,9.3,11.7,same-wrap,,,,
146586,146668,same-sheet,8.4,10.7,same-wrap,,,,
146586,146857,untestable,8.8,8.8,same-wrap,,,,
146586,147901,untestable,8.2,8.2,same-wrap,,,,
146586,150217,same-sheet,8.8,25.2,same-wrap,,,,
146586,146266,same-sheet,23.4,71.6,same-wrap,,,,
146586,146687,same-sheet,19.2,50.8,adjacent,,,,
146586,146835,ambiguous,61.4,95.7,adjacent,,,,
146586,146868,ambiguous,83.6,230.2,adjacent,,,,
146586,147012,same-sheet,10.9,26.3,same-wrap,,,,
146586,148270,same-sheet,10.7,13.1,same-wrap,,,,
146586,148460,untestable,14.6,14.6,unresolved,,,,
146611,141870,same-sheet,11.2,20.8,same-wrap,,,,
146644,147041,same-sheet,9.9,56.4,same-wrap,,,,
146644,147100,same-sheet,9.3,29.4,same-wrap,,,,
146644,146013,same-sheet,16.3,330.8,same-wrap,19.4,20.2,0.17,
146668,146838,same-sheet,10.2,35.8,same-wrap,,,,
146668,146862,untestable,9.6,12.3,same-wrap,,,,
146668,150217,same-sheet,11.2,26.2,same-wrap,,,,
146668,146266,same-sheet,48.3,73.5,adjacent,,,,
146668,146687,same-sheet,16.9,52.4,same-wrap,,,,
146668,147012,same-sheet,9.0,11.0,same-wrap,,,,
146668,147226,same-sheet,11.2,19.5,same-wrap,,,,
146668,148270,untestable,8.9,9.8,same-wrap,,,,
146685,133548,same-sheet,27.8,65.6,same-wrap,,,,
146685,137570,switch,84.4,215.0,adjacent,,,,
146685,144905,same-sheet,8.6,9.6,same-wrap,,,,
146685,146508,untestable,127.4,127.4,adjacent,,,,
146688,146762,same-sheet,9.7,20.4,same-wrap,,,,
146688,147566,same-sheet,8.1,8.2,same-wrap,,,,
146761,147078,same-sheet,11.7,55.9,unresolved,,,,
146761,142823,same-sheet,9.8,61.2,same-wrap,,,,
146761,142898,same-sheet,11.9,58.3,adjacent,,,,
146761,143230,same-sheet,10.2,20.6,same-wrap,,,,
146762,147526,same-sheet,10.0,11.4,same-wrap,,,,
146762,147560,same-sheet,9.3,40.0,same-wrap,,,,
146762,147566,same-sheet,8.6,14.5,same-wrap,,,,
146775,146788,untestable,10.2,10.2,unresolved,,,,
146775,148302,same-sheet,10.4,47.3,same-wrap,,,,
146775,145750,same-sheet,10.1,11.0,same-wrap,,,,
146775,146466,untestable,8.1,8.1,same-wrap,,,,
146831,146984,same-sheet,8.7,16.3,same-wrap,,,,
146831,147199,same-sheet,9.2,12.0,same-wrap,,,,
146831,148765,same-sheet,10.3,82.6,same-wrap,68.3,45.3,0.09,
146831,152868,same-sheet,9.7,10.3,same-wrap,,,,
146831,153497,same-sheet,10.2,15.8,same-wrap,,,,
146831,142492,ambiguous,163.5,664.5,adjacent,,,,
146831,144342,same-sheet,8.8,10.1,same-wrap,,,,
146831,146900,same-sheet,9.1,11.3,same-wrap,,,,
146838,146862,untestable,11.1,43.9,same-wrap,,,,
146838,147848,untestable,8.1,8.3,same-wrap,,,,
146838,150217,same-sheet,9.7,27.8,same-wrap,,,,
146838,147012,same-sheet,9.5,15.0,same-wrap,,,,
146838,147188,same-sheet,10.7,43.4,same-wrap,,,,
146838,147226,same-sheet,12.8,200.7,same-wrap,45.5,21.2,0.33,
146857,147030,same-sheet,9.7,26.1,same-wrap,,,,
146857,147544,same-sheet,8.4,8.5,same-wrap,,,,
146857,147901,same-sheet,10.0,13.9,same-wrap,,,,
146857,150217,same-sheet,9.1,13.0,same-wrap,,,,
146857,146266,same-sheet,9.1,17.4,same-wrap,,,,
146857,146687,same-sheet,9.8,14.4,same-wrap,,,,
146857,147012,same-sheet,8.7,8.7,same-wrap,,,,
146857,148270,same-sheet,9.5,14.5,same-wrap,,,,
146857,148460,same-sheet,9.0,24.6,same-wrap,,,,
146862,148291,untestable,8.9,17.1,same-wrap,,,,
146862,147012,same-sheet,10.2,19.6,same-wrap,,,,
146862,148270,untestable,12.2,12.2,same-wrap,,,,
146910,147041,untestable,8.9,20.2,same-wrap,,,,
146910,147100,untestable,10.8,20.3,same-wrap,,,,
146984,147199,same-sheet,10.0,12.4,same-wrap,,,,
146984,147212,untestable,14.3,29.7,same-wrap,,,,
146984,148765,untestable,14.9,20.0,same-wrap,,,,
146984,153688,untestable,8.1,8.1,same-wrap,,,,
146984,146900,same-sheet,10.7,18.8,same-wrap,,,,
146987,147594,same-sheet,9.4,11.7,same-wrap,,,,
146987,147816,same-sheet,8.3,8.3,same-wrap,,,,
146987,148614,same-sheet,15.5,50.9,unresolved,,,,
146987,149736,untestable,8.5,11.0,same-wrap,,,,
146987,151425,same-sheet,8.8,8.8,same-wrap,,,,
146987,146235,same-sheet,11.2,41.1,same-wrap,,,,
146987,146868,switch,89.3,185.9,adjacent,,,,
146987,146915,ambiguous,56.2,111.7,adjacent,,,,
146987,147178,ambiguous,55.5,111.7,adjacent,,,,
147030,147544,same-sheet,8.6,10.5,same-wrap,,,,
147030,148173,same-sheet,10.3,22.3,same-wrap,,,,
147030,148186,same-sheet,13.0,22.9,same-wrap,,,,
147030,145997,switch,119.5,230.7,adjacent,,,,
147030,146003,switch,106.1,234.3,adjacent,,,,
147030,146266,untestable,16.2,16.2,adjacent,,,,
147030,147012,same-sheet,9.4,10.3,same-wrap,,,,
147030,148270,same-sheet,11.3,23.6,same-wrap,,,,
147030,148460,same-sheet,9.1,9.1,unresolved,,,,
147041,147100,untestable,13.0,23.5,same-wrap,,,,
147078,137308,ambiguous,106.0,573.5,adjacent,,,,
147078,142823,same-sheet,8.7,13.1,same-wrap,,,,
147078,142898,same-sheet,11.5,35.1,same-wrap,,,,
147078,145675,same-sheet,12.0,66.7,same-wrap,,,,
147099,147478,same-sheet,9.9,20.0,same-wrap,,,,
147099,148018,ambiguous,11.2,53.3,same-wrap,,,,
147099,149842,ambiguous,17.5,55.8,same-wrap,,,,
147149,148436,same-sheet,10.7,10.7,same-wrap,,,,
147149,146868,same-sheet,17.1,60.8,same-wrap,,,,
147149,146915,same-sheet,10.2,17.2,same-wrap,,,,
147149,147178,same-sheet,9.3,18.8,same-wrap,,,,
147149,147549,untestable,8.5,8.5,same-wrap,,,,
147149,147811,same-sheet,9.2,10.1,same-wrap,,,,
147199,147212,same-sheet,10.0,11.3,same-wrap,,,,
147199,147338,same-sheet,14.2,27.8,same-wrap,,,,
147199,152868,untestable,8.6,8.6,unresolved,,,,
147199,153497,same-sheet,9.4,11.7,same-wrap,,,,
147199,153688,same-sheet,11.9,26.6,same-wrap,,,,
147199,146900,same-sheet,8.8,11.0,same-wrap,,,,
147199,149050,same-sheet,19.5,22.2,unresolved,,,,
147212,147338,same-sheet,9.7,21.9,same-wrap,,,,
147212,148765,untestable,13.9,27.3,same-wrap,,,,
147212,148988,untestable,8.7,8.8,same-wrap,,,,
147212,146900,same-sheet,13.4,69.7,same-wrap,,,,
147212,152953,untestable,9.6,12.8,same-wrap,,,,
147245,148765,same-sheet,13.5,20.2,same-wrap,,,,
147245,152195,same-sheet,10.2,26.3,same-wrap,,,,
147245,146900,same-sheet,9.9,16.2,same-wrap,,,,
147245,147879,same-sheet,10.9,28.4,same-wrap,,,,
147274,148339,ambiguous,57.5,143.6,adjacent,,,,
147274,146003,same-sheet,8.8,9.7,same-wrap,,,,
147274,146835,same-sheet,8.4,11.1,same-wrap,,,,
147274,146868,same-sheet,11.2,13.9,same-wrap,,,,
147274,147888,same-sheet,11.0,66.3,adjacent,,,,
147274,148358,ambiguous,133.2,321.5,adjacent,,,,
147274,148460,switch,120.3,303.8,adjacent,,,,
147338,148988,untestable,11.8,21.4,same-wrap,,,,
147338,149714,untestable,10.5,16.5,same-wrap,,,,
147338,153688,same-sheet,19.6,37.4,adjacent,,,,
147338,149050,same-sheet,8.4,8.4,same-wrap,,,,
147338,152953,untestable,8.9,9.0,same-wrap,,,,
147353,147408,same-sheet,13.2,55.1,same-wrap,,,,
147353,145916,untestable,10.5,24.9,same-wrap,,,,
147372,148226,same-sheet,8.8,13.1,same-wrap,,,,
147372,148454,switch,70.2,84.5,adjacent,,,,
147408,145635,same-sheet,11.4,25.0,same-wrap,,,,
147408,145916,same-sheet,10.6,30.5,same-wrap,,,,
147478,148018,ambiguous,8.8,10.2,same-wrap,,,,
147478,149842,ambiguous,9.1,10.7,same-wrap,,,,
147478,150418,untestable,13.1,14.0,same-wrap,,,,
147478,140368,ambiguous,16.5,31.3,same-wrap,,,,
147478,144905,ambiguous,10.9,37.6,same-wrap,,,,
147478,149480,same-sheet,9.6,16.2,same-wrap,,,,
147526,145675,same-sheet,9.5,24.8,same-wrap,,,,
147544,148173,same-sheet,9.6,12.4,same-wrap,,,,
147544,148186,same-sheet,9.3,12.7,same-wrap,,,,
147544,148488,untestable,9.0,9.0,same-wrap,,,,
147544,148492,switch,97.3,150.9,adjacent,,,,
147544,145997,switch,161.4,398.5,adjacent,,,,
147544,148392,same-sheet,9.8,33.4,same-wrap,,,,
147544,148460,same-sheet,9.9,15.5,same-wrap,,,,
147544,148579,same-sheet,11.0,24.7,same-wrap,,,,
147544,152578,ambiguous,68.7,148.4,adjacent,,,,
147560,152289,same-sheet,9.7,10.7,same-wrap,,,,
147565,140437,untestable,11.0,12.0,same-wrap,,,,
147565,142163,same-sheet,47.3,63.6,same-wrap,,,,
147565,142401,switch,109.2,228.7,adjacent,,,,
147565,142919,untestable,10.5,15.7,same-wrap,,,,
147594,147816,same-sheet,8.7,8.9,same-wrap,,,,
147594,148614,same-sheet,9.9,15.4,same-wrap,,,,
147594,149736,untestable,9.9,11.6,same-wrap,,,,
147594,153535,same-sheet,10.6,11.6,same-wrap,,,,
147594,146235,same-sheet,11.0,30.0,same-wrap,,,,
147594,146868,switch,88.2,194.8,adjacent,,,,
147594,146915,ambiguous,82.5,300.0,adjacent,,,,
147594,147178,switch,101.4,313.3,adjacent,,,,
147594,147764,same-sheet,65.3,141.6,adjacent,,,,
147594,147958,same-sheet,8.5,10.3,same-wrap,,,,
147645,148149,same-sheet,8.8,12.2,same-wrap,,,,
147645,152556,same-sheet,9.5,12.1,same-wrap,,,,
147719,155180,untestable,96.3,193.8,adjacent,,,,
147719,145635,untestable,16.8,108.7,same-wrap,64.0,44.0,0.02,
147719,148059,untestable,101.2,198.8,adjacent,,,,
147816,148436,ambiguous,123.9,391.6,adjacent,,,,
147816,149161,untestable,8.5,8.5,same-wrap,,,,
147816,146235,same-sheet,9.1,11.9,same-wrap,,,,
147816,147549,ambiguous,115.8,387.6,adjacent,,,,
147816,147764,ambiguous,108.6,378.4,adjacent,,,,
147816,147958,same-sheet,11.4,14.2,same-wrap,,,,
147816,148332,ambiguous,51.2,136.3,adjacent,,,,
147848,148605,untestable,8.1,8.1,unresolved,,,,
147848,149386,untestable,9.5,13.1,same-wrap,,,,
147848,147188,same-sheet,9.5,18.4,same-wrap,,,,
147848,148668,untestable,9.8,9.8,same-wrap,,,,
147897,147967,same-sheet,8.0,8.0,same-wrap,,,,
147897,150217,same-sheet,9.8,28.0,same-wrap,,,,
147897,163076,ambiguous,109.2,470.0,adjacent,,,,
147897,163132,switch,97.7,178.0,adjacent,,,,
147897,147226,same-sheet,13.6,564.3,same-wrap,16.2,10.5,0.64,160.0
147897,148587,same-sheet,9.0,9.0,same-wrap,,,,
147901,150217,same-sheet,10.3,55.2,adjacent,,,,
147901,146687,same-sheet,9.1,10.5,same-wrap,,,,
147901,147012,same-sheet,8.2,8.5,same-wrap,,,,
147901,148460,same-sheet,9.2,15.3,same-wrap,,,,
147901,148587,untestable,8.4,8.4,same-wrap,,,,
147967,147983,untestable,9.3,18.8,same-wrap,,,,
147967,149219,untestable,12.1,14.2,same-wrap,,,,
147967,148587,same-sheet,8.4,9.0,same-wrap,,,,
147967,148814,same-sheet,8.8,26.1,same-wrap,,,,
147983,148339,same-sheet,8.2,8.5,same-wrap,,,,
147983,149219,same-sheet,8.1,8.1,same-wrap,,,,
147983,148000,same-sheet,9.9,18.9,same-wrap,,,,
147983,148814,same-sheet,8.9,10.9,same-wrap,,,,
148008,148801,ambiguous,86.9,212.2,adjacent,,,,
148008,149161,same-sheet,16.8,29.0,unresolved,,,,
148008,149636,same-sheet,32.7,53.8,same-wrap,,,,
148008,149922,same-sheet,9.4,14.0,same-wrap,,,,
148008,150117,same-sheet,11.8,23.1,same-wrap,,,,
148008,147764,same-sheet,66.0,179.1,adjacent,,,,
148008,147958,same-sheet,8.0,8.0,same-wrap,,,,
148008,148254,same-sheet,13.8,13.8,unresolved,,,,
148008,148332,switch,100.1,285.1,adjacent,,,,
148008,149134,same-sheet,14.8,48.5,same-wrap,,,,
148018,149842,same-sheet,15.7,127.4,same-wrap,0.6,13.1,0.03,160.0
148018,144905,same-sheet,11.6,11.6,same-wrap,,,,
148018,146842,ambiguous,55.4,58.7,same-wrap,,,,
148149,148165,untestable,9.7,10.2,same-wrap,,,,
148149,155722,untestable,11.6,20.4,same-wrap,,,,
148149,148454,untestable,9.7,9.7,same-wrap,,,,
148149,152556,untestable,12.1,19.9,same-wrap,,,,
148161,148720,same-sheet,10.9,15.3,same-wrap,,,,
148161,149219,same-sheet,12.7,19.1,same-wrap,,,,
148161,151407,same-sheet,9.5,10.5,same-wrap,,,,
148161,153660,untestable,10.2,29.0,same-wrap,,,,
148161,148000,same-sheet,20.5,99.2,adjacent,,,,
148161,152725,same-sheet,15.7,43.1,same-wrap,,,,
148161,158912,same-sheet,99.8,356.0,adjacent,,,,
148165,146466,ambiguous,114.9,184.2,adjacent,,,,
148165,148454,same-sheet,9.1,13.6,same-wrap,,,,
148165,152556,same-sheet,9.1,12.3,same-wrap,,,,
148173,148186,same-sheet,9.1,12.4,same-wrap,,,,
148173,148492,ambiguous,107.8,400.3,adjacent,,,,
148173,146003,switch,137.0,306.1,adjacent,,,,
148173,147838,same-sheet,9.4,14.1,same-wrap,,,,
148173,148270,same-sheet,8.9,14.6,same-wrap,,,,
148173,148392,same-sheet,8.7,18.9,same-wrap,,,,
148173,148460,same-sheet,9.3,11.3,same-wrap,,,,
148186,148291,same-sheet,25.2,32.7,same-wrap,,,,
148186,164453,switch,91.5,255.9,adjacent,,,,
148186,147012,untestable,9.6,11.1,same-wrap,,,,
148186,148270,same-sheet,10.3,34.9,same-wrap,,,,
148186,148298,same-sheet,21.8,78.2,same-wrap,,,,
148226,148615,same-sheet,9.0,12.0,same-wrap,,,,
148226,148578,same-sheet,8.9,27.1,same-wrap,,,,
148291,147012,same-sheet,11.3,23.1,same-wrap,,,,
148291,148270,same-sheet,9.6,23.8,same-wrap,,,,
148291,148298,same-sheet,15.3,42.2,same-wrap,,,,
148302,143579,untestable,12.0,22.9,same-wrap,,,,
148339,148720,same-sheet,9.4,19.0,same-wrap,,,,
148339,147888,ambiguous,110.6,329.7,adjacent,,,,
148339,148000,same-sheet,9.4,15.5,same-wrap,,,,
148339,148358,same-sheet,13.6,57.9,same-wrap,,,,
148339,148460,same-sheet,10.9,59.3,same-wrap,,,,
148339,148587,same-sheet,10.8,62.9,same-wrap,,,,
148436,148801,same-sheet,8.4,9.7,same-wrap,,,,
148436,150217,switch,155.3,684.5,adjacent,,,,
148436,150914,untestable,8.6,8.6,unresolved,,,,
148436,153535,ambiguous,62.7,106.3,adjacent,,,,
148436,146868,untestable,22.1,35.5,same-wrap,,,,
148436,147549,same-sheet,14.2,55.5,same-wrap,,,,
148436,147764,ambiguous,92.9,173.3,adjacent,,,,
148436,147811,same-sheet,9.3,9.4,same-wrap,,,,
148436,147958,ambiguous,88.8,174.5,adjacent,,,,
148436,148332,same-sheet,8.5,8.6,same-wrap,,,,
148488,148492,same-sheet,13.8,22.8,same-wrap,,,,
148488,163344,ambiguous,88.0,292.8,adjacent,,,,
148488,148392,same-sheet,9.5,17.7,same-wrap,,,,
148488,148579,same-sheet,8.1,9.1,same-wrap,,,,
148488,148782,same-sheet,10.0,33.0,same-wrap,,,,
148488,149295,same-sheet,9.1,12.0,same-wrap,,,,
148492,155822,switch,98.5,178.0,adjacent,,,,
148492,145173,same-sheet,16.2,34.2,same-wrap,,,,
148492,145997,ambiguous,45.1,94.6,adjacent,,,,
148492,147838,ambiguous,101.7,370.4,adjacent,,,,
148492,148392,ambiguous,82.0,225.9,adjacent,,,,
148492,148782,same-sheet,9.8,14.2,same-wrap,,,,
148528,129538,ambiguous,72.4,263.9,adjacent,,,,
148528,134493,same-sheet,14.2,24.9,same-wrap,,,,
148528,148267,same-sheet,18.4,40.0,same-wrap,,,,
148605,149377,same-sheet,8.2,8.3,same-wrap,,,,
148605,149386,same-sheet,10.4,12.3,same-wrap,,,,
148605,162686,untestable,132.7,385.4,adjacent,,,,
148605,147188,same-sheet,10.8,11.2,same-wrap,,,,
148605,148668,same-sheet,10.5,44.4,same-wrap,,,,
148605,162317,switch,207.0,383.5,adjacent,,,,
148614,149736,same-sheet,9.6,11.4,same-wrap,,,,
148614,151425,same-sheet,13.9,58.7,same-wrap,,,,
148614,145450,ambiguous,59.9,110.6,unresolved,,,,
148614,146235,same-sheet,11.5,26.4,same-wrap,,,,
148614,146493,ambiguous,63.2,140.5,adjacent,,,,
148614,146868,ambiguous,82.4,178.4,unresolved,,,,
148614,146915,ambiguous,19.7,57.2,adjacent,,,,
148614,147178,ambiguous,31.4,57.8,adjacent,,,,
148615,150156,switch,67.0,89.2,same-wrap,18.5,62.4,66.05,
148615,150399,switch,68.9,94.1,same-wrap,43.4,57.4,141.1,50.0
148615,148578,same-sheet,9.3,22.3,same-wrap,,,,
148720,154174,switch,85.3,258.9,adjacent,,,,
148720,148000,same-sheet,9.6,21.4,same-wrap,,,,
148720,148358,same-sheet,10.9,15.0,same-wrap,,,,
148720,148460,same-sheet,11.1,40.1,same-wrap,,,,
148720,148579,same-sheet,8.4,10.7,same-wrap,,,,
148720,148782,same-sheet,10.8,22.6,same-wrap,,,,
148720,149238,same-sheet,10.4,29.5,same-wrap,,,,
148720,152725,same-sheet,9.5,25.4,same-wrap,,,,
148765,149742,untestable,18.9,25.2,unresolved,,,,
148765,146900,same-sheet,10.8,152.7,same-wrap,8.5,12.5,0.26,
148801,149161,ambiguous,136.4,395.1,adjacent,,,,
148801,147549,untestable,8.4,8.4,same-wrap,,,,
148801,147764,same-sheet,25.3,70.3,adjacent,,,,
148801,147811,untestable,11.6,30.7,same-wrap,,,,
148801,148254,ambiguous,160.1,365.3,adjacent,,,,
148801,148332,same-sheet,9.6,21.0,same-wrap,,,,
148801,148773,untestable,8.1,8.1,same-wrap,,,,
148801,148839,same-sheet,9.2,15.0,same-wrap,,,,
148809,149377,same-sheet,9.0,11.0,same-wrap,,,,
148809,149494,same-sheet,7.9,7.9,unresolved,,,,
148809,151854,same-sheet,8.1,8.1,same-wrap,,,,
148809,162028,same-sheet,23.2,55.5,adjacent,,,,
148809,148668,same-sheet,8.7,14.0,same-wrap,,,,
148809,150022,ambiguous,20.2,116.0,unresolved,,,,
148809,150496,same-sheet,9.9,12.4,same-wrap,,,,
148809,162250,ambiguous,93.5,167.9,adjacent,,,,
148854,148773,same-sheet,11.7,17.4,same-wrap,,,,
148854,150000,ambiguous,15.1,20.6,same-wrap,,,,
148858,149013,untestable,9.0,11.0,same-wrap,,,,
148858,149777,same-sheet,10.4,13.5,same-wrap,,,,
148858,149904,same-sheet,8.4,13.8,same-wrap,,,,
148858,148773,same-sheet,8.6,9.9,same-wrap,,,,
148858,148839,same-sheet,11.9,24.6,same-wrap,,,,
148858,149208,same-sheet,11.3,41.8,same-wrap,,,,
148858,149944,same-sheet,10.5,11.0,same-wrap,,,,
148988,149714,same-sheet,10.4,20.4,same-wrap,,,,
148988,149742,untestable,93.9,175.0,same-wrap,1.1,52.8,67.66,
148988,152953,untestable,10.8,18.5,same-wrap,,,,
149013,149935,same-sheet,10.9,33.7,same-wrap,,,,
149013,152076,switch,103.1,161.1,adjacent,,,,
149013,149208,same-sheet,13.1,26.4,same-wrap,,,,
149013,149944,same-sheet,19.2,38.3,same-wrap,,,,
149037,142896,same-sheet,38.4,98.7,same-wrap,84.6,15.5,68.81,
149037,146842,same-sheet,20.3,56.9,same-wrap,,,,
149161,149339,untestable,15.6,26.9,same-wrap,,,,
149161,149411,untestable,7.9,7.9,same-wrap,,,,
149161,147764,ambiguous,135.2,381.5,adjacent,,,,
149161,148254,same-sheet,24.5,34.7,adjacent,,,,
149161,149134,same-sheet,11.0,28.9,same-wrap,,,,
149188,143937,untestable,101.8,200.4,adjacent,,,,
149188,144458,untestable,70.1,200.1,adjacent,,,,
149219,151407,same-sheet,11.1,115.7,same-wrap,40.5,46.3,0.13,
149219,148000,same-sheet,12.1,16.0,same-wrap,,,,
149219,148814,same-sheet,12.1,107.1,same-wrap,10.5,27.5,0.33,
149339,149411,untestable,8.4,10.5,same-wrap,,,,
149339,149134,untestable,8.9,10.0,same-wrap,,,,
149377,149386,same-sheet,9.7,20.7,same-wrap,,,,
149377,149621,same-sheet,9.8,17.1,same-wrap,,,,
149377,149637,same-sheet,9.1,13.0,same-wrap,,,,
149377,148668,same-sheet,8.7,12.8,same-wrap,,,,
149377,162250,switch,116.5,362.0,adjacent,,,,
149386,149621,same-sheet,10.4,27.3,same-wrap,,,,
149386,149637,same-sheet,12.7,26.8,same-wrap,,,,
149386,147188,same-sheet,10.2,10.5,same-wrap,,,,
149386,148668,same-sheet,9.2,13.8,same-wrap,,,,
149405,153798,same-sheet,8.7,9.8,same-wrap,,,,
149405,149401,ambiguous,15.8,66.8,same-wrap,,,,
149405,152342,ambiguous,15.7,63.6,same-wrap,,,,
149405,153345,same-sheet,8.1,8.2,same-wrap,,,,
149411,149582,untestable,9.6,12.4,same-wrap,,,,
149411,149636,same-sheet,8.9,8.9,same-wrap,,,,
149411,150118,same-sheet,9.0,12.7,same-wrap,,,,
149411,149134,same-sheet,8.3,11.4,same-wrap,,,,
149411,149417,same-sheet,8.5,8.5,same-wrap,,,,
149494,150614,same-sheet,11.0,40.2,same-wrap,,,,
149494,148668,untestable,9.0,9.0,same-wrap,,,,
149494,150496,untestable,8.1,8.2,same-wrap,,,,
149534,145629,same-sheet,19.9,22.8,same-wrap,,,,
149582,150118,untestable,8.4,15.6,same-wrap,,,,
149582,150234,untestable,8.0,8.0,same-wrap,,,,
149582,149417,same-sheet,8.8,9.1,same-wrap,,,,
149621,149637,same-sheet,10.9,20.5,same-wrap,,,,
149621,149639,same-sheet,9.2,14.8,same-wrap,,,,
149621,149786,same-sheet,9.6,16.4,same-wrap,,,,
149621,162172,switch,88.3,208.4,adjacent,,,,
149636,149922,same-sheet,9.5,10.0,same-wrap,,,,
149636,150051,same-sheet,9.9,15.1,same-wrap,,,,
149636,150238,same-sheet,10.3,10.8,same-wrap,,,,
149636,150452,same-sheet,11.1,27.1,same-wrap,,,,
149636,148332,ambiguous,98.4,385.1,adjacent,,,,
149636,149134,same-sheet,19.5,62.0,same-wrap,,,,
149636,149417,ambiguous,18.0,67.8,unresolved,,,,
149637,148668,untestable,9.1,9.9,same-wrap,,,,
149637,162250,switch,92.1,174.1,adjacent,,,,
149639,149786,same-sheet,8.4,10.2,same-wrap,,,,
149639,162498,switch,83.7,143.6,adjacent,,,,
149639,150022,same-sheet,10.0,21.0,same-wrap,,,,
149639,150985,same-sheet,9.2,12.9,same-wrap,,,,
149714,150006,untestable,8.8,12.3,same-wrap,,,,
149714,150125,untestable,10.6,18.7,same-wrap,,,,
149736,151425,untestable,9.6,10.8,same-wrap,,,,
149736,146915,untestable,8.7,9.6,same-wrap,,,,
149742,146900,untestable,13.3,19.2,unresolved,,,,
149742,151778,untestable,13.0,45.4,same-wrap,,,,
149742,152953,same-sheet,77.9,166.5,same-wrap,112.7,19.2,67.77,
149777,149904,same-sheet,9.2,18.6,same-wrap,,,,
149777,149935,untestable,14.7,14.7,same-wrap,,,,
149777,150200,switch,15.6,15.6,same-wrap,,,,
149777,148332,ambiguous,8.7,14.9,same-wrap,,,,
149777,148839,same-sheet,9.1,15.5,same-wrap,,,,
149777,149944,same-sheet,9.0,13.8,same-wrap,,,,
149786,158207,same-sheet,8.3,8.3,same-wrap,,,,
149786,162498,switch,98.3,221.4,adjacent,,,,
149786,156908,switch,96.2,299.6,adjacent,,,,
149786,157072,same-sheet,10.1,28.9,same-wrap,,,,
149786,162323,ambiguous,54.6,91.3,adjacent,,,,
149842,150418,same-sheet,9.0,11.9,same-wrap,,,,
149842,142673,untestable,12.4,59.4,same-wrap,,,,
149842,146832,ambiguous,69.3,167.3,same-wrap,14.8,75.4,70.33,
149842,149480,untestable,8.9,9.7,same-wrap,,,,
149900,143579,same-sheet,9.9,14.8,same-wrap,,,,
149904,150200,same-sheet,9.0,9.0,same-wrap,,,,
149904,149944,same-sheet,9.6,17.7,same-wrap,,,,
149904,150206,same-sheet,9.7,13.9,same-wrap,,,,
149904,150376,same-sheet,9.7,11.5,same-wrap,,,,
149922,150051,same-sheet,10.3,11.5,same-wrap,,,,
149922,150238,same-sheet,8.3,8.3,same-wrap,,,,
149922,150452,same-sheet,10.6,15.6,same-wrap,,,,
149922,149134,same-sheet,8.5,9.1,same-wrap,,,,
149935,149208,same-sheet,9.7,20.1,same-wrap,,,,
149935,149944,same-sheet,10.6,23.3,same-wrap,,,,
149935,150889,ambiguous,62.7,136.7,adjacent,,,,
149972,151808,same-sheet,11.5,24.2,same-wrap,,,,
149972,143498,same-sheet,8.8,10.4,same-wrap,,,,
149972,143579,ambiguous,81.9,179.6,same-wrap,5.4,143.8,0.96,70.0
150006,150125,untestable,8.8,14.2,same-wrap,,,,
150047,138053,switch,97.0,178.4,adjacent,,,,
150047,140241,untestable,13.0,30.4,same-wrap,,,,
150047,141764,untestable,25.7,56.1,adjacent,,,,
150051,150238,untestable,17.7,27.4,same-wrap,,,,
150051,150452,same-sheet,10.5,27.4,same-wrap,,,,
150051,150889,same-sheet,8.4,11.8,same-wrap,,,,
150117,150238,same-sheet,9.8,14.5,same-wrap,,,,
150117,153535,ambiguous,72.2,221.9,adjacent,,,,
150117,147764,same-sheet,11.1,14.5,same-wrap,,,,
150117,147958,same-sheet,11.0,17.7,same-wrap,,,,
150118,150234,untestable,10.7,20.0,same-wrap,,,,
150118,150769,untestable,13.9,19.2,same-wrap,,,,
150118,149417,same-sheet,8.3,8.7,same-wrap,,,,
150119,150425,ambiguous,9.3,30.9,same-wrap,,,,
150119,149944,same-sheet,9.6,12.1,same-wrap,,,,
150119,150206,same-sheet,13.6,21.3,same-wrap,,,,
150119,150376,same-sheet,11.0,30.4,same-wrap,,,,
150119,150889,switch,157.8,328.6,adjacent,,,,
150140,152321,same-sheet,11.1,32.5,same-wrap,,,,
150140,152480,switch,62.3,88.2,adjacent,,,,
150140,147879,switch,68.8,117.8,same-wrap,88.2,24.5,0.81,100.0
150156,150399,same-sheet,9.8,25.6,same-wrap,,,,
150156,142695,ambiguous,69.8,100.2,adjacent,,,,
150156,143407,switch,84.9,133.7,adjacent,,,,
150156,148578,switch,69.8,98.9,adjacent,,,,
150156,149186,same-sheet,9.1,14.0,same-wrap,,,,
150200,150914,same-sheet,8.9,26.8,same-wrap,,,,
150200,148332,same-sheet,10.7,34.8,same-wrap,,,,
150200,149944,same-sheet,8.6,8.9,same-wrap,,,,
150200,151958,same-sheet,11.5,24.7,same-wrap,,,,
150217,146266,same-sheet,25.5,70.4,same-wrap,,,,
150217,146687,same-sheet,26.7,56.5,same-wrap,,,,
150217,146835,switch,76.4,230.9,adjacent,,,,
150217,146868,switch,80.1,253.1,adjacent,,,,
150217,147012,same-sheet,12.2,25.2,same-wrap,,,,
150217,147226,same-sheet,11.0,26.1,same-wrap,,,,
150217,148358,untestable,8.2,8.2,same-wrap,,,,
150217,148460,same-sheet,8.9,12.9,same-wrap,,,,
150217,148587,same-sheet,10.3,28.2,same-wrap,,,,
150234,150487,untestable,8.0,8.0,same-wrap,,,,
150234,150505,ambiguous,9.0,79.9,same-wrap,8.8,17.6,68.97,90.0
150234,150769,untestable,10.0,19.9,same-wrap,,,,
150234,151084,same-sheet,8.7,16.4,same-wrap,,,,
150238,150452,ambiguous,11.2,39.7,same-wrap,,,,
150238,153503,same-sheet,11.2,12.2,same-wrap,,,,
150270,150281,same-sheet,9.5,12.0,same-wrap,,,,
150270,152148,same-sheet,8.9,14.2,same-wrap,,,,
150270,159043,same-sheet,10.9,14.0,same-wrap,,,,
150270,150022,same-sheet,9.5,13.9,same-wrap,,,,
150270,150985,ambiguous,13.3,30.9,same-wrap,,,,
150281,151468,same-sheet,8.8,17.7,same-wrap,,,,
150281,151854,same-sheet,10.6,50.4,same-wrap,,,,
150281,152148,same-sheet,9.7,14.7,same-wrap,,,,
150281,150022,same-sheet,9.5,16.2,same-wrap,,,,
150281,150496,same-sheet,18.9,52.0,same-wrap,,,,
150281,155570,ambiguous,199.7,632.1,adjacent,,,,
150293,151199,ambiguous,10.7,39.5,same-wrap,,,,
150293,151631,same-sheet,9.7,17.5,same-wrap,,,,
150293,154109,untestable,162.8,376.6,adjacent,,,,
150293,157511,ambiguous,383.9,624.6,adjacent,,,,
150293,150125,untestable,8.9,11.6,same-wrap,,,,
150293,156105,ambiguous,312.2,592.1,adjacent,,,,
150339,144626,ambiguous,320.9,833.3,adjacent,,,,
150339,144834,ambiguous,27.2,54.6,same-wrap,,,,
150339,146037,same-sheet,17.6,58.6,same-wrap,,,,
150339,146349,same-sheet,10.3,18.6,same-wrap,,,,
150399,148578,switch,69.6,107.1,adjacent,,,,
150418,141779,ambiguous,105.8,196.6,same-wrap,11.5,100.7,67.71,
150425,150510,same-sheet,10.0,30.2,same-wrap,,,,
150425,150623,same-sheet,11.3,39.6,same-wrap,,,,
150425,150629,same-sheet,10.2,17.1,same-wrap,,,,
150425,150630,same-sheet,10.5,27.1,same-wrap,,,,
150425,150991,same-sheet,10.3,24.9,same-wrap,,,,
150425,151121,same-sheet,8.0,9.5,same-wrap,,,,
150425,152276,untestable,9.1,9.2,same-wrap,,,,
150425,149944,same-sheet,9.9,16.4,same-wrap,,,,
150425,150206,same-sheet,10.5,62.8,same-wrap,,,,
150425,150376,same-sheet,9.9,16.1,same-wrap,,,,
150452,150493,same-sheet,12.5,23.7,same-wrap,,,,
150452,151041,same-sheet,9.3,12.9,same-wrap,,,,
150452,150889,same-sheet,8.6,8.9,same-wrap,,,,
150487,150505,same-sheet,8.1,8.2,same-wrap,,,,
150487,150769,same-sheet,11.4,12.4,same-wrap,,,,
150487,151084,ambiguous,8.5,9.1,same-wrap,,,,
150493,151015,same-sheet,11.8,11.8,same-wrap,,,,
150493,151022,same-sheet,8.7,15.0,same-wrap,,,,
150493,151041,same-sheet,10.0,15.6,same-wrap,,,,
150493,152237,same-sheet,11.4,11.7,same-wrap,,,,
150493,150889,same-sheet,8.6,16.1,same-wrap,,,,
150493,151773,untestable,9.1,9.1,same-wrap,,,,
150505,152076,same-sheet,10.6,43.6,unresolved,,,,
150505,149208,ambiguous,75.5,140.4,adjacent,,,,
150510,150630,untestable,8.9,28.2,same-wrap,,,,
150510,150991,same-sheet,9.1,15.5,same-wrap,,,,
150525,150959,same-sheet,8.8,11.1,same-wrap,,,,
150525,151089,ambiguous,12.2,31.2,same-wrap,,,,
150525,151091,untestable,9.3,12.5,same-wrap,,,,
150525,151093,switch,32.1,49.6,same-wrap,,,,
150525,152898,switch,36.8,61.6,same-wrap,,,,
150525,155410,ambiguous,12.9,36.0,same-wrap,,,,
150525,150000,same-sheet,10.0,11.1,same-wrap,,,,
150614,151329,untestable,9.4,11.4,same-wrap,,,,
150614,151468,same-sheet,8.6,10.2,same-wrap,,,,
150614,151854,same-sheet,9.3,14.7,same-wrap,,,,
150614,150496,same-sheet,11.6,33.6,same-wrap,,,,
150623,150630,untestable,8.8,9.9,same-wrap,,,,
150623,151121,same-sheet,9.7,16.1,same-wrap,,,,
150623,152276,same-sheet,11.1,14.7,same-wrap,,,,
150623,150376,same-sheet,9.4,9.8,same-wrap,,,,
150623,160084,untestable,8.8,9.7,same-wrap,,,,
150629,150991,same-sheet,8.7,11.1,same-wrap,,,,
150629,151060,same-sheet,15.2,20.8,same-wrap,,,,
150629,157072,switch,121.2,345.0,adjacent,,,,
150630,160084,untestable,8.4,8.4,same-wrap,,,,
150730,150766,same-sheet,10.4,21.9,same-wrap,,,,
150730,150769,same-sheet,9.2,13.4,same-wrap,,,,
150730,151043,untestable,10.2,17.3,same-wrap,,,,
150730,152567,same-sheet,10.5,22.2,same-wrap,,,,
150766,151043,same-sheet,8.0,29.0,same-wrap,,,,
150766,152048,ambiguous,242.6,519.1,adjacent,,,,
150766,152567,same-sheet,9.9,20.7,same-wrap,,,,
150766,154998,ambiguous,23.7,84.1,adjacent,,,,
150766,157012,untestable,9.7,10.3,same-wrap,,,,
150766,151569,ambiguous,154.9,251.0,adjacent,,,,
150766,152059,ambiguous,20.5,49.7,unresolved,,,,
150769,151084,same-sheet,11.3,36.3,same-wrap,,,,
150769,152319,same-sheet,10.1,16.2,same-wrap,,,,
150769,152567,same-sheet,9.8,21.2,same-wrap,,,,
150914,153535,same-sheet,14.5,19.5,same-wrap,,,,
150914,147958,switch,90.9,216.9,adjacent,,,,
150914,148332,same-sheet,8.2,8.3,same-wrap,,,,
150914,151958,same-sheet,11.1,23.2,same-wrap,,,,
150959,151089,same-sheet,10.1,10.6,same-wrap,,,,
150959,151091,same-sheet,9.4,13.4,same-wrap,,,,
150991,151060,same-sheet,10.1,17.0,same-wrap,,,,
150991,151331,same-sheet,13.5,19.5,same-wrap,,,,
150991,151341,untestable,9.3,9.5,same-wrap,,,,
150991,151566,same-sheet,9.5,10.2,same-wrap,,,,
151015,151022,same-sheet,10.2,13.0,same-wrap,,,,
151015,151039,same-sheet,8.8,9.3,same-wrap,,,,
151015,151447,same-sheet,8.7,12.0,same-wrap,,,,
151015,152237,untestable,9.7,9.7,same-wrap,,,,
151015,151773,same-sheet,8.6,10.1,same-wrap,,,,
151022,151041,same-sheet,14.5,33.2,same-wrap,,,,
151022,151447,same-sheet,13.2,47.1,same-wrap,,,,
151022,152087,same-sheet,21.1,61.7,same-wrap,,,,
151022,152237,same-sheet,10.0,26.4,same-wrap,,,,
151022,152860,same-sheet,10.1,23.4,same-wrap,,,,
151022,156451,same-sheet,9.2,16.6,same-wrap,,,,
151022,151773,same-sheet,8.1,11.1,same-wrap,,,,
151039,152237,same-sheet,9.2,10.8,same-wrap,,,,
151039,152609,same-sheet,11.8,131.8,same-wrap,33.6,16.3,0.83,
151039,150889,same-sheet,8.6,8.6,unresolved,,,,
151039,151773,same-sheet,8.5,10.6,same-wrap,,,,
151041,152087,same-sheet,11.2,23.3,same-wrap,,,,
151041,152671,untestable,13.2,16.2,same-wrap,,,,
151041,153503,same-sheet,28.9,65.4,same-wrap,,,,
151043,157012,untestable,10.8,26.2,same-wrap,,,,
151043,151618,untestable,163.6,536.5,adjacent,,,,
151060,151331,same-sheet,9.5,15.8,same-wrap,,,,
151060,151566,same-sheet,11.6,14.6,same-wrap,,,,
151060,152609,switch,174.9,432.9,adjacent,,,,
151060,152782,switch,143.0,261.6,adjacent,,,,
151060,157810,switch,91.4,173.2,adjacent,,,,
151060,158003,switch,98.2,227.7,adjacent,,,,
151060,158916,switch,62.3,91.1,adjacent,,,,
151060,155394,same-sheet,9.6,15.0,same-wrap,,,,
151089,151091,untestable,9.5,9.5,same-wrap,,,,
151089,151093,ambiguous,12.6,47.5,same-wrap,,,,
151089,152898,ambiguous,12.8,60.4,same-wrap,,,,
151089,155410,ambiguous,13.6,44.1,same-wrap,,,,
151091,151093,same-sheet,9.1,11.7,same-wrap,,,,
151091,151237,same-sheet,9.3,20.2,same-wrap,,,,
151091,152743,same-sheet,8.8,8.8,same-wrap,,,,
151091,156047,switch,92.3,254.0,adjacent,,,,
151091,156353,ambiguous,82.8,236.6,adjacent,,,,
151091,151130,same-sheet,10.7,36.9,same-wrap,,,,
151091,151569,untestable,9.4,9.4,same-wrap,,,,
151093,152290,same-sheet,10.9,27.3,same-wrap,,,,
151093,152306,same-sheet,9.7,10.8,same-wrap,,,,
151093,152743,same-sheet,11.3,15.1,same-wrap,,,,
151093,152898,same-sheet,10.5,15.2,same-wrap,,,,
151093,155410,same-sheet,12.0,18.6,same-wrap,,,,
151121,152276,same-sheet,8.8,10.4,same-wrap,,,,
151121,150376,same-sheet,9.6,12.9,same-wrap,,,,
151199,151631,untestable,9.8,45.9,same-wrap,,,,
151199,154109,untestable,23.0,76.8,adjacent,,,,
151199,156177,same-sheet,9.1,16.2,same-wrap,,,,
151199,156851,same-sheet,120.5,498.6,adjacent,,,,
151199,157511,same-sheet,113.5,490.6,adjacent,,,,
151199,150125,ambiguous,57.2,253.3,unresolved,,,,
151199,156105,same-sheet,127.0,476.9,adjacent,,,,
151237,152743,same-sheet,14.3,29.6,same-wrap,,,,
151329,151468,same-sheet,9.6,20.4,same-wrap,,,,
151329,151854,same-sheet,10.3,18.7,same-wrap,,,,
151329,155233,untestable,11.6,15.3,same-wrap,,,,
151331,151341,untestable,8.3,14.3,same-wrap,,,,
151331,151566,same-sheet,8.2,23.2,same-wrap,,,,
151341,151566,untestable,9.6,15.3,same-wrap,,,,
151341,151804,untestable,9.9,14.8,same-wrap,,,,
151341,151835,untestable,9.2,20.2,same-wrap,,,,
151407,153660,untestable,17.5,24.8,same-wrap,,,,
151407,148814,same-sheet,12.2,89.6,same-wrap,47.4,44.5,0.16,200.0
151425,145768,switch,43.7,84.0,adjacent,,,,
151447,152237,same-sheet,10.4,50.3,same-wrap,,,,
151447,152860,same-sheet,26.7,73.5,same-wrap,,,,
151447,156451,same-sheet,19.1,63.8,same-wrap,,,,
151468,151854,same-sheet,9.7,24.7,same-wrap,,,,
151468,152148,same-sheet,9.5,22.3,same-wrap,,,,
151468,152904,same-sheet,9.5,17.9,same-wrap,,,,
151468,153360,same-sheet,9.6,11.1,same-wrap,,,,
151468,155233,same-sheet,15.0,36.3,same-wrap,,,,
151468,156047,same-sheet,12.5,15.9,same-wrap,,,,
151468,155170,ambiguous,180.0,333.6,adjacent,,,,
151525,151696,untestable,8.6,10.6,same-wrap,,,,
151566,151804,same-sheet,10.9,35.6,same-wrap,,,,
151566,152508,same-sheet,10.3,22.4,same-wrap,,,,
151566,158916,switch,95.1,457.2,adjacent,,,,
151566,151882,untestable,9.6,11.0,same-wrap,,,,
151631,153928,ambiguous,37.1,101.0,same-wrap,3.4,65.8,0.15,
151631,154109,switch,106.2,332.2,adjacent,,,,
151631,154239,switch,132.3,554.8,adjacent,,,,
151631,150125,untestable,11.1,20.0,same-wrap,,,,
151696,153626,same-sheet,8.2,8.3,same-wrap,,,,
151770,151964,same-sheet,8.9,11.8,same-wrap,,,,
151770,151569,untestable,8.6,10.1,same-wrap,,,,
151770,152059,same-sheet,10.9,64.2,same-wrap,,,,
151804,151835,untestable,9.9,12.7,same-wrap,,,,
151804,151970,untestable,9.2,14.8,same-wrap,,,,
151804,152254,untestable,13.1,36.1,same-wrap,,,,
151804,152508,same-sheet,12.6,14.4,same-wrap,,,,
151804,151882,same-sheet,9.0,10.1,same-wrap,,,,
151808,142089,ambiguous,58.1,193.1,same-wrap,87.5,51.5,0.41,150.0
151808,143305,same-sheet,8.4,9.0,same-wrap,,,,
151808,143498,untestable,9.8,10.0,same-wrap,,,,
151808,143579,ambiguous,82.5,135.7,same-wrap,7.8,115.7,0.09,200.0
151835,151970,untestable,10.7,24.8,same-wrap,,,,
151835,152254,untestable,9.5,18.4,same-wrap,,,,
151854,152148,same-sheet,9.9,21.0,same-wrap,,,,
151854,150022,same-sheet,9.1,10.7,same-wrap,,,,
151854,150496,same-sheet,9.1,38.1,same-wrap,,,,
151964,153197,same-sheet,8.8,11.2,same-wrap,,,,
151964,154155,ambiguous,206.7,580.1,adjacent,,,,
151964,154480,ambiguous,147.3,475.2,adjacent,,,,
151964,151569,same-sheet,9.7,12.0,same-wrap,,,,
151964,152059,same-sheet,12.4,22.6,same-wrap,,,,
151970,152254,untestable,8.5,15.2,same-wrap,,,,
151970,153319,same-sheet,20.5,67.4,same-wrap,,,,
152048,154998,same-sheet,11.2,77.4,same-wrap,,,,
152048,155589,same-sheet,11.6,90.6,same-wrap,119.5,142.2,0.57,
152048,151130,switch,21.4,48.0,same-wrap,,,,
152048,151569,same-sheet,8.3,8.4,same-wrap,,,,
152048,151618,same-sheet,10.8,55.3,unresolved,,,,
152076,149208,ambiguous,94.5,159.9,adjacent,,,,
152087,152671,same-sheet,9.9,19.0,same-wrap,,,,
152087,152860,same-sheet,11.1,18.7,same-wrap,,,,
152087,152881,same-sheet,10.5,16.3,same-wrap,,,,
152087,152890,same-sheet,8.9,12.7,same-wrap,,,,
152087,153503,same-sheet,27.2,67.3,same-wrap,,,,
152148,152904,same-sheet,10.1,21.8,same-wrap,,,,
152148,153360,same-sheet,10.7,26.9,same-wrap,,,,
152195,146900,same-sheet,9.7,12.5,same-wrap,,,,
152195,147879,same-sheet,11.2,33.6,same-wrap,,,,
152237,151773,ambiguous,8.6,11.8,same-wrap,,,,
152254,152508,same-sheet,39.6,63.0,same-wrap,,,,
152254,152876,same-sheet,29.6,65.4,same-wrap,,,,
152254,153319,same-sheet,11.0,17.2,same-wrap,,,,
152254,158248,ambiguous,84.9,203.4,adjacent,,,,
152254,151882,same-sheet,36.1,62.9,same-wrap,,,,
152276,153503,ambiguous,58.1,147.3,adjacent,,,,
152276,150206,same-sheet,10.2,26.8,same-wrap,,,,
152276,150376,same-sheet,10.1,24.1,same-wrap,,,,
152289,137562,switch,118.0,379.4,adjacent,,,,
152289,143159,switch,48.5,93.6,adjacent,,,,
152289,150449,ambiguous,67.1,218.9,adjacent,,,,
152290,152306,same-sheet,12.7,35.4,same-wrap,,,,
152290,152743,same-sheet,9.0,9.0,same-wrap,,,,
152290,152898,same-sheet,9.2,14.2,same-wrap,,,,
152290,155570,same-sheet,15.6,31.1,same-wrap,,,,
152306,152743,untestable,12.4,12.7,same-wrap,,,,
152306,153165,same-sheet,10.1,39.1,same-wrap,,,,
152306,153257,ambiguous,24.0,77.8,same-wrap,,,,
152306,155111,same-sheet,10.7,17.7,same-wrap,,,,
152319,152567,ambiguous,8.6,13.3,same-wrap,,,,
152321,152480,switch,61.6,85.7,adjacent,,,,
152321,147879,ambiguous,67.2,355.6,same-wrap,103.7,114.2,1.13,
152480,145657,ambiguous,85.2,206.4,same-wrap,186.1,28.9,0.0,200.0
152480,147879,same-sheet,11.3,24.6,same-wrap,,,,
152508,152876,ambiguous,8.1,8.6,same-wrap,,,,
152508,151882,same-sheet,9.1,23.5,same-wrap,,,,
152567,152636,same-sheet,11.1,21.0,same-wrap,,,,
152567,154155,same-sheet,9.7,23.4,same-wrap,,,,
152609,152782,same-sheet,12.2,49.4,same-wrap,,,,
152609,152945,same-sheet,12.2,16.6,same-wrap,,,,
152609,151773,same-sheet,12.4,218.4,same-wrap,5.3,17.3,1.64,90.0
152609,152632,same-sheet,12.5,164.4,same-wrap,51.6,19.3,1.65,
152636,154155,same-sheet,9.8,24.3,same-wrap,,,,
152636,154480,same-sheet,10.5,11.7,same-wrap,,,,
152671,152881,same-sheet,8.6,9.2,same-wrap,,,,
152671,152890,same-sheet,9.3,9.3,unresolved,,,,
152671,153503,same-sheet,9.6,28.7,same-wrap,,,,
152671,153798,same-sheet,13.5,32.7,same-wrap,,,,
152671,153345,same-sheet,19.4,37.1,same-wrap,,,,
152743,153372,same-sheet,8.4,8.9,same-wrap,,,,
152782,152632,same-sheet,14.0,209.8,same-wrap,30.2,42.0,0.53,
152860,152890,same-sheet,11.4,21.0,same-wrap,,,,
152860,156451,same-sheet,8.2,8.7,same-wrap,,,,
152868,153497,same-sheet,9.9,13.6,same-wrap,,,,
152868,153688,same-sheet,10.1,15.3,same-wrap,,,,
152876,152956,same-sheet,10.3,23.8,same-wrap,,,,
152876,153197,same-sheet,8.4,8.6,same-wrap,,,,
152876,153319,untestable,10.7,13.2,same-wrap,,,,
152876,158248,switch,96.8,185.1,adjacent,,,,
152876,151882,same-sheet,9.3,12.0,same-wrap,,,,
152876,153257,same-sheet,17.1,22.4,same-wrap,,,,
152876,155394,same-sheet,9.0,9.0,same-wrap,,,,
152881,152890,same-sheet,10.5,17.5,same-wrap,,,,
152881,153114,same-sheet,8.6,9.7,same-wrap,,,,
152890,156451,same-sheet,9.2,10.5,same-wrap,,,,
152890,156758,untestable,7.9,7.9,same-wrap,,,,
152898,155410,same-sheet,11.2,19.5,same-wrap,,,,
152898,155570,same-sheet,12.6,48.0,same-wrap,,,,
152904,153360,same-sheet,9.8,25.1,same-wrap,,,,
152904,153460,same-sheet,9.6,21.5,same-wrap,,,,
152904,153579,same-sheet,11.3,16.9,same-wrap,,,,
152904,155170,same-sheet,11.4,95.4,same-wrap,8.6,67.3,72.85,140.0
152945,151773,same-sheet,9.7,13.2,same-wrap,,,,
152956,153197,same-sheet,9.4,16.6,same-wrap,,,,
152956,153305,same-sheet,12.1,27.0,same-wrap,,,,
152956,153372,ambiguous,8.8,10.4,same-wrap,,,,
152956,153257,same-sheet,9.1,11.8,same-wrap,,,,
153165,154160,same-sheet,10.3,25.1,same-wrap,,,,
153165,153257,same-sheet,10.0,14.9,same-wrap,,,,
153165,155111,same-sheet,11.3,28.6,same-wrap,,,,
153165,155394,same-sheet,12.7,26.3,same-wrap,,,,
153197,153305,same-sheet,8.9,13.5,same-wrap,,,,
153197,153372,same-sheet,9.2,18.2,same-wrap,,,,
153197,153257,same-sheet,9.7,13.6,same-wrap,,,,
153271,153285,same-sheet,10.8,25.6,same-wrap,,,,
153300,153431,same-sheet,14.1,52.2,same-wrap,,,,
153300,153626,same-sheet,29.9,51.8,same-wrap,,,,
153300,155822,same-sheet,8.3,10.5,same-wrap,,,,
153300,145173,switch,95.5,136.3,same-wrap,29.4,38.2,140.21,190.0
153300,152578,same-sheet,8.6,9.2,same-wrap,,,,
153300,153159,same-sheet,8.2,8.5,same-wrap,,,,
153300,153164,same-sheet,9.5,14.0,same-wrap,,,,
153300,153167,same-sheet,8.7,10.3,same-wrap,,,,
153300,153302,untestable,8.3,8.3,same-wrap,,,,
153305,153319,same-sheet,8.4,10.6,same-wrap,,,,
153305,153635,same-sheet,8.2,8.9,same-wrap,,,,
153319,153848,same-sheet,8.0,8.0,same-wrap,,,,
153319,153928,same-sheet,10.0,16.1,same-wrap,,,,
153319,153635,same-sheet,8.1,8.2,same-wrap,,,,
153360,153460,same-sheet,9.2,14.3,same-wrap,,,,
153360,153579,same-sheet,9.4,13.0,same-wrap,,,,
153360,154429,same-sheet,10.3,22.0,same-wrap,,,,
153360,154520,same-sheet,8.9,11.5,same-wrap,,,,
153360,153632,untestable,8.3,8.3,same-wrap,,,,
153372,153257,same-sheet,10.3,28.1,same-wrap,,,,
153431,153626,same-sheet,9.0,36.2,same-wrap,,,,
153431,155822,same-sheet,11.2,15.0,same-wrap,,,,
153431,145173,switch,77.3,145.6,adjacent,,,,
153460,153579,same-sheet,10.7,89.2,same-wrap,2.8,11.8,0.21,
153460,154273,same-sheet,16.1,78.0,same-wrap,,,,
153460,154520,same-sheet,8.5,9.6,same-wrap,,,,
153460,154892,untestable,8.3,8.3,same-wrap,,,,
153460,153632,same-sheet,9.6,65.2,same-wrap,,,,
153460,155170,untestable,8.1,8.1,same-wrap,,,,
153497,153688,same-sheet,9.1,12.9,same-wrap,,,,
153503,150206,ambiguous,66.0,139.8,adjacent,,,,
153503,150376,switch,45.0,90.1,adjacent,,,,
153535,153798,ambiguous,64.3,87.0,adjacent,,,,
153535,146868,same-sheet,25.5,47.3,unresolved,,,,
153535,147888,same-sheet,11.7,33.9,same-wrap,,,,
153535,147958,same-sheet,45.6,76.6,unresolved,,,,
153535,151958,ambiguous,9.8,18.2,same-wrap,,,,
153579,154273,same-sheet,9.5,17.9,same-wrap,,,,
153579,153632,same-sheet,11.1,23.2,same-wrap,,,,
153579,155170,same-sheet,11.7,27.8,same-wrap,,,,
153626,155822,switch,10.9,12.3,same-wrap,,,,
153626,145173,switch,75.7,144.2,same-wrap,27.5,51.5,139.78,
153660,152725,same-sheet,12.4,16.3,same-wrap,,,,
153688,155487,same-sheet,12.2,42.5,same-wrap,,,,
153688,155956,same-sheet,10.0,16.4,same-wrap,,,,
153688,149050,same-sheet,22.0,57.6,adjacent,,,,
153771,156086,same-sheet,9.5,16.6,same-wrap,,,,
153771,153302,same-sheet,11.7,14.0,same-wrap,,,,
153798,147888,switch,134.8,337.2,adjacent,,,,
153798,153114,same-sheet,9.7,17.5,same-wrap,,,,
153798,153345,same-sheet,8.7,10.7,same-wrap,,,,
153848,153928,same-sheet,10.5,23.6,same-wrap,,,,
153848,154109,same-sheet,8.8,10.4,same-wrap,,,,
153848,154239,same-sheet,9.8,15.4,same-wrap,,,,
153848,157187,ambiguous,70.6,135.1,adjacent,,,,
153848,158062,same-sheet,9.1,9.6,same-wrap,,,,
153848,153635,same-sheet,8.5,8.5,same-wrap,,,,
153848,153970,same-sheet,9.3,14.8,same-wrap,,,,
153915,145254,same-sheet,8.9,9.9,same-wrap,,,,
153915,145450,same-sheet,11.2,16.2,same-wrap,,,,
153928,154109,same-sheet,9.8,25.5,same-wrap,,,,
153928,154239,same-sheet,11.1,31.4,same-wrap,,,,
153928,153635,same-sheet,9.4,10.4,same-wrap,,,,
154109,154239,same-sheet,9.7,17.2,same-wrap,,,,
154109,153970,same-sheet,8.4,11.4,same-wrap,,,,
154109,156105,same-sheet,9.9,12.6,same-wrap,,,,
154155,154480,same-sheet,9.4,35.4,same-wrap,,,,
154155,154491,same-sheet,9.7,15.1,same-wrap,,,,
154155,154591,same-sheet,11.4,18.0,same-wrap,,,,
154155,156129,same-sheet,9.6,9.6,same-wrap,,,,
154155,156432,same-sheet,8.7,8.7,same-wrap,,,,
154155,156645,same-sheet,8.5,9.1,same-wrap,,,,
154155,156667,untestable,9.1,10.0,same-wrap,,,,
154160,155111,same-sheet,12.8,27.5,same-wrap,,,,
154160,155394,same-sheet,9.4,21.8,same-wrap,,,,
154174,147888,untestable,8.8,9.5,same-wrap,,,,
154174,148000,switch,79.4,127.2,adjacent,,,,
154174,153302,same-sheet,10.9,29.8,same-wrap,,,,
154239,157511,untestable,8.6,9.3,same-wrap,,,,
154239,153970,same-sheet,8.4,12.2,same-wrap,,,,
154239,156105,same-sheet,9.5,19.5,same-wrap,,,,
154273,154892,same-sheet,13.7,84.5,same-wrap,16.9,32.0,0.02,
154273,153632,same-sheet,14.7,76.5,same-wrap,,,,
154273,155170,same-sheet,10.5,27.9,same-wrap,,,,
154273,155633,untestable,9.2,9.3,same-wrap,,,,
154429,154520,same-sheet,9.3,17.5,same-wrap,,,,
154429,154707,same-sheet,9.2,9.5,same-wrap,,,,
154429,159043,same-sheet,16.1,50.1,same-wrap,,,,
154429,162274,switch,115.5,204.6,adjacent,,,,
154429,155230,same-sheet,8.6,9.0,same-wrap,,,,
154480,154491,same-sheet,11.3,17.5,same-wrap,,,,
154480,154591,same-sheet,10.5,19.2,same-wrap,,,,
154480,155952,same-sheet,20.5,37.8,same-wrap,,,,
154491,154591,same-sheet,10.0,13.1,same-wrap,,,,
154491,155952,ambiguous,15.8,57.7,same-wrap,,,,
154520,154707,same-sheet,9.1,12.0,same-wrap,,,,
154520,153632,same-sheet,16.6,41.8,same-wrap,,,,
154520,155230,same-sheet,10.5,32.5,same-wrap,,,,
154520,163151,switch,90.7,214.2,adjacent,,,,
154591,154998,same-sheet,8.3,8.3,same-wrap,,,,
154591,155952,same-sheet,19.8,47.6,same-wrap,,,,
154591,152059,ambiguous,207.0,609.9,adjacent,,,,
154707,155334,untestable,13.3,18.0,same-wrap,,,,
154707,153632,same-sheet,12.9,14.4,same-wrap,,,,
154707,155230,same-sheet,9.3,14.6,same-wrap,,,,
154815,156177,same-sheet,17.3,59.6,same-wrap,,,,
154815,157558,same-sheet,9.7,31.5,same-wrap,,,,
154815,158226,same-sheet,9.1,16.0,same-wrap,,,,
154815,154018,same-sheet,12.9,52.7,same-wrap,,,,
154892,155913,same-sheet,10.8,19.8,same-wrap,,,,
154892,153632,same-sheet,9.5,20.8,same-wrap,,,,
154892,155633,same-sheet,14.8,47.6,same-wrap,,,,
154998,155589,same-sheet,12.6,36.6,same-wrap,,,,
154998,152059,same-sheet,54.3,96.8,same-wrap,23.9,105.4,0.01,
155180,145635,switch,128.6,256.7,adjacent,,,,
155180,148059,untestable,11.7,48.3,same-wrap,,,,
155233,156353,same-sheet,9.4,15.8,same-wrap,,,,
155334,156557,same-sheet,10.0,16.2,same-wrap,,,,
155334,155230,same-sheet,8.8,9.9,same-wrap,,,,
155334,157235,same-sheet,10.0,12.5,same-wrap,,,,
155410,150000,ambiguous,11.4,16.0,same-wrap,,,,
155410,150496,ambiguous,186.0,366.1,adjacent,,,,
155410,155570,same-sheet,11.1,44.8,same-wrap,,,,
155455,155111,ambiguous,80.2,169.2,same-wrap,7.6,95.1,68.14,
155455,155394,ambiguous,33.9,102.6,same-wrap,27.5,70.6,0.01,
155455,155570,same-sheet,10.4,40.1,same-wrap,,,,
155487,155956,same-sheet,9.7,15.1,same-wrap,,,,
155560,155676,same-sheet,14.1,19.5,same-wrap,,,,
155560,155841,same-sheet,10.4,48.2,same-wrap,,,,
155560,156908,same-sheet,8.0,9.0,same-wrap,,,,
155589,151618,untestable,12.5,164.1,unresolved,,,,
155589,152059,untestable,243.3,348.2,unresolved,,,,
155676,155771,same-sheet,8.6,9.4,same-wrap,,,,
155676,155841,untestable,8.0,8.0,same-wrap,,,,
155676,156908,same-sheet,9.4,14.4,same-wrap,,,,
155722,145750,ambiguous,82.8,167.1,adjacent,,,,
155771,161541,ambiguous,71.9,130.9,adjacent,,,,
155771,155841,same-sheet,9.2,15.8,same-wrap,,,,
155822,148392,switch,95.2,196.9,adjacent,,,,
155913,155633,same-sheet,24.7,90.6,adjacent,,,,
155952,142823,ambiguous,95.8,423.8,adjacent,,,,
155952,142898,ambiguous,95.9,391.5,adjacent,,,,
155956,157558,ambiguous,75.0,98.5,adjacent,,,,
156047,156336,same-sheet,8.9,11.4,same-wrap,,,,
156047,156353,same-sheet,9.7,17.6,same-wrap,,,,
156047,158375,untestable,8.7,11.8,same-wrap,,,,
156047,151130,ambiguous,89.2,237.6,adjacent,,,,
156086,148059,same-sheet,104.5,246.4,same-wrap,16.4,130.0,130.67,50.0
156086,153114,same-sheet,10.7,29.6,same-wrap,,,,
156086,153302,same-sheet,49.1,112.3,adjacent,,,,
156086,158912,untestable,33.3,84.0,adjacent,,,,
156129,156432,same-sheet,11.7,24.1,same-wrap,,,,
156129,156442,same-sheet,14.2,40.5,same-wrap,,,,
156129,156645,same-sheet,9.1,16.2,same-wrap,,,,
156129,157038,same-sheet,9.5,19.6,same-wrap,,,,
156177,158226,ambiguous,33.3,71.6,adjacent,,,,
156177,153970,same-sheet,11.9,31.1,same-wrap,,,,
156177,154018,ambiguous,90.6,241.7,same-wrap,71.1,126.5,0.4,
156336,156353,untestable,8.4,9.4,same-wrap,,,,
156336,158375,untestable,9.5,16.6,same-wrap,,,,
156353,158375,same-sheet,8.3,12.6,same-wrap,,,,
156353,151130,ambiguous,89.1,252.4,adjacent,,,,
156353,151569,ambiguous,76.4,125.4,same-wrap,0.9,11.3,71.09,
156432,156442,same-sheet,9.2,38.9,same-wrap,,,,
156432,156645,same-sheet,8.7,9.9,same-wrap,,,,
156432,157038,same-sheet,14.6,22.6,same-wrap,,,,
156432,157613,same-sheet,12.2,12.2,same-wrap,,,,
156432,157793,same-sheet,8.6,16.8,same-wrap,,,,
156442,156645,same-sheet,9.9,46.8,same-wrap,,,,
156442,156745,untestable,10.2,10.5,same-wrap,,,,
156442,157038,same-sheet,10.3,37.4,same-wrap,,,,
156442,157793,same-sheet,9.8,17.1,same-wrap,,,,
156442,158003,untestable,8.9,9.5,same-wrap,,,,
156451,156758,same-sheet,9.4,14.0,same-wrap,,,,
156557,156672,same-sheet,10.2,10.3,same-wrap,,,,
156557,158850,untestable,9.4,11.0,same-wrap,,,,
156557,155230,ambiguous,36.0,61.0,same-wrap,,,,
156557,157235,same-sheet,8.8,10.2,same-wrap,,,,
156645,156667,same-sheet,9.5,14.8,same-wrap,,,,
156645,156684,same-sheet,8.6,11.3,same-wrap,,,,
156645,156745,same-sheet,8.3,8.3,same-wrap,,,,
156645,157793,same-sheet,8.4,8.9,same-wrap,,,,
156667,156684,untestable,8.7,8.7,same-wrap,,,,
156667,157187,ambiguous,12.4,83.5,same-wrap,47.2,10.1,71.64,40.0
156667,158062,untestable,10.9,13.6,same-wrap,,,,
156672,158850,same-sheet,8.9,13.8,same-wrap,,,,
156672,157235,same-sheet,11.4,19.7,same-wrap,,,,
156672,159614,same-sheet,9.7,12.5,same-wrap,,,,
156684,157762,same-sheet,9.9,39.7,same-wrap,,,,
156684,158051,same-sheet,12.4,47.0,same-wrap,,,,
156733,156296,same-sheet,10.6,16.2,same-wrap,,,,
156745,157717,untestable,9.4,11.6,same-wrap,,,,
156745,157793,same-sheet,8.5,9.3,same-wrap,,,,
156745,157954,untestable,8.8,11.6,same-wrap,,,,
156758,159534,switch,11.7,37.7,same-wrap,,,,
156830,156920,untestable,8.5,10.3,same-wrap,,,,
156830,157391,same-sheet,8.2,10.1,same-wrap,,,,
156830,157072,same-sheet,9.4,15.6,same-wrap,,,,
156851,157511,untestable,10.2,31.7,same-wrap,,,,
156920,157324,same-sheet,8.5,8.5,same-wrap,,,,
156920,157391,same-sheet,9.8,15.6,same-wrap,,,,
156920,157072,same-sheet,9.0,13.7,same-wrap,,,,
157038,157613,same-sheet,8.4,10.3,same-wrap,,,,
157038,157793,same-sheet,9.1,20.0,same-wrap,,,,
157187,158062,same-sheet,9.0,30.3,same-wrap,,,,
157187,158263,untestable,8.5,8.5,same-wrap,,,,
157187,153635,ambiguous,86.4,260.2,adjacent,,,,
157324,158207,same-sheet,11.5,82.1,same-wrap,20.6,55.8,0.44,
157324,158714,same-sheet,9.5,55.8,same-wrap,,,,
157324,157072,same-sheet,8.7,10.0,same-wrap,,,,
157391,158869,same-sheet,12.8,12.8,unresolved,,,,
157391,157072,same-sheet,8.6,12.5,same-wrap,,,,
157511,150125,same-sheet,411.4,643.3,adjacent,,,,
157511,156105,same-sheet,8.9,36.4,same-wrap,,,,
157558,158226,untestable,9.2,11.0,same-wrap,,,,
157591,158039,same-sheet,8.4,11.5,same-wrap,,,,
157591,158085,same-sheet,9.0,11.3,same-wrap,,,,
157591,158869,same-sheet,9.7,9.9,same-wrap,,,,
157613,157793,same-sheet,10.9,22.9,same-wrap,,,,
157646,157793,same-sheet,9.6,14.2,same-wrap,,,,
157646,157810,same-sheet,8.2,8.4,same-wrap,,,,
157646,158003,same-sheet,8.4,12.6,same-wrap,,,,
157717,157793,same-sheet,9.0,13.6,same-wrap,,,,
157717,157954,same-sheet,9.2,16.5,same-wrap,,,,
157717,158003,same-sheet,9.5,12.3,same-wrap,,,,
157717,158248,same-sheet,8.7,11.3,same-wrap,,,,
157717,158916,same-sheet,9.6,9.9,unresolved,,,,
157762,159523,same-sheet,9.8,14.1,same-wrap,,,,
157762,159854,same-sheet,9.6,9.6,unresolved,,,,
157762,158051,same-sheet,13.3,45.2,same-wrap,,,,
157793,157810,same-sheet,10.2,28.4,same-wrap,,,,
157793,157954,same-sheet,9.2,31.7,same-wrap,,,,
157793,158003,same-sheet,11.1,32.3,same-wrap,,,,
157810,158003,same-sheet,12.8,55.5,same-wrap,,,,
157810,151398,untestable,16.1,16.1,same-wrap,,,,
157954,158003,same-sheet,10.4,14.0,same-wrap,,,,
157954,158248,same-sheet,9.1,9.9,same-wrap,,,,
157954,158265,ambiguous,11.1,13.1,same-wrap,,,,
158003,151398,untestable,25.4,29.0,unresolved,,,,
158039,158085,same-sheet,10.7,15.8,same-wrap,,,,
158039,159043,same-sheet,9.5,9.5,same-wrap,,,,
158062,158263,same-sheet,10.5,20.8,same-wrap,,,,
158062,153635,same-sheet,60.5,73.2,adjacent,,,,
158085,158869,same-sheet,8.9,9.2,same-wrap,,,,
158085,150022,same-sheet,13.6,24.6,same-wrap,,,,
158085,150985,same-sheet,10.8,10.8,adjacent,,,,
158207,158714,same-sheet,11.4,90.5,same-wrap,75.5,13.6,0.01,
158226,153970,ambiguous,33.0,72.4,adjacent,,,,
158226,154018,ambiguous,11.1,18.4,adjacent,,,,
158248,158265,same-sheet,9.2,15.2,same-wrap,,,,
158248,158916,same-sheet,9.0,9.0,unresolved,,,,
158263,160892,same-sheet,9.6,12.9,same-wrap,,,,
158263,160983,same-sheet,12.1,32.5,same-wrap,,,,
158265,158916,same-sheet,10.1,14.2,same-wrap,,,,
158850,159614,same-sheet,22.1,55.2,same-wrap,,,,
158869,150985,untestable,46.9,80.1,same-wrap,43.8,8.8,71.62,90.0
158869,157072,untestable,10.3,11.6,same-wrap,,,,
158916,159123,ambiguous,10.1,57.7,same-wrap,,,,
159043,162274,switch,88.9,201.1,adjacent,,,,
159523,159854,same-sheet,9.0,12.0,same-wrap,,,,
159730,160221,same-sheet,9.3,11.9,same-wrap,,,,
159730,161203,same-sheet,13.2,30.9,same-wrap,,,,
159730,161462,untestable,12.3,22.7,adjacent,,,,
159730,159614,ambiguous,66.6,133.4,adjacent,,,,
160221,161203,same-sheet,11.8,67.8,adjacent,,,,
160221,161462,untestable,8.2,8.2,same-wrap,,,,
160221,159614,switch,71.6,78.9,adjacent,,,,
160221,160458,same-sheet,26.1,75.1,same-wrap,,,,
160892,160983,ambiguous,12.4,39.9,same-wrap,,,,
161159,161194,same-sheet,9.3,15.3,same-wrap,,,,
161159,160458,same-sheet,14.3,51.9,same-wrap,,,,
161159,161011,same-sheet,11.2,50.4,same-wrap,,,,
161194,161541,untestable,8.9,8.9,same-wrap,,,,
161194,160458,same-sheet,16.5,77.6,unresolved,,,,
161194,161011,same-sheet,10.6,75.6,same-wrap,,,,
161194,161140,same-sheet,9.0,16.1,same-wrap,,,,
161203,161462,same-sheet,17.3,67.0,same-wrap,,,,
161203,161736,untestable,27.6,27.8,same-wrap,,,,
161203,159614,ambiguous,72.6,153.9,adjacent,,,,
161379,161519,untestable,9.5,9.5,same-wrap,,,,
161379,161541,same-sheet,8.5,20.7,same-wrap,,,,
161379,161780,same-sheet,59.3,70.4,same-wrap,,,,
161379,161434,same-sheet,36.1,74.1,same-wrap,,,,
161462,161736,same-sheet,13.9,29.3,same-wrap,,,,
161462,161930,same-sheet,11.7,22.7,same-wrap,,,,
161462,159614,ambiguous,104.3,215.1,adjacent,,,,
161462,162178,untestable,12.3,12.7,same-wrap,,,,
161514,161758,same-sheet,9.4,12.5,same-wrap,,,,
161514,161140,switch,81.9,156.6,adjacent,,,,
161519,161675,untestable,11.3,19.4,same-wrap,,,,
161519,161780,untestable,8.6,8.6,unresolved,,,,
161519,163400,same-sheet,23.0,47.3,same-wrap,,,,
161519,161434,switch,90.0,113.8,same-wrap,31.1,142.6,0.01,
161541,161780,switch,132.3,191.3,unresolved,,,,
161541,155841,ambiguous,86.1,183.3,adjacent,,,,
161541,161140,same-sheet,10.1,12.2,same-wrap,,,,
161541,161434,switch,114.1,147.5,unresolved,,,,
161675,161713,same-sheet,16.5,42.5,same-wrap,,,,
161675,162372,same-sheet,11.2,36.9,same-wrap,,,,
161675,163400,same-sheet,20.5,50.6,same-wrap,,,,
161713,162128,same-sheet,11.7,43.9,same-wrap,,,,
161713,162324,untestable,10.8,44.5,same-wrap,,,,
161713,162372,same-sheet,9.4,12.6,same-wrap,,,,
161736,161930,untestable,8.5,9.5,same-wrap,,,,
161736,163133,untestable,9.5,9.5,unresolved,,,,
161758,161894,same-sheet,10.2,16.7,same-wrap,,,,
161758,160458,ambiguous,55.8,105.5,adjacent,,,,
161758,161140,ambiguous,27.1,77.3,adjacent,,,,
161780,161792,same-sheet,9.0,16.7,unresolved,,,,
161780,162092,same-sheet,10.9,17.0,unresolved,,,,
161780,161434,same-sheet,11.9,18.2,unresolved,,,,
161792,162092,same-sheet,9.9,15.4,same-wrap,,,,
161792,165184,switch,86.0,166.4,unresolved,,,,
161891,161908,same-sheet,11.4,26.2,same-wrap,,,,
161891,161933,same-sheet,8.3,11.4,same-wrap,,,,
161891,162207,untestable,8.0,8.0,same-wrap,,,,
161891,162476,untestable,10.5,17.9,same-wrap,,,,
161894,161975,same-sheet,9.1,9.1,unresolved,,,,
161908,161913,same-sheet,11.3,25.9,same-wrap,,,,
161908,161933,same-sheet,9.3,12.5,same-wrap,,,,
161908,161950,same-sheet,11.6,25.2,same-wrap,,,,
161908,162174,same-sheet,8.6,12.3,same-wrap,,,,
161908,162463,same-sheet,9.5,14.3,same-wrap,,,,
161908,163641,untestable,9.0,14.2,same-wrap,,,,
161913,161933,same-sheet,9.2,27.3,same-wrap,,,,
161913,161950,same-sheet,10.9,26.5,same-wrap,,,,
161913,162174,same-sheet,8.8,8.8,same-wrap,,,,
161913,162463,same-sheet,9.8,14.6,same-wrap,,,,
161913,163641,same-sheet,8.2,8.2,same-wrap,,,,
161930,162178,untestable,9.0,11.5,same-wrap,,,,
161933,161950,same-sheet,13.9,31.3,same-wrap,,,,
161933,162207,same-sheet,8.9,13.0,same-wrap,,,,
161933,150022,ambiguous,51.3,90.2,adjacent,,,,
161933,162476,same-sheet,8.0,8.0,same-wrap,,,,
161950,161968,same-sheet,8.6,17.8,same-wrap,,,,
161950,161975,same-sheet,8.8,10.3,same-wrap,,,,
161950,162174,same-sheet,9.4,11.8,same-wrap,,,,
161950,150022,switch,105.2,382.0,adjacent,,,,
161950,161991,same-sheet,8.7,11.1,same-wrap,,,,
161968,150022,ambiguous,122.6,396.7,adjacent,,,,
161968,161991,same-sheet,8.4,12.7,same-wrap,,,,
161975,162272,same-sheet,8.9,14.8,same-wrap,,,,
162028,162038,same-sheet,9.6,10.9,same-wrap,,,,
162028,162172,same-sheet,8.3,8.3,same-wrap,,,,
162028,161991,same-sheet,9.3,12.2,same-wrap,,,,
162028,162250,same-sheet,10.0,11.6,same-wrap,,,,
162038,162172,same-sheet,9.5,24.3,same-wrap,,,,
162038,162324,same-sheet,12.0,24.2,same-wrap,,,,
162038,162498,same-sheet,8.0,8.0,same-wrap,,,,
162038,163334,same-sheet,9.4,10.4,same-wrap,,,,
162038,162250,same-sheet,9.2,15.1,same-wrap,,,,
162092,162187,same-sheet,8.5,9.4,unresolved,,,,
162128,162324,untestable,8.8,11.1,same-wrap,,,,
162128,162446,same-sheet,10.2,27.4,adjacent,,,,
162128,162498,untestable,8.9,8.9,same-wrap,,,,
162172,162250,same-sheet,8.8,13.5,same-wrap,,,,
162174,162319,same-sheet,8.7,9.4,same-wrap,,,,
162174,162463,same-sheet,8.1,10.5,same-wrap,,,,
162174,162561,untestable,8.6,8.6,unresolved,,,,
162174,163641,same-sheet,9.6,9.7,same-wrap,,,,
162187,162716,same-sheet,10.2,16.4,unresolved,,,,
162187,163898,untestable,12.7,31.3,same-wrap,,,,
162187,164243,ambiguous,80.5,175.9,same-wrap,127.2,4.3,0.14,
162187,162243,same-sheet,11.5,29.0,same-wrap,,,,
162187,162598,same-sheet,11.6,23.9,same-wrap,,,,
162207,165097,ambiguous,16.0,72.8,unresolved,,,,
162207,162317,untestable,19.2,29.9,unresolved,,,,
162272,162274,same-sheet,8.6,12.0,same-wrap,,,,
162272,162427,same-sheet,10.2,10.2,same-wrap,,,,
162272,162413,untestable,9.9,18.1,same-wrap,,,,
162274,162427,same-sheet,9.5,24.2,same-wrap,,,,
162274,162440,same-sheet,11.1,24.5,same-wrap,,,,
162274,162413,same-sheet,10.4,23.2,same-wrap,,,,
162319,162463,same-sheet,13.3,14.8,same-wrap,,,,
162324,162446,same-sheet,8.2,10.7,same-wrap,,,,
162324,163334,same-sheet,11.7,22.4,same-wrap,,,,
162337,162621,same-sheet,16.0,25.8,same-wrap,,,,
162337,162667,same-sheet,9.5,17.7,same-wrap,,,,
162337,162716,same-sheet,9.4,12.9,unresolved,,,,
162337,162243,untestable,9.4,9.5,unresolved,,,,
162337,162598,same-sheet,8.6,11.4,same-wrap,,,,
162337,162668,untestable,19.7,35.5,same-wrap,,,,
162372,163400,same-sheet,9.4,9.4,same-wrap,,,,
162427,162440,same-sheet,10.7,15.2,same-wrap,,,,
162427,162964,same-sheet,10.0,17.0,same-wrap,,,,
162427,162413,same-sheet,9.0,15.1,same-wrap,,,,
162440,163133,same-sheet,9.4,10.2,same-wrap,,,,
162440,164444,same-sheet,9.7,11.2,same-wrap,,,,
162446,162498,same-sheet,9.0,11.8,same-wrap,,,,
162446,163334,same-sheet,8.0,8.1,same-wrap,,,,
162463,162561,same-sheet,9.5,15.7,same-wrap,,,,
162463,163641,same-sheet,9.1,10.0,same-wrap,,,,
162498,162323,same-sheet,15.7,77.1,adjacent,,,,
162561,163641,same-sheet,10.9,24.4,same-wrap,,,,
162561,155170,ambiguous,24.0,66.1,adjacent,,,,
162621,162667,same-sheet,9.3,18.0,unresolved,,,,
162621,162716,untestable,8.4,8.5,same-wrap,,,,
162621,162748,same-sheet,9.1,19.2,same-wrap,,,,
162621,163024,same-sheet,24.0,98.0,unresolved,,,,
162621,162668,same-sheet,9.4,35.4,same-wrap,,,,
162667,162716,same-sheet,10.8,19.2,same-wrap,,,,
162667,162980,same-sheet,9.1,11.4,same-wrap,,,,
162667,162668,same-sheet,9.5,23.0,same-wrap,,,,
162686,148668,untestable,140.5,373.8,adjacent,,,,
162686,162250,untestable,8.3,10.1,same-wrap,,,,
162686,162317,untestable,19.2,77.2,same-wrap,,,,
162686,162722,untestable,9.4,14.5,same-wrap,,,,
162716,165284,ambiguous,142.4,274.8,same-wrap,232.6,29.1,0.24,
162716,162243,untestable,9.2,9.2,unresolved,,,,
162716,162668,same-sheet,9.5,22.2,same-wrap,,,,
162716,162944,same-sheet,8.9,16.7,same-wrap,,,,
162716,165191,ambiguous,123.8,295.8,same-wrap,231.7,32.3,0.28,180.0
162748,163024,same-sheet,12.0,53.5,same-wrap,,,,
162748,163398,same-sheet,8.5,8.5,same-wrap,,,,
162748,165086,ambiguous,71.6,194.4,adjacent,,,,
162748,165496,ambiguous,62.8,114.2,adjacent,,,,
162748,164083,same-sheet,9.7,26.3,same-wrap,,,,
162762,162980,same-sheet,9.4,15.7,same-wrap,,,,
162762,162668,same-sheet,10.5,16.5,same-wrap,,,,
162964,163588,same-sheet,8.8,9.2,same-wrap,,,,
162964,164444,ambiguous,13.4,23.7,same-wrap,,,,
162964,163151,same-sheet,9.4,19.0,same-wrap,,,,
162980,162668,same-sheet,8.3,8.8,unresolved,,,,
163024,163365,same-sheet,8.8,15.0,same-wrap,,,,
163024,163398,same-sheet,10.6,25.8,same-wrap,,,,
163052,163076,same-sheet,10.6,44.6,same-wrap,,,,
163052,163218,untestable,11.4,17.6,same-wrap,,,,
163052,162786,same-sheet,11.4,22.8,same-wrap,,,,
163052,163091,same-sheet,15.2,26.1,same-wrap,,,,
163076,163132,same-sheet,12.7,20.2,same-wrap,,,,
163076,163189,same-sheet,9.9,15.0,same-wrap,,,,
163076,163218,same-sheet,9.8,24.1,same-wrap,,,,
163076,162722,untestable,9.3,14.2,same-wrap,,,,
163076,162786,same-sheet,10.9,30.6,same-wrap,,,,
163076,163091,same-sheet,9.2,18.7,same-wrap,,,,
163076,163113,same-sheet,9.5,15.5,same-wrap,,,,
163132,163172,same-sheet,10.2,14.5,same-wrap,,,,
163132,163218,same-sheet,9.4,38.0,same-wrap,,,,
163132,163251,same-sheet,9.1,17.6,same-wrap,,,,
163132,163091,same-sheet,8.6,18.7,same-wrap,,,,
163132,163113,same-sheet,9.8,14.4,same-wrap,,,,
163133,164444,same-sheet,10.3,18.3,same-wrap,,,,
163133,163151,same-sheet,9.4,10.3,same-wrap,,,,
163169,163188,same-sheet,9.3,22.6,same-wrap,,,,
163169,163251,untestable,9.8,14.0,same-wrap,,,,
163169,163091,same-sheet,11.5,21.2,same-wrap,,,,
163169,163108,untestable,8.4,8.4,same-wrap,,,,
163169,163113,same-sheet,10.3,14.3,same-wrap,,,,
163172,163218,same-sheet,8.6,12.5,same-wrap,,,,
163188,163251,ambiguous,9.2,27.6,same-wrap,,,,
163188,163326,same-sheet,10.4,21.6,same-wrap,,,,
163188,163344,same-sheet,11.2,68.5,same-wrap,,,,
163188,163479,same-sheet,10.5,28.9,same-wrap,,,,
163188,163925,same-sheet,8.5,10.4,same-wrap,,,,
163188,163091,same-sheet,10.3,28.9,same-wrap,,,,
163188,163108,same-sheet,9.4,10.2,same-wrap,,,,
163188,163113,same-sheet,9.2,10.2,same-wrap,,,,
163189,162786,same-sheet,31.1,68.7,same-wrap,,,,
163189,163091,same-sheet,9.3,13.0,same-wrap,,,,
163189,163108,same-sheet,8.6,11.6,same-wrap,,,,
163218,163091,same-sheet,9.7,21.1,same-wrap,,,,
163218,163113,same-sheet,10.8,22.9,same-wrap,,,,
163251,163113,same-sheet,9.0,15.6,same-wrap,,,,
163326,163479,same-sheet,10.7,15.6,same-wrap,,,,
163326,163728,same-sheet,9.1,26.0,same-wrap,,,,
163344,148579,ambiguous,89.5,348.2,adjacent,,,,
163344,148782,ambiguous,76.0,327.3,adjacent,,,,
163365,163398,same-sheet,9.7,14.9,same-wrap,,,,
163365,163819,same-sheet,14.0,31.0,same-wrap,,,,
163398,163414,same-sheet,8.2,11.3,same-wrap,,,,
163398,163819,same-sheet,9.2,13.1,same-wrap,,,,
163414,163819,same-sheet,9.0,11.8,same-wrap,,,,
163414,165005,ambiguous,226.6,439.8,adjacent,,,,
163479,163925,same-sheet,9.7,50.0,same-wrap,,,,
163479,164188,same-sheet,9.1,42.1,same-wrap,,,,
163479,164533,same-sheet,9.7,11.6,same-wrap,,,,
163558,163578,untestable,9.9,29.8,same-wrap,,,,
163558,163881,untestable,9.1,10.1,same-wrap,,,,
163558,165179,untestable,120.8,254.2,adjacent,,,,
163558,164083,untestable,8.5,10.8,same-wrap,,,,
163578,164083,same-sheet,9.3,10.7,same-wrap,,,,
163588,163874,ambiguous,10.6,62.2,same-wrap,,,,
163588,163151,same-sheet,13.2,43.3,same-wrap,,,,
163700,163108,untestable,9.2,17.6,same-wrap,,,,
163700,163686,same-sheet,9.6,60.4,same-wrap,,,,
163874,163151,same-sheet,15.0,48.5,same-wrap,,,,
163881,165179,ambiguous,132.8,320.2,adjacent,,,,
163881,165496,same-sheet,211.9,222.8,adjacent,,,,
163881,164083,untestable,8.5,11.8,same-wrap,,,,
163898,164243,same-sheet,12.1,41.6,same-wrap,,,,
163898,164849,same-sheet,10.6,16.1,same-wrap,,,,
163898,162598,ambiguous,58.8,142.1,unresolved,,,,
163925,164188,same-sheet,10.3,16.6,same-wrap,,,,
163925,164533,same-sheet,10.4,72.0,same-wrap,,,,
163925,163108,untestable,8.0,8.0,same-wrap,,,,
164188,164453,same-sheet,8.9,12.5,same-wrap,,,,
164188,164533,same-sheet,16.0,67.3,same-wrap,,,,
164242,164341,untestable,11.6,17.7,same-wrap,,,,
164242,111200,untestable,73.0,109.4,same-wrap,104.5,171.2,80.81,
164242,162786,ambiguous,80.9,226.6,adjacent,,,,
164243,164849,same-sheet,11.4,27.4,same-wrap,,,,
164243,164891,same-sheet,8.6,11.3,same-wrap,,,,
164243,165069,same-sheet,12.0,28.8,same-wrap,,,,
164243,165093,same-sheet,11.6,17.9,same-wrap,,,,
164243,165097,same-sheet,10.2,14.8,same-wrap,,,,
164243,162598,ambiguous,86.2,260.2,same-wrap,26.4,55.3,67.52,140.0
164341,111200,untestable,71.4,104.1,same-wrap,6.4,107.4,0.03,
164367,164391,untestable,10.0,16.0,same-wrap,,,,
164367,164408,same-sheet,9.2,14.2,same-wrap,,,,
164367,164420,untestable,9.8,15.6,same-wrap,,,,
164367,162786,untestable,54.9,67.6,same-wrap,,,,
164391,164420,untestable,9.3,15.4,same-wrap,,,,
164391,163108,ambiguous,78.5,118.3,adjacent,,,,
164408,164420,untestable,8.2,8.2,same-wrap,,,,
164408,162786,untestable,47.6,66.8,same-wrap,,,,
164420,163108,same-sheet,85.2,143.1,adjacent,,,,
164444,164483,same-sheet,10.2,17.2,same-wrap,,,,
164444,164888,same-sheet,8.8,9.2,same-wrap,,,,
164444,163151,same-sheet,10.7,23.3,same-wrap,,,,
164453,164533,same-sheet,10.0,18.0,same-wrap,,,,
164453,148270,switch,91.9,243.8,adjacent,,,,
164483,164888,same-sheet,11.2,18.3,same-wrap,,,,
164483,153632,switch,81.7,168.7,adjacent,,,,
164483,163151,same-sheet,9.6,38.5,same-wrap,,,,
164849,164891,same-sheet,9.8,22.8,same-wrap,,,,
164849,164901,same-sheet,9.4,17.1,same-wrap,,,,
164849,165069,untestable,8.2,8.2,same-wrap,,,,
164888,165218,same-sheet,12.4,20.0,same-wrap,,,,
164891,164901,same-sheet,9.5,15.9,same-wrap,,,,
164891,165097,ambiguous,26.2,57.2,same-wrap,,,,
164901,165005,same-sheet,9.0,13.1,same-wrap,,,,
164901,165025,same-sheet,9.9,11.5,same-wrap,,,,
164901,165290,same-sheet,9.2,11.1,same-wrap,,,,
164995,165086,ambiguous,10.8,62.4,same-wrap,,,,
164995,165265,untestable,8.8,8.8,same-wrap,,,,
165005,165025,ambiguous,10.2,22.7,same-wrap,,,,
165005,165290,same-sheet,10.2,23.3,same-wrap,,,,
165025,165290,ambiguous,9.3,12.1,same-wrap,,,,
165069,165093,same-sheet,10.2,21.1,same-wrap,,,,
165069,165097,same-sheet,10.4,29.4,same-wrap,,,,
165069,165098,same-sheet,13.6,13.7,same-wrap,,,,
165069,165191,same-sheet,9.9,16.4,same-wrap,,,,
165086,165496,ambiguous,65.8,178.1,adjacent,,,,
165086,164083,ambiguous,90.3,235.6,adjacent,,,,
165093,165097,same-sheet,9.8,35.0,same-wrap,,,,
165093,165098,same-sheet,8.6,11.2,same-wrap,,,,
165093,165191,same-sheet,11.2,29.1,same-wrap,,,,
165097,165098,same-sheet,9.5,18.5,same-wrap,,,,
165097,165145,ambiguous,14.0,46.6,same-wrap,,,,
165097,165258,untestable,9.9,9.9,same-wrap,,,,
165097,165259,ambiguous,9.3,15.1,same-wrap,,,,
165097,165284,same-sheet,10.2,39.3,same-wrap,,,,
165097,165191,same-sheet,9.9,25.7,same-wrap,,,,
165098,165184,same-sheet,9.1,12.0,same-wrap,,,,
165098,161991,switch,89.1,220.7,adjacent,,,,
165098,165191,untestable,9.3,9.3,same-wrap,,,,
165145,165258,same-sheet,8.3,8.7,same-wrap,,,,
165145,165259,same-sheet,9.3,13.6,same-wrap,,,,
165145,165284,same-sheet,8.8,9.7,same-wrap,,,,
165179,165496,untestable,9.0,13.1,same-wrap,,,,
165184,161991,switch,83.5,92.3,adjacent,,,,
165184,162323,ambiguous,97.1,170.7,adjacent,,,,
165218,165248,same-sheet,8.9,8.9,same-wrap,,,,
165218,165324,same-sheet,13.7,65.0,adjacent,,,,
165248,165324,same-sheet,11.2,39.0,same-wrap,,,,
165258,165259,same-sheet,9.7,17.2,same-wrap,,,,
165258,165265,same-sheet,9.0,17.2,same-wrap,,,,
165259,165265,same-sheet,9.0,15.3,same-wrap,,,,
165259,165284,same-sheet,10.1,13.1,same-wrap,,,,
165284,162944,same-sheet,47.2,93.0,same-wrap,3.4,91.6,0.03,
165284,165191,same-sheet,13.1,76.6,same-wrap,,,,
165496,164083,ambiguous,103.9,217.5,adjacent,,,,
1,17,untestable,9.0,14.4,same-wrap,,,,
108,916,same-sheet,13.1,25.3,same-wrap,,,,
151,174,same-sheet,10.1,20.3,same-wrap,,,,
241,333,same-sheet,11.1,173.9,same-wrap,42.5,4.5,1.58,
761,2279,same-sheet,23.2,81.0,same-wrap,21.6,32.0,36.21,140.0
804,1735,same-sheet,10.0,25.0,same-wrap,,,,
929,1735,untestable,161.0,651.0,adjacent,,,,
949,1876,same-sheet,16.5,26.9,same-wrap,,,,
949,6024,switch,101.9,304.4,same-wrap,42.2,227.8,40.1,
1717,1954,switch,97.1,151.0,adjacent,,,,
1876,6024,same-sheet,57.7,121.3,same-wrap,22.5,96.6,0.0,
1954,2279,ambiguous,71.4,147.6,adjacent,,,,
2279,2333,same-sheet,10.0,25.7,same-wrap,,,,
2564,3540,same-sheet,12.8,62.6,same-wrap,,,,
2564,3813,same-sheet,11.6,15.4,same-wrap,,,,
2564,10282,switch,102.9,207.5,adjacent,,,,
3031,3044,same-sheet,11.1,26.2,same-wrap,,,,
3317,4156,same-sheet,28.5,214.7,same-wrap,71.3,42.7,5.37,
3336,3607,same-sheet,15.0,67.7,same-wrap,,,,
3336,4156,same-sheet,10.3,17.6,same-wrap,,,,
3336,6233,same-sheet,10.3,88.7,same-wrap,51.6,36.6,0.58,
3336,8058,same-sheet,11.6,31.7,same-wrap,,,,
3372,4364,same-sheet,10.3,13.5,same-wrap,,,,
3540,3813,same-sheet,10.4,48.8,same-wrap,,,,
3540,10282,ambiguous,96.9,220.4,adjacent,,,,
3607,4156,same-sheet,13.2,47.6,same-wrap,,,,
3607,6233,same-sheet,10.0,85.7,same-wrap,48.9,50.4,0.01,
3607,8058,same-sheet,18.3,58.2,same-wrap,,,,
3735,3813,same-sheet,9.8,17.5,same-wrap,,,,
3735,4715,same-sheet,10.8,26.0,same-wrap,,,,
3813,5314,same-sheet,10.6,17.4,same-wrap,,,,
3876,5059,same-sheet,13.9,28.5,same-wrap,,,,
4156,6233,ambiguous,21.9,538.6,same-wrap,27.8,87.8,0.96,
4364,4776,untestable,8.6,9.9,same-wrap,,,,
4776,10879,switch,136.7,313.8,adjacent,,,,
5314,5548,same-sheet,9.0,13.1,same-wrap,,,,
5314,7046,ambiguous,160.5,635.8,adjacent,,,,
5751,6024,same-sheet,34.5,60.7,same-wrap,,,,
5751,8832,ambiguous,60.5,96.0,same-wrap,94.5,6.4,0.93,
5835,6409,same-sheet,10.3,22.7,same-wrap,,,,
6409,6895,same-sheet,9.7,17.1,same-wrap,,,,
6564,7863,same-sheet,8.7,8.7,same-wrap,,,,
6677,7472,same-sheet,9.9,19.5,same-wrap,,,,
6699,6865,same-sheet,10.1,13.3,same-wrap,,,,
6699,7681,same-sheet,23.0,51.7,same-wrap,,,,
6699,8298,ambiguous,88.0,253.4,adjacent,,,,
6699,10013,same-sheet,18.4,94.8,same-wrap,13.0,3.9,40.63,
6865,10511,ambiguous,14.0,71.0,same-wrap,,,,
6953,12170,ambiguous,49.9,101.3,adjacent,,,,
6953,17280,switch,56.8,101.7,adjacent,,,,
7341,7635,same-sheet,11.3,38.1,same-wrap,,,,
7472,12483,same-sheet,9.1,11.4,same-wrap,,,,
7508,17920,switch,99.9,196.4,adjacent,,,,
7508,18811,ambiguous,39.0,80.2,adjacent,,,,
7585,9035,same-sheet,24.0,45.4,same-wrap,,,,
7681,8298,ambiguous,112.8,254.1,adjacent,,,,
7681,10013,same-sheet,22.9,92.5,same-wrap,11.8,1.2,40.64,
7853,8838,same-sheet,9.3,21.2,same-wrap,,,,
7863,7896,same-sheet,9.3,20.3,same-wrap,,,,
8058,8832,same-sheet,9.5,13.1,unresolved,,,,
8266,13446,ambiguous,21.0,95.1,same-wrap,57.1,145.2,0.24,
8298,9063,ambiguous,15.3,153.0,unresolved,,,,
8298,10013,ambiguous,69.0,169.8,adjacent,,,,
8657,8832,switch,110.5,160.2,unresolved,,,,
8838,8926,same-sheet,10.2,29.9,same-wrap,,,,
8838,9254,same-sheet,10.2,21.6,same-wrap,,,,
8926,9254,same-sheet,10.7,69.1,same-wrap,,,,
8926,11178,ambiguous,121.6,330.6,adjacent,,,,
8926,13312,same-sheet,41.8,66.0,adjacent,,,,
8926,13496,same-sheet,14.2,39.7,same-wrap,,,,
8996,10265,ambiguous,44.8,144.5,same-wrap,192.7,43.3,0.03,
8996,11599,ambiguous,54.9,135.2,same-wrap,184.6,30.7,0.03,
9035,9315,same-sheet,10.1,19.9,same-wrap,,,,
9063,14451,untestable,8.0,8.7,same-wrap,,,,
9063,24518,ambiguous,64.7,99.5,adjacent,,,,
9149,18552,ambiguous,72.6,127.3,adjacent,,,,
9254,9679,untestable,19.9,53.7,same-wrap,,,,
9254,11178,switch,114.0,360.3,adjacent,,,,
9679,10237,same-sheet,10.2,28.7,same-wrap,,,,
9714,9836,untestable,9.5,11.1,same-wrap,,,,
9714,10637,untestable,62.1,80.5,adjacent,,,,
9786,12435,switch,83.5,238.6,adjacent,,,,
9836,10637,untestable,52.5,72.4,adjacent,,,,
9836,15188,ambiguous,98.4,303.7,adjacent,,,,
10156,11557,same-sheet,10.8,13.5,same-wrap,,,,
10237,13496,same-sheet,45.0,57.3,same-wrap,,,,
10265,11599,same-sheet,14.1,35.0,same-wrap,,,,
10307,12475,same-sheet,8.2,12.9,same-wrap,,,,
10511,11327,same-sheet,9.6,25.5,same-wrap,,,,
10511,11373,same-sheet,8.8,19.0,same-wrap,,,,
10511,11616,same-sheet,55.6,84.1,adjacent,,,,
10637,10874,same-sheet,9.9,11.6,same-wrap,,,,
10637,11088,same-sheet,10.2,19.9,same-wrap,,,,
10695,11330,same-sheet,26.1,70.4,adjacent,,,,
10695,11432,same-sheet,8.9,8.9,same-wrap,,,,
10695,12872,ambiguous,70.1,218.9,adjacent,,,,
10769,13340,switch,108.7,336.1,adjacent,,,,
10769,20729,ambiguous,40.5,116.7,adjacent,,,,
10874,10989,same-sheet,9.7,34.3,same-wrap,,,,
10874,11088,same-sheet,9.9,21.3,same-wrap,,,,
10874,12100,same-sheet,9.3,52.0,same-wrap,,,,
10879,11203,same-sheet,10.0,14.9,same-wrap,,,,
10989,11088,same-sheet,10.3,16.6,same-wrap,,,,
10989,12100,same-sheet,10.5,36.6,same-wrap,,,,
10989,12756,same-sheet,9.4,14.8,same-wrap,,,,
10989,15484,untestable,9.5,9.5,same-wrap,,,,
11088,11178,untestable,12.3,35.5,same-wrap,,,,
11088,12100,same-sheet,9.3,21.5,same-wrap,,,,
11203,12255,ambiguous,134.1,356.0,adjacent,,,,
11327,11373,same-sheet,8.9,16.2,same-wrap,,,,
11327,11616,ambiguous,87.9,142.5,adjacent,,,,
11327,12265,same-sheet,8.5,8.8,same-wrap,,,,
11330,11432,same-sheet,13.6,28.2,same-wrap,,,,
11330,12872,ambiguous,135.7,610.6,adjacent,,,,
11373,11616,ambiguous,74.3,142.8,adjacent,,,,
11373,12265,same-sheet,11.3,18.3,same-wrap,,,,
11402,12370,same-sheet,9.5,52.4,same-wrap,,,,
11432,13195,same-sheet,9.8,11.8,same-wrap,,,,
11616,12265,ambiguous,86.3,253.7,adjacent,,,,
11616,13062,same-sheet,40.9,79.6,unresolved,,,,
12100,12435,ambiguous,49.4,86.5,adjacent,,,,
12100,12756,same-sheet,8.2,15.5,same-wrap,,,,
12100,13312,same-sheet,11.7,12.8,same-wrap,,,,
12100,13496,same-sheet,9.6,17.5,same-wrap,,,,
12170,17280,same-sheet,9.7,33.0,same-wrap,,,,
12255,12548,same-sheet,9.5,14.9,same-wrap,,,,
12265,12995,same-sheet,8.7,8.7,same-wrap,,,,
12319,13654,same-sheet,9.3,15.0,same-wrap,,,,
12435,13300,untestable,8.0,8.0,same-wrap,,,,
12435,14259,same-sheet,13.0,56.7,same-wrap,,,,
12739,13377,same-sheet,12.5,63.9,same-wrap,,,,
12829,12872,same-sheet,9.5,20.0,same-wrap,,,,
12829,13350,untestable,9.8,18.1,same-wrap,,,,
12872,13147,same-sheet,8.7,11.8,same-wrap,,,,
12872,13527,same-sheet,8.3,9.1,same-wrap,,,,
12932,13527,same-sheet,20.5,66.8,same-wrap,,,,
13062,13377,untestable,9.4,12.8,same-wrap,,,,
13085,13654,same-sheet,10.8,34.5,same-wrap,,,,
13085,13855,same-sheet,9.2,11.0,same-wrap,,,,
13085,14464,same-sheet,8.5,10.0,same-wrap,,,,
13085,18509,same-sheet,33.5,94.8,adjacent,,,,
13085,18552,same-sheet,31.8,102.6,adjacent,,,,
13147,13527,same-sheet,10.1,16.0,same-wrap,,,,
13300,14259,same-sheet,8.9,8.9,same-wrap,,,,
13300,16634,same-sheet,9.8,26.9,same-wrap,,,,
13300,19539,ambiguous,75.4,330.9,adjacent,,,,
13312,13496,same-sheet,15.7,30.2,same-wrap,,,,
13340,20729,ambiguous,28.8,90.1,adjacent,,,,
13654,13855,same-sheet,11.2,20.8,same-wrap,,,,
13654,14464,same-sheet,9.4,16.2,same-wrap,,,,
13654,18509,same-sheet,20.6,43.0,adjacent,,,,
13855,14464,untestable,8.2,8.2,same-wrap,,,,
13855,16559,ambiguous,109.3,522.1,adjacent,,,,
13855,18552,same-sheet,19.8,38.7,unresolved,,,,
13855,20969,same-sheet,18.2,74.0,same-wrap,,,,
14259,14395,ambiguous,38.3,87.3,same-wrap,28.9,8.9,60.41,40.0
14259,16634,same-sheet,10.2,18.1,same-wrap,,,,
14395,19842,switch,132.8,309.3,adjacent,,,,
14451,21814,untestable,100.5,304.4,adjacent,,,,
14464,19010,untestable,138.4,558.0,adjacent,,,,
14520,17297,same-sheet,14.1,81.1,same-wrap,51.3,14.9,40.78,
15315,16091,same-sheet,10.5,25.5,same-wrap,,,,
15386,18682,same-sheet,10.0,28.3,same-wrap,,,,
15425,15504,same-sheet,11.3,20.4,same-wrap,,,,
15990,16887,same-sheet,8.7,9.2,same-wrap,,,,
16068,16442,same-sheet,9.4,29.0,same-wrap,,,,
16490,16499,same-sheet,9.4,25.5,same-wrap,,,,
16490,18075,same-sheet,16.5,35.3,unresolved,,,,
16490,18509,same-sheet,13.8,41.1,same-wrap,,,,
16490,19719,ambiguous,195.0,525.4,adjacent,,,,
16490,22616,same-sheet,13.6,75.6,same-wrap,,,,
16508,17388,same-sheet,11.7,21.0,same-wrap,,,,
16536,16559,same-sheet,10.1,23.9,same-wrap,,,,
16536,19010,untestable,63.5,119.7,unresolved,,,,
16559,17405,same-sheet,9.3,15.7,same-wrap,,,,
16559,19010,untestable,8.7,10.8,same-wrap,,,,
16559,20969,ambiguous,87.2,176.8,adjacent,,,,
16632,22109,untestable,113.5,325.6,adjacent,,,,
16634,19539,ambiguous,62.4,95.6,adjacent,,,,
16887,17558,switch,31.2,70.8,same-wrap,,,,
16890,17041,same-sheet,11.5,50.9,same-wrap,,,,
17361,18892,untestable,9.2,9.2,same-wrap,,,,
17388,18845,same-sheet,12.2,41.0,same-wrap,,,,
17388,19539,same-sheet,9.2,11.6,same-wrap,,,,
17405,18552,switch,97.3,168.1,adjacent,,,,
17405,22616,same-sheet,8.9,13.2,same-wrap,,,,
17920,18811,ambiguous,23.6,82.4,same-wrap,30.2,37.1,30.22,50.0
18075,19719,ambiguous,286.2,732.1,adjacent,,,,
18075,22616,same-sheet,34.2,68.8,adjacent,,,,
18509,18552,same-sheet,10.0,22.5,same-wrap,,,,
18509,22616,ambiguous,62.2,129.5,adjacent,,,,
18552,22616,same-sheet,53.2,123.7,adjacent,,,,
18845,19539,same-sheet,81.7,153.5,adjacent,,,,
19719,22616,same-sheet,8.7,8.7,same-wrap,,,,
20075,34928,ambiguous,134.3,284.1,adjacent,,,,
20516,20598,same-sheet,10.1,20.6,same-wrap,,,,
20969,24771,same-sheet,8.9,11.7,same-wrap,,,,
21622,21714,same-sheet,13.8,74.9,same-wrap,,,,
21622,21831,same-sheet,8.8,27.8,same-wrap,,,,
21714,21831,same-sheet,16.9,77.9,same-wrap,,,,
21814,34876,untestable,9.9,11.8,same-wrap,,,,
21831,22600,same-sheet,11.5,64.1,same-wrap,,,,
22147,22505,ambiguous,19.1,61.6,same-wrap,,,,
22799,22850,ambiguous,85.6,441.1,adjacent,,,,
22799,24518,ambiguous,53.6,92.1,adjacent,,,,
22850,26501,untestable,9.4,10.9,same-wrap,,,,
22850,31837,ambiguous,74.4,162.1,adjacent,,,,
23062,23895,same-sheet,8.3,8.4,same-wrap,,,,
23062,25729,same-sheet,14.0,21.4,unresolved,,,,
23062,29699,switch,154.1,634.5,adjacent,,,,
24329,24875,same-sheet,10.2,25.7,same-wrap,,,,
24329,25987,same-sheet,8.0,8.5,same-wrap,,,,
24329,27134,same-sheet,9.3,25.4,same-wrap,,,,
24522,25913,same-sheet,29.3,74.7,same-wrap,,,,
24522,25987,same-sheet,20.1,41.6,unresolved,,,,
24522,33049,same-sheet,32.9,63.2,same-wrap,,,,
24677,25758,untestable,10.9,10.9,same-wrap,,,,
24875,26501,same-sheet,9.3,11.7,same-wrap,,,,
24875,31837,switch,98.0,259.0,adjacent,,,,
25123,25430,same-sheet,10.4,45.5,same-wrap,,,,
25729,25843,same-sheet,10.8,22.4,same-wrap,,,,
25913,27645,untestable,10.8,14.6,same-wrap,,,,
25913,33049,ambiguous,64.1,116.9,adjacent,,,,
25913,34876,untestable,11.6,13.4,same-wrap,,,,
25987,27134,untestable,8.7,15.7,same-wrap,,,,
26755,27134,same-sheet,9.9,31.5,same-wrap,,,,
26793,29858,same-sheet,9.8,22.2,same-wrap,,,,
27948,29154,untestable,11.3,11.3,same-wrap,,,,
28607,28984,same-sheet,12.3,44.4,same-wrap,,,,
28607,33794,ambiguous,121.9,285.1,adjacent,,,,
28607,34493,switch,96.5,351.6,adjacent,,,,
28607,38786,switch,87.6,217.4,adjacent,,,,
28984,33794,same-sheet,74.4,86.7,adjacent,,,,
28984,34493,switch,84.8,354.3,adjacent,,,,
28984,38786,switch,86.8,217.4,adjacent,,,,
29234,29309,same-sheet,9.9,35.1,same-wrap,,,,
29309,31837,same-sheet,10.2,32.0,same-wrap,,,,
29746,30259,same-sheet,10.1,28.7,same-wrap,,,,
29783,41252,same-sheet,28.5,77.8,same-wrap,,,,
30259,68499,switch,131.6,323.0,adjacent,,,,
30713,33256,same-sheet,10.2,22.3,same-wrap,,,,
30713,44616,ambiguous,105.9,315.1,adjacent,,,,
32642,33070,same-sheet,9.1,9.1,same-wrap,,,,
32676,34628,switch,191.0,625.1,adjacent,,,,
32755,33595,same-sheet,11.8,32.7,same-wrap,,,,
32755,40617,same-sheet,25.6,62.2,same-wrap,,,,
33070,33658,same-sheet,9.6,27.7,same-wrap,,,,
33658,33983,same-sheet,9.9,28.9,same-wrap,,,,
33723,33794,same-sheet,10.4,41.2,same-wrap,,,,
33723,34846,same-sheet,11.7,38.1,same-wrap,,,,
33788,33983,same-sheet,8.1,11.0,same-wrap,,,,
33794,34493,same-sheet,10.7,68.4,same-wrap,,,,
33794,34846,same-sheet,10.0,23.9,same-wrap,,,,
33794,38786,same-sheet,20.1,77.6,same-wrap,,,,
33923,39463,ambiguous,25.9,46.3,same-wrap,,,,
33966,34448,same-sheet,8.3,9.9,same-wrap,,,,
34448,37417,same-sheet,9.1,17.8,same-wrap,,,,
34448,37957,same-sheet,12.1,20.4,same-wrap,,,,
34448,44817,ambiguous,95.4,227.4,adjacent,,,,
34448,45623,same-sheet,57.4,98.0,adjacent,,,,
34448,48498,ambiguous,108.5,339.2,adjacent,,,,
34493,38786,same-sheet,13.6,47.1,same-wrap,,,,
34531,44059,same-sheet,10.7,64.9,same-wrap,,,,
34846,41325,same-sheet,16.2,60.7,same-wrap,,,,
34928,36784,untestable,8.0,8.0,same-wrap,,,,
35055,35771,same-sheet,8.9,21.9,same-wrap,,,,
37207,38729,same-sheet,9.2,37.7,same-wrap,,,,
37417,37957,same-sheet,10.1,22.2,same-wrap,,,,
37417,42761,same-sheet,21.6,56.2,same-wrap,,,,
37714,40573,same-sheet,10.9,19.2,same-wrap,,,,
37957,44817,ambiguous,96.2,242.5,adjacent,,,,
38703,77666,switch,93.4,237.3,adjacent,,,,
40034,40617,same-sheet,30.0,68.8,unresolved,,,,
40034,45623,ambiguous,62.8,117.8,adjacent,,,,
40573,44261,same-sheet,9.9,14.7,same-wrap,,,,
40617,45623,same-sheet,49.3,66.7,adjacent,,,,
42047,44261,untestable,8.0,8.0,unresolved,,,,
44616,77666,ambiguous,63.9,206.3,adjacent,,,,
44817,45623,same-sheet,17.0,34.4,same-wrap,,,,
44817,48498,same-sheet,12.1,23.9,same-wrap,,,,
44833,50906,same-sheet,26.6,103.0,same-wrap,57.2,43.2,0.6,70.0
44918,45791,untestable,9.4,11.6,same-wrap,,,,
45623,48498,same-sheet,15.9,34.7,same-wrap,,,,
45882,47886,same-sheet,9.9,20.7,same-wrap,,,,
45882,48498,same-sheet,9.1,16.2,same-wrap,,,,
46020,48741,untestable,8.0,8.1,same-wrap,,,,
46481,46555,same-sheet,8.8,11.9,same-wrap,,,,
46481,47399,same-sheet,11.8,64.3,same-wrap,,,,
46481,61353,ambiguous,109.2,233.1,adjacent,,,,
46481,66020,ambiguous,99.1,244.1,adjacent,,,,
46481,69711,ambiguous,24.8,124.8,same-wrap,52.1,13.7,102.61,
46534,46609,same-sheet,9.4,19.9,unresolved,,,,
46534,46846,same-sheet,9.7,15.4,unresolved,,,,
46555,47399,same-sheet,9.1,21.9,same-wrap,,,,
46555,47577,same-sheet,9.5,17.7,same-wrap,,,,
46609,46846,same-sheet,9.3,16.8,unresolved,,,,
46682,48099,untestable,8.7,9.5,same-wrap,,,,
47074,48052,untestable,8.6,11.4,same-wrap,,,,
47074,57363,switch,95.6,194.9,adjacent,,,,
47399,61353,ambiguous,95.7,231.8,adjacent,,,,
47399,66020,ambiguous,110.5,441.4,adjacent,,,,
47399,69711,switch,96.8,343.8,adjacent,,,,
47886,48498,same-sheet,18.2,43.3,unresolved,,,,
47886,58298,switch,112.6,225.7,adjacent,,,,
47886,59462,switch,121.2,221.1,adjacent,,,,
48498,48591,same-sheet,10.4,29.1,same-wrap,,,,
48741,49207,untestable,9.6,9.6,same-wrap,,,,
49145,51107,untestable,8.6,9.3,unresolved,,,,
51613,53891,same-sheet,8.7,16.1,same-wrap,,,,
53702,68961,ambiguous,145.7,436.7,adjacent,,,,
53867,55493,untestable,12.3,19.9,unresolved,,,,
54431,58798,same-sheet,11.2,18.3,same-wrap,,,,
54431,66462,ambiguous,243.4,462.6,adjacent,,,,
54851,55009,ambiguous,11.8,58.5,unresolved,,,,
54851,55839,same-sheet,9.7,15.1,unresolved,,,,
54851,61360,same-sheet,10.8,18.4,unresolved,,,,
54937,55839,same-sheet,10.7,41.6,unresolved,,,,
55009,61360,ambiguous,11.7,35.5,unresolved,,,,
55839,61360,ambiguous,9.3,13.9,unresolved,,,,
56581,56986,same-sheet,18.1,77.4,unresolved,,,,
56581,71925,untestable,50.7,71.0,adjacent,,,,
56653,57159,switch,34.1,79.0,same-wrap,,,,
56934,57100,switch,9.6,20.3,same-wrap,,,,
57100,57979,untestable,8.2,8.2,same-wrap,,,,
57159,58904,untestable,9.4,16.7,same-wrap,,,,
58282,58760,same-sheet,8.0,8.1,same-wrap,,,,
58282,60192,switch,62.3,77.3,same-wrap,,,,
58298,59462,same-sheet,9.4,20.0,same-wrap,,,,
58760,60192,switch,78.4,96.1,same-wrap,54.7,41.6,0.0,
58760,60307,ambiguous,68.2,86.3,same-wrap,52.2,35.2,0.01,
60192,60307,same-sheet,8.3,11.1,same-wrap,,,,
60758,60890,same-sheet,13.1,81.0,unresolved,,,,
61353,62438,same-sheet,8.6,23.5,same-wrap,,,,
61353,69711,ambiguous,111.7,204.7,same-wrap,107.6,4.8,52.83,
62438,69711,switch,122.5,213.5,adjacent,,,,
63817,64309,same-sheet,9.7,13.9,same-wrap,,,,
64309,65922,same-sheet,10.9,24.4,same-wrap,,,,
65365,66267,same-sheet,10.1,17.8,same-wrap,,,,
66020,69496,same-sheet,10.0,15.4,same-wrap,,,,
66020,69711,untestable,10.9,13.0,same-wrap,,,,
66094,68032,same-sheet,15.1,26.8,same-wrap,,,,
67409,71526,same-sheet,48.7,112.5,unresolved,,,,
67645,68265,same-sheet,9.8,42.5,adjacent,,,,
67684,67695,same-sheet,13.8,59.1,adjacent,,,,
68448,69082,same-sheet,9.0,11.4,same-wrap,,,,
68788,88263,ambiguous,73.3,200.9,adjacent,,,,
69004,73849,same-sheet,11.1,23.7,same-wrap,,,,
69082,73279,ambiguous,149.2,714.0,adjacent,,,,
69082,73470,switch,149.8,706.7,adjacent,,,,
69496,69711,same-sheet,10.4,21.0,same-wrap,,,,
69568,71804,same-sheet,10.3,23.1,same-wrap,,,,
71454,71526,same-sheet,11.5,86.4,unresolved,,,,
71489,89694,switch,96.8,349.2,adjacent,,,,
72456,74458,same-sheet,9.0,19.8,same-wrap,,,,
73179,75307,same-sheet,18.0,39.9,same-wrap,,,,
73279,73470,same-sheet,9.3,17.0,same-wrap,,,,
73470,73540,same-sheet,10.4,58.3,same-wrap,,,,
73540,74252,same-sheet,11.9,26.8,same-wrap,,,,
74717,75094,untestable,11.4,17.2,same-wrap,,,,
75094,75380,same-sheet,11.1,34.4,same-wrap,,,,
76661,77846,same-sheet,10.0,13.6,same-wrap,,,,
76661,87178,same-sheet,9.2,17.9,same-wrap,,,,
78206,78283,same-sheet,10.2,19.7,same-wrap,,,,
78283,82048,same-sheet,8.7,14.4,same-wrap,,,,
78283,83437,untestable,8.4,17.7,same-wrap,,,,
78776,81550,same-sheet,19.6,57.7,same-wrap,,,,
78776,89694,same-sheet,8.7,10.3,same-wrap,,,,
78953,82589,same-sheet,33.8,33.8,unresolved,,,,
79701,92719,untestable,227.9,567.7,unresolved,,,,
80166,83428,same-sheet,9.7,17.3,same-wrap,,,,
82004,82673,same-sheet,9.6,16.8,same-wrap,,,,
82048,82480,same-sheet,36.1,70.6,adjacent,,,,
82048,83437,ambiguous,28.0,63.4,same-wrap,,,,
82048,87708,ambiguous,139.2,326.8,adjacent,,,,
82480,82673,untestable,9.9,11.1,same-wrap,,,,
82480,83437,same-sheet,9.2,11.4,same-wrap,,,,
82480,87422,same-sheet,24.6,72.6,same-wrap,,,,
82499,83428,same-sheet,10.6,19.8,same-wrap,,,,
82499,85804,same-sheet,11.5,14.1,same-wrap,,,,
82499,87422,switch,122.1,295.5,adjacent,,,,
83428,85804,same-sheet,9.7,19.1,same-wrap,,,,
83428,87119,same-sheet,10.4,30.3,same-wrap,,,,
83428,87422,ambiguous,127.6,295.5,adjacent,,,,
83967,84224,same-sheet,14.9,54.4,same-wrap,,,,
85804,87119,same-sheet,9.5,13.7,same-wrap,,,,
85804,87422,ambiguous,52.1,89.7,adjacent,,,,
85852,87062,same-sheet,11.9,43.9,same-wrap,,,,
85852,87119,same-sheet,10.1,30.1,same-wrap,,,,
86200,88797,switch,8.5,8.5,same-wrap,,,,
86697,91694,same-sheet,17.9,41.3,same-wrap,,,,
86965,90194,ambiguous,166.1,431.1,adjacent,,,,
87062,87201,same-sheet,9.8,27.5,same-wrap,,,,
87119,87422,same-sheet,49.7,79.2,adjacent,,,,
87422,87708,same-sheet,10.8,33.1,same-wrap,,,,
87798,90136,same-sheet,12.7,13.7,same-wrap,,,,
88262,88263,ambiguous,19.8,72.9,same-wrap,,,,
88595,89429,same-sheet,15.8,79.0,same-wrap,,,,
88687,89563,same-sheet,10.7,65.4,same-wrap,,,,
88793,88918,same-sheet,9.1,12.6,same-wrap,,,,
89694,91407,ambiguous,41.1,80.8,adjacent,,,,
91314,91524,same-sheet,11.4,246.1,same-wrap,6.1,15.1,1.38,
92244,94360,ambiguous,66.8,124.8,unresolved,,,,
92315,93181,same-sheet,8.6,9.8,same-wrap,,,,
92315,98237,same-sheet,12.5,62.4,same-wrap,,,,
93181,98237,same-sheet,24.8,97.9,same-wrap,75.1,27.7,0.65,
93844,95521,untestable,10.9,120.5,same-wrap,144.5,62.8,58.68,
94370,94901,same-sheet,9.2,14.6,unresolved,,,,
96739,97370,same-sheet,10.6,15.9,same-wrap,,,,
96763,99503,same-sheet,10.2,13.5,same-wrap,,,,
96912,108388,untestable,23.9,73.9,same-wrap,,,,
97141,98183,same-sheet,10.7,17.7,same-wrap,,,,
97370,98408,ambiguous,13.1,35.7,same-wrap,,,,
98183,98552,same-sheet,9.5,34.6,same-wrap,,,,
98408,98552,same-sheet,9.8,37.1,same-wrap,,,,
101654,101685,same-sheet,11.4,35.1,same-wrap,,,,
102517,102815,untestable,10.7,14.7,same-wrap,,,,
102517,102868,same-sheet,8.9,11.9,same-wrap,,,,
102815,102868,untestable,8.2,8.3,same-wrap,,,,
103858,104248,same-sheet,9.1,16.9,unresolved,,,,
103858,104745,same-sheet,8.7,17.8,unresolved,,,,
104248,104764,ambiguous,78.5,243.7,unresolved,,,,
104248,114839,same-sheet,12.4,57.7,unresolved,,,,
104248,118507,same-sheet,8.7,12.3,unresolved,,,,
104330,111176,switch,91.4,102.7,same-wrap,0.0,0.0,0.05,
105307,122144,untestable,9.9,19.2,same-wrap,,,,
105792,106131,same-sheet,11.7,44.8,same-wrap,,,,
106131,106347,same-sheet,9.7,18.0,same-wrap,,,,
106218,106416,same-sheet,9.4,27.3,same-wrap,,,,
106347,113244,same-sheet,31.2,59.9,adjacent,,,,
107104,107203,same-sheet,9.2,18.1,same-wrap,,,,
107203,108607,same-sheet,9.9,16.9,same-wrap,,,,
107203,111426,untestable,8.6,8.6,unresolved,,,,
107203,122144,same-sheet,8.9,12.6,same-wrap,,,,
107210,111178,same-sheet,30.2,62.1,unresolved,,,,
107210,113244,same-sheet,16.5,78.5,same-wrap,,,,
107210,114287,ambiguous,118.5,294.5,adjacent,,,,
107210,122185,same-sheet,33.3,58.5,unresolved,,,,
108036,111178,untestable,10.3,10.3,same-wrap,,,,
108036,113244,same-sheet,43.1,61.2,unresolved,,,,
108036,114287,ambiguous,167.0,295.4,adjacent,,,,
108036,122185,switch,78.2,123.2,adjacent,,,,
108108,108310,untestable,8.6,8.8,unresolved,,,,
108607,109345,same-sheet,8.7,12.0,same-wrap,,,,
109345,109808,same-sheet,8.6,9.1,same-wrap,,,,
109597,109808,same-sheet,8.4,14.9,same-wrap,,,,
110830,120087,same-sheet,22.7,77.9,adjacent,,,,
110830,122077,ambiguous,104.9,226.2,adjacent,,,,
111074,111515,same-sheet,9.7,52.6,same-wrap,,,,
111074,111979,same-sheet,15.8,71.9,same-wrap,,,,
111074,123234,switch,99.2,168.4,adjacent,,,,
111074,124719,switch,90.0,162.5,adjacent,,,,
111178,113061,same-sheet,10.5,16.0,same-wrap,,,,
111178,113244,ambiguous,33.1,68.7,unresolved,,,,
111178,114207,same-sheet,9.2,14.7,same-wrap,,,,
111178,122185,ambiguous,58.7,118.0,adjacent,,,,
111325,113006,same-sheet,8.6,8.6,same-wrap,,,,
111426,122144,untestable,182.5,322.3,adjacent,,,,
111515,111979,ambiguous,19.3,66.2,same-wrap,,,,
111515,112447,same-sheet,11.0,19.1,same-wrap,,,,
111515,123234,switch,97.9,176.8,adjacent,,,,
111515,124719,ambiguous,61.7,114.0,adjacent,,,,
111979,124719,switch,90.6,191.2,adjacent,,,,
112381,112823,same-sheet,10.5,60.3,same-wrap,,,,
112447,113294,same-sheet,9.8,17.2,same-wrap,,,,
112447,113698,same-sheet,13.4,39.7,same-wrap,,,,
112447,123439,switch,96.0,175.7,adjacent,,,,
112481,112847,untestable,9.8,19.0,unresolved,,,,
112481,112991,ambiguous,8.4,17.2,same-wrap,,,,
112504,112709,same-sheet,9.2,18.2,same-wrap,,,,
112747,113879,untestable,8.8,9.4,same-wrap,,,,
113006,113724,same-sheet,12.0,33.2,same-wrap,,,,
113006,114272,ambiguous,28.0,79.7,adjacent,,,,
113006,115224,ambiguous,41.0,81.5,adjacent,,,,
113006,117135,same-sheet,12.3,49.2,same-wrap,,,,
113006,119510,ambiguous,51.7,79.6,adjacent,,,,
113006,129216,switch,140.7,301.1,adjacent,,,,
113061,113414,same-sheet,11.2,20.4,same-wrap,,,,
113204,113698,same-sheet,13.5,54.3,same-wrap,,,,
113244,114287,ambiguous,56.7,146.1,adjacent,,,,
113244,122185,same-sheet,20.0,68.8,same-wrap,,,,
113294,123439,switch,90.9,174.2,adjacent,,,,
113294,124189,switch,107.3,450.5,adjacent,,,,
113414,114131,same-sheet,10.4,23.1,same-wrap,,,,
113414,114191,same-sheet,11.1,27.6,same-wrap,,,,
113465,127883,same-sheet,99.3,220.4,adjacent,,,,
113698,119134,switch,136.6,509.8,adjacent,,,,
113724,114272,ambiguous,74.5,186.6,adjacent,,,,
113724,115224,ambiguous,75.3,154.8,adjacent,,,,
113724,119134,switch,102.0,225.0,adjacent,,,,
113724,119510,switch,86.5,223.5,adjacent,,,,
114131,114191,same-sheet,10.7,19.1,same-wrap,,,,
114131,118592,switch,111.5,216.3,adjacent,,,,
114191,118592,switch,91.3,152.5,adjacent,,,,
114272,115224,ambiguous,14.5,39.8,same-wrap,,,,
114272,119134,same-sheet,10.1,10.1,same-wrap,,,,
114272,119510,same-sheet,10.3,26.4,same-wrap,,,,
114272,129216,switch,112.3,302.5,adjacent,,,,
114287,116826,untestable,9.7,10.8,same-wrap,,,,
114287,122185,ambiguous,52.7,72.7,adjacent,,,,
114808,115862,untestable,12.6,14.9,same-wrap,,,,
114839,118507,ambiguous,32.4,100.5,unresolved,,,,
114839,120615,same-sheet,9.7,10.1,unresolved,,,,
115224,119510,same-sheet,9.6,10.4,same-wrap,,,,
115224,124846,ambiguous,85.3,149.3,adjacent,,,,
115715,116735,same-sheet,11.6,14.1,same-wrap,,,,
115715,120853,same-sheet,40.5,79.6,same-wrap,33.6,50.4,0.01,
116735,120853,ambiguous,28.8,77.8,same-wrap,,,,
117472,120251,same-sheet,11.4,105.9,unresolved,,,,
117774,118616,same-sheet,11.0,80.7,same-wrap,2.6,20.1,62.47,80.0
117774,119694,ambiguous,102.4,520.9,adjacent,,,,
117999,118813,same-sheet,8.3,12.6,same-wrap,,,,
117999,120999,untestable,54.6,90.9,same-wrap,39.6,31.5,0.08,180.0
117999,123838,same-sheet,184.7,360.6,adjacent,,,,
118196,118791,same-sheet,8.5,11.0,same-wrap,,,,
118196,118908,untestable,8.4,8.7,same-wrap,,,,
118592,125617,same-sheet,10.7,18.5,same-wrap,,,,
118616,119694,ambiguous,76.8,258.2,adjacent,,,,
118616,120887,ambiguous,49.6,87.7,adjacent,,,,
118791,118908,same-sheet,9.6,49.6,same-wrap,,,,
118791,119694,ambiguous,101.5,316.2,adjacent,,,,
118791,120887,ambiguous,70.1,344.5,adjacent,,,,
118813,120999,same-sheet,10.3,29.4,same-wrap,,,,
118813,123838,switch,111.9,371.6,adjacent,,,,
118908,120887,ambiguous,61.0,165.2,adjacent,,,,
118908,125549,ambiguous,9.5,13.7,same-wrap,,,,
119134,119510,same-sheet,9.9,19.8,same-wrap,,,,
119134,124189,same-sheet,9.6,18.3,same-wrap,,,,
119510,119607,same-sheet,11.8,17.2,same-wrap,,,,
119694,120210,same-sheet,11.0,39.5,adjacent,,,,
119694,120887,same-sheet,12.6,62.1,same-wrap,,,,
119694,122022,same-sheet,10.1,11.4,same-wrap,,,,
120087,120323,same-sheet,11.3,40.7,same-wrap,,,,
120087,122077,same-sheet,26.5,71.8,adjacent,,,,
120087,122867,same-sheet,13.7,63.9,same-wrap,,,,
120251,127935,untestable,25.4,80.0,unresolved,,,,
120323,121897,same-sheet,9.7,19.0,same-wrap,,,,
120323,122077,same-sheet,20.6,62.9,same-wrap,,,,
120323,122867,same-sheet,9.8,33.5,same-wrap,,,,
120323,124846,same-sheet,8.1,8.1,same-wrap,,,,
120809,124548,same-sheet,80.0,279.6,adjacent,,,,
121331,122867,same-sheet,10.9,25.6,same-wrap,,,,
121897,122867,same-sheet,11.4,16.8,same-wrap,,,,
121897,123459,same-sheet,10.4,18.7,same-wrap,,,,
122022,124548,same-sheet,8.2,10.1,same-wrap,,,,
122077,122807,same-sheet,10.6,25.5,same-wrap,,,,
122077,122867,same-sheet,11.3,71.4,unresolved,,,,
122534,126373,untestable,11.2,15.4,same-wrap,,,,
122534,130675,untestable,55.3,230.5,same-wrap,15.3,79.8,125.1,
122534,133940,untestable,33.3,78.1,adjacent,,,,
122608,123078,same-sheet,9.7,13.1,same-wrap,,,,
122807,122867,same-sheet,10.0,16.1,same-wrap,,,,
122807,123234,untestable,12.2,15.2,same-wrap,,,,
122807,131737,switch,83.7,148.7,adjacent,,,,
122986,128900,ambiguous,127.3,243.1,adjacent,,,,
123001,123838,same-sheet,8.9,13.1,same-wrap,,,,
123234,131737,switch,81.7,136.6,adjacent,,,,
123423,123977,same-sheet,13.4,70.6,same-wrap,,,,
123423,126747,switch,121.7,330.5,adjacent,,,,
123439,124189,same-sheet,22.5,94.0,same-wrap,17.5,23.4,62.49,30.0
123838,124194,same-sheet,8.9,34.5,same-wrap,,,,
123853,123971,same-sheet,9.0,9.0,same-wrap,,,,
123853,125204,same-sheet,10.9,11.1,same-wrap,,,,
123971,125204,untestable,8.8,9.5,same-wrap,,,,
123971,126062,switch,97.8,173.5,adjacent,,,,
124218,130675,untestable,11.3,78.0,same-wrap,,,,
124322,125217,untestable,10.9,22.7,same-wrap,,,,
124548,128457,untestable,8.9,9.6,same-wrap,,,,
124659,130171,ambiguous,78.6,215.9,adjacent,,,,
124719,126607,same-sheet,16.1,39.7,adjacent,,,,
124719,128450,same-sheet,11.4,224.5,same-wrap,67.4,21.8,1.44,
124846,128113,ambiguous,121.4,233.8,adjacent,,,,
124846,129216,ambiguous,41.0,104.7,adjacent,,,,
125217,134270,ambiguous,154.1,325.3,adjacent,,,,
125235,126170,same-sheet,9.8,21.7,same-wrap,,,,
125617,125712,same-sheet,9.1,12.0,same-wrap,,,,
125920,126747,same-sheet,11.7,15.9,same-wrap,,,,
125982,127042,same-sheet,37.6,99.1,same-wrap,40.5,3.8,3.03,
126090,126240,switch,9.5,10.5,same-wrap,,,,
126090,127400,ambiguous,18.4,131.6,same-wrap,21.6,97.6,65.83,180.0
126240,127400,switch,22.2,97.4,same-wrap,6.1,87.1,0.03,
126477,127883,ambiguous,74.0,121.0,adjacent,,,,
126607,127400,same-sheet,8.6,10.6,same-wrap,,,,
126607,128450,ambiguous,14.8,79.4,same-wrap,43.6,3.2,62.41,130.0
126728,126747,same-sheet,11.3,31.6,same-wrap,,,,
126728,127610,same-sheet,8.5,9.7,same-wrap,,,,
126867,127464,untestable,8.6,8.9,same-wrap,,,,
127042,128450,same-sheet,12.2,310.7,same-wrap,48.6,23.6,0.22,190.0
127464,127729,same-sheet,8.8,14.3,same-wrap,,,,
127464,130684,switch,192.8,406.4,adjacent,,,,
127704,128380,ambiguous,11.3,86.3,same-wrap,57.1,33.5,0.0,
127806,132367,same-sheet,10.7,28.7,same-wrap,,,,
127935,139069,switch,85.7,209.1,unresolved,,,,
128078,138589,untestable,85.4,272.6,adjacent,,,,
128113,129216,same-sheet,70.0,154.6,adjacent,,,,
128380,129939,untestable,8.7,9.2,same-wrap,,,,
128433,129939,same-sheet,10.7,14.4,same-wrap,,,,
128433,130371,ambiguous,9.2,10.5,same-wrap,,,,
128457,129441,same-sheet,13.2,17.7,same-wrap,,,,
128780,128900,same-sheet,17.7,68.7,same-wrap,,,,
128780,133940,same-sheet,11.1,14.8,same-wrap,,,,
128900,133940,same-sheet,9.4,27.7,same-wrap,,,,
129425,130966,same-sheet,11.8,155.8,same-wrap,37.1,9.1,0.59,180.0
129441,129538,same-sheet,9.8,17.8,same-wrap,,,,
129441,130522,same-sheet,9.2,19.1,same-wrap,,,,
129538,134493,same-sheet,21.8,76.9,same-wrap,,,,
129538,148267,ambiguous,61.0,204.6,adjacent,,,,
129718,129954,same-sheet,13.4,50.3,same-wrap,,,,
130621,131380,same-sheet,18.6,59.4,same-wrap,,,,
130675,133940,ambiguous,70.8,315.5,adjacent,,,,
130783,130982,same-sheet,30.3,85.9,adjacent,,,,
130986,133003,untestable,8.8,9.1,same-wrap,,,,
133003,133548,same-sheet,9.4,14.7,same-wrap,,,,
133003,135156,same-sheet,11.6,20.4,same-wrap,,,,
133548,135156,same-sheet,9.6,10.7,same-wrap,,,,
133548,137570,ambiguous,38.8,91.5,same-wrap,47.4,57.7,131.78,
133548,140368,ambiguous,82.0,225.1,adjacent,,,,
133645,134270,untestable,10.4,84.5,same-wrap,72.7,5.7,0.01,
134493,143816,same-sheet,8.7,18.6,same-wrap,,,,
134493,148267,same-sheet,12.1,34.2,same-wrap,,,,
135156,140368,ambiguous,140.2,348.9,adjacent,,,,
135418,135449,same-sheet,12.0,26.2,same-wrap,,,,
135418,144604,switch,101.5,242.2,adjacent,,,,
136688,136994,same-sheet,8.9,13.3,same-wrap,,,,
136688,137308,same-sheet,8.6,11.1,same-wrap,,,,
136994,137159,same-sheet,16.8,57.0,same-wrap,,,,
136994,137308,same-sheet,10.1,22.7,same-wrap,,,,
137302,137331,same-sheet,10.8,78.3,same-wrap,,,,
137302,137378,same-sheet,9.9,38.4,same-wrap,,,,
137302,138695,same-sheet,56.9,70.1,unresolved,,,,
137302,139532,ambiguous,60.5,103.6,adjacent,,,,
137308,142898,switch,98.2,318.1,adjacent,,,,
137308,145675,switch,103.8,172.1,adjacent,,,,
137331,138695,switch,69.9,123.5,adjacent,,,,
137331,144270,ambiguous,27.9,88.8,adjacent,,,,
137378,138600,same-sheet,12.2,47.0,same-wrap,,,,
137378,139532,ambiguous,73.2,213.0,adjacent,,,,
137378,140241,ambiguous,128.7,291.6,adjacent,,,,
137378,140626,same-sheet,16.8,116.9,same-wrap,0.1,13.9,67.29,
137378,142849,untestable,8.7,9.9,same-wrap,,,,
137519,137562,untestable,10.4,21.6,same-wrap,,,,
137562,150449,ambiguous,90.6,258.2,adjacent,,,,
138053,141764,switch,61.9,188.6,adjacent,,,,
138053,142849,untestable,11.6,13.6,unresolved,,,,
138178,138257,same-sheet,10.4,22.9,same-wrap,,,,
138178,138878,same-sheet,10.4,22.1,same-wrap,,,,
138475,138831,same-sheet,34.3,101.2,unresolved,,,,
138600,139532,ambiguous,72.9,342.5,adjacent,,,,
138600,140241,ambiguous,65.0,116.3,adjacent,,,,
138600,140626,same-sheet,26.7,237.1,unresolved,,,,
138626,138660,same-sheet,27.3,66.4,adjacent,,,,
138626,138695,same-sheet,10.0,23.4,same-wrap,,,,
138626,139000,ambiguous,11.4,74.4,same-wrap,,,,
138626,139643,same-sheet,8.8,37.1,same-wrap,,,,
138695,139000,same-sheet,9.7,9.9,same-wrap,,,,
138695,141721,ambiguous,132.7,254.6,adjacent,,,,
138695,141738,ambiguous,154.6,267.3,adjacent,,,,
138695,144270,untestable,17.3,74.1,same-wrap,,,,
138831,139143,untestable,11.2,32.4,same-wrap,,,,
139000,139339,same-sheet,8.9,10.8,same-wrap,,,,
139000,139457,untestable,8.1,8.1,same-wrap,,,,
139089,139588,same-sheet,13.1,44.9,same-wrap,,,,
139089,145776,same-sheet,13.4,241.1,same-wrap,31.2,21.8,0.24,50.0
139339,139457,same-sheet,8.3,9.5,same-wrap,,,,
139339,139500,same-sheet,11.4,16.2,same-wrap,,,,
139339,141738,switch,185.5,254.4,adjacent,,,,
139339,144270,ambiguous,86.6,108.7,adjacent,,,,
139457,139500,same-sheet,10.4,24.7,same-wrap,,,,
139500,140437,untestable,7.9,7.9,same-wrap,,,,
139516,143648,ambiguous,191.4,213.8,same-wrap,30.0,171.2,275.54,
139516,144002,ambiguous,151.7,226.2,same-wrap,7.0,144.3,67.15,
139532,139855,same-sheet,9.9,18.1,same-wrap,,,,
139532,140241,same-sheet,14.1,25.7,same-wrap,,,,
139532,140626,same-sheet,64.0,140.4,adjacent,,,,
139532,141211,same-sheet,68.1,85.9,adjacent,,,,
139532,141764,same-sheet,9.3,9.3,same-wrap,,,,
139532,142573,switch,106.7,376.2,adjacent,,,,
139588,145776,ambiguous,27.0,85.3,same-wrap,15.0,6.8,2.32,50.0
139643,142256,same-sheet,10.0,22.7,same-wrap,,,,
139848,142127,same-sheet,44.4,61.9,adjacent,,,,
139855,140241,ambiguous,9.7,17.2,same-wrap,,,,
139855,141211,same-sheet,9.0,9.5,same-wrap,,,,
139855,141334,untestable,8.7,8.7,same-wrap,,,,
139855,141738,same-sheet,9.2,10.9,same-wrap,,,,
139855,141764,ambiguous,9.6,13.7,same-wrap,,,,
139855,142573,ambiguous,77.5,128.3,adjacent,,,,
140132,140437,same-sheet,37.1,88.5,adjacent,,,,
140241,140626,same-sheet,94.8,274.9,unresolved,,,,
140241,141211,ambiguous,10.5,23.7,same-wrap,,,,
140241,141764,ambiguous,9.6,16.9,same-wrap,,,,
140241,142573,ambiguous,96.7,133.4,adjacent,,,,
140368,144905,ambiguous,37.9,71.5,same-wrap,,,,
140437,142401,switch,101.4,179.4,adjacent,,,,
140437,142491,untestable,90.1,173.0,adjacent,,,,
140437,142919,untestable,61.3,220.3,adjacent,,,,
140626,142849,same-sheet,8.2,8.2,same-wrap,,,,
141031,141293,same-sheet,9.7,13.5,same-wrap,,,,
141031,141627,same-sheet,10.0,10.0,same-wrap,,,,
141031,142401,untestable,12.1,14.3,same-wrap,,,,
141211,141334,same-sheet,9.1,11.3,same-wrap,,,,
141211,141721,same-sheet,9.2,34.6,same-wrap,,,,
141211,141738,same-sheet,9.8,17.2,same-wrap,,,,
141211,141764,ambiguous,8.8,23.9,same-wrap,,,,
141211,142573,ambiguous,75.8,131.4,adjacent,,,,
141211,144354,switch,149.0,229.9,adjacent,,,,
141334,141738,same-sheet,11.6,59.8,same-wrap,,,,
141334,141764,same-sheet,9.0,10.6,same-wrap,,,,
141627,142678,switch,80.4,173.6,adjacent,,,,
141721,141738,same-sheet,9.9,34.3,same-wrap,,,,
141721,142573,same-sheet,50.8,74.2,adjacent,,,,
141721,144354,ambiguous,65.4,149.2,adjacent,,,,
141738,141764,same-sheet,10.6,25.0,same-wrap,,,,
141738,142573,same-sheet,59.7,98.8,adjacent,,,,
141738,144354,ambiguous,156.8,310.4,adjacent,,,,
141764,142849,switch,151.5,247.7,adjacent,,,,
141779,149480,switch,96.8,199.0,same-wrap,103.2,12.4,67.69,
141841,142089,same-sheet,9.3,11.5,same-wrap,,,,
141841,143915,same-sheet,12.2,123.4,same-wrap,1.7,16.4,66.68,150.0
142004,142163,same-sheet,9.1,13.4,same-wrap,,,,
142004,144011,same-sheet,10.3,10.6,same-wrap,,,,
142089,143915,same-sheet,20.9,295.9,unresolved,,,,
142163,142401,same-sheet,9.5,15.5,same-wrap,,,,
142163,144011,same-sheet,10.3,36.3,same-wrap,,,,
142163,144393,same-sheet,14.7,43.4,same-wrap,,,,
142163,144834,ambiguous,143.2,853.4,adjacent,,,,
142256,142345,same-sheet,8.8,14.2,same-wrap,,,,
142345,142688,same-sheet,9.7,9.8,same-wrap,,,,
142386,148267,switch,147.5,231.8,adjacent,,,,
142401,142491,same-sheet,9.3,28.5,same-wrap,,,,
142401,144293,switch,150.0,309.5,adjacent,,,,
142401,144618,switch,135.2,692.6,adjacent,,,,
142491,142919,ambiguous,115.4,250.5,adjacent,,,,
142492,144342,same-sheet,17.4,60.7,same-wrap,,,,
142492,146900,ambiguous,196.8,683.3,adjacent,,,,
142604,144803,untestable,11.6,18.1,same-wrap,,,,
142673,146832,same-sheet,22.7,61.0,same-wrap,,,,
142673,146842,untestable,10.5,10.5,same-wrap,,,,
142688,143305,switch,73.6,94.5,adjacent,,,,
142688,145485,untestable,43.0,67.1,same-wrap,,,,
142695,142736,untestable,9.7,73.2,same-wrap,,,,
142823,142898,same-sheet,8.8,12.0,same-wrap,,,,
142823,143230,same-sheet,10.3,24.4,same-wrap,,,,
142896,146842,same-sheet,31.9,82.2,same-wrap,10.8,101.9,68.86,120.0
142898,143230,same-sheet,10.8,22.2,same-wrap,,,,
142898,145675,same-sheet,11.7,61.0,unresolved,,,,
143156,143370,same-sheet,8.4,8.5,same-wrap,,,,
143156,146508,same-sheet,10.5,316.5,same-wrap,23.3,4.7,1.56,
143159,150449,switch,53.3,102.1,unresolved,,,,
143305,143498,untestable,10.3,17.7,same-wrap,,,,
143370,143737,same-sheet,11.3,237.8,same-wrap,28.8,21.6,0.33,110.0
143407,149186,switch,90.2,127.6,adjacent,,,,
143498,143579,switch,136.0,374.5,adjacent,,,,
143648,144002,same-sheet,12.8,263.5,same-wrap,167.5,100.3,3.03,
143816,148267,same-sheet,13.8,106.5,same-wrap,15.9,13.6,65.77,200.0
143937,144458,untestable,11.4,29.2,same-wrap,,,,
144011,144393,same-sheet,9.9,29.4,same-wrap,,,,
144016,144803,same-sheet,11.9,50.7,same-wrap,,,,
144016,145097,same-sheet,9.5,24.1,same-wrap,,,,
144165,144905,same-sheet,10.8,19.7,same-wrap,,,,
144293,144618,same-sheet,10.1,30.8,same-wrap,,,,
144393,144626,untestable,9.9,9.9,unresolved,,,,
144393,144834,switch,77.3,100.8,adjacent,,,,
144618,144834,same-sheet,11.3,29.4,same-wrap,,,,
144618,145075,same-sheet,9.5,13.3,same-wrap,,,,
144626,145173,same-sheet,9.7,10.8,same-wrap,,,,
144803,144895,same-sheet,10.1,19.9,same-wrap,,,,
144803,145097,same-sheet,9.8,23.6,same-wrap,,,,
144803,145629,same-sheet,8.0,8.0,same-wrap,,,,
144834,145075,same-sheet,16.5,24.6,same-wrap,,,,
144834,146037,same-sheet,11.2,22.2,same-wrap,,,,
144834,146349,same-sheet,20.3,63.6,same-wrap,,,,
144841,145096,ambiguous,61.8,110.8,same-wrap,53.3,58.0,0.02,
144895,145097,same-sheet,9.7,29.9,same-wrap,,,,
144895,145629,same-sheet,13.4,37.5,same-wrap,,,,
145075,146037,same-sheet,9.3,22.9,same-wrap,,,,
145075,146349,untestable,11.0,13.1,same-wrap,,,,
145097,145629,same-sheet,11.5,22.5,same-wrap,,,,
145254,145450,same-sheet,10.8,41.2,same-wrap,,,,
145254,146809,switch,107.8,233.5,adjacent,,,,
145450,146235,same-sheet,10.0,10.0,same-wrap,,,,
145635,145916,untestable,11.0,20.7,same-wrap,,,,
145635,148059,untestable,96.3,197.1,adjacent,,,,
145750,146466,same-sheet,9.2,15.5,same-wrap,,,,
145750,148454,switch,95.7,224.7,adjacent,,,,
145750,152556,ambiguous,89.5,218.7,adjacent,,,,
145997,146003,same-sheet,8.9,14.0,same-wrap,,,,
145997,148392,switch,113.9,278.7,adjacent,,,,
145997,152578,same-sheet,13.3,49.2,same-wrap,,,,
146003,146835,same-sheet,8.6,11.4,same-wrap,,,,
146003,147888,same-sheet,15.3,19.8,same-wrap,,,,
146003,148270,ambiguous,69.2,95.9,adjacent,,,,
146003,148460,switch,113.1,265.0,adjacent,,,,
146003,152578,same-sheet,8.0,8.0,same-wrap,,,,
146037,146349,same-sheet,14.1,72.8,same-wrap,,,,
146235,146868,ambiguous,74.7,167.0,adjacent,,,,
146235,146915,ambiguous,116.0,319.3,adjacent,,,,
146235,147178,switch,155.1,395.8,adjacent,,,,
146266,146687,same-sheet,46.1,71.4,adjacent,,,,
146266,146835,ambiguous,68.6,107.8,adjacent,,,,
146266,146868,ambiguous,68.1,210.9,adjacent,,,,
146266,147012,same-sheet,35.8,75.3,adjacent,,,,
146266,148270,same-sheet,10.1,16.5,same-wrap,,,,
146266,148460,same-sheet,9.7,34.5,same-wrap,,,,
146449,146493,same-sheet,10.2,32.5,same-wrap,,,,
146449,146809,same-sheet,9.7,15.5,same-wrap,,,,
146466,148454,ambiguous,103.8,170.9,adjacent,,,,
146493,146809,same-sheet,9.2,15.3,same-wrap,,,,
146493,146915,same-sheet,8.6,8.6,same-wrap,,,,
146493,147012,ambiguous,222.1,695.9,adjacent,,,,
146493,147178,same-sheet,9.3,11.0,same-wrap,,,,
146493,148270,ambiguous,225.4,827.6,adjacent,,,,
146687,146835,switch,70.1,132.5,adjacent,,,,
146687,146868,ambiguous,67.4,136.0,adjacent,,,,
146687,147012,same-sheet,22.6,54.9,unresolved,,,,
146687,148460,same-sheet,8.5,9.1,same-wrap,,,,
146809,147178,same-sheet,9.3,19.8,same-wrap,,,,
146832,146842,same-sheet,13.0,44.2,same-wrap,,,,
146835,146868,same-sheet,22.2,94.7,same-wrap,45.0,17.2,144.01,
146835,147012,switch,68.3,110.9,adjacent,,,,
146835,147888,untestable,9.8,9.8,same-wrap,,,,
146868,146915,same-sheet,30.7,101.5,unresolved,,,,
146868,147012,ambiguous,78.7,223.7,adjacent,,,,
146868,147178,same-sheet,12.0,28.4,same-wrap,,,,
146900,147879,same-sheet,9.3,14.7,same-wrap,,,,
146900,152953,same-sheet,43.1,64.7,unresolved,,,,
146915,147178,same-sheet,8.9,12.9,same-wrap,,,,
146915,147811,untestable,8.7,8.7,same-wrap,,,,
147012,148270,same-sheet,9.5,16.7,same-wrap,,,,
147012,148460,untestable,10.7,11.5,same-wrap,,,,
147178,147549,same-sheet,11.1,39.2,same-wrap,,,,
147178,147811,same-sheet,9.4,39.9,same-wrap,,,,
147188,147226,same-sheet,19.2,155.8,same-wrap,16.1,42.1,0.49,
147226,148587,same-sheet,10.9,24.6,same-wrap,,,,
147549,147764,same-sheet,37.1,90.5,adjacent,,,,
147549,147811,same-sheet,10.2,28.4,same-wrap,,,,
147549,147958,same-sheet,54.5,120.7,adjacent,,,,
147549,148332,same-sheet,28.1,52.4,adjacent,,,,
147764,147811,untestable,8.1,8.2,same-wrap,,,,
147764,147958,same-sheet,46.0,94.3,adjacent,,,,
147764,148254,ambiguous,105.8,311.6,adjacent,,,,
147764,148332,ambiguous,92.5,155.5,adjacent,,,,
147764,148839,switch,80.9,96.5,adjacent,,,,
147764,149134,same-sheet,130.0,329.9,adjacent,,,,
147811,148332,same-sheet,8.4,8.4,same-wrap,,,,
147811,148839,same-sheet,9.7,17.4,same-wrap,,,,
147838,148392,same-sheet,8.3,9.8,same-wrap,,,,
147888,147965,untestable,9.3,10.9,same-wrap,,,,
147888,148358,ambiguous,141.8,353.3,adjacent,,,,
147888,148460,ambiguous,147.6,354.1,adjacent,,,,
147888,151958,same-sheet,9.5,9.5,same-wrap,,,,
147888,153302,same-sheet,17.4,38.3,unresolved,,,,
147965,148000,switch,94.8,222.8,adjacent,,,,
148000,148358,same-sheet,8.5,10.7,same-wrap,,,,
148000,148460,same-sheet,8.9,10.9,same-wrap,,,,
148000,149238,same-sheet,8.6,8.6,same-wrap,,,,
148000,152725,same-sheet,25.6,87.5,adjacent,,,,
148000,158912,ambiguous,78.4,120.1,unresolved,,,,
148000,159534,same-sheet,51.8,81.9,adjacent,,,,
148059,158912,same-sheet,145.4,460.4,adjacent,,,,
148254,148332,ambiguous,115.4,360.1,adjacent,,,,
148254,149134,same-sheet,14.3,20.7,same-wrap,,,,
148270,148298,same-sheet,13.5,38.2,same-wrap,,,,
148332,148839,same-sheet,9.9,12.4,same-wrap,,,,
148332,149134,switch,107.3,358.9,adjacent,,,,
148358,148460,same-sheet,11.2,41.0,same-wrap,,,,
148358,148587,same-sheet,10.4,34.0,same-wrap,,,,
148392,148460,same-sheet,8.5,18.0,same-wrap,,,,
148392,148579,same-sheet,10.8,29.1,same-wrap,,,,
148392,148782,same-sheet,9.3,16.2,same-wrap,,,,
148392,152578,switch,86.2,235.3,adjacent,,,,
148454,149186,same-sheet,8.3,11.6,same-wrap,,,,
148454,152556,same-sheet,8.5,9.5,same-wrap,,,,
148460,148579,same-sheet,10.8,39.7,same-wrap,,,,
148460,148587,same-sheet,10.9,28.2,same-wrap,,,,
148579,148782,same-sheet,10.7,26.6,same-wrap,,,,
148579,149295,same-sheet,8.8,17.6,same-wrap,,,,
148668,150496,same-sheet,9.5,11.1,same-wrap,,,,
148668,162250,ambiguous,185.2,356.5,adjacent,,,,
148668,162317,switch,142.2,383.2,adjacent,,,,
148773,148839,same-sheet,9.0,11.7,same-wrap,,,,
148773,149208,untestable,8.0,10.8,same-wrap,,,,
148773,150000,same-sheet,9.0,73.1,same-wrap,,,,
148782,149238,untestable,9.7,16.1,same-wrap,,,,
148782,149295,same-sheet,9.6,22.6,same-wrap,,,,
148839,149208,same-sheet,14.4,34.1,same-wrap,,,,
149134,149417,same-sheet,10.8,25.5,same-wrap,,,,
149186,152556,untestable,9.5,11.5,same-wrap,,,,
149208,149417,switch,149.2,244.0,adjacent,,,,
149208,155570,switch,86.9,107.2,same-wrap,40.2,42.8,67.77,
149238,152725,same-sheet,10.1,16.8,same-wrap,,,,
149401,152342,same-sheet,11.7,68.3,same-wrap,,,,
149401,152578,ambiguous,75.5,130.8,adjacent,,,,
149401,153302,same-sheet,14.7,70.9,same-wrap,,,,
149944,150206,same-sheet,9.7,15.4,same-wrap,,,,
149944,150376,same-sheet,11.4,69.3,same-wrap,,,,
149944,150889,switch,103.9,249.8,adjacent,,,,
149944,151398,switch,68.8,166.5,adjacent,,,,
150022,150985,same-sheet,13.3,28.4,same-wrap,,,,
150125,154018,switch,32.2,41.3,unresolved,,,,
150125,156105,untestable,359.0,594.7,adjacent,,,,
150206,150376,same-sheet,9.8,59.1,same-wrap,,,,
150496,155570,same-sheet,58.5,85.7,adjacent,,,,
150889,151398,same-sheet,10.3,18.4,same-wrap,,,,
151130,151569,ambiguous,16.6,62.0,same-wrap,,,,
151130,151618,untestable,9.0,10.7,same-wrap,,,,
151569,152059,same-sheet,8.9,14.9,same-wrap,,,,
151778,152953,untestable,29.6,187.2,same-wrap,98.5,20.7,67.79,
152342,152578,ambiguous,70.7,128.6,adjacent,,,,
152342,153159,ambiguous,28.2,88.2,same-wrap,13.9,1.7,65.53,
152342,153302,same-sheet,9.8,17.3,same-wrap,,,,
152578,153159,same-sheet,12.8,16.9,same-wrap,,,,
152578,153164,same-sheet,8.4,9.1,same-wrap,,,,
152578,153302,same-sheet,11.7,34.2,same-wrap,,,,
153114,153345,same-sheet,12.3,23.7,same-wrap,,,,
153159,153164,same-sheet,9.2,12.3,same-wrap,,,,
153159,153302,same-sheet,8.8,14.7,same-wrap,,,,
153164,153167,same-sheet,9.5,16.0,same-wrap,,,,
153164,153302,same-sheet,8.8,12.8,same-wrap,,,,
153302,153345,same-sheet,55.3,99.9,same-wrap,65.6,36.4,0.01,
153970,154018,ambiguous,76.1,202.6,same-wrap,33.2,94.5,0.28,
153970,156105,same-sheet,9.8,9.8,same-wrap,,,,
155111,155394,same-sheet,12.6,41.5,same-wrap,,,,
155111,155570,ambiguous,90.3,198.5,same-wrap,96.3,3.8,67.57,
155230,159614,ambiguous,36.6,57.6,same-wrap,,,,
155394,155570,ambiguous,52.2,119.1,same-wrap,84.7,14.5,0.52,
155841,156296,untestable,8.5,11.0,same-wrap,,,,
156908,157072,ambiguous,147.0,313.2,adjacent,,,,
158912,159534,untestable,9.7,12.2,same-wrap,,,,
160458,161011,same-sheet,14.0,46.4,adjacent,,,,
160458,161140,untestable,8.3,8.7,same-wrap,,,,
161011,161140,same-sheet,11.0,56.7,same-wrap,,,,
161991,162323,same-sheet,10.1,38.8,same-wrap,,,,
162243,162598,same-sheet,9.3,23.5,same-wrap,,,,
162250,162317,same-sheet,8.5,9.8,same-wrap,,,,
162250,162722,untestable,9.4,16.1,same-wrap,,,,
162317,162476,untestable,10.3,30.3,same-wrap,,,,
162722,162786,untestable,9.0,15.1,same-wrap,,,,
162944,165191,ambiguous,79.9,139.6,unresolved,,,,
163091,163108,same-sheet,9.2,15.4,same-wrap,,,,
163091,163113,same-sheet,9.1,17.3,same-wrap,,,,
163108,163686,untestable,8.1,9.4,same-wrap,,,,
