0
10
100000
100004
10001
100012
100015
100016
100017
100025
100030
100038
100041
100044
100046
100048
100052
100063
100064
100065
10007
100071
100072
100076
100086
10009
100094
100095
100097
100100
100105
100114
100115
100117
100123
100126
100132
100133
100136
100146
10015
100150
100153
100154
100156
10016
100160
100166
100169
100171
100173
100177
100178
10018
100187
100188
100191
100196
10020
100201
100205
100206
100209
100212
100213
100215
100219
100222
100223
100227
10023
100231
100239
10024
100248
10025
100250
100254
10026
100260
100263
100266
100267
100268
100276
100278
100284
100286
100299
10030
100307
100308
100318
10032
100321
100323
100326
100327
100331
100337
100341
100342
100347
100348
100355
10036
100363
100364
100368
100372
100375
100376
100377
100380
100384
100385
100391
100392
100396
10040
100405
100406
100408
100412
100415
100419
100422
100427
100429
10043
100434
100436
100438
10044
100442
100452
100456
100461
100464
100467
100474
100475
100478
100485
100488
10049
100499
100501
100502
100512
100515
100516
10052
100520
100523
100525
100529
10053
100535
100537
100541
100544
100549
100550
100558
10056
100564
100568
100569
100572
100577
100583
100585
10059
100595
100597
100598
10060
100603
100609
100612
100613
100615
100616
100621
100625
100627
100628
100638
100639
100641
100642
100648
100653
100656
100657
100658
100666
10067
100672
100674
100679
10068
100681
100682
100684
100687
100689
10069
100695
1007
10070
100702
100705
10071
100710
100715
100716
10072
100728
10073
100730
100735
100736
100737
100743
100750
100751
100759
100763
100764
100766
100767
100769
10077
100772
100775
100777
100779
10078
100783
100787
100788
100794
100797
100798
100799
1008
10080
100804
100807
100808
10081
100815
100816
100817
100820
100822
100833
100844
100848
100849
100850
100851
100856
100857
100858
100859
100871
100873
100874
100877
100879
10088
100882
100887
100891
100892
100893
100898
1009
100908
100912
100917
10092
100922
100925
100929
10093
100936
10094
100940
100943
100944
100945
100947
100950
100956
100957
100961
100963
100971
100972
100976
100985
10099
100990
100993
100997
101
101002
101003
101009
10101
101014
101018
101022
101023
101025
101030
101034
101037
101039
10104
101042
101043
101045
101049
10105
101051
101052
101053
101056
101058
101062
101063
101083
101085
101086
101095
101099
1011
101101
101102
101110
101112
101113
101115
10112
101120
101124
101126
101130
101132
101135
101137
101146
101151
101161
101166
10117
101179
101182
101189
101198
101206
101210
101213
101214
101221
101226
101231
101235
101238
101239
101250
101253
101254
101264
101266
101273
101274
101276
101282
101287
101289
101291
101293
1013
101301
101307
101309
101316
101335
101339
10134
101348
101356
101359
10136
101360
101364
101367
101370
101372
101379
101381
101383
101388
101391
101394
101402
101403
101407
101408
101417
10142
101423
10143
101431
101432
101438
101439
101443
101446
101451
101452
101455
101460
101461
101462
101463
101465
101467
10147
101470
101473
101475
101476
101478
101479
101480
101482
101483
101484
101486
101488
101491
101493
1015
10150
101500
101501
101502
10151
101511
101513
101521
101528
101529
10154
101559
101561
101562
101563
101566
101567
10157
101576
101585
101586
101588
10159
101591
101594
101595
101600
101602
101606
101607
101608
10161
101610
101613
101614
101618
101620
101622
101631
101634
101637
101639
10164
101640
101648
101649
101653
101659
101663
101669
10167
101672
101675
101677
101678
101682
101688
101697
101704
101708
101712
101713
101714
101715
101717
101718
101719
101720
101725
10173
101738
101743
101744
101748
101758
101761
101765
101768
101770
101771
101778
101788
10179
101793
101794
101795
101797
101798
101799
1018
101802
101803
101804
101806
101807
101808
101812
101818
101821
101829
101833
101842
101847
101848
101851
101852
101853
101854
101858
101859
10186
101865
101871
101874
101879
10188
101881
101884
101885
101886
101887
101890
101897
101902
101904
101906
101910
101912
101916
101921
101922
101924
101925
101930
101941
101942
101943
101945
101949
10195
101951
101953
101957
101959
101965
10197
101970
101971
101972
101974
101975
101977
101980
101981
101984
10199
101990
101993
101995
101996
101998
101999
102001
102007
102009
102015
102020
102022
102024
102028
10203
102030
102032
102035
102036
102042
102043
102047
102050
102059
10206
102061
102068
10207
102083
102089
10210
102105
102108
10211
102111
102118
102119
10212
102121
102125
102138
102140
102142
102144
102147
102153
102168
10217
102174
102181
102182
102183
102188
102198
102199
1022
102204
102207
102209
102210
10222
102224
102226
10223
102231
102234
10224
102241
102245
10226
102265
102268
10227
102274
102275
102276
102278
102289
10229
102293
102295
102296
102297
102302
102304
10231
102314
102321
102328
102330
102332
102333
102335
102336
102338
102339
102346
102347
102349
10236
102360
102365
102368
102372
102375
102380
102385
10239
102395
1024
10240
102401
102408
10241
102413
102417
102418
102419
102420
102421
102426
102429
102436
102437
102440
102442
102443
102448
10245
102460
102463
102466
102467
102468
102469
102471
102479
10248
102484
102488
102491
102498
102502
102506
10251
102512
102514
102516
102520
102523
102527
10253
10254
102540
102543
102545
102546
102552
102555
102558
102559
102561
102562
102564
10257
102572
102576
102578
102582
102587
102594
102598
102602
102603
102606
102607
102609
10261
102610
102627
102632
102635
102637
102639
102640
102645
102646
102650
102654
102657
102660
102663
102667
102668
102675
102686
102690
102691
102693
1027
102705
102706
102707
102715
102718
102722
102723
102729
102737
102747
10275
102753
102754
102762
102771
102774
10278
102781
102782
102785
10279
102794
102797
102798
1028
102800
102802
102807
102812
102817
102818
102822
102823
10284
102844
102848
102849
102852
102854
102856
102857
102862
102864
102869
102879
10288
102880
102883
102886
10289
102891
102894
10290
102900
102902
102904
102907
102908
102911
102926
102930
102935
102937
10294
102945
10295
102950
102958
102959
102961
102962
102969
10298
102982
102989
102991
102993
102996
102997
102998
103
103002
103003
103004
103010
103017
103019
103021
103023
10303
103035
103038
103045
103048
103052
103055
103059
10306
103064
103066
103076
103078
103081
103083
103085
103088
103093
103094
103110
103113
103116
103117
103120
103121
103122
103123
103126
103127
103131
103138
103139
10314
103144
103146
103153
103157
103164
103166
103168
103179
103180
103188
10319
103193
103198
103199
1032
103203
103204
103206
103207
103208
103209
10321
103214
103215
103217
103220
103222
103224
103234
103235
103237
10324
103240
103241
103242
103252
10327
103271
103276
103277
103283
103284
103288
103291
103294
103296
103299
103300
103302
103304
103311
103315
103316
10332
103326
103332
103336
103338
103339
103342
103345
103346
103347
103355
103357
103359
103365
10337
103376
103378
10338
103380
103387
103390
103397
103400
103410
103417
103418
10342
103420
103422
103434
103438
103446
103449
10345
103451
103454
103459
103461
103464
103465
10347
103470
103472
103474
103475
103480
103482
103484
103488
103491
103492
103493
103496
103497
1035
103503
103506
103508
103509
103517
103524
103532
103533
103534
103537
103539
103545
103548
10355
103551
103556
10356
103561
103563
103564
103568
10357
103578
10358
103583
103588
10359
103595
103596
1036
103603
103605
103606
103608
103611
103615
103619
103622
103623
103628
103630
103633
103634
103636
103637
103642
103645
103648
103652
103654
103667
103668
103670
103671
103673
103675
103679
103689
10369
103696
103703
103704
103705
103707
10371
103711
103713
103717
103718
10372
103720
103721
103723
103726
103732
103737
10374
103746
103747
103749
103751
103752
103757
10376
103763
10377
103770
103772
103778
10378
103784
10379
103799
103800
103811
103812
103814
103815
103819
10382
103820
103823
103825
103826
103831
103832
103838
103843
103848
103849
103852
10386
103867
103874
103878
103881
103888
10389
103891
103893
103901
103908
103919
103936
103939
10394
103947
103955
103956
103957
103959
103962
103964
103967
103970
103971
103979
10399
103995
103996
103998
1040
104002
104004
104006
10401
104012
104013
104018
10402
104023
104026
104028
10403
104034
104035
104036
104045
104052
104055
104056
10406
10407
104070
104073
104075
104076
104078
104080
104086
104089
104091
104093
1041
10410
104101
104103
104112
104118
10412
104120
104122
104130
104133
104134
104144
10415
104153
104155
104161
104164
104165
104169
10417
104177
104178
104187
10419
104191
104193
104195
104197
1042
10420
104202
104210
104214
10422
104225
104227
104234
104235
104243
10426
104262
104263
104266
104267
104271
104276
104280
104285
104286
10429
104290
104293
104294
104297
104299
104304
104305
104307
104312
104313
10433
104331
104340
104348
104349
10435
104354
104358
10436
104360
104361
104368
104371
104375
10438
104380
104384
10439
104392
10440
104401
104407
104413
104416
104419
104421
104428
104435
104443
104463
104465
104469
104471
104481
104484
104486
104487
10449
104490
104495
104496
1045
104505
104507
104508
104509
10451
10453
104530
104531
104532
104534
104535
104540
104547
104551
10456
104562
104567
104571
104574
104577
104578
10458
104581
104582
104592
1046
10460
104600
104601
104602
104603
104604
104605
104621
104624
104626
104627
10463
104630
104631
104635
104640
104644
104645
104649
10465
104650
104655
104668
104669
104677
104680
104681
104683
104685
104697
104699
1047
104703
104709
10471
104710
104717
104719
104720
104733
104744
104750
104751
104752
104754
104757
10476
104766
10477
104791
104797
104798
104800
104801
104802
104803
10481
104812
104816
104817
104818
104819
104824
104826
104827
104830
104832
104838
10484
104849
104851
104853
104854
104858
104860
104862
10487
104871
104872
104879
10489
104892
104893
104895
104899
1049
104900
104905
104916
104918
104921
104923
104924
10493
104936
104938
10494
104942
104949
10495
104954
104959
10496
10497
104971
104972
104977
104978
104993
104997
104999
105
105002
105009
105016
105017
105021
105022
105023
105025
105034
105036
105045
105047
10505
105051
10506
105064
10507
105070
105076
105083
105091
105096
1051
105105
105115
105116
105119
105124
105125
105126
105129
10513
105130
105146
105152
105158
10516
105164
105165
105168
105173
105174
105175
105176
105177
105178
10518
105181
105184
10519
105192
105197
1052
105205
105206
10521
105212
105213
105217
105223
105227
105236
105238
105240
105241
105255
105264
105277
10528
105283
105285
105289
105294
1053
105300
105302
105308
105309
105325
105328
10533
105330
105334
105337
105341
105342
105343
105344
105351
105358
10536
105360
105365
105368
10537
105370
105377
105378
105384
105387
10539
105391
105392
105393
105396
10541
105411
105416
105417
105418
10542
105423
105426
105428
10543
105430
105433
105435
105437
105439
10544
105442
105452
105455
105457
105462
105464
105465
105468
10547
105472
105474
105476
10548
105481
105483
105485
105488
10549
105490
105495
105503
105504
105513
105517
10552
105527
105530
105531
105534
105537
105538
105542
10555
105555
105557
105558
105559
10556
105560
105562
105566
105568
105570
105572
105579
10558
105580
105583
105584
10559
105596
105602
105604
105610
105613
105615
105616
105632
105633
105635
10564
105640
105648
105649
105650
105652
105653
105655
105658
105661
105670
105671
105676
105677
10568
105680
105681
105686
105695
1057
10570
105700
105702
105703
105704
10571
105710
105714
105715
105721
105726
105728
10573
105738
10574
105740
105741
105742
105746
105749
105750
105756
105757
10576
105761
105765
105766
105767
10577
105770
105771
105779
10578
105780
105781
105782
105787
105794
105802
105804
105812
105816
105822
105823
105828
105837
105841
105847
105851
10586
105865
105869
105871
105872
105877
105879
105880
105881
105893
105894
105895
105897
1059
105900
105902
105908
105923
105924
105925
10593
105931
105935
105939
10594
105940
105949
10595
105952
105956
105960
105961
105964
105973
105979
10598
105988
10599
105993
105998
106
106000
106008
10601
106025
10603
10604
106042
106049
106051
106053
106058
106061
106064
106066
106067
10607
106076
106078
106079
106085
106087
106089
10610
106101
106102
106106
106107
106108
10611
106113
106115
106116
106117
10612
106121
106126
106128
106137
106148
10615
106152
106153
106158
106161
106166
106169
10618
106184
106197
106201
106202
106209
10621
106210
106215
106219
106221
106226
106227
106228
106238
106245
106247
106249
106250
106251
106252
106255
106256
106265
10627
106271
106273
106279
106283
106284
106287
106295
106296
106298
1063
10630
106303
106310
106311
106312
106317
10633
106333
106334
106338
106348
106351
106352
106353
106354
106357
106362
106363
106364
106372
106373
106379
10638
106380
106388
10639
106391
106399
10640
106400
106402
10641
106415
106419
10642
106429
106432
10644
106442
106444
106447
106449
106452
106454
10646
106471
106474
106483
106485
106492
106494
106497
1065
106501
106504
106508
10651
106511
106513
106514
106535
106536
106537
106538
10654
106549
10655
10656
106564
106567
106568
106571
10658
106580
106584
106586
106588
106589
10659
106591
106595
106597
106598
106599
1066
106602
106608
106610
106616
106627
106628
10664
106641
106644
106646
10665
106653
106661
106662
106664
106665
10667
106677
106679
106680
106681
106683
106684
10669
106695
106697
106698
10670
106700
106705
106714
106718
106719
10672
106722
106725
10673
106730
106732
106734
106737
106741
106743
106744
106747
106748
10675
106753
10676
106763
106764
106766
10677
106774
106776
106778
106779
10678
106781
106787
10679
106792
106793
106795
106805
10681
106814
106816
106818
106820
106822
106830
106837
106838
10684
106842
106845
106852
106856
106862
106864
106867
10687
106874
106879
106881
106898
106908
106912
106922
106926
10693
106933
106935
106936
106940
106944
106945
106959
106973
106975
106976
106979
106983
106985
106989
10699
106998
106999
107
1070
10700
107001
107002
107006
107017
107020
107024
107038
107041
107047
10706
107061
107062
107069
107076
107081
107087
107088
107100
107101
107103
107116
107118
10712
107121
107133
107139
107144
107152
107154
107157
10716
107161
107166
107169
107175
107183
107184
107186
107188
10719
107190
107193
107195
1072
10720
107202
107205
10721
107211
107217
107219
107225
10723
107235
107239
107243
107249
10725
107251
107259
10726
107260
107261
107271
107272
107274
107281
107289
107290
107293
10730
107301
107304
107306
107311
107313
10732
107322
107327
10733
107332
107333
107334
107335
107345
107347
107352
107354
107358
107363
107364
107369
107374
107376
107377
10738
107384
107388
107389
107398
1074
107406
107407
107412
107413
107415
107418
10742
107420
107422
107424
107428
10743
107433
107438
107439
107446
107447
10745
107451
107453
107454
107455
107456
107458
107469
10747
107470
107473
107479
107487
107489
10749
107491
107494
107497
107499
1075
107500
107502
107505
107508
107512
107514
107521
107522
107525
107527
107528
10753
107541
107543
107544
107548
107549
10756
107563
107565
107566
107568
107569
107574
107576
107578
107580
107585
107588
107591
107595
10761
107610
107614
107615
107616
107619
10762
107626
10763
107631
107632
107640
107642
107656
107670
107672
107675
107677
107681
107682
107683
107686
107690
107695
107697
107704
107709
10771
107713
107714
107718
107719
107733
107736
107737
107740
107742
107746
107752
107754
107764
107768
107769
107774
107775
107778
107784
107787
107792
107795
107797
107799
1078
107801
107802
107805
107807
107817
107819
107827
107832
107834
107835
10784
107846
107847
10785
107850
107853
107854
107857
107860
107861
107862
107863
107864
107866
107871
107873
107875
107876
107881
107882
107895
107896
107899
1079
107916
107918
107919
10792
107923
107925
107928
107935
107940
107942
107943
107954
107958
107959
107967
107968
107969
107970
107972
107992
107994
107995
107996
1080
108000
108001
108004
108007
108008
108012
108014
108018
10802
108027
108032
108035
108045
108046
108055
108065
108069
108073
10808
108081
108083
108085
108088
10809
1081
10810
108102
108103
108104
108106
108107
108109
108110
108112
108113
108125
108128
108138
10814
108143
108144
108147
108150
108151
108153
108158
108160
108162
108171
108172
108173
108176
108179
108184
108187
108188
108192
108193
1082
10820
108200
108203
108204
108206
108207
108209
10821
108214
10822
108224
108226
108228
108230
108232
108233
108234
108237
108239
108244
108245
108247
108251
108253
108254
108255
108257
108258
108263
108265
108269
108274
108275
108280
108281
108287
108291
108295
108296
108299
1083
108312
108316
108317
108322
108324
108327
108334
108338
108357
108358
108359
10836
108365
108368
108370
108376
108378
108379
108382
108385
10839
108390
108396
1084
10840
108400
108402
108403
108407
108410
10842
108422
108423
108427
108433
108445
108446
108447
10845
108454
108456
108457
108462
108465
108469
108471
108476
108479
108483
108488
108490
108495
108498
108501
108503
108504
108505
108510
108514
108518
10852
108521
108522
108525
10853
108530
108534
108536
108537
10854
108542
108550
108552
108556
108557
108558
108566
108568
10857
108578
10858
108580
108586
108589
108594
1086
10860
108601
108602
108621
108624
108626
10863
108639
108640
108641
108643
108647
108648
108649
10865
108652
108656
108660
108663
108668
10867
108672
108677
10868
108680
10869
108691
108692
108696
108697
108698
108700
108702
108704
108711
108714
108719
108723
108726
108728
108729
108732
108735
108742
108745
10875
108754
108755
108757
108763
108765
108768
108772
108773
108774
108775
108777
108782
108783
108785
108798
1088
10880
108802
108803
108804
108809
10881
108811
108817
108819
108828
10883
108830
108833
10884
108846
108853
108859
10886
108861
108863
108866
10887
108873
108879
10888
108884
108887
108888
10889
108891
10890
108900
108901
108902
108903
108905
108911
108920
108923
108926
108927
108929
10893
108930
108947
108958
108960
108963
108964
108970
108977
108982
108984
108988
108989
10899
109002
109006
10901
109011
109013
109015
109016
109018
109029
10903
109034
109038
109042
109044
10905
109050
109058
109063
109064
109065
109073
109075
109079
10908
109086
109096
109099
1091
109100
109101
109102
109105
109106
109107
109112
10912
109121
109122
109125
109127
109129
109131
109132
109136
109137
109139
10914
109145
109147
109148
109150
109154
109157
109159
109164
109166
10917
109174
109177
109180
109183
109187
109191
109201
109202
109206
109207
109210
109211
109215
109216
109217
109222
109224
109229
10923
109231
109234
109237
10924
109240
109242
109243
109247
109248
10925
109250
109251
109260
109262
109270
109277
109290
109292
109293
109297
109298
109304
109307
109309
109316
10932
109322
109332
109336
109338
10934
10935
109353
109357
109359
10936
109360
109368
109371
109375
10938
109380
109381
109385
109387
10939
109390
109391
109393
109398
1094
109408
109409
109411
109420
109421
109424
109428
109431
109433
109438
109439
109442
109453
109456
109457
109458
109459
109464
109467
109469
109472
109474
109476
109477
10948
109480
109481
109482
109483
109485
109488
109498
109499
109502
109505
109508
109514
10952
109520
109529
109532
10954
109540
109543
109546
109549
10955
109551
109555
10956
109560
109565
109569
109570
109576
109578
109579
109580
109582
109584
10959
109590
109592
109598
109603
109607
10961
109610
109614
10962
109620
109623
109625
109631
109632
109636
109638
10964
109644
109649
10965
109651
109652
109653
109655
109669
109670
109671
109677
109678
109679
10968
109680
109681
109685
109687
109694
109698
1097
10970
109701
109703
109706
109707
109708
109715
109716
109717
109718
109724
109725
10973
109734
109736
109738
10974
109741
109748
10975
109753
109755
109757
109758
109762
109764
10977
109770
109774
109775
109778
109780
109781
109784
109787
109791
109793
1098
109812
109813
109817
109821
109822
109823
109824
109829
109831
109836
109841
109844
109847
109848
109849
109851
109852
109857
10986
109864
109867
109869
109870
109875
109889
109897
109917
109926
109927
109928
10993
109932
109944
109947
10995
109959
109960
109964
109965
109968
109970
109971
109974
109980
10999
109993
109994
109995
110
110002
110004
110009
110016
11002
110020
110030
110040
110041
110048
110049
110054
110055
11006
110061
110067
110071
110072
110073
110083
110084
110090
110092
110095
110099
1101
110103
110104
110114
110115
110123
110124
110127
110129
110130
110132
110133
110135
11014
110140
110141
11015
110151
110153
110157
110169
110170
110174
110177
110180
110188
110189
110194
110195
110197
110198
110200
110205
110206
110208
11021
110211
110215
110218
110232
110234
110235
110238
11025
11026
110265
110269
110270
110271
110274
110275
110278
110284
110287
110293
110295
110301
110302
110307
110308
11031
110314
110324
110327
110337
110338
110342
110347
110348
110351
110353
110355
11036
110360
110363
110369
11037
110375
11038
110385
110387
110388
110391
110399
110400
110403
110404
110407
11041
110410
110417
110419
110420
110422
110423
110424
110425
110428
11043
110432
11044
110445
110448
11045
110452
110453
110455
110461
110464
11047
110475
110476
110479
110480
110483
110485
110491
110492
110495
110498
11050
110509
110511
110516
110517
110521
110532
110541
110542
110543
110544
110546
11055
110551
110553
110554
110555
110556
110558
110564
110565
110569
110572
110574
110579
110580
110586
110594
110595
110597
110603
110604
110605
110608
110609
11061
110610
110614
110615
110617
110619
11062
110621
110622
110627
110635
110639
11064
110644
11065
110651
110652
110657
110658
110662
110665
110669
110671
110686
110689
110690
110691
110696
110699
1107
110701
110709
11071
110712
110713
11072
110722
11073
110735
110736
110743
110754
110756
110762
110763
110764
110766
110779
11078
11079
110790
110796
1108
110801
110803
110806
11081
110818
11082
110820
110823
110824
110829
110831
11084
110847
110853
11086
110863
110873
110881
110882
110886
110887
11089
110898
1109
110900
110901
110902
110905
110910
110914
110915
110917
110920
110925
110926
110927
110928
110929
110931
110932
110933
110935
110936
110940
110950
110955
110958
11096
110963
110965
110967
11097
110970
110976
11098
110981
110984
110988
110994
110996
110997
110998
11100
111008
11101
111012
111013
111014
111019
11102
111024
111026
11103
111030
111031
111033
111036
111037
111038
11104
111040
111041
111045
111047
11105
111051
111056
111059
11106
111063
111068
111069
111071
111072
111073
111083
111099
111112
111120
111123
111128
11113
111130
111131
111132
111133
111137
11114
111146
111147
111149
111154
111156
111157
11116
111161
111164
111165
111167
11117
111170
111171
111175
11118
111180
111181
111189
111192
111196
111205
111206
111207
111208
111214
111220
111221
111225
111226
111227
11123
111234
111236
111238
11124
111241
111245
11125
111251
111253
111256
11126
111264
111266
111268
111269
111273
111276
111279
111280
111284
111287
111290
111291
111296
111298
1113
11130
111302
111303
111304
111306
111308
111315
111318
111327
111330
111333
111337
11134
111341
111344
111347
111350
111352
111362
111373
111377
111381
111384
111392
111398
1114
111400
111401
111404
111406
111407
11141
111411
111414
111415
11142
11143
111430
111435
111438
111440
111444
111448
111451
111453
111456
111458
11146
111463
111468
111469
11147
111479
111483
111485
11149
111497
111500
111501
111502
111509
111520
111525
11153
111531
111536
111537
111538
111542
111546
111547
111548
111550
111558
11156
111565
111566
111568
11157
111572
111573
11159
111591
111592
11160
111609
111611
111613
111616
111619
111627
111628
11163
111639
111642
111649
111651
111658
111665
111668
111674
111676
111678
111682
111683
111685
111689
11169
111697
111698
111699
1117
111701
111703
111708
11171
111711
111712
111717
111720
111726
111729
111730
111734
111737
111740
111744
111745
111747
111748
111749
111753
111754
111756
111760
111764
11177
111775
111776
111778
111783
111784
111788
111789
111793
111795
111796
111798
11180
111804
111805
111806
11181
111810
111815
11182
111820
111826
111829
111830
111831
111836
111837
111840
111843
111845
111848
111856
111861
111864
111872
111874
111878
111879
111880
111881
111883
111885
111890
111897
111899
11190
111901
111906
111909
111911
111912
111914
111919
111920
111928
111931
111933
111935
111936
111938
111945
11195
111951
111952
111953
111958
111964
111965
111968
11197
111972
111974
111982
111983
111984
111987
111988
111989
11199
111994
111995
1120
112000
112005
11201
112014
112015
112022
112027
112028
112030
112039
112042
112043
112044
112045
112046
112056
11206
112065
112068
11207
112072
112074
112075
11208
112081
112085
112091
112092
112093
112096
1121
112106
112107
112108
112109
112117
112119
112123
112124
112128
112130
112131
112143
112145
112147
112149
112154
112158
112159
11216
112168
112170
112176
112177
112178
11218
112185
11219
112195
112196
112197
112200
112207
112208
112210
112211
112215
112221
112222
112228
112236
112240
112246
112252
112256
112257
112261
112264
112272
112273
112277
112278
112279
11228
112282
11229
112290
112294
11230
112304
112308
112309
11231
112310
112312
112314
112316
112317
112318
112320
112321
112330
112332
112337
112346
11235
112351
112354
112355
112356
112357
112359
11236
112361
112367
11237
112370
112372
112375
11238
112382
112383
112386
112394
112395
112398
112400
112401
112403
112409
112413
112419
112421
112422
112427
112428
112429
112432
112433
112436
112440
112442
112444
112448
112449
112457
112458
112459
112462
112464
112473
112474
112476
112479
11248
112484
11249
112490
112492
112497
11250
112501
112503
112508
112517
112518
112525
112527
112528
112532
112539
112542
112543
112550
112558
11256
112561
112569
112572
112575
112577
112579
11258
112580
112581
112582
11259
112590
112591
112599
1126
112603
112609
112612
112619
112620
112628
11263
112637
112641
112642
112645
112651
112653
112655
112669
11267
112670
112672
112673
112674
112677
112679
112680
112685
112686
112692
1127
112703
112706
112707
112710
112717
112719
112729
112731
112734
112735
112736
112746
112749
112752
112757
11276
112761
112762
112763
112764
112771
112776
112778
112781
112785
112787
112788
112794
112799
1128
112800
112804
112806
112807
112810
112814
112818
112826
112837
11284
112841
112844
112846
11286
112861
112862
112864
112871
112875
112876
112879
11289
112891
112895
112899
112902
112906
112907
11291
112916
112919
112920
11293
112930
112937
11294
112941
112946
11295
112950
112951
112952
112962
112964
112966
112969
112972
112976
112979
112980
112981
112983
112985
11299
112993
112995
113
1130
113014
113016
113017
113018
11302
113020
113021
113023
113024
113035
113036
113037
113038
113040
113044
113045
113050
113051
113052
113059
113063
113065
113066
11307
113070
113074
113078
11308
113083
113084
113086
113093
1131
113103
11311
113110
113112
113115
113116
113123
113127
113129
113130
113131
113135
11314
113143
113146
113151
113154
113155
113156
113158
113160
113161
113162
113165
113167
113169
113175
11318
113180
113188
113190
113191
113192
113193
113196
113198
11320
113200
113201
113207
113209
113210
113211
113212
113217
113218
113226
113227
11323
113235
113237
113238
113239
113240
113242
113243
113247
11326
113260
113261
113262
113267
113273
113274
113282
113283
113285
113286
113290
113292
113295
113299
113301
113302
113305
113310
113314
113321
113323
113325
113330
113335
113336
113338
113340
113341
113342
113347
113348
11335
113351
113357
11336
113363
113365
113366
113376
113377
113381
113382
113387
113388
113389
113391
113392
113396
113398
113399
1134
11341
113412
113419
11342
113422
113425
113426
11343
11344
113440
113441
113442
113443
113446
113447
113448
113450
113454
113459
11346
113471
113479
113481
113483
113485
113489
113497
113502
113506
113508
113509
11351
113510
113512
113516
113517
11352
113521
113525
113527
113534
113535
113538
113539
113540
113548
113549
113551
113555
113557
113561
113568
113569
113575
113577
113583
113587
113599
1136
11360
113607
113612
113615
113618
113620
113623
113624
113627
113628
113629
113634
113637
113639
11364
113646
113648
113649
113650
113651
113653
113655
113661
113662
113669
113670
113671
113678
113681
113688
113693
1137
113700
113701
113703
113707
11371
113711
113719
113720
113722
113732
113738
11374
113743
113745
113747
11375
113754
113755
113756
113761
113764
113765
113766
11377
113772
113773
113775
11378
113782
113788
113789
113796
113797
1138
11380
11381
113811
113814
113818
113819
113822
113824
113825
113829
11383
113832
113836
113840
113842
113844
113852
113853
113855
11387
113871
113872
113873
113874
113880
113884
113885
113898
1139
113903
113909
11391
113913
113915
113918
113919
11392
113920
113921
113927
113937
113939
113943
113946
113955
113956
113959
113960
113963
113964
113965
113967
11397
113971
113975
113976
113977
113980
113982
113984
113988
113989
11399
113994
113996
113998
113999
11400
114006
114009
114013
114017
114018
114023
114026
114029
114030
114033
114034
114037
114040
114041
114048
114054
114059
11406
114060
114064
114066
114067
11407
114070
114074
114075
114077
114096
114098
114099
114101
114104
114105
11411
114113
114115
114117
114126
114132
114135
11414
114145
114148
114152
114157
114158
11416
114180
114181
114184
114186
11419
114193
114194
114199
1142
114202
114204
114211
114212
114221
114224
114227
114228
114229
114234
114239
114240
114245
114247
114262
114264
114265
114266
114271
114273
114274
114275
114281
114296
114299
1143
11430
114304
114310
114314
114316
114318
114320
114322
114333
114335
114339
11434
114340
114347
114349
114350
114351
114353
114356
114358
11436
114362
114364
114366
114370
114371
114378
11438
114380
114382
114387
114392
114395
114396
114399
114400
114403
114404
114407
114408
114409
114412
114416
114418
114425
114426
114428
11443
114430
114433
114436
114437
114438
11444
114440
114443
114448
11445
114452
114459
114460
114466
114468
11447
114472
114475
114477
11448
114481
114482
114490
114494
114498
114500
114509
114510
114515
114519
11452
114520
114524
11453
114530
114534
114535
114538
114540
114548
114550
114556
114559
11456
114560
114562
114574
114577
114579
114585
114587
114593
114601
114602
114603
114604
114607
114608
114612
114614
114620
114630
114637
11464
114640
114647
11465
114650
114651
114656
114658
114664
114667
114669
114676
11468
114681
114682
114683
114686
114687
114689
114690
114698
1147
11470
114707
114715
114716
114720
114724
114727
114730
114734
114736
114738
114740
114751
114756
11476
114761
114763
114770
114775
114777
114778
11478
114782
114786
114789
11479
114791
114796
114797
1148
114813
114814
114817
114819
11482
114834
11484
114842
114845
114846
114847
114859
11486
114861
114863
114871
114886
114890
114891
114893
114896
1149
114902
114908
114916
114925
114926
114928
114932
114937
114942
114945
114949
114951
114952
114953
114955
114959
114961
114962
114970
114972
114973
114976
114978
114982
114993
114995
114996
114997
115
1150
11500
115005
115010
115014
115015
115019
115022
115027
115033
115036
11504
115040
115044
11505
115055
115057
115059
11506
115061
115067
115070
115076
11508
115081
115082
115084
11509
115090
115091
115094
115095
115097
11510
115101
115108
11511
115117
115118
115119
115122
115124
115128
11513
115135
115136
115137
115138
115141
115147
11515
115150
115151
115173
115178
11518
115182
115185
11519
115191
115194
115195
115198
1152
115203
115205
115208
115209
11521
115212
115217
115218
115222
115223
115228
115229
11523
115232
11524
115240
115246
115250
115252
115256
115261
115266
115267
115269
115270
115272
115276
115277
11528
115283
115284
115288
115290
115293
115294
115295
1153
115304
115308
115311
115312
115314
115318
115323
115325
115327
115328
115330
115334
115335
115336
115337
11534
115340
115343
115344
115348
115350
115352
115353
115356
115358
115359
115368
115373
115374
115375
115376
11538
115380
115386
115388
115393
115395
115400
115403
115404
115413
115416
115421
115422
115426
115429
115432
115440
115441
115442
115443
115444
115446
115447
11545
115452
115453
115455
115456
115458
115459
11546
115461
115463
115464
115466
115469
115473
115479
11548
115481
115482
115483
115486
115487
11549
115493
1155
115500
115507
115509
115514
115516
115521
115522
115527
115528
115529
115530
115532
115533
115538
115540
115542
115544
115548
115550
115551
115553
115556
115557
115560
115562
115565
115566
115569
115572
115575
115578
115580
115583
115587
115590
115600
115602
115603
115605
115608
11561
115610
115613
115615
115618
115622
115623
115628
11564
115641
115642
115650
115654
115659
115663
115664
115668
115672
115678
115679
115686
115696
115698
115699
115701
115704
115708
115709
115710
115711
115719
115724
115725
115729
11573
115741
115743
115751
115753
115754
115756
115759
11576
115760
115766
115767
115768
115771
115772
115773
115774
115775
115778
11578
115782
115786
115789
115792
115793
1158
115801
115805
115808
11581
115814
115819
11582
115826
115828
115830
115832
115836
115837
115846
115848
115853
115854
115856
115861
115864
11587
115870
115871
115872
115875
115876
115877
115878
115881
115883
115896
115897
115898
115900
115902
115903
115906
11591
115918
115919
115920
115921
115927
115928
115935
115936
115937
115938
115939
115940
115944
115946
115948
115951
115953
115954
115955
115956
11596
115962
115963
115970
115971
115974
115975
115978
115979
11598
115980
115981
115983
115984
115988
115989
115991
115993
115994
115997
116000
116006
116009
116011
116012
116014
116015
116023
11603
116031
11604
116040
116045
11605
116050
116052
116054
116055
11606
116061
116062
116064
116069
11607
116072
116075
116077
116081
116087
116094
1161
11610
116105
116106
116108
116118
116122
116123
116124
116125
11613
116130
116132
116139
11614
116140
116144
116145
116147
116151
116152
116155
116156
116160
116161
116162
116165
116166
116169
11617
116174
116180
116181
116184
116186
116193
116195
116197
116198
11620
116207
116208
11621
116210
116218
116222
116226
116229
11623
116231
116233
116234
116235
116236
116237
116240
116249
11625
116254
116255
116258
116267
116268
116269
116273
116277
116286
116287
116288
116290
116292
116299
11630
116306
11631
116311
116313
116321
116323
116329
116330
116332
116335
116336
116338
11634
116340
116343
116344
116351
116352
116355
11636
116360
116363
116365
116368
116371
116377
116383
116384
116385
116386
116388
116393
116396
11640
116400
116401
116403
116405
116407
116408
116410
116412
116413
116416
116418
116422
116424
116426
116431
116432
116434
116435
116447
116448
116449
11645
116452
116453
116456
116457
11646
116462
116465
116471
116475
11648
116484
116491
116495
116502
116504
116506
116508
116509
116517
116519
116523
116524
116528
11654
116541
116545
116547
116548
116554
116557
116558
11656
116566
116568
11657
116571
116573
116579
116583
116585
116588
11659
116591
116594
116599
1166
11660
116601
116606
11661
116610
116615
116620
116624
116632
116636
116641
116644
116653
116654
116666
116669
11667
116672
116674
116676
116677
116679
11668
116680
116681
116684
116689
11669
116691
116695
116697
1167
116701
116709
11671
116715
116716
116717
11672
116723
116725
116727
116731
116732
116734
11674
116742
116743
116746
116750
116751
116753
116756
116758
116760
116766
116772
116773
11678
116784
116785
116786
116789
116792
116793
116794
116795
116797
116798
116799
116803
116806
116807
116808
116810
116823
116831
116841
116843
116847
116858
116860
116871
116872
116873
116874
116875
116882
116884
116885
116886
116888
11689
116891
116894
116895
116898
116899
11690
116900
116906
11691
116912
116913
116915
116917
116925
11693
116931
116937
116942
116948
11695
116953
116957
116959
116966
116968
11697
116970
116972
116975
116976
116988
11699
116990
116992
116996
1170
117001
117002
117010
117012
117013
117014
117015
117017
117018
117022
117026
117029
117031
117035
117040
117046
117048
117049
11705
117053
117054
117056
117058
117060
117067
117068
117070
117071
117077
117081
117086
117088
117090
117094
117095
117101
117102
117105
117109
117110
117111
117112
117130
117134
117136
117137
117140
117141
117143
117148
117153
117160
117164
117165
117166
117171
117174
117175
11718
117181
117185
117189
117193
117196
117197
1172
11720
117201
117205
117206
117207
11721
117214
117215
117218
11722
117222
117233
117234
117236
11724
117241
117242
117244
117245
117247
117249
117252
117253
117255
11726
117260
117261
117267
117269
117270
117271
117273
117276
117277
117280
117282
117283
117293
117300
117301
117302
117306
117307
117309
11731
117313
117314
117315
117316
117317
117320
117322
117325
117326
11733
117331
117334
117339
117343
11735
117351
117357
117359
117362
117365
117368
117371
117374
11738
117384
117385
117388
117389
117390
117397
117398
1174
117400
117409
117410
117411
117418
11742
117421
117426
117429
117430
117433
117436
117437
117439
117440
117443
117447
117448
11745
117454
117459
117460
117461
117462
117463
117467
117473
117478
117479
11748
117485
117488
117489
117490
117498
11750
117500
117502
117504
117508
117509
117512
117514
117515
117519
11752
117522
117527
117528
117530
117533
117534
117542
117543
117546
117554
117555
117557
117561
117569
11757
117575
117578
117580
117581
117589
11759
117591
117594
117597
117598
117599
11760
117603
117604
117605
117606
117607
117612
117614
117619
117621
117622
117623
117627
117628
117629
11763
117633
117639
11764
117641
117645
117651
117653
117661
117662
117667
117675
117676
117677
117678
117679
11768
117680
117681
117690
117691
117693
117695
117699
1177
11770
117706
117709
117716
117722
117723
117724
117726
117727
11773
117735
117736
117741
117755
11776
117763
117766
117767
117770
117776
11778
117780
117781
117783
117785
117788
11779
117791
117794
1178
117800
117801
117807
117810
117812
117814
117815
117816
117818
117819
11782
117822
117825
117826
117827
117828
117838
117839
11784
117846
11785
117850
117855
117856
117859
117862
117863
117864
117867
117868
117869
117871
117878
11788
117881
117884
117885
117899
1179
11790
11791
117920
117925
117928
11793
117931
117934
117935
117937
117938
117939
117941
117943
11795
117953
117954
117958
11796
117960
117963
117967
117971
117977
11798
117980
117982
117984
117985
117987
117988
117989
117990
117991
117993
117994
117997
118
1180
11800
118001
118003
118007
118008
11801
118011
118018
118020
118023
118027
118029
11803
118030
118031
118034
118038
118045
118050
118052
118053
118061
118069
11807
118073
118074
118075
118076
11808
118081
118084
118086
118087
118088
118091
118092
118093
118094
118095
118098
118101
118107
118108
118115
118118
118123
118125
118127
118138
118165
118166
118168
11817
118170
118172
118179
11818
118184
118185
118188
118195
118198
11820
118200
118203
118208
118214
118220
118223
118224
118228
11823
118233
118244
118246
11825
118250
118264
118276
118279
118282
118286
118289
11829
118292
118293
118294
118295
118297
118302
118304
118309
118313
118314
118327
118328
118331
118334
118335
118338
118343
118346
11835
118350
118351
118353
118359
11836
118371
118372
118373
118375
118380
118389
11839
118395
1184
11840
118406
118408
118411
118415
118416
11842
118423
118425
118427
118433
118437
118440
118443
11845
118450
118458
118460
118468
11847
118473
118474
118475
118476
118479
118485
118487
118490
118491
118495
118496
118498
118504
118509
118510
118511
118518
11852
118520
118524
118530
118535
118536
11855
118551
118552
118556
118559
11856
118561
118562
118564
118567
118568
118575
118577
118580
118582
118583
118589
11859
118591
118593
118595
118600
118603
118606
118609
11862
118620
118628
118629
118630
118631
118638
118647
118648
118658
118659
118660
118665
118668
11867
118679
118683
118686
11869
118692
118704
118709
118715
118716
118719
118721
118729
118731
118733
118734
118735
118737
118739
118747
118748
118749
118751
118752
118753
11876
118760
118764
11877
118770
118773
118779
118781
118784
118785
118789
118796
118798
118801
118804
118805
118812
118814
118816
118819
118822
118829
118837
11884
118842
118843
118844
118845
118851
118859
11886
118863
118866
118869
118874
118879
11888
11889
118898
118899
118905
118909
118913
118915
118916
118917
118919
11892
118927
118929
118930
118932
118933
118934
118938
118950
118954
118956
118959
118965
118968
118969
118979
11898
118986
118987
118988
11899
118990
118991
118993
118994
119
1190
11900
119006
119020
119022
119026
119027
119034
119036
119039
119040
119041
119053
119057
119058
119059
11906
119067
11907
119073
119074
119090
119093
119094
119099
1191
119106
119109
119110
119113
11912
119121
119123
11913
119130
119132
119133
119136
119139
119140
119142
119147
119148
11916
119160
119161
119166
119175
119176
119185
119186
119187
119198
1192
11920
119200
119203
119204
119206
119213
119216
119217
119227
119229
119231
119232
119236
119237
119242
119248
119249
119259
11926
119260
119262
119266
119269
119271
119277
119280
119290
119293
119296
119299
11930
119300
119302
119303
119310
119315
119318
11932
119322
119327
11933
119333
119336
119340
119347
119360
119361
119363
119366
119377
11938
119382
119388
119395
119396
119398
119400
119406
119407
119408
119410
119411
119413
119417
119429
11943
119430
119433
119434
119443
119447
119450
119451
119452
119457
11946
119475
119479
11948
119483
11949
119490
119492
119494
119496
119497
11950
119501
119503
119514
119517
11952
119524
119525
119533
119536
119544
119548
119549
11955
119551
119554
119558
119567
119569
119571
119579
119581
119582
119587
119594
119597
1196
11960
119601
11961
119612
119613
119615
11962
119621
119622
119623
119624
119629
119630
119631
119632
119633
119637
119642
119646
119651
119652
119669
119672
119677
119678
119680
119682
119688
119697
11970
119703
119705
119711
119714
119716
119721
119725
119728
11973
119732
119734
119735
11974
119740
119741
119746
119749
119751
119752
119755
119756
119757
11976
119768
119769
119770
119777
11978
119783
119785
11979
119790
119794
119798
119799
1198
11980
119802
119803
119805
119807
119808
119811
119816
119826
119830
119831
119836
119839
11984
119842
119843
119844
119850
119852
119859
119866
119867
11987
119870
119872
119874
119875
119877
119879
119889
119893
11990
119900
119902
119912
119914
119915
119917
119920
119927
119936
119939
11994
119940
119947
119949
119950
119955
119956
119963
119966
119972
119975
119979
11998
119991
120
120003
120005
120007
12001
120010
120012
120017
120018
120023
120026
12003
120030
120032
120036
120040
120041
120046
120047
12005
120052
120055
120057
120060
120063
120065
120067
120080
12009
120091
120096
120098
12010
120109
12011
120115
120116
120127
12013
120132
120135
120137
12014
120140
120141
120146
12015
120153
120154
120157
120158
12016
120164
120166
120169
120175
120178
12018
120188
120189
12019
120192
120195
120196
120199
1202
120204
120205
120221
120223
12023
120233
12024
120241
120246
120247
12025
120254
120255
120266
120269
12027
120271
120277
120280
120284
120286
120288
120289
120291
120292
120296
1203
12030
120301
120304
120313
120321
120324
120325
120326
120328
12033
120334
120346
12035
120357
120358
120359
12036
120369
120375
120376
120379
12038
120382
120384
120386
120387
120391
120394
120396
120403
120404
120407
12041
120410
120411
120413
120414
120416
120418
120421
120423
120428
12043
120430
120440
120449
12045
120452
120453
120460
120461
120466
120474
120481
120484
120486
120495
120498
1205
12050
120500
120503
12051
120514
120517
120518
120524
12053
120531
120539
120549
120552
120569
120572
120575
12059
120591
120594
120597
120599
120602
120606
12061
120610
120611
120618
120619
12062
120621
120625
120628
120631
120634
12064
120641
120643
120644
120646
120649
120650
120655
120657
120658
120673
120674
12068
120684
120686
120692
120699
12070
120707
120711
120717
120718
120721
120722
120727
120731
120751
120753
120756
12076
120762
120763
120769
120770
120775
120778
120781
120788
120799
120804
120807
120811
120812
120814
120818
120823
120825
120827
12083
120830
120833
120836
12084
120840
120856
120859
120866
12087
120871
120873
120875
12088
120885
120886
120888
120889
120890
120895
120897
12090
120900
120904
120905
120907
120913
120916
120919
120922
120925
120926
120927
120940
120951
120960
120963
120970
120976
120978
12099
120992
120994
121007
121008
121009
12101
121016
121017
12102
121023
12103
121037
121039
12104
121041
121051
121055
121058
121067
121070
121078
12108
121093
121102
121105
121109
12111
121116
121119
12112
121120
121122
121128
121129
121135
121137
121138
121139
12114
121140
121141
121142
121144
121146
121147
121156
121158
121159
121167
121168
121171
121175
12118
121186
121190
121193
1212
121201
121202
121203
121214
121222
121232
121237
121239
121240
121247
121256
121261
121263
121266
121269
121273
121274
121277
12128
121280
121290
121294
121299
1213
12130
121307
121311
121315
12132
121323
121324
121344
12135
121350
121354
121356
121358
121359
12136
121360
121363
121364
121365
121368
121369
121373
121374
121377
12138
12139
1214
12140
121400
121403
121405
121408
121411
121412
121415
121419
12142
121421
121423
121424
12143
121435
121437
121441
121443
121445
121446
121447
12145
121453
121467
121468
12147
121470
121473
121475
121477
121479
121481
121486
121490
121495
1215
12150
121501
121508
12151
121515
121521
121526
12153
121533
121543
121544
121545
121548
121552
121553
121554
121555
121559
121568
121569
121572
121574
121580
121584
121585
121588
121591
121596
121598
121599
121600
121605
121606
12161
121610
121612
121621
121623
12163
121633
121637
121638
121639
121642
121644
121645
121646
121649
121662
121664
121665
121670
121672
121677
121678
12168
121681
121682
121692
121694
121695
121708
12171
121711
121714
121715
121716
121717
12172
121720
121721
121724
121725
121729
121736
121743
121746
12175
121750
121751
121752
121760
121761
121768
12177
121770
121771
121779
12178
121787
121788
121790
121792
121793
121794
121798
1218
121800
121801
121805
121806
121808
121810
121816
121817
121830
121832
121835
12184
121842
121849
121854
121857
121858
121859
12186
121864
121865
121866
121867
121868
121870
121872
121878
12188
121880
121881
121883
121886
121896
12190
121901
121903
121905
121906
121910
121918
121922
121927
121929
12193
121931
121932
121933
121934
121935
121936
121937
121939
121940
121944
12195
121951
121952
121954
121959
12196
121962
121964
121968
12197
121970
121975
121984
12199
121991
121993
121998
122
1220
122002
122003
122010
122012
122013
122014
122016
122017
122027
12203
122030
122034
122041
122046
122055
122061
122066
122067
122080
122086
122093
122096
122097
122098
1221
122103
122105
122107
122108
122110
122114
122115
122123
122126
122130
122132
12214
122143
122148
12215
122150
122155
122157
122159
122164
122165
122169
122172
122174
122179
12218
122184
122193
122198
12220
122203
122204
12221
122211
122215
122218
122221
122239
12224
122241
122248
122255
122259
12226
122260
122263
122273
122276
12228
122282
122283
122284
122286
122287
122293
122298
122302
122303
122306
122316
122317
122318
122320
122325
122328
12233
122331
122337
122338
122339
122345
122347
12235
122350
122358
122360
122361
122364
12237
122371
122373
122374
122377
12238
122381
122383
122394
122398
122399
1224
122400
122401
122402
122405
122408
12241
122414
122415
122425
122426
122431
122441
122445
122448
122450
122467
122472
122478
12248
122481
122487
122488
122489
122492
122493
122497
12250
122503
122508
12251
122510
122512
122514
122520
122523
122524
122525
122527
12253
122538
122539
12254
122543
122549
122551
122560
122567
122568
122576
122577
122580
122585
122589
122592
122595
122596
122598
122599
12260
122602
122605
12261
122610
122615
122616
122617
122627
122631
122634
122638
122643
122645
122653
122654
122663
122669
12267
122673
122678
122681
122686
122687
12269
122690
122691
12270
122701
122706
122711
122721
122722
122724
122729
12273
122734
122735
122746
12275
122752
122760
122767
122768
122777
122778
122781
122786
122789
122792
122808
122809
12281
122812
122831
122838
122840
122847
12286
122872
122878
12288
122881
122883
122892
122893
122910
122915
122921
122924
122925
12293
122931
122932
122937
12294
122946
122948
122951
122956
122957
122958
122960
122964
122973
122978
12298
122984
122987
122993
123
1230
12300
123000
123007
123009
12301
123017
123020
123026
12303
123030
123032
123039
123040
123043
12305
123053
123054
123058
123059
123060
123061
123063
123065
12307
123070
123084
123085
123088
12309
123092
123095
123098
1231
12310
123104
123107
123110
123111
123115
123118
123128
123129
12313
123133
123134
123141
123148
12315
123151
123153
123156
12316
123161
123163
123164
123166
123169
123170
123172
123176
12318
123180
123181
123189
123199
12320
123201
123202
123206
12321
123211
123213
123214
12322
123220
123223
123224
123227
12323
123232
123237
123238
12324
123241
123244
123245
123247
123248
12325
123254
123262
12327
123270
123272
123274
12328
123281
123289
123292
123295
123298
1233
12330
123301
123305
123307
12331
123310
123317
12332
123322
123325
123326
123329
12333
123330
123331
123338
12334
123344
123349
123354
123361
123368
123372
123375
12338
123381
123382
123390
12340
123401
123402
123404
123406
123408
12341
123410
123411
123413
123418
123419
123422
123424
123432
123433
123436
123440
123446
12345
123452
123453
123458
123463
123465
123473
12348
123495
1235
12350
123506
123508
123509
123520
123522
12354
123548
12355
123557
123559
123563
12357
123575
123578
123579
123586
123594
123596
123598
123600
123601
123605
123613
123615
123629
12363
123636
12364
123646
123647
12365
123656
123657
123658
123663
123665
123668
123669
12367
123672
123679
12368
123685
12369
123690
123692
123693
123695
1237
123701
123702
123708
123710
123720
123724
12373
123735
123736
123738
123739
12374
123741
123742
123745
123749
123751
123757
12376
123765
123766
12377
123770
123771
123773
123775
123777
123779
123787
12379
123790
123794
123797
123801
123807
123809
123814
123816
12382
123821
123822
123825
123826
123836
123837
123840
123851
123859
123860
123861
123868
123875
123879
123884
123890
123895
123896
123897
12390
123907
123908
123911
123917
123919
123921
123922
123925
12393
123940
123948
12395
123953
123956
123958
123960
123966
123968
12397
123973
123976
123978
123981
123982
123988
123989
123993
123996
124
124004
124006
124008
124011
124014
124018
124024
124027
124028
124030
124033
124044
124045
124049
12405
124059
12406
124065
124067
124071
124072
124081
124085
124091
124096
124097
124098
12410
124102
124109
12411
124113
124116
124118
124129
124137
124139
124142
124144
124148
124150
124154
124158
124159
124162
124166
124167
124168
12417
124176
124178
124182
124187
124193
1242
124204
124207
124215
12422
124222
124227
124230
124243
124247
124249
12425
124253
124256
124258
124259
12426
124272
124276
124279
124287
124291
124297
124298
124299
1243
124307
124313
124317
124328
124329
12433
124342
124343
124347
124349
124350
124356
124357
124359
124367
124370
124372
124376
124388
12439
124394
124398
124399
124401
124402
124407
124408
12441
124413
124415
124416
124417
124431
124435
124443
124446
12445
124451
124453
124456
124457
124465
124466
124468
12447
124470
124471
124473
124474
124475
12448
124483
124486
124490
12450
124502
124503
124505
124509
12451
124510
124516
124519
124520
124527
12453
124532
124538
124542
124550
124554
124555
12456
124560
124561
124563
124566
124576
124580
124583
124596
124598
12460
124605
124609
12461
124621
124633
124636
12464
124643
124652
124657
12466
124660
124664
124668
124669
124670
124677
124678
124685
124686
124688
124692
124698
124713
124715
124717
124720
12473
124733
12474
124740
124741
124756
124764
12477
124774
124775
12478
124782
124787
124788
124795
1248
124801
124804
12482
124822
124824
124825
124827
124830
124849
12485
124850
124852
124853
124863
124868
124869
124871
124879
124888
124889
124892
124894
124898
12490
124902
12491
124910
124911
12492
124921
124924
124929
124932
124934
124936
124943
124944
124945
124947
124950
124953
12496
124961
124963
12497
124977
124979
12498
124981
124987
124993
124997
125001
125002
125006
12501
125011
125017
125020
125021
125028
125029
125035
125037
125039
125040
125043
125044
125055
125065
125067
125079
12508
125089
12509
125094
125096
1251
12510
125105
125112
125113
125116
125125
125129
125130
125136
12514
125141
125146
125147
125150
125151
125155
125156
125158
125159
12516
125166
125167
125176
125177
125179
125180
125185
125189
12519
125194
1252
125218
125219
125228
125237
125238
125244
125248
12525
125250
125252
12528
125283
125285
12529
125292
125293
125294
125296
12530
125304
125305
125307
12531
125313
125315
125317
12532
125324
12533
125331
125338
125339
125342
12535
125353
125357
12536
125361
125362
125365
125369
125376
125381
125387
125389
125392
125393
125395
125397
1254
12540
125401
125402
125413
125416
12542
125423
125424
125429
125432
125438
12544
125440
125453
125454
125459
12546
125461
125465
12547
125471
125473
125481
125486
125492
125493
125497
1255
125507
12551
125510
125514
125520
125524
125529
125530
125534
125537
125541
125542
125544
125552
125555
125561
125568
125572
125577
125579
125587
125589
12559
125590
125591
125605
12561
125618
125619
125626
125627
125628
12563
125631
125639
12564
125640
125642
125658
125660
125662
125666
12567
125672
125678
125682
125683
125686
12569
125690
125691
125693
125694
125696
125698
125705
125707
125711
125714
125715
125716
125719
125724
125725
125726
12573
125730
125734
125739
125741
125749
12575
125750
125755
125764
125767
125768
125769
125773
125775
125778
125786
12579
125797
12580
125803
125808
125809
125814
125815
125817
125818
12582
125822
12583
125831
125834
125835
125841
125843
125852
125857
125858
125861
12587
125871
125873
125877
125888
125891
1259
125903
125904
125910
125917
125919
12592
125923
125924
125930
125931
125932
125935
125942
125943
125948
12595
125950
125951
125952
125957
12596
125961
125969
12597
125971
125975
125981
125984
12599
125994
125997
126
1260
126005
126006
126010
126016
126021
126027
126033
126035
12604
126040
126041
126043
126047
126048
126054
126071
126073
126074
126079
126080
126081
126088
12609
126092
12610
126102
126108
126115
126119
12612
126121
126124
126131
126132
126135
126146
126147
126148
12615
126157
126158
12616
126160
126162
126163
126166
126168
126172
126173
126176
12618
126185
126186
126190
126191
126192
126195
126199
1262
12620
126200
126209
126214
126215
126216
126220
126233
126237
12625
126256
126257
12626
126262
126264
126268
12627
126270
126271
126275
126276
126277
126278
126291
126297
1263
12630
126302
126306
126308
126311
126312
126313
126317
126322
126323
126330
126331
126332
126336
126348
126362
126366
126369
126375
126378
126399
1264
12640
126402
126403
126406
126411
126416
126417
126419
126421
126427
126430
126433
12644
126440
126447
126448
12645
126451
126457
126459
126461
126464
126466
126467
12647
12648
126480
126483
126488
126490
126491
126492
126493
126502
126503
126505
126506
126508
12651
126510
126512
126513
126514
126519
126523
126527
126528
126531
126533
126536
12654
126540
126545
126552
126553
126557
12656
126560
126564
126565
126567
126569
12657
126570
126573
126574
126579
126582
126583
126585
126589
126591
126595
1266
126601
126603
126609
126611
126612
126615
126623
126625
126627
126633
126642
126644
126645
126646
126647
126649
126653
126657
12666
126663
126664
126666
126669
126672
126673
126676
126680
126682
126683
126689
126690
126698
12670
126702
126707
126710
126714
126717
126718
126720
126722
126725
126727
12673
126748
126751
126755
12676
126761
126766
126768
12677
126771
126772
126778
126784
126786
126788
126790
126793
126794
126796
126797
126798
1268
12681
126812
126818
12683
126831
126852
126853
126854
126861
126869
126871
12688
126883
126885
126889
126891
126894
126895
1269
12690
126901
126904
12691
126912
126916
12692
12693
126932
126934
126936
126937
126940
126966
126968
12697
126970
126972
126983
126985
126988
12699
126991
126992
126993
126995
127
127003
127009
12701
127015
127017
127020
127021
127024
127025
127029
127030
127033
127035
127036
12704
12705
127057
127065
127066
127067
127078
12708
127080
127081
127091
127100
127114
127119
12712
127121
127130
127135
12714
127150
127155
127159
12716
127160
127168
127178
127179
12718
127181
127186
127196
127197
127201
127202
127207
127208
127209
127217
12722
127224
127234
127236
12724
127246
12725
127251
127252
127263
127264
127267
127268
127269
12727
127272
127278
127287
127288
12729
127292
127294
127297
127299
12731
127310
127312
127315
127317
127319
127322
127330
127332
127337
127338
12735
127350
127351
127363
127373
127375
127378
12738
127380
127381
127394
127397
127406
127408
127413
127415
127418
12742
127423
127424
127429
12743
127435
12744
127443
127446
127448
127449
127450
127469
127476
127477
12748
127486
127490
127494
127500
12751
127519
12752
127520
12753
127544
12755
127552
127553
127555
127562
127564
127566
12757
127571
127572
127578
12758
127581
127589
12759
127590
127597
127599
1276
12760
127609
127613
127619
127627
127637
127641
127642
127646
12765
127650
127652
127653
127655
127661
127665
127679
127682
127684
127687
127691
127692
127693
127697
127702
127707
127715
12772
127723
12773
127731
127738
127750
127753
127757
127761
127763
127770
127772
127775
127776
12778
127782
127783
127790
127792
127793
127799
12780
127801
127804
127805
12781
127812
127820
127822
127826
127830
127835
127839
127849
127850
127851
127854
127861
127873
127874
127881
127891
127895
127897
127900
127905
127910
127912
127917
127923
127925
127928
127932
12794
127946
127948
12795
127951
127956
127959
127962
127963
127966
127969
127973
127977
127979
127981
127984
127988
127998
128
1280
12800
128009
12801
128010
128012
128015
128017
128018
128020
12803
128035
128041
128049
12805
12806
128065
128074
128075
128077
128079
12808
128082
128083
128089
12809
128099
12810
128100
128103
128105
128106
128109
12811
128111
128114
128124
128133
128138
128139
128140
128144
128146
128158
128162
128168
12817
128173
128177
128179
128188
12819
128192
128194
128195
128202
128206
128207
128209
128212
128213
128216
128217
128220
128228
128229
12823
128230
128231
128233
128235
128237
128239
128240
128242
128244
128251
128257
128259
12826
128265
128266
128275
128277
12828
128280
128284
128308
12831
128310
128315
128316
12832
128323
128327
128328
12833
128330
128336
128338
128339
128347
128351
128352
128355
128360
128361
128363
12837
128370
128372
128385
128390
128394
128395
1284
128400
128403
128406
128408
128409
12841
12842
128420
128432
128435
128440
128444
128449
128454
128458
128461
128466
128467
128468
12847
128477
128478
128479
128483
128491
128492
128495
128504
128506
128510
128515
12852
128520
128526
128528
128529
128530
12854
128540
128546
128548
128568
128571
128579
12858
128581
128586
128587
128590
128591
128594
128597
1286
12860
128601
128603
128607
128608
128610
128615
128616
128619
12862
128625
128637
128643
128645
128646
128652
128653
128655
128659
128661
128663
128667
128676
128677
12868
128681
12869
128703
128707
128708
12871
128711
128713
128715
128718
128720
128724
12873
128732
128733
128738
128739
12874
128741
128744
12875
128753
128754
128761
128766
128768
128769
128770
128771
128778
12878
128783
128784
128787
128788
12879
128795
1288
12880
128800
128802
128803
128807
128810
128812
128828
12883
128831
128832
12884
128843
128847
12885
128852
128855
12886
128860
128863
128869
128874
128881
128882
128885
128888
128889
128893
128896
128898
12890
128905
128907
128908
128919
128920
128922
128923
128924
128926
128934
128937
128939
128942
128951
12896
128971
128977
128978
12898
128982
128987
128994
1290
129004
129005
129007
12901
129015
129017
12902
129022
129023
129037
129038
12904
129043
129047
12905
129050
129051
12906
129061
129069
12907
129071
129074
129075
129079
129081
129089
129094
129095
129097
129099
12910
129106
129107
129108
12911
129111
129118
129119
12912
129121
129127
129131
129137
12914
129140
129142
129145
12915
129150
129152
129154
129160
129161
129167
129168
129170
129174
129176
129177
129182
129184
129186
129187
12920
129204
129205
129210
129211
12922
129228
129231
129232
129238
129239
129245
129246
129248
129251
129252
129256
12926
129260
129269
129276
12928
129280
129282
129284
129286
129287
129289
129293
129295
12930
129300
129307
129308
12931
129310
129315
129316
129318
129322
129326
129329
12933
129342
129343
129344
129346
129351
129355
129356
129358
129362
129366
129368
12937
129372
12938
129381
129387
12939
129390
129391
129393
129398
129399
12940
129400
129407
129414
129415
129417
129419
129428
129434
129435
129436
129437
12944
129440
129445
129446
129451
129459
129461
129464
129465
129472
129481
129483
129486
1295
129504
12951
129516
129519
129526
129527
129534
129537
12954
129542
129548
129554
129555
129559
129565
129573
129578
129579
12958
129581
129586
129591
129592
129595
1296
12960
129601
129603
129604
129607
129614
129615
129616
129617
129621
129622
129626
129627
129628
12963
129631
129637
129643
129649
12965
129650
129653
129659
129662
129664
129665
129669
129676
129678
12968
129681
129687
129691
129702
129705
129707
12971
129711
129714
129717
129723
129730
129733
129740
129743
129746
129750
129752
129761
129766
129767
129770
129771
129777
129780
129781
129786
129788
129790
129791
129793
129794
129796
129797
129799
12980
129802
129804
129807
129808
12981
129810
129818
129819
12982
129821
129837
129846
129849
129861
129866
129869
129874
129879
129885
129887
129890
129891
129892
129893
129896
129898
1299
129903
129904
129909
129912
129916
129917
129918
129919
129920
129923
12993
129938
129940
129947
129952
129953
129956
12996
129962
129965
129967
129970
129972
129979
129982
129986
129992
129993
13
130
130005
130006
130010
130012
130018
13002
130022
130023
130039
130041
130046
13005
130050
13006
130062
130067
130075
130077
130084
130087
13009
130093
1301
130105
130106
130109
13011
130114
130126
13013
130137
130141
130144
130146
130148
130149
13015
130151
130152
130154
130155
130159
130163
130164
130167
130168
130175
130176
130179
130183
130184
130191
130193
130195
13020
130206
130208
130213
130224
130229
130232
130237
130238
13024
130241
130250
130256
130257
130266
130269
130271
130273
130277
130281
130286
130287
13029
130295
130307
130308
130309
130312
130315
130317
13032
130325
130326
130327
130328
130334
130336
130337
130342
130343
130346
130350
130351
130353
130356
130358
130367
130368
13037
130372
130378
130379
13038
130382
130383
130387
13039
130398
130403
130406
130415
130416
13042
130422
130423
130424
130425
130427
130430
130431
130433
130435
130436
130438
13044
130454
130458
130462
130467
130476
130477
130478
130498
1305
13050
130500
130506
130513
130525
130527
130528
13053
130531
130536
130537
130541
130544
130545
130547
130549
130551
130553
130554
130558
130566
130571
130572
130574
130577
13058
130582
130584
130585
130587
130589
130590
130594
130595
130599
13060
130602
130606
130612
130613
130618
130625
130628
130629
130633
130638
130643
13065
130655
130657
130660
130663
130664
130667
13067
130673
130674
130677
130682
130690
130693
130695
1307
130700
130703
130707
130709
130716
130720
130721
130723
13073
130731
130734
130739
13074
130751
130762
130768
130773
13078
130780
130787
130789
13079
130794
130799
130803
130816
130824
130828
130832
130833
130835
130836
13084
130844
130847
130853
130855
13086
130863
130864
130869
130870
130873
130877
130879
13088
130886
130890
130895
1309
13091
130913
130925
130929
13093
130931
130932
130937
130940
130946
130947
130948
13095
130961
130967
13097
130976
130977
130978
13098
130984
130992
130998
130999
131006
131008
131019
131028
131030
131033
131035
131038
131040
131042
131043
131044
131046
13105
131052
131053
131059
131068
131069
131084
131089
131092
1311
13110
131113
131116
131118
131126
131128
131139
13114
131142
131144
131145
131150
131155
131157
131158
131159
13116
131160
131161
131164
131165
131167
131168
131180
131187
131192
13120
131200
131202
13121
131212
13122
131221
131222
131228
131230
131244
131245
131247
131262
131264
131267
131269
131271
131272
131278
131280
131282
131283
131286
131290
131291
131302
131303
131311
131312
131320
131324
131329
13133
131331
131338
131342
131349
131351
131353
13136
131365
131367
131369
131370
131372
131376
131385
131393
13140
131403
131405
131408
131411
131415
131416
13142
131428
13143
131435
131443
131444
131447
131448
131449
131454
131458
13146
131462
131471
131476
131482
131483
131484
131485
131486
131489
131492
131493
131496
1315
13150
131500
131501
131506
131514
131515
131517
13152
131523
131524
131527
131532
13154
131545
131549
131558
131559
13156
131569
13157
131570
131571
131573
131575
131580
131582
131583
131584
131585
131588
131598
131599
1316
131603
131606
13161
131611
131613
131614
13162
131633
131634
131636
131637
131638
131645
13165
131650
131651
131654
131656
13166
131660
131661
131664
131666
131670
131679
131682
131685
131692
1317
131703
131705
13171
131710
131712
131714
131720
131722
131725
131726
131733
131735
131745
131746
131751
131758
131761
131771
131775
131776
131780
131783
131786
131787
131790
13180
131800
13181
131816
131826
131828
13183
131837
131841
131843
131846
131848
131861
131870
131871
131873
131884
131886
131888
131889
131894
1319
13190
131903
131904
131909
131911
131915
131922
131924
131927
131928
131932
131948
131959
131965
131968
13197
131970
131973
131975
131978
131983
131993
132
13200
132008
132009
13201
132013
132016
132018
132020
132021
132026
132035
132038
13204
132042
132045
132047
132048
132049
132050
132052
132053
132055
132058
13206
132064
132065
13207
13208
132081
132084
132087
132089
132091
1321
13210
132100
132101
132103
132104
132106
132112
132117
132120
132121
132124
132129
13213
132134
132136
132140
132143
132147
13215
132151
132153
132155
132156
132157
132164
132168
132169
132176
132177
132181
132186
132189
13219
132190
132201
132203
132208
132214
132215
13222
132221
13223
132230
132233
132245
132251
132257
132258
13226
132260
132262
132265
132269
132274
132279
132286
132291
132294
13230
132302
132306
132309
132311
132314
132319
132320
132324
132328
132332
132337
132342
132343
132349
13235
132350
132358
13236
132366
13237
132370
132372
132373
13238
132382
132385
132387
132389
132393
132394
13240
132406
132410
132411
132412
132414
132415
132428
132431
132432
132433
132434
132435
132439
132440
132441
132449
13245
132451
132456
132457
13246
132460
132462
132463
132471
132473
132482
132485
132486
132490
132492
132494
132498
132499
1325
13250
132500
132502
132508
132509
13251
132510
132515
132517
13252
132520
13253
132531
132533
132534
13254
132542
132544
132546
132547
132550
132554
13256
132561
132564
132567
132572
132576
132580
132581
132589
13259
132601
132602
132603
13261
132613
132615
132616
132617
132626
13263
132631
132635
13264
132643
132647
132651
132652
132653
13266
132663
132666
132667
132671
132674
132681
132684
132687
132688
132690
132692
1327
13270
132703
132704
132705
132707
132708
13271
132724
132727
13273
132730
13274
132741
132742
132743
132744
132748
13275
132750
132752
132753
132755
132757
132764
132768
132773
132776
13278
132780
132785
132793
132794
1328
132802
132804
132807
132814
132819
132822
132823
132824
132827
132831
13284
132846
132851
132856
132860
132863
132866
132867
13287
132871
132874
132875
132879
13288
132880
132881
132882
132885
13289
132893
132895
1329
13290
132901
132913
132916
132918
13292
132925
132926
132928
13293
132930
132931
132934
132937
132944
132946
13295
132952
132960
132962
132964
132966
132969
13297
132971
132988
132989
132990
132993
132998
133
1330
133000
133008
13301
133010
133017
13302
133020
133023
133027
13303
133032
133033
133039
13304
133040
133042
133045
133046
133049
133055
133061
133063
133066
133067
133069
13307
133072
133073
133077
13308
133082
133089
133090
133093
133098
1331
13310
133101
133104
133110
133121
133122
133134
133143
133147
133152
133158
13316
133162
133163
133164
133174
133175
133179
133180
133182
133185
13319
133192
133197
133198
133199
1332
133202
133212
133216
133224
133225
133226
133228
133233
133235
133244
133245
133247
133250
133253
133256
133257
133259
13326
133261
133262
133264
133268
133271
133292
133294
13330
133301
133305
133308
133309
13331
133317
133318
133330
133334
133337
133339
13334
133341
133346
133348
13335
133350
133353
133357
133366
133368
133376
133377
133379
133386
133387
133398
133400
133402
133408
133410
133415
133416
133418
13342
133421
133433
133438
133440
133441
133444
133446
133451
133452
133454
133459
133460
133463
133465
133466
133467
13347
133470
133472
133476
133477
133478
13348
133483
133485
133492
133497
1335
133506
133516
133519
133526
133527
133530
133534
133535
133537
133538
133540
133546
133549
13355
133552
133564
133569
13357
133570
133572
133574
133575
133576
133577
133579
133583
133584
133586
13359
133590
133593
133594
133596
133597
133598
1336
133601
133610
133611
133613
133625
133630
133636
133639
13364
133643
13365
133654
13366
133665
133669
133672
133675
133682
133684
133685
133686
13369
133692
1337
133700
133702
133707
133713
133719
13372
133722
133727
133729
13373
133730
133737
133738
133740
133749
13375
133751
133754
13376
133763
133766
133767
133770
133771
133772
133778
13378
133785
133787
133788
133790
133795
133798
1338
133800
133806
133809
13381
13382
133822
133823
133824
133825
133826
133827
133828
133832
133837
133841
133845
13385
133850
13386
133860
133871
133872
133877
13388
133883
133887
133894
133895
133898
133900
133911
133915
133925
133926
133932
133935
133949
133950
133966
133967
133968
133969
133970
133971
133976
13398
133984
133985
133986
133987
133991
133997
133998
134
134001
134003
13401
13402
134021
134023
134024
134029
134030
134034
134038
13404
134040
134044
134045
134049
134050
134057
134060
134064
134067
134072
134073
134074
134078
134087
13409
134090
134096
134097
134100
134106
134108
13411
134114
134115
134118
134119
134123
134126
134127
134128
13413
134136
13414
134140
134141
134153
134156
134159
134162
134167
134171
134174
134175
134177
13418
134180
134182
13419
134195
13420
134201
134212
134231
134233
134234
134237
134242
134243
134252
134257
134260
134263
134265
134269
13427
134273
134276
134277
13428
134282
134285
134288
134290
134291
134292
134296
134301
134305
134315
134319
13432
134324
134325
13433
134344
134345
134346
134350
134355
134357
134369
134372
134375
134377
134378
134380
134382
134386
134387
134388
134390
134397
13440
134402
134403
134407
134411
134413
134417
134421
134423
134424
134425
134426
13443
134430
134436
13444
134441
13445
134452
134454
134459
134466
134471
134475
134479
134482
134483
134485
134497
1345
13450
134503
134504
134505
134508
134513
134516
134518
134521
134528
134531
134539
134540
134542
134544
134550
134552
134555
13456
134569
13457
134573
134578
134580
134581
134585
134586
134589
13459
134591
134592
134594
134595
1346
13460
134601
134605
134607
13461
134612
134614
134615
134617
134619
134621
13463
134635
13464
134642
134643
134644
134649
134652
134657
134663
134664
134667
134668
13467
134670
134676
134679
134680
134681
134684
134690
134698
134699
1347
134702
134704
13471
134712
134714
134718
13472
134723
134725
134726
134729
13473
134734
134735
134740
134741
134744
134745
134748
134757
134761
134766
134768
134769
134773
134775
134776
134779
13478
134784
134794
1348
134800
134804
134806
134812
134813
134818
13482
134823
134825
134826
134840
134842
134844
13485
134853
134857
134858
13486
134867
13487
13488
134884
134889
134898
134899
1349
13490
134912
134913
134918
13492
134924
134926
13493
134931
134936
134938
134940
134943
134944
134946
134948
134949
13495
134953
134955
134959
134961
134962
134970
134972
134975
134979
13498
134982
134984
134987
13499
134994
134995
134998
134999
135
1350
13500
135007
13501
135010
135011
135024
135025
135029
135030
135033
135034
135035
135041
135043
135045
135050
135052
135053
135057
13506
135076
135078
13508
135086
135087
135093
135095
135103
135112
135115
135117
135118
13512
135123
135126
135131
135133
135135
13514
135148
135149
135150
135160
135163
135164
135168
135174
135175
135176
135178
135181
135184
135187
135189
135191
135192
135193
135200
135201
135205
13521
135210
135212
135218
135228
135234
135236
135245
135246
135249
13525
135250
135256
135258
13526
135268
135269
135270
13528
135288
13529
1353
13530
135303
135305
13531
135319
135321
13533
135330
135333
135334
135340
135341
135345
13535
135354
135355
135358
135360
135364
135365
135377
135380
135388
135395
13540
135402
135419
135423
135428
135430
135431
135435
135438
13544
135441
135442
135446
13545
135458
135468
135479
13548
135485
135488
135494
135495
13550
135504
135505
135507
135513
135517
135518
135519
135526
13553
135531
135534
135535
135539
135545
135553
135561
135562
135567
13557
135570
135577
135581
135585
135586
135591
135598
13560
135602
135604
135606
135607
135613
135616
135618
135620
135633
135634
135637
135643
135644
135649
13565
135651
135656
135658
13566
135663
135664
135672
135673
135676
135677
135680
135681
135682
135690
135692
135694
1357
135702
135708
135710
135715
135716
135718
135724
135729
13573
135732
135736
135737
135738
13574
135746
135748
13576
135774
135775
13578
135781
135785
135788
135796
135798
135799
1358
13580
135802
135803
135805
135806
135808
135816
135818
135824
135831
13584
135849
135854
135858
135859
135861
135864
135869
135872
135876
135878
135887
135888
135892
135893
135896
135898
135899
135902
135903
135905
135907
135909
13591
135910
135914
135916
135919
13592
135922
135923
135932
13594
135945
135946
135954
135956
135963
135964
135969
135972
135974
135978
135979
13598
135980
135981
135982
135983
135984
135986
135989
135997
13600
136001
136003
136006
136016
136017
136021
136030
136031
136033
136037
136042
13605
136051
136053
136056
136061
136062
136067
136068
136069
13607
136074
136081
136086
136089
13609
136097
1361
136104
136105
13611
136110
136114
136136
136139
136143
136145
136152
136160
136161
136169
13617
136177
136178
136189
13619
136190
136191
136198
136207
136211
136213
136214
136219
136221
136222
136223
136226
136237
136238
13624
136241
136244
136249
13625
136250
136252
136262
136266
136283
136285
136289
136299
1363
136300
136302
13631
136311
136313
136317
136320
136322
136332
136334
136337
136339
136340
136341
136344
136345
136351
136355
136358
136370
136382
136385
13639
136390
136399
1364
136404
136405
136412
136413
136434
13644
136447
136448
136451
136455
136456
136458
13646
136461
136463
136464
136465
136474
136482
136485
136488
136491
136493
136496
1365
136504
136509
13651
136514
13652
136521
136523
136529
136532
136533
136537
136538
136540
136543
136549
136550
136551
136552
136555
13656
136564
136572
13658
136585
136596
136599
13660
136601
136604
13661
136611
136612
136616
136619
136623
136625
136633
136634
136635
136643
136649
13665
136650
136657
13667
136675
136676
136677
136684
136686
136693
136699
136712
13672
136724
136726
136734
136737
13674
136759
13676
136760
136768
136772
136773
136774
136776
136778
136783
136784
136791
136793
136797
136801
136804
136812
136813
136817
136818
136823
136827
13683
136830
136832
136837
136850
136851
136853
13686
136866
136879
13688
136880
136881
136884
136889
136890
136894
1369
136900
136904
13691
136913
136915
136916
136921
136925
13693
136933
136941
136949
136950
136954
136960
136967
13697
136972
136975
136978
136986
13699
136991
136998
136999
137
1370
137003
137010
137013
137018
13702
137028
13703
137030
137044
137045
137049
137050
137052
137053
137058
13706
137060
137061
137062
137064
137070
13708
137082
137086
137087
137097
137098
13710
137102
137103
137107
137109
137115
137117
137120
137124
137126
137137
137138
137139
137148
137149
13715
137150
137151
137158
137162
137166
137172
137173
137179
137184
137188
13719
137190
137193
137197
13720
137203
137206
13721
137216
137217
137218
13722
137221
137225
137235
137237
137238
137243
137244
137247
137251
137252
137254
137258
13726
137260
137262
137265
137266
137268
137269
137275
137276
137278
13729
137290
137292
137298
1373
137305
137309
13731
137311
137317
137318
137323
137330
137335
137336
137339
13734
137345
137348
137351
137355
137357
13736
137362
137364
137365
137375
137382
137384
137391
137395
137396
137398
137399
1374
137406
137407
13741
137413
137415
137416
137419
13742
137420
137422
137428
137430
137432
137439
137445
137447
13745
137456
13746
137460
137468
13747
137472
137473
137477
137478
137481
137483
137485
137488
137491
1375
137500
137501
137503
137505
137506
137508
137509
13751
137515
137520
137522
13753
137531
137532
13754
137546
137547
137551
137553
137554
137563
137572
137583
137586
137591
137593
137596
1376
137604
137607
137609
137612
137617
137620
137625
137631
137633
137634
137635
137637
137639
13764
137640
137644
137647
137648
137649
137650
137655
13766
137660
137662
137665
137668
137673
137679
13768
137684
137686
137689
137691
137692
137696
137705
137706
137709
13771
137716
137723
137728
137731
137734
137737
137741
137749
137752
137754
13776
137760
137761
137766
137767
13777
137775
137777
137778
13778
137787
137788
137789
13779
137792
137794
137795
137796
137798
137799
1378
13780
137807
137808
137815
13782
137822
137828
137832
137838
137843
137846
137848
137850
137854
137855
137856
137863
137864
137868
137869
13787
137874
13788
137883
137890
137894
137899
1379
13790
137907
13791
137910
137934
137936
137944
13795
13796
137962
137966
137967
137969
137975
137977
13798
137984
137987
137988
137995
137997
137998
137999
138004
138009
138012
138020
138025
13803
138037
138038
138039
13804
138043
138049
13805
138055
138065
138067
138070
138072
138078
138083
138084
138085
138086
138088
138097
138099
1381
13810
13811
138112
138114
138119
138121
138125
138126
138127
13813
13814
138140
138145
138146
138148
13815
138158
138159
13816
138161
138162
138164
138170
138180
138182
138183
138186
138189
138194
1382
138201
138205
138206
138208
138212
138220
138223
138230
138232
138237
138240
138244
138246
138249
138250
138256
138258
138269
13827
138275
138279
138287
138293
13830
138304
138313
138315
13832
138323
138325
138333
138334
13834
138340
138341
138346
138347
13835
138352
138353
138357
138359
13836
138361
138363
138365
138372
138374
138376
138377
13838
138382
138387
138391
138404
138405
138410
138411
138412
138413
138418
138419
13842
138427
138428
138429
138435
138437
138443
138447
138448
138450
138454
138460
138461
138464
13847
138471
138472
138474
138478
138480
138493
1385
13850
13851
138510
138516
138521
138522
138523
138524
138527
138535
138539
13854
138540
138541
138545
138550
13856
138560
138561
138575
138576
13858
138580
138586
13859
138593
138598
138601
138605
138606
138616
13862
138621
138627
138629
13863
138632
138640
138644
138649
138650
138651
138652
138656
138657
138658
138659
13866
138668
13867
138670
138677
13868
138685
13869
138697
138699
138707
13871
138716
138725
138726
138728
138729
13873
138732
138738
13874
138748
138755
138765
138767
138771
138772
138779
138780
138781
138785
138788
138792
138793
138795
138796
138798
138801
138804
138806
13881
138815
138816
138825
13883
138832
138834
138835
138838
138839
138853
138864
138869
138872
138877
138883
138885
138887
138888
138895
138897
138899
138907
138912
138913
138916
138917
13892
138921
13893
138931
138937
138939
13894
138943
138946
138948
138949
13895
138951
138952
138958
13896
138963
138965
138966
138971
138972
138975
138979
138981
138982
138986
138989
138990
138998
139
1390
139003
139010
139011
139014
139015
139019
139022
139024
139026
13903
139030
139033
139038
139040
139044
139049
13905
139052
139055
139059
13906
139065
139076
139079
139087
13909
139092
139098
139102
139109
139113
139114
139119
139136
139137
139149
13915
139153
139158
13916
139165
139173
139177
13918
139181
139184
139188
139189
139190
139191
139196
13920
139210
139214
139215
13922
139224
139228
13923
139233
139234
139235
139239
139241
139247
139250
139253
139255
139258
139265
139266
139270
139271
139275
13928
139282
139289
139292
139294
139298
139299
13930
139300
139303
13931
139311
139314
139316
139321
139323
139324
139330
139331
139333
139343
139344
139345
139349
139353
139355
139356
139357
139359
139368
139372
139374
13938
139384
139387
13939
139395
139398
139399
139401
139409
13941
139410
139412
13942
139424
139426
139427
139429
139432
139438
139439
139440
139441
139443
139448
13945
139450
139458
139463
139466
13947
139470
139472
139473
139478
139483
139485
139487
13949
139490
139494
139502
139510
139514
139518
139525
13953
139533
139538
139539
13954
139540
139546
139548
13955
139550
139553
139554
139556
139562
139567
139570
139573
13958
139582
139586
139589
139593
139597
139599
1396
139600
139603
13961
139610
139611
139615
13962
139621
139627
139629
139633
139637
139642
139646
139652
139653
139659
139663
139665
139666
139669
139673
139674
139680
139684
139685
139689
13969
139696
139697
1397
13970
139702
139703
139704
139707
139709
139716
139721
139722
139727
139730
139732
139733
139743
139745
139746
13975
139756
139757
139759
139760
139768
13977
139770
139774
139777
139778
139779
139781
139784
139792
139797
139801
139803
139807
139814
139821
139824
139838
139843
139846
139858
13986
139865
139866
13987
139875
139880
139881
139883
139888
13989
139895
139898
139910
139916
139918
139919
139922
139923
139927
13993
139939
139940
139962
139963
139964
13997
139979
139980
139985
139986
13999
139990
139993
139999
140000
140002
140008
140010
140013
140019
14002
140027
14003
140032
140034
140037
140041
140042
140049
14005
140051
140058
140068
140072
140074
140075
140076
140078
140083
140088
140091
140092
140096
140098
140106
140116
140118
14012
140123
140128
140129
14013
140136
140138
140148
140156
140157
140159
140169
140171
140173
140174
140175
140176
14018
140180
140187
140191
140194
140197
140198
1402
140203
140211
14022
140225
140226
140229
140235
140236
140237
140240
14025
140251
14026
140269
140271
140277
140285
14029
140290
140291
140293
140294
140297
14030
140309
140318
140319
140320
140322
140326
140328
140330
140335
14034
140341
140344
140345
140346
140350
140353
140359
14036
140363
140365
140366
140367
14037
140380
140381
140382
140386
140392
140394
140396
140397
14040
140405
140408
14041
140410
140411
14042
140422
140429
140431
140440
140449
14045
140450
140454
140461
140469
140479
14049
140490
140492
1405
140503
140505
140506
140512
140517
140518
14052
140525
14053
140531
140534
140543
140550
140551
140556
140558
14056
140568
140576
140578
140582
140588
14059
140591
140593
140596
1406
14060
140602
140605
140607
140608
14061
140616
140617
140621
140623
140625
140628
140630
140635
140638
140643
140644
140646
140647
140648
140653
140655
14066
140662
140670
140675
140682
140686
140687
140696
1407
140700
140704
140709
14071
140711
140712
140725
14073
140733
140736
14074
140742
140747
140748
140749
14075
140752
14076
140764
140770
140779
14078
140780
140781
140782
140783
140785
14079
140790
140795
140808
14081
140812
140817
140819
140830
140835
140836
14084
140843
140848
14085
140855
140861
140866
140867
14088
140882
140883
140896
140898
140905
140908
14091
140910
140913
140915
140918
14093
140936
14094
140948
140949
140954
140962
140968
14097
140975
14098
140987
140989
14099
140996
1410
141000
141002
141004
141005
141009
141016
141017
141018
14102
141023
141025
141040
141044
141057
14106
141072
141073
141076
141081
141083
141085
141086
141091
141092
141093
141096
141100
14111
141110
141111
141113
141115
141116
141118
141124
141127
141131
141137
141147
141152
141170
141173
141176
141177
141182
141184
141186
141188
141189
14119
141194
141196
141197
141206
14121
141219
14122
141220
141222
141223
14123
141236
141244
141245
141250
141257
141263
14127
141270
141271
141273
141275
14128
141284
141292
141294
1413
141301
141303
14131
141311
141312
141313
141319
141327
141328
14134
141346
141348
141353
141361
141363
141365
141368
14137
141370
141377
141381
141388
14139
141398
14140
141402
14142
141426
141432
141434
141436
141437
14144
141440
141444
141445
141452
141458
14146
141462
141467
14147
141470
141477
141478
141485
1415
141506
14151
141513
141515
141519
141528
141529
14153
141531
141532
141533
14154
141543
141547
14155
14156
141566
141569
14158
141585
141596
141599
141600
14161
141615
141624
141628
141629
141637
141650
141653
141654
14166
14168
141681
141685
141688
141689
141691
141692
141699
1417
14170
141713
141719
141723
14173
141730
141739
141748
14175
141750
141762
141763
141774
141776
141780
141784
141786
141787
141788
141791
141798
1418
141800
141802
141810
141812
141813
141819
14182
141822
141823
141830
141839
141842
141843
14185
141857
141858
141864
141871
141880
141892
141894
1419
14190
141904
141907
141908
141911
141912
141920
141923
141925
141929
141930
141931
141933
141939
141943
141944
141947
14196
141964
141965
141966
141967
141968
14197
141970
141972
141977
141978
14198
141982
141998
142
1420
14200
142006
142007
142011
142018
14202
142028
142032
142035
142036
14204
142041
142043
142049
142051
142052
142062
142071
142081
14209
142093
142095
142096
142098
1421
14210
142100
142102
142107
142109
142119
14212
142122
142124
142145
142147
142150
142155
14217
142171
142173
142177
14218
142181
14219
142198
1422
14220
142202
142218
142223
142228
142229
14223
142230
142241
142248
14225
142250
142252
142260
142263
142269
14227
142276
142279
142283
142288
142297
142302
142311
142315
142317
142320
142325
14233
142331
14234
142341
142343
142344
142346
14235
142351
142355
14236
142364
142365
142368
142371
142374
142378
14238
142380
142396
142399
142403
142405
142415
142422
142426
142439
14244
142444
142445
142449
14245
142450
14246
14247
142472
142473
142474
142478
14248
142486
142487
14249
142490
142494
142497
142504
142505
142506
142508
14251
142512
142514
14252
142529
142531
142538
142541
14255
142555
142558
14256
142562
142564
142566
142577
142578
142580
142584
142588
142589
142590
142595
142596
142599
1426
142601
142603
142609
14261
142617
14262
142620
142624
142626
14263
142632
142633
142635
142639
14264
142642
142643
142649
142653
142670
142672
142675
142679
14268
142680
142682
142690
142691
142692
1427
142700
142701
142702
142704
14271
142714
142715
142717
142718
14272
142720
142728
14273
142731
142732
142735
142741
142749
142750
142757
142761
142764
142766
14277
142774
142776
142778
142783
142785
142786
14279
142793
1428
142802
142807
142812
142816
142824
142834
142837
142841
142846
142847
142859
142865
142866
142877
142880
142885
142889
14289
142892
142895
14292
142921
142924
142935
142939
14294
142941
142942
142949
142950
142955
142956
142958
142962
142964
142979
142981
142982
142991
142992
142997
142998
142999
143
143002
143007
143008
143009
14301
143014
143021
143022
143026
143027
143047
14305
143052
143057
143059
14306
143060
143062
143067
143068
14307
143072
143077
143081
143082
143087
1431
143104
143105
143111
143117
143124
143125
14313
143134
143139
143146
143147
143149
143155
143157
143162
143163
143166
143167
143168
143169
14317
143170
143175
143178
143181
143182
14320
143205
143207
143210
143213
14322
143222
143225
143227
143231
14325
143257
143259
14326
143262
143266
14327
143277
14328
143289
14329
143292
143303
143304
143308
143310
143311
14333
143335
14334
143340
143346
143347
143350
143355
14336
143361
143365
143366
143372
143376
143377
143378
14338
143385
143386
14339
143394
143396
143399
143402
143403
143404
143409
143413
143419
14342
143424
143425
143429
143431
143435
143436
143437
143438
14344
143444
143449
143451
143455
143456
143458
143460
143467
143469
143475
143476
143480
143482
143483
143485
143495
143496
143497
143500
143503
143506
143509
143510
143519
143520
143528
14354
143543
143546
14355
14356
143560
143568
143569
143573
143575
14358
143581
143582
143583
143585
143586
143587
14359
143590
143593
143595
143597
14360
143600
143602
143605
14361
143610
143611
143615
143618
143622
143625
143628
143629
143631
143643
143649
143655
143657
143659
143661
143662
143664
143667
14367
143670
143677
143679
143682
143684
143685
14369
143690
143691
143695
143697
14370
143709
143710
143711
14372
143720
143736
143744
143746
143747
143748
143750
143761
143766
143768
14377
143773
143775
143776
143777
143780
143783
143784
143795
1438
14380
143800
143802
143804
143807
143810
143814
143817
14382
143823
143824
14383
143830
143843
143845
143854
143855
143867
143869
14387
143878
143903
143904
143905
143907
14391
143914
143921
143924
143925
143930
143933
143935
14394
143941
143947
143951
143952
143953
143965
143985
1440
14400
144007
144009
144012
144014
14402
144023
144025
14403
144031
144037
14404
144042
144044
144050
144051
144054
144056
144064
144065
144070
144079
144080
144082
144084
144085
144094
144098
14410
144103
144106
144108
144113
144114
144120
144126
14413
144133
144134
144137
144138
144141
144144
144151
144154
144158
144160
144161
144168
14417
144175
144176
144178
144179
144180
144187
144191
144192
144198
1442
144201
144203
144204
144207
144208
144216
144217
14422
144233
144235
144236
144237
144241
144243
144245
144246
144254
144258
144263
144266
144277
144286
144288
144299
144302
144305
144306
144308
144326
144334
144335
144337
144338
144339
14434
144343
144345
144346
14435
144352
144361
144365
144367
14437
144376
144378
144382
144383
144386
144388
14439
144395
144398
14440
144402
144406
14441
144413
144419
144420
144421
144429
144430
144433
144434
144435
144436
144445
144449
144450
144456
144457
144468
144471
144473
144474
144475
144480
144484
144487
144489
14449
144494
144495
144497
1445
14450
144502
144505
144506
144514
144518
144519
144520
144522
144525
144529
14453
144530
144535
144544
144547
144548
144556
144559
144560
144565
144566
144567
144570
144573
144578
14458
144585
144587
1446
14460
144600
144606
144609
144610
144612
144614
144625
144628
144636
144639
144641
144642
144643
144644
144650
144651
144653
144666
144667
14467
144671
144672
144677
14468
144683
144690
144693
144694
144697
144702
144707
144710
144711
144725
144732
144733
144734
144735
144736
144742
144747
144749
144759
14476
144760
144761
144768
14477
144783
144789
14479
144798
144799
144809
14481
144811
144819
14482
144826
144833
144837
144838
144842
144844
144845
144850
144854
144857
144859
144860
144862
144865
144867
144868
14487
144871
144873
144875
144876
14488
144883
144889
144890
144892
144896
144897
1449
14490
144902
144907
144916
144918
144920
144923
144924
144928
144933
144936
144938
144939
14494
144941
144942
144943
144946
144947
144951
14496
144967
14497
144970
144973
144975
144979
144980
144987
144991
144992
144994
144996
1450
14500
145000
145009
145011
145016
14502
145023
14503
14504
145041
145042
145043
145047
145052
145059
145061
145063
145065
145068
145069
14507
145077
14508
145080
145081
145085
14509
145091
145094
145095
145102
145103
145104
145118
145124
145127
145137
145144
145145
145146
145147
145149
145150
145152
145155
145160
145164
145171
145174
145176
145178
145188
145191
145197
1452
145201
145202
145203
145207
145216
145218
145221
145222
145240
145243
145249
145253
14526
145262
145267
14527
145270
145271
145275
145277
14528
145280
145281
145282
145284
145286
145295
145296
14530
145300
145303
145305
145307
145309
14532
145321
145322
145323
145326
145327
145330
145341
145342
145345
145346
145348
14535
145353
145359
145360
145366
145368
14537
145371
145372
145375
14538
145384
145399
145400
145405
145406
145411
145418
145422
145424
145444
145448
14545
145451
145452
145453
145458
145459
145460
145462
145463
145466
145468
145469
14547
145470
145474
145482
145484
145487
145488
145489
14549
145493
14550
145500
145502
14551
145513
14552
145522
145526
145529
145533
145535
145538
145540
145543
145548
145550
145557
14556
145570
145572
145581
145582
145586
14559
145594
145597
145603
145606
145608
145610
145611
145619
145623
145626
145628
14563
145630
145633
145634
145636
145638
14564
145641
145645
145646
145651
145656
145662
145666
145668
14567
145671
145672
145674
145677
145678
145680
145682
145688
145696
145699
14570
145709
14571
145712
145714
145718
145720
145721
145723
145725
145729
145731
145733
145734
145738
14574
145742
145743
145746
14575
145754
145759
145766
14577
145777
14578
145780
145794
145797
145798
145808
145812
145814
14582
145822
145823
145825
145835
145842
145849
145853
145855
14586
145860
145866
145867
145878
145879
145881
145882
14589
145890
1459
14590
145901
145906
145909
145912
145914
145917
145918
145919
145922
145923
14593
145937
145941
145942
145945
145946
145948
145949
14595
145951
145953
145957
145959
14596
145960
145962
145965
145980
145981
145986
145989
14599
145990
146
1460
146002
146006
146008
146011
146012
146017
146025
146031
146033
146034
146035
146036
14604
146041
146043
146047
146053
146057
146065
146068
146071
146078
146079
146080
146081
146084
146086
146090
146091
146101
146104
146108
14611
14612
146121
146122
146126
146129
146131
146135
146141
146150
146151
146152
146153
146159
146160
146162
146164
146165
146167
146170
146171
146172
146174
146176
14618
146181
146183
146186
14619
146191
146195
146196
146198
146201
146206
146210
146213
146218
146228
146233
146236
146237
146238
146243
146262
146263
146268
146271
146281
146286
14629
146292
1463
146305
146308
14631
146316
14632
146320
146322
146328
14633
146337
14634
146351
146355
146361
146367
146370
146372
146378
146382
146384
146386
14639
146393
146396
14640
146405
146408
146409
14641
146410
146411
146412
146414
146416
146419
14642
146426
146428
146435
146437
146446
146456
146469
14647
146475
146478
14648
146486
146489
146490
146496
146497
14650
146503
146509
14651
146514
146517
146518
146519
14652
146522
14653
146535
146546
14655
146552
146553
146558
146559
146561
146562
146565
146566
146568
14657
146576
146579
146581
146584
146586
14659
146593
146598
146600
146601
146603
146611
146614
14662
146623
146624
146626
146628
14663
146633
146634
146637
146639
146642
146644
14665
146650
146653
146654
146658
146659
146660
146662
146668
146669
14667
146676
146678
146685
146688
14669
146694
146698
146699
14670
146700
146702
146710
146711
146713
146715
146719
146725
146727
146729
146736
14674
146740
146742
14675
146750
146752
146755
146761
146762
146764
146775
146776
146779
146781
146786
146787
146788
14679
146793
146794
146799
146800
146803
146805
14681
146811
146812
146818
146827
146828
146829
146831
146838
146839
146841
146843
146845
14685
146850
146857
146862
146865
146870
14688
146884
146885
146888
146890
146891
146909
146910
146916
146919
146933
146934
146939
146940
146942
146944
146946
146950
146951
146954
146955
146956
146957
14696
146960
146973
146976
146979
14698
146981
146983
146984
146985
146987
146988
146991
146997
147002
147004
147005
147008
14701
147014
14702
147024
147026
14703
147030
147032
147037
147041
147043
147045
147049
147051
147054
14706
147064
147067
147072
147078
14708
147083
147084
147085
147086
147099
147100
147103
147105
14711
147110
147114
147115
147125
147127
147134
147135
147142
147147
147149
14715
147152
147153
147158
14716
147172
147173
147184
147187
14719
147199
1472
14720
147201
147210
147212
147214
147218
14722
147223
147224
14724
147240
147245
147247
14725
147250
147255
147259
147264
147265
14727
147274
147276
147277
147283
14729
147296
147298
1473
147302
147305
147307
14731
147310
147313
147318
14732
147320
147327
14733
147331
147334
147336
147338
147339
147353
147355
147356
147367
147372
147374
147377
147382
147384
147392
147394
147397
147399
14740
147400
147404
147405
147408
147409
14741
147411
147428
14743
147430
147432
147435
147436
147438
147440
147445
14745
147462
147473
147474
147478
14748
147480
147481
147484
147485
147495
1475
14750
147501
147502
147506
147507
147519
14752
147526
147532
147535
147536
14754
147543
147544
147545
147546
14755
147558
14756
147560
147562
147565
14757
147570
147574
147575
147577
147579
14758
147580
147594
147597
147599
1476
147604
147606
147608
147610
147611
147612
147614
147620
147622
147623
147624
147627
147629
14763
14764
147644
147645
147649
14765
147655
147656
147658
147668
147671
147675
147679
147683
147685
147686
147689
147694
1477
147700
147701
147702
147712
147715
147719
147721
147729
147735
147736
147738
14774
147740
14775
147752
147761
147762
147765
147775
147778
147780
147781
147785
147786
147790
147791
147797
147800
147802
147807
147809
14781
147812
147815
147816
147828
147830
147834
147840
147843
147844
147846
147848
14785
147854
147856
147857
147858
147861
147865
14787
147876
147882
147893
147897
14790
147901
147905
147909
147910
147911
147918
14792
147931
147934
147937
14794
147942
147943
147945
147948
147951
147955
147960
147967
147968
147981
147983
147987
147989
14799
147995
147997
148
1480
14800
148008
148011
148014
148018
148024
14803
148038
148045
14805
148053
148057
148064
148065
148066
148078
148079
14808
148082
148091
148096
148099
148100
148101
148104
148105
148107
148112
148115
148118
14812
148122
148126
148137
148145
148149
148150
148152
148155
148157
148158
148159
14816
148161
148165
148167
148173
148175
148186
148187
148188
14819
148194
148195
1482
148201
148204
148208
148211
14822
148221
148226
148227
148231
14824
148242
148243
148248
148259
148266
14827
148275
148286
14829
148291
148296
148299
14830
148302
148304
148307
148308
148309
148328
148331
148339
14834
148340
148357
148360
148364
148372
148375
148378
14838
148381
148388
148389
148393
148402
148404
148414
148416
148418
14842
148421
148423
148428
148429
148436
148437
148440
148441
148443
148444
148446
148447
148448
148451
148455
148456
148458
148459
148466
14847
148470
148474
148476
148480
148481
148486
148488
14849
148492
148493
1485
148501
148504
148513
148515
148517
148527
148528
148532
148537
14854
148548
148555
148556
148559
148561
148564
148568
14857
148570
148577
14859
148597
148598
1486
14860
148605
14861
148614
148615
14862
148620
148623
148624
148626
148627
148631
148637
148639
148646
148647
148659
148660
148662
14867
148674
148688
148693
148695
148699
1487
14870
148720
148721
148722
148725
148729
148736
148746
148755
148756
148763
148765
148769
148776
148779
148780
148781
14879
148792
148800
148801
148806
148809
148815
148817
148821
148824
148826
148837
148840
148843
148844
148846
148852
148854
148857
148858
14886
148861
148864
148866
14887
148871
148873
148876
148882
14889
148890
148891
148894
148913
148915
148919
14892
148924
148925
148939
14894
148942
148945
148948
14895
148953
148959
148963
148966
148968
148969
148976
148984
148985
148988
148989
148990
148991
148999
149
1490
14900
149000
149002
149006
149007
149009
149010
149011
149013
149017
149021
14903
149030
149031
149036
149037
14905
149057
149058
14906
14907
149071
149079
149087
149093
149094
149097
14910
149106
149109
14911
149110
149118
14912
149120
149127
149128
149129
14913
149137
149138
149139
14914
149147
149149
14915
149153
149156
149158
14916
149160
149161
149163
149172
149175
149185
149188
149191
149196
149197
149198
1492
149200
149202
149205
149213
149219
149227
149229
14923
149231
149234
149237
149239
149246
149249
14925
149253
149255
149257
149263
14927
149271
149272
149274
149284
149285
149286
149287
14929
149293
149296
149300
149304
149305
149306
149308
14931
149313
149316
149317
149318
149319
149323
149324
149325
149326
149327
149334
149335
149339
149341
149345
149346
149348
14935
149359
149360
149364
149367
149368
149369
14937
149374
149377
149378
149380
149381
149382
149383
149386
149388
149389
14939
149390
149400
149402
149405
149411
149413
149414
149415
149416
149425
149427
149428
149429
149431
149433
149436
149438
149441
149442
149452
149458
14946
149461
149470
149471
149474
149481
149484
149485
149489
149492
149494
149500
149505
149506
149510
149517
149518
14952
149520
149523
149527
14953
149531
149534
14954
149541
149542
149544
149545
149548
14955
149552
149557
14956
149560
149561
149562
149566
149567
149572
149573
149574
149576
149580
149581
149582
149585
14959
149590
149593
149599
1496
14960
149607
14961
149612
149617
149621
149623
149625
149626
149633
149636
149637
149639
149642
149643
149644
149646
14965
149660
149664
149667
149671
14968
149682
149683
14969
149698
1497
14971
149714
149718
149719
149728
149729
14973
149730
149732
149735
149736
14974
149742
149750
149756
149757
149762
149763
149768
149770
149773
149777
149780
149781
149783
149785
149786
149790
149793
149796
149800
149801
149802
149805
149817
149818
149820
149823
149827
149828
149829
149830
149834
149836
149837
149839
14984
149840
149842
149850
149853
149855
14986
149860
149869
149875
149876
149877
149879
149881
149884
149890
149891
149899
1499
149900
149904
149905
149906
149908
149912
149914
149915
149916
14992
149921
149922
149926
149929
14993
149932
149934
149935
149942
149945
149950
149952
149953
149962
149963
149972
149975
149976
149977
149980
149982
149983
149984
14999
149990
149991
149992
149995
149998
15
150
150003
150004
150005
150006
150007
150008
150009
150013
150016
150018
150019
150020
150032
150033
150034
150039
150040
150042
150047
150051
150059
150060
150065
15007
150071
150072
150073
150079
15008
150085
150086
150088
150089
150091
1501
150105
15011
150117
150118
150119
150120
150121
150138
150139
15014
150140
150144
15015
150150
150152
150153
150156
15016
150161
150170
150172
15018
150180
15019
1502
150200
150203
150207
150212
150217
150222
15023
150232
150234
150236
150238
150243
15025
150255
150256
150270
150281
150284
150285
150293
150295
150304
150308
15031
150310
150311
150313
150323
150324
150334
150335
150339
15034
150341
150342
150344
15035
150352
150353
150354
15036
150360
150361
150364
150368
15037
150371
15038
150386
150387
150388
150391
150399
150404
150407
150418
15042
150425
150428
150429
15043
150434
150436
150437
150440
150443
150448
15045
150452
150465
15047
150479
150483
150487
150493
150495
1505
150505
15051
150510
150512
150514
15052
150525
150526
150530
150532
150536
150543
150545
150551
150552
150554
150558
150567
150568
15057
150572
150578
150580
15059
150590
150592
150601
150606
150607
150608
150613
150614
150618
150620
150622
150623
150624
150628
150629
15063
150630
150632
150633
15064
150640
150646
150648
15065
150653
150660
150666
150673
150678
150680
150681
150682
150685
15069
150692
150695
150699
1507
15070
150701
150714
150715
15072
150722
150726
150730
150736
150739
15074
15076
150760
150763
150766
150768
150769
15077
150780
150784
150789
150790
150792
150793
150799
150805
150806
150821
150828
150833
150834
150835
15084
150840
150842
150848
150849
150850
150852
150857
150858
150860
150862
150866
150869
150870
150879
150883
150892
1509
150901
150912
150914
150917
150920
150928
150938
150939
15094
150945
150949
15095
150951
150954
150956
150957
150959
150968
150971
150976
150977
15098
150981
150984
150991
150993
1510
151015
15102
151022
151026
151033
151039
151040
151041
151043
151046
151048
15105
151054
151058
15106
151060
151066
151067
151076
151079
151084
151086
151089
15109
151091
151093
151095
151099
1511
15110
151100
151104
151114
151116
151118
151121
151123
151125
151131
151132
151141
151143
151145
151147
15115
151154
151155
151160
151167
15117
151172
151190
151191
151193
151194
151199
1512
15121
151210
151214
151220
15123
151230
151237
151238
151242
151250
151252
151254
151256
151266
151274
15128
151283
151286
151290
151293
151294
1513
151300
151302
151303
151305
151316
151319
15132
151325
151327
151329
151330
151331
151334
151336
151338
15134
151341
151343
151346
151356
151360
151361
151362
151383
151388
15139
151397
1514
151405
151407
15141
151412
151418
151423
151424
151425
151426
151428
151433
151436
15144
151442
151447
151457
151468
15147
151470
151475
151477
151478
151481
151482
151485
151489
15150
151500
151501
151504
15151
151512
151523
151525
151526
15153
151531
151539
151548
151554
151555
151556
151557
151559
151560
151566
151570
151574
151575
151577
15158
151583
151584
151590
151592
1516
15160
151603
151604
15161
151612
151613
151614
151616
151619
15162
151622
151627
151631
151633
151634
15164
151646
151647
151651
151659
15166
151663
151664
151666
151669
15167
151678
151682
151684
151692
151694
151696
151697
1517
15170
151700
15171
151710
151721
151731
151734
151735
151739
15174
151741
151742
151748
15175
151754
151761
15177
151770
151771
151774
151777
151782
151784
151790
151791
151792
151794
151795
1518
151801
151804
151806
151808
15181
151810
151812
151818
151819
151829
15183
151835
15184
151841
151851
151853
151854
151857
151858
151867
151868
15187
151890
151891
151893
151894
151895
151897
151898
1519
15190
151905
151906
151921
151925
151927
151930
151931
151933
151935
151942
151944
151947
15195
151951
151952
151954
151960
151964
151969
151970
151981
151985
151986
151998
152
1520
152001
152008
15201
152014
152015
152018
152019
15202
152020
152023
152028
152030
152034
152038
15204
152041
152044
152047
152048
152056
15206
15207
152070
152072
152076
152079
15208
152082
152086
152087
152089
15209
152091
152092
152096
152099
152102
152106
152107
152108
152109
152115
152126
152128
15213
152135
152138
15214
152142
152147
152148
152156
152158
15216
152160
152164
15217
152174
152182
152191
152195
152197
152198
152202
15221
152216
152225
152234
152237
152242
152247
15225
152253
152254
152257
15226
152262
152265
152274
152275
152276
152279
15228
152289
15229
152290
152294
152295
152300
152301
152306
152307
152309
15231
152314
152319
152320
152321
152322
15234
15235
152350
152353
152357
15236
152362
152367
152368
152372
152375
152376
15238
152384
152388
15239
152395
152414
152421
15243
152433
152437
15244
152447
15245
152454
152459
15246
152460
152461
152467
15247
152480
152496
15250
152501
152508
15251
152514
15252
152520
152522
152524
152529
152540
152541
152542
152549
15256
152560
152561
152567
152571
152573
15258
152580
152583
152603
152605
152609
152615
152616
152617
152619
152636
152640
15265
152662
152666
152668
152671
152681
152682
152684
152685
152687
152689
152691
152692
15270
152706
152731
15274
152743
152750
15277
152775
15278
152781
152782
15279
152795
1528
152800
152801
152802
152808
15281
152812
152814
152816
15282
15283
152838
152857
15286
152860
152867
152868
152876
152879
152881
152882
152884
152890
152891
152896
152897
152898
1529
152901
152904
152905
152909
15291
152910
152911
152918
152924
15293
152930
152933
152934
15294
152944
152945
15295
152951
152954
152956
152957
15296
152962
15298
152988
152990
152992
152998
153
15301
153016
153019
15303
153030
15304
153048
153049
153051
153054
153066
153069
15308
153081
153089
15309
153094
153096
153102
153104
153106
153108
15311
153112
153119
153129
15313
153130
153134
153152
153156
15316
153165
153168
153170
153174
153179
153183
153189
153197
153199
1532
15320
153201
153202
15321
153220
153225
153226
153227
153231
15324
153241
153244
153245
15325
15326
153261
153266
153268
153271
153273
153277
15328
153285
153286
153287
153291
153300
153305
153306
153309
153319
153320
153328
15333
153333
153346
153347
153355
153357
153358
153360
153363
153365
153368
153369
153370
153372
153374
153378
153383
153393
153399
15340
153401
153409
153418
15342
153424
153425
153430
153431
15344
153443
153445
153449
15345
153454
153455
15346
153460
153465
153466
15347
153474
153479
153481
153482
153489
153497
1535
153503
15351
153513
153514
15352
153520
153522
153525
153527
153533
153535
153537
153543
153545
153549
15355
153553
153557
15356
153576
153578
153579
153587
15359
153591
153596
1536
153606
153607
153609
153619
153621
153626
153628
153629
153645
15365
153658
153659
153660
153669
153677
153688
153689
153690
15370
153702
153704
153715
153726
153730
153731
153738
153739
153743
153744
153747
15375
153758
15376
15377
153771
153774
153780
153784
153795
153797
153798
153803
153808
153816
153823
153825
15384
153848
15385
153854
153856
153860
153873
15388
153885
153891
153898
1539
15390
153900
153908
15391
153915
153917
153918
153922
153926
153928
153929
15393
153940
153953
15396
153964
15397
153972
153974
153975
15398
153980
153983
153985
153989
15399
153992
154
15400
154001
154003
154006
154007
154011
154015
154022
15403
154040
154056
154057
15406
154066
154067
15407
154071
154072
154073
154080
154081
154083
154085
154086
154091
154092
154097
1541
15410
154106
154109
15411
154110
154118
154119
154120
154124
154125
154129
15413
154132
154135
154139
154144
154147
154148
154149
154150
154155
15416
154160
154165
15417
154174
154176
154185
154188
154198
1542
154202
154204
154213
15422
154221
154233
154236
154238
154239
154240
154250
154258
15427
154273
154276
15428
154283
154289
154299
15430
154302
154314
15432
154328
15433
154336
154338
154360
154374
154377
154387
15440
154401
154403
154404
154405
154407
154408
154409
154411
154415
154416
154418
154421
154422
154428
154429
15443
154430
15444
154445
154447
154449
154453
154465
154469
154475
154480
154483
154484
154487
154491
154495
154499
1545
154500
154501
154503
15451
154510
154511
154520
154521
154525
154528
154531
154535
154543
154544
154548
154554
154555
154577
15458
154580
154585
154591
154592
154605
154610
154611
154612
154614
154615
154619
154622
15463
154632
154635
154637
154638
15464
154645
15466
154669
154674
154677
154679
15468
154685
154686
15469
154691
154696
154697
1547
15470
154706
154707
154710
154711
154717
154727
15473
154735
154737
154763
154765
154770
154771
154781
154782
154786
154788
154793
154795
154798
154799
1548
154801
154802
15481
154815
154816
154817
154819
15482
154821
154832
154843
154844
154846
154850
154863
154870
154875
154886
154889
15489
154892
154896
154900
154904
154913
154915
154917
154924
154925
154929
154932
154933
15494
154945
154947
15495
154950
154952
154957
15496
154966
154978
15498
154980
154981
154988
15499
154996
154998
155
1550
155002
155009
15501
155011
155016
155025
155026
155032
155035
155037
155045
155047
155048
15505
155053
155057
15506
155064
15507
155072
155074
155077
155078
155086
155089
15509
155093
155096
155098
1551
155100
155102
155109
15511
155113
15512
155122
15513
155134
155135
155143
155150
155153
155156
155159
155166
155180
155185
155186
15519
155208
155209
155214
155218
155222
155225
155226
15523
155233
155234
155239
155243
15525
155262
155264
155265
155266
15527
155276
155277
155280
155282
155287
155296
155301
155302
155305
15531
155318
155323
155327
155334
155337
15534
155342
155348
15536
155363
155375
155379
15538
155387
155392
155395
155396
155398
155400
155402
155403
155410
15542
15543
155430
155436
155441
155442
155447
155449
15545
155451
155452
155455
155459
155461
155470
155473
155478
155486
155487
15549
155497
155498
155499
15550
155507
155508
155509
155513
155515
155519
155520
155521
155522
155532
15554
155544
155545
155548
15555
155552
155553
15556
155560
155564
155569
155574
155577
155578
155579
15558
155580
155588
155589
15559
155591
155596
155598
1556
15560
155601
155606
155608
15561
155613
155618
15562
155631
15564
15565
155650
155654
155655
155667
155669
155673
155676
15568
155684
155690
155697
155699
1557
155710
155713
155716
155717
155722
155726
15573
155734
15574
155750
155761
155763
155764
155765
155771
155775
15578
155784
155788
155789
155792
155795
1558
15580
155804
155815
155818
155822
155824
155825
15583
155831
155844
155863
155869
15588
155881
155888
15589
155899
155903
155910
155913
155914
155921
155927
155932
155937
155940
15595
155952
155956
155971
155974
155977
155978
155982
155984
15599
155990
155999
156
1560
15600
156005
156011
156015
156025
15603
156031
156032
156038
156043
156044
156047
15605
156055
156066
156078
156086
156088
156091
156096
1561
156101
15611
156112
156114
156118
156119
15612
156128
156129
156132
156133
15614
156142
156143
156147
156172
156174
156177
156183
15619
1562
156212
156213
156217
156219
156229
156237
156238
156241
156258
156262
156265
15627
156273
156278
156295
156302
156303
156304
156305
156318
15632
156320
156327
15633
156334
156336
15634
156341
156352
156353
156357
156359
156366
156367
15637
156375
156377
156386
156387
15639
156390
156391
156393
1564
15640
156410
156418
15642
156424
156425
15643
156431
156432
156434
156436
156442
156448
15645
156451
156454
156456
156462
15647
156471
156474
156482
156486
156494
1565
156512
15652
156544
156545
156551
156557
156559
15656
156562
156567
156570
156576
156586
156588
156595
156598
1566
156600
156606
156607
15663
15664
156645
15665
156664
156667
156669
156672
156678
15668
156682
156684
156689
15669
156693
1567
15670
156705
156707
156712
156714
15672
156725
156733
156738
156745
156753
156756
156757
156758
156768
156779
156782
15679
156793
1568
156801
156802
156807
15682
156820
156826
15683
156830
156837
156843
156844
15685
156851
156854
15686
156861
156875
156877
156879
15688
156880
156882
156888
156889
156892
156893
156912
156914
156918
15692
156920
156931
156932
156935
156942
156948
156949
156953
156954
156955
156957
156965
15697
156970
156985
15699
156991
156993
156994
156996
157
157010
157011
157012
15702
157026
15703
157030
157035
157037
157038
157039
157040
157043
157044
157045
157048
15705
157056
157058
15706
157066
157073
15708
157081
157082
157086
1571
15710
157102
157104
157105
157109
15711
157114
157115
157128
15713
157144
157147
157150
157154
15716
157162
157169
157174
157182
157187
157206
15721
157221
157227
15723
157238
15725
157252
157254
157255
157257
15726
157266
15727
157272
157274
157278
157287
157290
157293
157294
157300
157304
157318
15732
157324
157328
15733
157335
157343
157344
157345
157347
157350
157353
157354
157356
157357
15736
157363
157373
157375
157381
157383
157386
157389
157391
157396
1574
157404
157407
157411
157417
157419
157420
157423
157424
157428
15743
157435
15744
157440
157442
157443
157449
157450
157452
157459
15747
157475
157486
157487
157489
157490
157492
157494
15750
15751
157510
157511
157513
157514
157516
157523
157527
15753
15754
157541
157545
15755
157558
157559
15756
157565
15757
157574
157578
157583
157584
157585
157587
15759
157591
157593
15760
157602
157603
157613
157629
15763
157639
157646
15766
15767
157671
157675
15768
157683
157685
15769
157700
157701
157716
157717
15772
157724
157726
157727
15773
157730
15774
157744
157745
15775
157752
157759
157762
157763
157766
15777
157776
157779
15778
157783
157785
15779
157793
157797
1578
157800
157801
157810
157822
157824
157825
15784
157840
157843
157845
15787
157871
15788
157886
15790
157919
15792
15793
157939
157942
157952
157954
157961
157963
157973
157994
158
158000
158003
15801
158010
158022
158024
15803
158030
158033
158039
15804
158040
158043
158044
158052
158062
15807
158076
158079
158083
158085
15809
158098
15810
158100
158109
15811
15812
158122
158124
158125
15813
158133
15814
158141
158142
158143
15815
158154
158158
158159
15816
15817
158172
158178
158186
158192
158193
158195
1582
158200
158201
158202
158207
158209
158217
158222
158226
158230
158233
158235
158237
158247
158248
158250
158252
158258
15826
158263
158265
158267
158268
158270
158276
158279
158282
158286
15829
158290
158304
15831
15832
158322
158328
158338
158339
15834
158358
158369
158375
15838
158384
158388
158399
1584
15840
158405
158411
158415
158418
158423
158424
158432
158437
158440
158449
15845
158452
158458
15846
158470
158471
158476
158480
158487
158499
158503
158508
158514
158516
158531
158533
158539
158541
15855
158555
15856
158564
158565
158573
158574
158575
158580
158593
158594
158600
158603
158614
158624
15864
158641
158643
15865
15866
158661
158666
158676
15868
158683
158684
158698
158699
158707
158714
15872
158722
158728
15873
158730
158737
158739
15874
158740
158755
158758
158760
158762
158772
158773
158777
158779
15878
158781
158792
158798
1588
158825
158830
158835
15884
158841
158844
158846
15885
158850
158852
158853
158861
158867
158869
158881
158886
158888
15889
15891
158916
158918
15892
158923
158933
158937
158950
158958
158961
158967
158968
158969
15897
158972
158978
158985
158988
15899
158990
158997
159
159001
159008
159013
159014
159017
159021
159039
15904
159043
159044
159048
15905
15906
159068
159070
159073
159081
159084
15909
159091
159099
1591
15910
159109
159112
159113
159115
159119
159120
159123
159125
159131
159135
159141
159152
159164
159174
159177
159183
159188
159189
159193
159196
159199
1592
15920
159200
159203
159212
159218
159226
159232
159237
159249
159259
15926
159266
159269
15927
159270
159275
15928
159281
15930
159303
159307
159315
15933
159332
159342
15935
159352
15937
159388
15939
159392
159393
159394
159396
1594
159407
159413
159415
15942
159427
159429
159431
15944
159444
159451
159453
159457
159460
159466
159468
159470
15949
159493
1595
15950
159509
15951
159523
159530
159535
159536
159537
159538
159539
159547
15955
159550
159569
159576
15958
159589
15959
15960
159618
15962
159621
159623
159630
159637
15964
159642
159643
159646
15965
159659
15966
159666
15967
159676
15968
15969
159697
1597
15971
159713
159715
159716
159730
159739
159742
159756
15976
159769
15977
159775
1598
159800
159805
159809
159825
159828
159834
15984
159849
15985
159854
159859
159867
15987
159883
15989
15992
159925
15993
159935
159938
15994
15996
159961
159964
15997
159971
159980
159981
159988
15999
159995
16
160
1600
16000
160000
16001
160011
160013
160015
160022
160042
16005
160052
160054
160058
160060
160066
160067
160071
160072
160078
160086
160090
160100
160103
160107
16011
160123
160127
16013
160134
160135
160140
160145
160154
160155
160159
16016
160162
160165
16017
160170
160172
160174
160175
160178
160184
16019
160205
160208
16022
160220
160221
160224
160235
16024
160244
160246
160252
160255
160256
160263
160265
160266
16027
160275
160288
16030
160313
160325
160327
160330
160331
160332
160350
160352
160358
160362
160365
160369
160396
16040
160405
160406
16041
160415
16042
160424
160426
160428
16043
160432
160433
16044
16046
160481
160483
160485
160489
160496
160498
16050
160501
160515
160518
16052
160529
160532
160541
160546
160556
16056
160561
160563
160567
160574
160581
160591
16060
160603
16061
160613
160621
160622
160632
160636
160639
160640
160648
16065
160658
160665
160670
160672
160690
160697
16070
16071
160719
16072
16073
160731
16074
160740
160741
160746
16075
160756
160776
160792
160797
1608
16080
16081
160810
160814
16082
16083
160831
160834
160835
16084
160852
160858
16086
160861
160864
160870
160877
16088
160886
160887
160892
16090
160900
160909
160916
16092
160921
160923
160928
160929
16093
160938
160948
160958
16096
160963
160965
16097
160972
160977
160981
160983
160987
160990
160994
1610
16100
161000
161014
161022
161023
161026
161027
161040
161045
161050
161055
16106
161063
161065
161071
161074
161079
161083
161091
161099
161107
161126
16113
161132
161133
161143
161147
16115
161152
161158
161159
161160
161164
161170
161171
16118
161182
161185
161187
161188
161189
161193
161194
161195
161198
16120
161203
16121
161210
161220
161221
161222
161229
161234
161237
161238
161243
161244
161254
161256
161262
161263
161266
16127
161270
161274
161281
161284
16129
1613
161307
161316
161317
161321
161328
161330
161337
161349
16135
161351
161352
161356
161358
161363
161373
161378
161379
16139
161394
161398
161399
1614
16140
161407
161417
16142
161422
161424
161429
161446
161454
161456
161458
161462
161467
161470
161481
16149
161493
161500
161502
161508
161514
161518
161519
161520
161521
161529
161536
161541
161544
161566
161567
16157
161572
161574
161577
161579
16158
161593
16160
161602
161606
16161
16162
161620
161630
161635
161646
161648
161654
161657
16166
161675
161677
161678
161682
16169
161694
161713
161718
161723
161725
161734
161736
161737
161743
161749
161754
161755
161758
161759
161766
161769
16177
161780
161792
161796
16180
161801
161802
161812
161817
161820
161821
161827
161829
161834
161843
16185
161859
16186
161866
161867
16187
161870
16188
161883
161891
161894
16190
161905
161907
161908
161913
161916
161927
161930
161933
161944
161950
161957
161958
161968
16197
161973
161975
161976
161981
161983
161988
16199
162
1620
162000
16202
162027
162028
162036
162037
162038
16204
162048
162058
162059
16206
162064
162066
162067
162069
162077
16208
162080
162082
16209
162092
162094
1621
162104
16211
162117
16212
162126
162128
162134
16214
162151
16217
162172
162174
16218
162185
162187
162190
162203
162207
162215
162216
162217
162239
162241
162254
162258
162268
162269
162272
162274
16228
162283
162285
16229
16230
162310
162319
162321
162324
162335
162337
162344
16237
162372
162379
16238
162391
162412
162415
162427
162440
162444
162446
16245
162454
162458
162459
162463
16247
162482
16249
162496
162498
1625
162501
162502
162506
162508
16251
162518
162534
162536
162540
162543
162561
162567
162568
162573
162575
162578
162579
16258
162590
1626
162615
162621
162627
162634
162637
16264
16265
162657
162660
162667
162673
162679
16268
162686
162688
162694
1627
16270
162707
162713
162716
16272
162726
162727
16273
162735
162738
162739
162748
162762
16277
162772
162775
162776
16278
162782
162787
162788
162793
162796
1628
162801
162810
162811
162819
16282
162824
16283
162832
162843
162844
16286
162862
162872
162873
162876
16288
162883
16289
162895
1629
162902
162909
16291
16292
162922
162932
162943
162949
162954
162958
16296
162964
162965
162966
162968
16297
162978
162980
162990
162991
162993
163
163000
163002
163009
16302
163024
163037
163039
16304
163045
16305
163052
16306
163071
163074
163076
163078
163079
16308
163084
163088
163090
163094
163095
163098
163102
16311
163110
16312
163120
16313
163130
163132
163133
163134
163141
163156
163169
163172
163176
16318
163181
163185
163188
163189
16319
163194
163197
163203
163206
16321
163210
163216
163218
16322
163227
16324
163243
163245
16325
163250
163251
163252
163269
16327
163275
163280
163285
16329
163290
1633
16330
163301
163304
163309
16331
16332
163326
163328
16333
163331
163332
163334
163344
16335
163360
163361
163365
163366
163369
16337
163375
163377
163384
163386
16339
163396
163398
163399
1634
163400
163402
16341
163414
163415
16342
163420
163426
163429
163430
16344
163440
163451
163457
163458
16346
163460
163466
16347
163471
163473
163479
16348
163488
16349
163491
163493
163495
1635
16350
163507
163518
163523
16353
163530
163535
163539
16354
163551
163558
163559
16356
163562
163563
163571
163574
163575
163577
163578
163585
163588
163590
163592
16360
163601
163606
163616
163621
163622
163624
163635
163641
163647
163648
16365
163651
163652
163656
163659
16366
163665
16367
163672
163680
163683
163684
16369
163693
163698
16370
163700
163704
163705
163707
163708
16371
163710
163728
163730
163735
163736
163738
163746
163752
163754
163766
163768
16377
163771
163774
163780
163785
163786
16379
16380
16381
163813
163815
163817
163819
16382
163821
163827
163829
16383
163837
163840
163845
163846
163854
163857
163858
16386
163868
163874
163879
163881
163882
16389
163893
163898
1639
16390
163907
16391
163910
163912
163916
16392
163922
163925
163926
16393
163932
16394
163950
163955
163956
16397
163975
163976
16398
163983
163986
163987
163989
163994
164
16400
164014
164027
164030
164036
164049
16405
16406
164065
16407
164073
164075
164078
16408
164087
16411
164110
164113
164114
164117
164119
16412
164124
16413
164132
164136
16414
164140
164143
164148
16415
164150
164155
16416
164160
164161
164167
164170
164173
164176
164178
164185
164186
164188
164193
164197
164200
164216
164217
164219
164227
16423
164237
164242
164243
164272
16428
164283
164286
164288
164295
164297
164302
16431
164312
164314
164325
164334
164341
164347
164349
164355
164358
164362
164364
164367
164368
16437
164376
164379
16438
164385
164387
164388
164389
16439
164390
164391
164392
164398
164399
1644
164403
164404
164408
164409
16441
164420
164421
164422
164423
164425
164426
16443
164439
164440
164444
16445
164453
16446
164467
164468
16447
16448
164483
164494
164496
164497
1645
16450
164500
16451
164516
16452
164527
16453
164533
164537
16454
164545
164547
164553
16456
164567
164571
164579
164582
164584
164585
164588
16459
164593
164595
164598
164599
1646
164609
16461
164615
164630
164642
164648
164649
164652
164653
164666
16467
164671
164676
16468
164682
164699
16470
164712
164725
164728
16473
164734
164740
164749
16475
164754
164756
164766
164768
164779
16478
164782
164797
1648
164803
16481
164818
164824
164829
16484
164841
164844
164849
16485
164863
164865
16487
164873
16488
164888
16489
164891
164901
164910
164919
164921
164927
164929
16493
164934
164949
164952
16496
16497
164980
164995
164998
164999
16500
165005
16501
165025
165029
16503
165032
165054
165056
16506
165062
165067
165069
16507
165086
16509
165093
165097
165098
16510
16513
165145
165147
165151
16516
165176
165179
16518
165184
165193
16521
165218
16522
165221
165224
165232
165236
165244
165248
16525
165258
165259
165265
16527
165270
165272
165273
165274
165276
165284
165286
16529
165290
165292
165296
1653
165311
165317
165318
165322
165324
16533
165332
16534
165340
165349
165359
165360
165362
165363
165364
16537
165382
165386
165390
165420
165440
165447
165448
16545
16546
165465
16548
165496
1655
165501
165505
16551
165510
165516
165518
165523
165532
165534
165535
16554
165549
16555
165550
16556
165562
165566
165568
16557
165582
165586
165594
165596
1656
16560
165611
16563
16564
16565
165653
165664
16567
165674
165676
165691
165697
165698
1657
16570
165708
16572
16574
16575
16577
16579
16580
16581
16586
16588
16594
16597
166
16601
16602
16604
16607
16608
16610
16611
16615
16619
16623
16625
16628
16630
16633
16637
16638
1664
16640
16641
16646
16647
1665
16650
16655
16656
16657
16658
1666
16661
16662
16663
16664
16672
16674
16676
16677
16678
16680
16683
16688
16690
16697
16699
1670
16703
16704
16707
1671
16711
16715
16716
1672
16726
16727
16729
1673
16732
16739
1674
16740
16744
16745
16749
1675
16750
16755
1676
16761
16764
16765
16766
16770
16771
16774
16780
16782
16785
1679
16791
16792
16793
16794
16798
16799
168
16800
16801
16806
16807
16808
16809
16810
16811
16812
16816
1682
16820
16822
16824
16829
16830
16833
16837
16838
16839
16841
16842
16845
16846
1685
16852
16853
16856
16860
16861
16865
16867
16872
16874
16876
1688
16881
16882
16885
16888
16889
1689
16896
16897
16898
169
16905
16906
16908
16909
1691
16916
16919
1692
1693
16932
16939
16940
16943
16948
16949
16956
16959
16960
16964
16965
16966
16967
16968
16969
16973
16975
1698
16981
16984
16991
16993
16994
1700
17009
1701
17011
17014
17015
17019
1702
17020
17023
17024
1703
17030
17034
17035
1704
17040
17042
17045
17046
17047
17048
17049
17050
17051
17053
17054
1706
17062
17064
1707
17072
17073
17076
1708
17082
17083
17087
1709
17090
17092
17095
17096
17097
171
17100
17104
17107
17110
17111
17112
17113
17115
17117
17119
1712
17120
17124
17125
1713
17130
17131
17134
1714
17147
17153
17155
17161
17162
17164
17166
17167
17171
17175
17178
17179
17182
17183
17188
17195
17197
17199
172
17200
17202
17203
17204
17208
17218
1722
17224
17230
17231
17233
17237
17239
1724
17241
17246
17249
17250
17252
17253
17254
17259
1726
17261
17263
17265
17270
17272
17274
17275
17279
1728
17281
17286
17288
17292
17293
17295
173
17300
17302
17306
17307
17309
1731
17312
17315
17318
1732
17321
17322
17324
17325
1733
17331
17334
17335
17337
17339
17345
17347
17355
17356
17360
17362
17365
17368
1737
17373
17376
17378
1738
17381
17387
1739
17392
17393
17396
17397
17401
17402
17404
17407
17410
17412
17413
17421
17425
17426
17428
17429
17430
17434
17438
1744
17442
17450
17457
17458
17462
17463
17467
17468
17469
1747
17470
17471
17472
17475
17477
17480
17481
17482
17483
17484
17486
17488
1749
17494
17495
17498
17499
1750
17500
17503
17504
17507
1751
17511
17513
17515
17516
17517
17518
17519
1752
17520
17521
17522
17525
17527
17536
1754
17541
17547
17549
17553
17559
17569
1757
17572
17575
17577
17578
17584
17586
17587
17592
17596
17597
17599
17600
17602
17603
1761
17612
17617
17620
1763
17630
17636
17639
1764
17644
17649
17655
17658
17659
1766
17661
17665
17672
17677
1768
17681
17683
17688
17689
1769
17690
17694
17695
17698
177
17707
17708
17709
17710
17712
17713
17714
17719
17720
17721
17723
17724
17726
17727
17728
17730
17731
17733
17741
17742
17743
17744
17745
17746
17747
17749
1775
17755
17757
17758
1776
17764
17766
17767
17768
1777
17771
17774
17775
17777
17786
17787
1779
17792
178
17800
17802
17805
17807
17809
17817
17819
17821
17822
17824
17826
17828
1783
17830
17831
17832
17838
17839
17842
17844
17847
17850
17855
17856
17859
1786
17865
17867
1787
17872
17876
17878
17879
17882
1789
17898
179
17905
17909
1791
17912
17914
17915
17916
1792
17923
17926
1793
17933
17934
17936
17937
17938
17940
17945
17946
1795
17956
17957
17959
1796
17962
17963
17964
17965
17967
17968
17969
17970
17975
17978
1798
17984
17986
1799
17990
17993
17996
17998
17999
18
180
18000
18002
18005
18008
1801
18010
18011
18016
18022
18024
18026
18029
1803
18030
18033
18034
18039
18041
18042
18045
18046
18051
18053
18054
18066
18069
18073
18074
18081
18082
1809
18091
18092
18095
18096
18097
18101
18102
18105
18108
18110
18112
18114
18115
18118
18119
1812
18124
18125
18128
18130
18135
18137
18139
18145
18147
18148
18150
18152
18155
18157
18159
1816
18161
18162
18163
18164
18166
18172
18174
18175
18177
18178
18180
18181
18184
18185
18189
18193
18199
1820
18206
18211
18214
18218
18219
1822
18221
18223
18224
18237
18241
18244
1825
18252
18254
18258
18259
1826
18260
18262
18264
18267
18279
18286
1829
18290
18293
18294
18298
1830
18303
18305
18308
1831
18312
18313
18317
18320
18324
18326
18328
1833
18331
18332
18334
18335
18339
1834
18342
18346
18348
18349
18353
18358
18359
1836
18361
18364
18366
18368
18374
18375
18379
18380
18382
18384
18385
18388
18392
18393
184
1840
18402
18403
18404
18405
18415
18417
18418
18419
18423
18424
18429
18430
18432
18434
18437
18439
18445
18448
18449
1845
18454
18459
1846
18461
18465
18466
18467
1847
18473
18474
18475
18477
1848
18487
18488
1849
18491
18492
18494
18495
18497
18498
185
18500
18501
18502
18505
1851
18510
18511
18512
18514
18516
18517
18520
18524
18527
18531
18534
18535
18536
1854
18540
18545
18547
18549
1855
18550
18553
18554
18556
18558
18560
18561
18562
18563
18564
18565
18568
18575
18578
1858
18587
18593
18597
18599
186
18602
18603
18604
18605
18607
18609
18610
18613
18615
18616
18623
18629
18631
18633
18638
18639
1864
18640
18646
18649
1865
18650
18651
18652
18655
1866
18663
18664
18666
18675
18676
18678
18679
1868
18680
18681
18684
18689
1869
18691
18694
18698
18699
1870
18700
18704
18706
18708
1871
18718
18719
18721
18725
18729
18732
18733
18737
18743
18746
18749
1875
18752
18753
18755
18759
18765
18768
18769
1877
18770
18778
1878
18784
18785
18786
18791
18794
18799
1880
18802
18804
18807
18809
1881
18813
18816
18817
18823
18824
18829
1883
18831
18833
18837
1884
18842
18846
18847
18848
18850
18851
18852
18858
18860
18863
18864
18866
18870
18871
18874
18876
18877
18879
18884
18886
18890
18894
18895
18896
18897
18900
18908
1891
18911
18917
18919
18920
18923
18924
1893
18933
18935
18938
18939
18940
18943
18944
18948
18951
18956
18961
18963
18969
1897
18980
18985
18987
18988
18992
18994
190
19001
19002
19004
19005
1901
19020
19023
19024
19027
19033
19036
19037
19038
19040
19043
19045
19047
19049
19050
19051
19055
19060
19061
19062
19065
19067
19077
1908
19080
19091
19092
19093
19094
19095
19098
191
1910
19101
19102
19105
19109
19112
19114
19115
19116
19117
19123
1913
19131
19134
19135
19137
19138
1914
19143
19146
19157
19158
19163
19165
19166
19167
19176
19180
19181
19185
19188
19189
1919
19192
19196
19200
19204
19205
19206
1921
19214
19216
1922
19223
19231
19237
19238
1924
19243
19246
19249
19250
19259
1926
19262
19265
1927
19273
19275
19281
19284
19286
19287
1929
19290
19292
19293
19295
19296
19298
1930
19304
19305
19308
19311
19313
19316
19319
1932
19320
19323
1933
19331
19332
19334
19335
19339
1934
19340
19341
19343
19345
19353
19358
1936
19361
19364
19368
1937
19370
19371
19373
19375
1938
19380
19386
19389
19391
19392
19394
19395
19399
19407
19409
19411
19413
19418
19419
1942
19420
19422
19430
19431
19436
19437
19438
19446
19450
19453
19456
1946
19465
19469
19471
19478
19480
19481
19485
19488
19491
19492
19493
19494
19495
19498
195
19502
19508
1951
19510
19513
19526
19531
19537
19538
19542
19544
19546
1955
19554
19555
19568
1957
19573
19575
19577
19578
19585
19587
19588
19589
1959
19591
19592
196
19601
19603
1961
19610
19612
19613
19617
1962
19620
19622
19627
19631
19635
19639
19640
19644
19645
19646
19647
19649
1965
19650
19654
19659
19662
19666
19667
19669
1967
19670
19676
19677
19678
19680
19682
19685
19688
19696
19700
19701
19704
19705
19711
19712
19716
19717
19727
19728
1973
19733
19736
19738
19741
19742
19745
19748
1975
19750
19754
19755
19756
19763
19764
19767
1977
19772
19779
19780
19785
19788
19790
19797
19798
19810
19811
19822
19826
19831
19832
19835
19838
19839
1984
19840
19841
19843
19848
1985
19850
19852
19853
19865
1987
19870
19871
19872
19875
1988
19880
19881
19882
19885
19886
19889
1989
19890
19892
19893
19897
19898
199
19907
19908
19915
19917
19919
1992
19921
19922
19928
19929
1993
19931
19932
19934
19937
19939
19940
19943
19949
19952
19953
19956
19961
19965
1997
19970
19971
19972
19974
19975
1998
19981
19982
19985
1999
19991
19992
20
200
20000
20008
20014
20016
20022
20023
20024
20028
20029
20030
20032
20037
20039
20041
20047
20051
20055
20056
20059
20065
20067
20069
2007
20077
20079
20080
20081
20082
20084
20091
20093
201
2010
20100
20102
20105
20106
20107
20109
2011
20112
2012
20125
20126
2013
20133
20138
20139
20140
20142
20147
20148
20149
2015
20152
20153
20154
20156
20158
20159
20160
20163
20164
20166
20168
20169
20172
20173
20174
20179
20180
20185
2019
20194
20195
20198
202
20203
20208
20209
2021
20212
20213
20221
20227
20228
20229
20231
20235
20240
20241
20243
20247
20250
20252
20254
20262
20263
20264
20266
20271
20272
20274
20276
20279
20280
20283
20287
20288
20289
2029
20291
20293
20295
20299
203
2030
20300
20301
20303
20306
2031
20312
2032
20320
20323
20325
20328
2033
20331
20332
20334
20340
20342
20349
2035
20356
20357
20358
20360
20363
20366
20373
20376
20377
20378
20380
20381
20387
20388
2039
20390
20393
20403
20404
20405
20406
20407
20408
20409
2041
20415
20416
20423
20426
20427
20429
20431
20435
20438
20441
20442
20443
20444
20450
20453
20454
20455
20458
2046
20461
20468
20470
20472
20474
20476
2048
20482
20484
20485
20486
20488
2049
20491
20498
2050
20501
20502
20503
20504
20508
20509
20511
20515
20517
20519
2052
20522
20525
20527
20534
20535
20536
20539
20541
20542
20545
20546
20554
20555
20557
20558
20559
20560
20561
20562
20563
20565
20570
20572
20577
20578
20579
20583
20585
20587
20593
20595
20596
20597
206
20600
20603
20606
20608
20610
20611
20613
20617
20619
2062
20622
20625
20626
2063
20634
20636
20644
20647
20648
2065
20650
20651
20652
20655
2066
20662
20668
20669
20677
20680
20683
20687
20689
20692
2070
20701
20702
20704
20708
20710
20715
20725
20727
20731
20736
20738
2074
20740
20741
20742
20744
20745
20747
20748
2075
20750
20752
20754
20756
20758
20759
2076
20761
2077
20770
20776
20779
20780
20781
20783
20787
2079
20790
20792
20794
20796
208
2080
20804
20806
20807
20808
20813
20815
20819
2082
20825
20826
20827
20830
20831
20832
20833
20834
20840
20843
20847
20855
20856
20857
2086
20860
20861
20867
20869
2087
20872
20883
20890
20893
20894
20899
209
20907
20908
20909
2091
20918
20919
20920
20929
20930
20936
2094
20941
20942
20943
20944
20948
2095
20950
20951
20953
20955
20956
2096
20962
20964
20971
20973
20974
20976
20979
2098
20984
20990
20991
20992
20993
20994
20995
20996
20998
21
2100
21002
21003
21009
2101
21013
21014
21015
21018
21019
2102
21028
2103
21031
21032
21033
21036
21039
21040
21042
21045
21046
21047
21048
2105
21050
21054
21057
21061
21063
21069
2107
21070
21071
21073
21075
21077
21078
21079
2108
21081
21086
21088
21090
21095
21096
21098
21099
211
21102
21104
21107
2111
21112
21117
21118
21119
21122
21124
21126
21127
21128
21129
21130
21132
21133
21134
21135
21136
21137
21138
21139
21140
21141
21147
21150
21151
21153
21155
21164
21165
21167
21169
2117
21172
21173
21175
21176
2118
21182
21184
21189
2119
21193
21203
21209
21211
21212
21214
21218
21220
21225
21228
21233
21237
21239
2124
21241
21242
21244
21246
21247
21248
2125
21251
21253
21255
21258
21263
21264
21271
21272
21274
21275
21279
2128
21281
21282
21283
21285
2129
21290
21293
21295
21298
213
2130
21303
21304
21308
21309
2131
21315
21316
21317
21318
21319
2132
21327
21329
2133
21334
21336
21344
21347
21349
21351
21352
21355
21356
21358
21362
21369
21370
21373
21376
21378
21379
2138
21380
21381
21384
21386
21387
21388
21393
21396
21397
21399
214
21400
21401
21402
21403
21408
21410
21411
21412
21425
2143
21435
21439
21440
21441
21445
21447
21449
21457
21458
21462
21465
21466
21472
21476
21481
21482
21485
21486
21489
21490
21491
21495
21498
2150
21500
21501
21502
21508
21509
2151
21519
2152
21525
21527
21528
21530
21532
21533
21536
21537
21538
21539
21540
21546
21549
2155
21550
21552
21555
21557
21558
21562
21563
21564
21566
21568
2157
21570
21571
21573
21576
21582
21587
21588
21590
21596
21598
216
21600
21607
21609
21610
21615
21616
21617
2162
21620
21623
21626
21627
21628
2163
21630
21636
21637
21639
2164
21644
21645
21646
21652
21653
21654
21656
21657
21658
21660
21661
21662
21663
2167
21670
21672
21676
21677
21678
2168
21682
21688
21689
2169
21694
21698
21701
21702
21703
21705
21710
21712
21716
21721
21724
21731
21732
21735
21736
21739
21744
21748
21750
21754
21756
21758
21761
21769
2177
21771
21778
21780
21783
21785
21786
21789
21790
21794
21796
21804
21809
2181
21811
21812
21815
21819
21820
21822
21824
21830
2184
21845
21849
2185
21852
21853
21854
21855
21858
21860
21862
21863
21864
21866
2187
21870
21871
21877
21881
21889
2189
21892
21896
21899
21902
21903
21904
21905
21907
2191
21910
21912
21913
21916
21917
2192
21920
21924
21926
21928
2193
21931
21932
21933
21936
2194
21942
21944
21948
2195
21951
21958
2196
21962
21965
21966
21971
21973
21974
21975
21978
21979
21982
21987
21991
21992
21993
21995
22
2200
22005
22010
22012
22019
22021
22022
22025
22027
22029
22036
22037
22038
22041
22046
22047
22050
22052
22057
22061
22066
22067
2207
22071
22073
22074
22076
22078
22079
22090
22092
22095
22098
2210
22100
22105
22108
22110
22111
22116
2212
22121
22123
22128
22129
2213
22138
22140
22146
22149
2215
22152
22157
22158
22159
2216
22160
22161
22164
22168
2217
22171
22172
22173
22174
22177
22179
2218
22182
22189
22190
22192
22194
22198
222
2220
22200
22202
22205
22211
22215
2222
22221
22228
22232
22233
22235
22238
22239
22240
22241
22244
22247
22249
2225
22250
22252
22253
22254
22257
2226
22263
22264
22268
22269
2227
22274
22276
22280
22282
22283
22284
22287
22288
2229
22290
22295
22298
22299
22301
22302
22303
22304
22305
22307
22308
2231
22312
22314
22315
22316
22319
22323
22324
22328
22329
22331
22332
22333
22334
22337
2235
22352
22353
22355
22359
2236
22366
22369
2237
22373
22376
22377
22378
22379
22381
22383
22385
22389
2239
22391
22394
22397
224
22400
22401
2241
22411
22413
22414
22417
22425
22426
22432
22433
22440
22443
22444
22447
22448
22452
22456
22458
22461
22463
22467
22468
22469
22471
22472
22473
22478
22484
22485
22486
22487
22489
2249
22491
22496
22497
22499
225
22509
22512
22514
22521
22522
22525
22526
22535
22536
22537
2254
22541
22546
22549
22550
22556
22558
22560
22561
22563
22568
22570
22571
22577
22580
22581
22584
22589
22590
22591
22594
22595
22598
226
22601
22602
22605
2261
22612
22613
22615
22619
22626
22629
2263
22630
22631
22632
22633
22634
22638
22646
22647
22654
22655
22656
2266
22667
22669
2267
22673
22677
22678
22679
22683
22686
22689
2269
227
2270
22704
22708
22710
22712
22716
22720
22724
22726
22727
22728
22729
2273
22730
22733
22735
22737
22738
22739
22744
22751
22755
2276
22763
22766
22768
22771
22774
22775
2278
22782
22786
22790
22792
22795
22798
228
2280
22802
22805
22807
2281
22810
22811
22812
22817
22819
22822
22824
22825
2283
22830
22831
22837
22838
22841
22848
22849
2285
22853
22857
22858
22859
22864
22873
22876
22878
2288
22880
22882
22884
22885
2289
22890
22894
22901
22902
22906
22907
22908
22909
2291
22911
22912
22915
22917
2292
22924
22926
22928
22930
22934
22935
22936
22938
22939
2294
22940
22943
22944
2295
22950
22951
2296
22961
22962
22963
22967
22971
22972
2298
22984
22987
22988
22990
22991
22995
23002
23003
23005
23014
23017
2302
23022
23024
23029
23042
23045
23049
23055
23057
23059
2306
23061
23064
2307
23077
23081
23084
23086
23095
23097
23099
231
23109
2311
23110
23118
23120
23123
23124
23126
23130
23133
23138
23144
23146
23154
23156
23170
23174
23177
23178
2318
23182
23187
2319
23191
23194
23199
232
2320
23200
23201
23205
23207
2321
23210
23213
23214
23215
23216
23217
2322
23220
23221
23226
23229
23233
23236
2324
23243
23247
23249
23255
23257
23264
23268
23269
23270
23272
23278
23283
23288
2329
23294
23297
23298
23299
23300
23303
23304
23308
23309
2331
23310
23312
23313
23315
23323
23325
23326
23328
23331
23332
23335
23338
23339
2334
23340
23346
23347
23351
23352
23358
2336
23362
23367
23369
23370
23373
23376
23377
23378
23379
23392
23393
23394
23395
234
23402
23405
23410
23412
23417
23418
23421
23425
23430
23431
23433
2344
23442
23444
23445
23447
23452
23455
23458
23459
2346
23460
23463
23464
2347
23470
23474
23476
23479
2348
23480
23482
23483
23492
23493
23494
23496
23497
235
2350
23500
23502
23505
23507
23513
23514
23518
23519
2352
23521
23524
23525
23526
23530
23534
23537
2354
23543
23544
23546
23548
23551
23554
23556
23557
2356
23560
23564
23566
23568
2357
23583
23584
23587
2359
23592
23593
23595
23598
2360
23600
23601
23602
23607
23611
23612
23613
23614
23616
23621
23624
23629
2363
23630
23631
23632
23633
23639
23642
23643
23646
23648
23649
23650
23654
23658
2366
23661
23663
23664
23665
23667
23668
23669
2367
23670
23671
23672
23678
23685
23686
23688
23695
23702
23703
23708
23709
2371
23717
23719
2372
23722
23727
23732
23737
23742
23744
23749
2375
23750
23756
23758
23760
23768
23771
23774
23775
23776
2378
23782
23784
2379
23791
23795
23799
238
23801
23805
23808
23809
2381
23816
2382
23822
23823
23826
23827
23828
2383
23836
23837
23839
2384
23840
23843
2385
23850
23853
23854
23855
23859
2386
23862
23863
23867
23868
23869
23871
23875
23876
23877
2388
23887
2389
23901
23903
23907
23909
23910
23911
23912
23914
23915
23917
23919
23920
23927
23929
2393
23930
23931
23932
23934
23936
23937
23938
23940
23942
23943
23944
23957
2396
23961
23964
23970
23972
23973
23976
23978
23987
23994
23996
23997
23998
23999
24000
24001
24005
2401
24010
24014
24016
24018
24019
24024
24032
24035
24039
2404
24044
24053
24054
24055
24057
24058
24060
24061
24065
2407
24075
2408
24080
24081
24084
24087
2409
24091
24092
24099
24100
24102
24103
24106
2411
24112
24114
24116
24120
24124
24126
24129
2413
24135
24139
24140
24142
2415
24150
24151
24152
24154
24156
24157
24159
2416
24167
2417
24171
24186
24189
2419
24195
24199
242
2420
24205
24212
24215
24219
24223
24225
24227
24228
24230
24232
24235
24236
24237
24244
24247
2425
24250
24252
24254
24260
24261
24262
2427
24271
24272
24273
2428
24285
24288
24289
2429
24292
24296
24299
24301
24303
24310
24311
24313
24316
24321
24322
24323
24325
2433
24334
24335
24337
24338
24340
24342
24344
24345
24347
2435
24350
24353
24357
24365
24368
2437
24372
24377
24378
24383
24386
24387
2439
24394
244
2440
24401
24402
24406
24407
24419
24422
24424
24425
24426
24427
2443
24435
24436
24438
2444
24440
24441
24442
24443
24444
24447
24450
24451
24452
24455
2446
24467
2447
24472
24478
24480
24484
24488
24489
24490
24492
24493
24495
24499
2450
24500
24503
24507
24508
24509
2451
24510
24513
24515
24516
2452
24525
24529
2453
24532
24536
24537
2454
24540
24546
2455
24550
24553
24557
24558
24563
24565
24567
24568
24577
24579
2458
24580
24587
24588
2459
24592
24597
246
24601
24603
24607
24609
24612
24615
24616
24618
24619
24620
24623
24624
24628
2463
24631
24637
2464
24644
24646
24651
24652
24658
2466
24661
24666
2467
24671
24673
24675
24678
2468
24680
24683
24688
24690
24692
24693
24694
24695
24698
247
24702
24703
24705
24707
24708
24710
24712
24714
24717
2472
24720
2473
24730
24734
24741
24749
24750
24752
24753
24755
24757
24759
24770
24772
24773
24774
24777
24780
24781
24783
24787
24794
24795
248
24801
24802
24803
24804
2481
24810
24813
24815
24817
24818
24821
24825
24826
2483
24831
24835
24839
24841
24845
24855
24856
24860
24868
24869
2487
24874
24878
24885
24889
2489
24891
24892
24894
24896
24897
24898
2490
24905
24906
2491
24913
24914
24916
24917
24918
24922
24930
24931
24932
24936
24938
24940
24942
24944
24947
24949
24953
24958
24959
24960
24961
24963
24974
24975
24976
24979
24981
24984
24986
24987
24989
2499
24991
24994
250
2500
25001
25002
25004
25008
25009
25013
25015
25017
25018
25020
25022
25025
25027
25028
25029
2503
25036
25040
25041
25042
2505
25051
25055
25057
25069
25071
25073
25076
25079
25083
25086
25087
25090
25092
25097
25101
25108
25110
25112
25113
25115
25117
25118
25119
25122
25127
25130
25133
25135
25136
25139
25140
25141
25143
25144
25145
2515
2516
25162
25165
25166
25175
25176
25178
25180
25181
25184
25186
25190
25191
25193
25194
25195
25198
25199
2520
25201
25204
25208
2521
25211
25213
25214
25215
25218
25226
25229
25230
25246
25249
25252
25258
25263
25264
25265
25271
25275
25276
25277
2528
25284
25286
25287
2529
25293
253
2530
25302
25308
25310
25311
25313
25316
25318
2532
25320
25327
25332
25338
25339
2534
25344
25345
25347
25348
25350
25357
25358
25366
25367
25371
25376
2538
25380
25387
25389
254
2540
25401
25406
25408
25410
25413
25416
25418
25421
25423
25426
2543
25431
25432
25435
25438
2544
25444
25447
25450
25454
25458
25462
25464
25465
25472
25473
25476
25478
25479
2548
25480
25481
25486
25488
25491
25502
25505
25507
2551
25513
2552
25521
25522
25524
25527
2553
25536
25539
25543
25545
25546
25549
2555
25550
25552
25555
25558
25562
25571
25572
25576
25577
25586
25587
25588
25589
25591
25592
25593
25595
25597
2560
25604
25605
25606
25607
25608
2561
25616
25617
25619
25623
25628
25632
25633
25634
25637
25641
25647
25648
25649
25650
25651
25652
25655
25656
25657
25658
25659
2566
2567
25670
25674
2568
25683
25684
25688
25691
25694
25699
2570
25704
25707
25710
25711
25715
2572
25725
25726
25732
25736
2574
25742
25745
25746
25748
2575
25760
25763
25766
25767
2577
25773
25775
25776
2578
25780
25781
25782
25785
25793
25795
25798
258
25803
25806
25807
25808
2581
25810
25811
25814
25815
25818
2582
25820
25822
25824
25825
25826
25827
25828
25836
25837
25839
2584
25840
25841
2585
25851
25856
2586
25860
25861
25863
25866
25869
25872
25873
25874
25876
25879
2588
25881
25883
25885
25888
25892
25897
259
25900
25901
25904
25907
25919
25923
25927
25929
25936
25937
25943
25948
25952
25955
25958
25968
25977
25978
25986
25989
2599
25991
25992
25998
25999
26
26001
26008
2601
26014
26019
2602
26021
26022
26023
26024
2603
26030
26037
2604
26042
26043
26044
26046
26047
26048
26049
26051
26053
26058
2606
26060
26063
26064
26066
26069
26072
26074
26078
26088
26089
26090
26092
26094
26095
26098
261
2610
26102
26103
26105
26106
26107
26108
2611
26111
26112
26113
26114
26118
2612
26123
26124
26125
26127
26128
26129
26137
26138
26139
26140
26142
26144
26148
26149
2615
26150
26153
26154
26157
26158
26159
26160
26162
26164
26166
26167
2617
26173
26174
26176
26177
26178
26181
26182
2619
26190
26196
26198
2620
26200
26201
26209
2621
26210
26213
26216
26218
2622
26223
26226
2623
26230
26231
26233
26235
26236
2624
26240
26241
26244
26246
26247
26249
26250
26251
26254
26261
26262
26264
26272
26275
26276
26278
26279
2628
26282
26288
26296
26298
26299
263
26301
26302
26305
26306
26312
26313
26316
2632
26321
26322
26323
26328
26329
2633
26331
26340
26341
26343
26347
26348
26349
26355
26356
26357
26358
26359
26363
26366
26369
26371
26372
26375
26377
26379
26380
26381
26382
26386
26388
2639
26392
26395
26396
26401
26404
26406
26407
26409
2641
26416
26417
26418
26420
2643
26430
26432
26434
26438
26439
2644
26440
26443
26447
2645
26453
26454
26456
26457
26458
26467
26468
26470
26472
26473
26474
26479
2648
26483
26485
26486
2649
26494
26496
26499
265
2650
26502
26504
26509
26510
26516
2652
26524
26525
26529
26530
26535
26537
26538
2654
26540
26541
26542
26545
26552
26554
26558
26564
26565
26567
26569
2657
26571
26576
26578
26579
26580
26583
26585
26587
26590
26592
26595
26597
26598
26599
266
26601
26604
26605
26610
26616
2662
26620
26621
26622
26624
26628
2663
26630
26632
26635
26643
26648
26649
26662
26663
26665
2667
26674
26676
26678
26679
2668
26681
26682
26683
26691
26692
26695
26700
26701
26702
26706
26709
2671
26710
26711
26712
26713
26714
26715
26717
26718
2672
26720
26723
26725
26728
2673
26735
26736
26739
26740
26743
26749
2675
26753
26757
26758
26759
26761
26764
26767
26769
26770
26774
26777
26783
26786
2679
26791
26792
26796
26798
268
26802
26805
2681
26810
26813
26814
26815
26816
26817
26818
26821
26825
26827
26828
26833
26838
26839
2684
26840
26842
26845
26849
26853
26854
26859
26862
26865
26869
26870
26872
26873
26877
26878
26879
26883
26884
26893
26897
26898
26899
269
26900
26903
26904
26907
26909
2691
26910
26913
26915
26916
26918
26928
26929
26932
26933
26935
2694
26946
26949
2695
26952
2696
26967
26968
2697
26973
26974
26979
2698
26985
26988
26989
26993
26997
26999
27
270
2700
27000
27003
27008
27014
27016
27019
27023
27027
2703
27030
27037
27038
27040
27044
27046
27047
2705
27051
27052
27053
27055
27056
27057
27059
27064
27067
27074
27080
27088
2709
27099
271
27100
27103
27106
27115
2712
27124
27126
27127
27128
27131
27139
27142
27147
27148
27149
2715
27153
27157
27159
27161
27163
27168
2717
27172
27176
27178
27179
2718
27182
2719
27192
27197
27198
27199
272
27203
27208
27209
27212
27216
27218
27222
27224
27227
27229
27235
2724
27240
27243
27248
27253
27254
27263
27264
27265
27267
27271
27275
27277
27287
27291
27297
27298
27299
2730
27301
27304
27307
27308
2731
27313
27316
27318
2732
27320
27323
27324
27325
27326
2733
27332
27333
27335
27338
27339
2734
27346
27348
27349
2735
27353
27355
27356
27358
2736
27363
27367
27369
27372
27376
2738
27382
2739
27393
27394
27395
27396
27397
27399
2740
27403
27405
27407
27411
27417
27418
27419
27420
27423
27425
27428
2743
27434
27436
2744
27442
27445
27446
27448
27449
27451
27452
27453
27455
27457
2746
27460
27463
27465
27466
27467
27468
27469
2747
27473
27475
27476
27477
2748
27480
27485
27488
27493
27494
27497
27499
275
27511
27514
27515
27516
27520
27521
27524
27526
27533
27535
27537
27539
2754
27540
27549
27550
27558
2756
27561
27565
2757
27571
27575
27581
27583
27585
27589
27592
27595
27596
27597
27598
27599
276
27603
27604
27608
27610
27611
27614
27615
27621
27625
27629
27632
27633
27634
27644
27646
27647
27651
27652
27655
27657
27658
27659
27660
27661
27667
2767
27674
27676
27677
27681
27682
27685
27687
27689
2769
27691
27694
27697
27699
277
27702
27704
27705
27710
27713
2772
27722
27727
27730
27732
27736
27738
27740
27745
27746
27749
2775
27750
27754
27759
27763
27766
27776
27780
27781
27783
27787
2779
27792
27796
27798
27799
2780
27800
27803
27807
27808
2781
27814
2782
27825
27829
27830
27835
27836
27841
27852
27856
27857
27858
2786
27860
27862
27864
27865
27866
27869
2787
27877
27879
2788
27880
27881
27885
27886
2789
27891
27892
27893
27896
2790
27903
27904
2791
27914
27917
27919
2792
27921
27922
27924
27927
27928
27929
2793
27932
27934
27935
27936
27938
2794
27943
27947
27952
27957
27962
27965
27966
27967
2797
27978
2798
27980
27981
27983
27984
27986
27987
27988
27990
27991
27994
27997
27999
28
280
28001
28003
28013
28014
28015
28017
2802
28030
2804
28046
2805
28052
28057
28068
28069
28070
28072
28074
28075
28076
28083
28086
28087
28093
28094
28096
281
28100
28102
28104
2811
28111
28117
2812
28130
28131
28132
28135
28137
28138
28140
28148
28149
28150
28153
28154
28156
28157
28158
2816
28167
28168
28171
28173
28175
28176
28180
28186
2819
28193
28194
28195
282
28200
28206
28208
2821
28210
28212
2822
28221
28222
28223
28226
28227
28233
28235
28238
2824
28244
28246
28247
28255
28262
28264
28266
28268
28269
2827
28270
28271
28273
28278
2828
28280
28281
28282
28283
28284
28285
28287
2829
28292
28298
28299
283
28301
28310
28312
28313
28315
28316
28319
28324
28327
28339
28347
2835
28352
2836
28361
28362
28365
28368
28371
2838
28382
28386
28387
28389
28390
28393
28395
28398
2840
28403
28406
2841
28424
28427
28429
2843
28431
28435
28438
28446
28448
2845
28451
28453
28454
2846
28460
28462
28464
28466
28468
28469
2847
28471
28473
28476
28479
28486
2849
28490
28491
28495
285
28500
28514
28517
28521
28524
28526
28529
28532
28535
28537
28538
28539
28542
28543
28551
28552
28553
28555
28561
28566
28572
28573
28576
28580
28582
28585
28589
2859
28591
28592
28596
28597
286
28600
28602
28604
28609
2861
28610
28611
28612
28617
28622
28627
28628
28629
2863
28631
28632
28633
28634
28640
28645
28646
28647
2865
28650
28651
28652
2866
28660
28663
28673
28677
28678
28685
28687
28690
28692
28695
28699
28705
28707
28709
2871
28710
28712
28715
28716
28718
2872
28728
28729
28732
28735
28736
28739
28740
28741
28745
28749
28755
28757
28758
28759
28764
28766
28771
28775
28776
28778
28779
2878
28784
28785
28786
28787
28791
28792
28797
28802
28803
28805
28809
2881
28813
28818
28822
28827
28831
28833
28834
28835
28836
28839
28841
28844
28848
2885
28850
28852
28853
28857
2886
28860
28861
28865
28876
28878
28880
28881
28882
28885
28886
28887
28895
28896
28897
28898
289
28901
28909
28911
28914
28916
28917
28920
28925
28927
28929
28931
28935
28936
28937
28940
28941
28944
28945
28946
28947
28950
28951
28954
28956
28963
28965
28967
2897
28971
28972
28973
28976
2898
28981
28983
28987
28989
2899
28991
28992
28998
28999
29
29008
2901
29013
29014
29015
29017
29018
29021
29022
29027
29033
29036
29037
29039
2904
29040
29041
29042
29046
29050
29054
29055
29056
2906
29061
29062
29063
29066
29069
2907
29072
29074
29078
29079
29080
29092
29094
29096
29097
291
2910
29101
29104
29108
2911
29117
29119
29120
29124
29127
29130
29132
29133
29135
2914
29140
29143
29147
29149
2915
29156
29164
29165
29168
29170
29172
29181
29184
29185
29188
29190
29191
292
2920
29201
29204
29206
29209
2921
29210
29211
29212
29215
29218
29219
29226
29228
2923
29232
29239
2924
29240
29242
29244
29252
29254
29255
29256
29257
29258
2926
29260
29265
2927
29274
29277
29278
29279
2928
29282
29284
29285
29288
29289
2929
29291
29296
29299
293
29300
29301
29302
29303
29307
29308
2931
29313
29314
29317
29318
29323
29324
29329
2933
29334
29337
29338
29340
29342
29349
2935
29353
29359
29360
29361
29364
29365
29368
29379
29381
29382
29394
29397
294
29400
29407
29409
29410
29411
29412
29414
29417
29419
2942
29420
29421
29423
29426
2943
29433
29435
29442
29446
29448
2945
29450
29451
29458
29464
29466
29469
2947
29474
29476
29479
29480
29482
29484
29485
29486
29489
29490
29492
29493
29494
29496
29497
2950
29500
29504
29508
29517
29518
2952
29523
29525
29527
29530
29534
29537
29538
29543
29545
29549
29555
29558
29559
2956
29563
29567
29569
2957
29571
29574
29575
29579
2958
29580
29581
29582
29584
29586
29587
29589
29593
29594
296
2960
29600
29605
29606
2961
29613
29614
29616
29618
29620
29621
29624
29629
29631
29632
29634
29638
29640
29642
29647
29649
2965
29654
29655
29656
2966
29661
29665
29667
29669
2967
29674
29675
29676
29679
2968
29686
29688
29693
29694
29695
29698
297
29705
2971
29710
29711
29713
29717
29726
2973
29731
29732
29734
29736
29738
29739
2974
29743
29744
29750
29752
29757
29758
29760
29762
29763
29766
29769
2977
29770
29772
29774
29775
29776
29781
2979
29790
29791
298
29800
29801
29806
29807
2981
29812
29817
2982
29820
29826
29828
2983
29830
29832
29834
29836
29841
29843
29844
29845
29846
29850
29851
29854
29855
29861
29863
29864
29873
29875
29876
29879
2988
29880
29882
29886
2989
29892
29893
29897
29898
29901
29910
29911
29918
29922
29924
29928
29936
29938
29939
2994
29940
29941
29942
29947
29951
29953
29959
2996
29960
29962
29964
29966
29972
29984
29994
29997
29998
3
30
3000
30006
3001
30011
30013
30015
30018
30019
30021
30023
30025
30033
30034
30035
30036
30038
30039
30047
30053
30054
30056
30057
30058
3006
30064
30065
30069
30072
30077
3008
30080
30081
30083
30091
30094
30096
30097
301
30104
30105
3011
30110
30122
30123
30124
30125
30128
3013
30131
30133
30134
30139
3014
30141
30143
30146
30151
30155
30159
3016
30165
30166
3017
30173
30179
3018
30180
30181
30182
30184
3019
302
30204
30207
30208
30213
30216
30219
30220
30221
30222
30225
30229
30236
3024
30240
30241
30242
30248
30249
30251
30252
30256
30273
30275
30276
30277
30282
30285
30286
30288
3029
30290
30291
30298
303
30303
30305
30307
30308
30309
30313
30317
3032
30323
30329
3033
30330
30332
30336
30338
30340
30348
30351
30358
30359
3036
30365
3037
30373
30380
30382
30388
30391
30392
30396
30398
304
3040
30400
30405
30409
30411
30414
30416
30418
30424
30430
30432
30446
30455
30456
30459
30462
30466
30469
3047
30470
30473
30475
3048
30485
30487
3049
30494
30495
30496
30498
305
3050
30505
30507
30509
3051
30511
30514
30516
30517
30520
30521
30522
30523
30528
30530
30533
30534
30535
30536
3054
30543
30545
30549
30552
30554
30555
3056
30562
30564
30566
30577
3058
30580
30585
30586
30588
30589
3059
30591
30598
30599
306
30601
30603
30605
30606
3061
30611
30612
30616
30619
3062
30623
30629
30631
30633
30636
30638
3064
30642
30643
30646
30647
30651
30653
30654
30656
30658
30666
30667
30669
30674
30676
30677
3068
30682
30683
30684
30688
3069
30693
30694
30697
307
3070
30700
30706
3071
30718
3072
30721
30724
30728
30729
30730
30731
30732
30739
30746
30748
3075
30753
30756
30759
30768
30771
30774
30776
30780
30783
30787
3079
30790
30792
30794
30797
30799
3080
30803
30807
30812
30813
30816
3082
30823
30828
30829
3083
30832
30849
30850
30852
30857
3086
30860
30861
30863
30867
30869
30872
30873
30878
30879
30881
30884
30885
30889
30894
30899
30900
30902
30907
30908
30909
3091
30910
30912
30917
30919
30921
30922
30924
30929
30931
30936
3094
30941
30943
30944
3096
30964
30968
30969
3097
30973
30976
30978
30983
30987
30992
31
310
3100
31000
31001
31005
31006
31007
31008
31009
3101
31013
31017
3102
31020
31023
31024
3103
3104
31049
31056
31058
31064
31073
31080
31081
31085
31086
31090
31096
31099
311
3110
31101
31102
31103
31106
31112
31117
3112
31120
31124
31128
31129
31131
31135
31137
31138
31140
31142
31144
31145
31149
3115
31151
3116
31160
31162
31164
31167
31168
3117
31175
31178
3118
31187
31188
31189
31191
31198
312
31200
31202
31203
31208
31210
31213
31216
31217
3122
31223
31225
31228
31229
3123
31231
31232
31237
3124
31246
31247
31249
31253
31256
31257
3126
31261
31265
31267
3127
3128
31280
31281
31283
31286
31289
31293
31294
31298
313
3130
31302
31304
31305
31306
31308
31321
31322
31324
31328
31333
31335
31336
31338
31339
31340
31342
31344
31345
31346
31349
31350
31352
31353
31355
31359
31363
31366
31367
31370
31376
31378
31380
31381
31382
31385
31393
31396
31398
31401
31402
31403
31409
3141
31410
31415
31417
31419
31420
31427
3143
31432
31436
31438
31447
3145
31450
31455
31456
31460
31461
31462
31463
31465
31470
31473
31476
31477
3148
31484
31485
31488
3149
31493
31494
31497
315
31500
31510
31516
31519
31521
31522
31526
31527
31529
31534
31535
31536
31546
31548
31549
31551
31555
31557
31559
3156
3157
31570
31574
3158
31582
31586
31589
31590
31596
31599
31601
31604
31605
31609
31610
31611
31614
31615
31622
31624
31627
31628
3163
31631
31632
31638
3164
31640
31643
31646
31647
31653
31654
31655
3166
31662
31664
31665
31666
31668
3167
31671
31674
3168
31681
3169
31690
31691
317
31700
31702
31705
31717
31719
31720
31722
31723
31729
3173
31733
31734
31735
31737
3174
31740
31742
31746
31750
31752
31754
31756
3176
31763
31767
3177
31771
31775
31776
31778
31779
31782
31788
31789
3179
31790
31791
31794
318
31802
31809
31815
31817
3182
31820
31822
31824
31825
31826
31827
31834
31836
31843
31844
31847
31848
31849
31850
31852
31853
31854
31863
31866
31877
31880
31883
31884
31887
3189
31898
31900
31903
31907
31908
31911
31915
31916
31919
31925
3193
31932
31935
31936
31939
31943
31950
31955
31957
31961
31962
31969
31970
31974
31975
31979
3198
31982
31987
31989
3199
31991
31994
31996
31999
32
32003
32005
32007
32008
3201
32010
32012
32013
32015
3202
32023
32024
32028
32029
32036
32038
32045
32046
32048
32050
32052
32055
32059
3206
32060
32061
32062
32064
32067
32068
32069
32075
32077
32078
32079
3208
32084
32085
32088
32089
3209
32090
32092
32094
32095
32099
321
32100
32101
32102
32103
32104
32112
32117
32121
32125
32126
32128
3213
32130
32133
32134
32136
32137
32138
32140
32141
32143
32144
32147
32150
32151
32155
3216
32161
32162
32163
32166
32172
32177
32182
32184
32186
32188
3219
32190
32196
322
32200
32204
32206
3221
32214
32217
32218
32220
32223
32227
32229
32230
32232
32234
32237
32238
3224
32240
32241
3225
32251
32252
32253
32257
3226
32261
32262
32263
32268
3227
32275
32278
32279
32280
32281
32285
32286
3229
32290
32292
32293
32297
32298
323
32302
32304
32306
3231
32316
32319
32320
32323
32325
32326
32327
32328
3233
32331
32332
32334
32335
32336
32338
32343
32354
32358
3236
32362
32366
32367
32368
3237
32370
32372
32376
32378
3238
32383
32389
32393
32395
32396
32398
32403
32405
3241
32411
32412
32415
32418
32423
32425
32428
32432
32434
32437
32438
32442
32443
32447
32449
32450
32451
32453
32456
32459
32462
32469
32474
3248
32484
32486
32488
3249
32490
32492
32495
325
32501
32502
32506
32509
3251
32512
32514
32515
32519
32522
32523
32524
32528
32538
32539
3254
32540
32544
32546
32549
3255
32550
32554
32555
32557
32567
32571
32580
32584
32585
32587
32589
3259
32590
32591
32592
32594
32598
326
32603
32604
32605
32606
32607
32610
32612
32615
3262
32622
32624
3263
32637
32638
32641
32647
32648
32650
32651
32655
32656
32658
32660
32661
32668
32671
32673
32674
32678
32679
3268
32682
32683
32684
32685
32688
32689
3269
32691
32698
327
32702
32707
32709
3271
32710
32713
32716
32717
32718
3272
32722
32723
32724
32725
3273
32730
32731
32735
32738
32740
32741
32742
32747
32749
32752
3276
32763
32764
32765
32766
32768
32769
3277
32770
32772
32775
32776
32778
32784
32785
32786
32789
3279
32791
32793
32797
32802
32809
32811
32812
32813
32814
32817
3282
32822
32824
32825
32828
3283
32835
3284
32840
32845
3285
32851
32854
32863
32865
32866
32867
32868
32875
32876
32878
32879
32880
32881
32885
32887
32890
32891
32892
32893
32895
329
32900
3291
32911
32916
32918
32919
3292
32920
32923
32925
32927
32928
32932
32939
32944
32949
3295
32955
3296
32961
32962
32965
32966
32968
3297
32971
32974
32976
32977
3298
32990
32993
32998
32999
33
330
33006
33008
33012
33017
33019
3302
33020
33024
33025
33037
33038
33042
33046
33048
3305
33055
33057
33059
3306
33061
33065
33069
33075
33076
33077
33078
3308
33088
33092
33093
33095
33098
331
33106
33108
33109
33110
33111
33113
33114
33118
3312
33120
33121
33125
33129
3313
33133
33134
33137
33141
33144
33146
33147
33148
33150
33152
33156
33159
33162
33165
33168
33169
33170
33179
33182
33189
33190
33192
33194
33197
332
33201
33204
33205
3321
33211
33212
33217
33218
33223
33224
33227
3323
33230
33233
33235
33236
33239
3324
33241
33242
33243
33244
33247
33248
3325
33250
33251
33252
33254
33257
33260
33263
33268
33269
33278
3328
33281
33284
33285
33289
33291
33294
33295
33297
33301
33307
33310
33315
33316
33318
33325
33332
33334
33337
33341
33342
33344
33346
3335
33360
33364
33365
3337
33370
33376
33378
3338
33380
33387
33388
33393
33395
33398
3340
33401
3341
33412
33414
33416
33419
3342
33424
33426
33428
33430
33431
33434
33436
33438
33439
33442
33449
3345
33450
33458
33462
33464
33465
33469
33478
3348
33481
33491
33496
335
33504
33505
3351
33510
33512
33519
3352
33520
33523
33526
33528
3353
33531
33537
33538
33541
3355
33550
33551
33552
33554
33569
33570
33576
33577
3358
33580
33582
33589
3359
33593
33603
33608
33610
33611
33612
33619
3362
33620
33624
33627
33631
33632
33634
33636
33639
33640
33641
33645
33646
33651
33652
33655
33656
33657
3366
33661
33665
33667
33669
33673
33674
33677
3368
33680
33681
33682
33683
33684
33688
3369
33692
33693
33696
33697
33698
3370
33703
33708
33710
33713
33716
33721
33722
33726
33730
33741
33743
33745
33748
3375
33751
33752
33757
3376
33762
33764
33766
33767
33768
33769
33770
33771
33775
33781
33782
33784
33785
33786
33790
33798
33800
33803
33804
33811
33813
33814
33815
33819
33820
33825
33827
33828
33832
33837
3384
33840
33842
33847
33849
33850
33854
33855
33859
33860
33862
33863
33864
33865
33867
33868
33869
33871
33872
33875
33877
3388
33887
33888
33889
33890
339
33901
33906
33908
33911
33916
33919
3392
33920
33921
33922
33924
3393
33930
33931
33936
33941
33944
33947
33948
3395
33954
33956
33958
3396
33965
33967
33970
33972
33973
33978
33980
33982
33984
33985
33986
33988
33989
33992
33993
33994
33996
33999
34
34000
34008
3401
34016
3402
34022
34023
34024
34030
34035
34036
34038
34039
34041
34042
34043
34044
34049
34052
34053
34054
34058
34060
34063
34067
3407
34071
34076
34078
34081
34087
34092
34097
34098
34101
34103
34106
34110
34113
34116
34117
34118
3412
34120
34123
34125
34126
34127
34129
34132
34133
34137
3414
34143
34147
34148
3415
34150
34151
34152
34155
34156
34161
34162
3417
34171
34173
34175
3418
34180
34182
34185
34196
34199
34205
34206
34207
3421
34211
3422
34225
34226
3423
34237
34238
34239
34241
34247
34251
34252
34254
34255
34256
34259
34260
34263
34267
34272
34273
34274
34276
34279
3428
34282
34286
34288
34293
34295
34297
343
34300
34303
34304
34308
3431
34314
34315
34322
34323
34325
34329
3433
34330
34335
34336
34338
3434
34350
34357
34359
34366
34370
34375
34378
34380
34382
34383
34390
34391
34393
34397
34399
344
34402
3441
34410
34414
34429
34430
34431
34433
34436
34438
34439
34440
34443
34445
34449
34451
34452
34455
34457
34458
3446
34467
3447
34473
34477
34478
34480
34481
34482
34483
34489
3449
34490
34492
34494
34497
34499
34500
34501
34503
34508
34515
34516
34517
3452
34522
34532
34533
34535
34537
3454
34540
34545
34549
34551
34552
34555
34556
34558
34559
3456
34562
34564
34569
34576
3458
34580
34582
34584
34589
3459
34594
34596
346
3460
34601
34602
34604
34605
34607
34608
34615
34625
34632
34635
34639
3464
34641
34642
34644
34651
34652
34653
34654
34658
3466
34666
34670
34671
34672
34676
34678
3468
34680
34682
34683
34684
34686
34688
3469
34693
34696
34698
347
34700
34702
34704
34705
34709
3471
34712
34718
34719
34722
34725
3473
34732
34734
34737
34739
34742
34749
3475
34753
34757
34759
3476
34761
34763
34765
34769
3477
34771
34774
34778
34782
34783
34785
34788
34789
3479
34792
34796
34797
348
3480
34802
34803
34804
34807
34808
34809
3481
34811
3482
34823
34824
3483
34838
34839
34840
34843
34844
34845
34847
3485
34850
34851
34852
34854
34855
3486
34865
34870
34874
34877
34881
34882
34887
34892
34893
34898
34899
3490
34902
34909
34913
34921
34929
3493
34935
34936
34938
34940
34941
34947
3495
34950
34952
34957
34959
34964
34973
34974
34977
3498
34986
34989
3499
34990
34994
34996
34998
3500
35001
35002
35004
35005
35008
3501
35015
35020
35021
35022
35023
35025
35028
35030
35034
35035
35038
35041
35044
35045
35047
35049
35051
35053
35054
35060
35062
35063
35064
35065
35069
35070
35071
35072
35076
3508
35083
35084
35090
35095
35096
351
3510
35100
35104
35107
35108
3511
35112
35121
35129
35133
35135
35136
35137
3514
35141
35142
35146
35147
35151
35152
35154
35164
35169
35170
35172
35173
35174
35179
3518
35180
35183
3519
35199
352
35203
35212
35214
35220
35221
35224
35226
35230
35235
35236
35238
35240
35244
3525
35254
35256
35257
3526
35263
35267
35273
35277
35279
35288
3529
35295
35297
35298
353
35306
35308
3531
35313
35315
35317
35318
35319
3532
35323
35325
35328
35329
35333
35335
35336
35337
35340
35341
35345
35346
35347
35349
35353
35354
35364
35365
3537
35372
35373
35374
35375
35384
35385
3539
35392
354
35400
35402
35404
35405
35407
35409
35411
35413
35419
3542
35421
35422
35425
35427
35429
35430
35432
35439
35442
35443
35446
35452
35454
35457
3546
35463
35466
35469
35473
35476
35477
35479
35483
35484
35487
35488
35489
3549
35491
35495
35497
35499
355
35501
35503
35505
35508
3551
35511
35519
35523
35524
35525
35526
35528
35529
35530
35532
35538
35539
35542
35546
35547
35553
35554
35557
3556
35560
35563
35566
35568
35569
35573
35574
35575
35577
35578
35588
35589
35590
35591
35597
35599
3560
35603
35606
35607
35610
35612
35616
3562
35620
35622
35623
35627
35628
35630
35632
35633
35634
35638
35645
35648
35651
35655
35656
35657
3566
35660
35661
35670
35680
35681
35682
35683
35684
35686
35688
35691
35692
35695
35702
35703
35707
35709
3571
35710
35711
35717
35719
3572
35720
35727
3573
35733
35734
3574
35745
35746
35750
35755
35760
35764
35770
35772
35773
35774
35775
35786
35787
35789
3579
35790
35792
35796
3580
35802
35806
35813
35814
35815
35819
35820
35822
35823
35826
35830
35835
35838
35841
35843
35846
35847
35848
35855
35857
35859
35860
35862
35863
35864
35872
35877
35878
3588
35881
35882
35888
3589
35890
35891
35893
359
35900
35901
35905
35907
35908
3591
35912
3592
35923
3593
35932
35933
35940
35941
35946
35947
3595
35953
35957
35958
35959
35963
35965
35967
35970
35975
35976
35977
3598
35981
35983
35987
35988
3599
35998
36
36002
36003
36005
36007
36010
36017
3602
36021
36022
36023
36029
36030
36033
36036
36039
36040
36042
36048
3605
36051
36054
3606
36063
36064
36066
36069
36071
36076
36077
36082
36085
36091
36092
36093
36103
36104
36108
36109
36111
36112
36114
36118
36119
36120
36121
36122
36127
36134
36137
36139
3614
36142
3615
36150
36151
36152
36156
36157
36158
36159
3616
36160
36165
3617
36170
36171
36172
36179
36181
36182
36184
36185
36188
36190
36191
36193
36196
36197
36198
36199
36200
36201
36203
36210
36218
36219
36223
36224
36227
3623
36232
36235
36236
36237
36238
36239
36241
36244
36250
36251
36258
36260
36261
36265
36266
36268
36270
36273
36275
36277
36279
3628
36280
36283
36285
36289
36294
36298
36300
36301
36305
36311
36314
36315
36319
3632
36322
36323
36327
36329
36331
36335
36343
36345
36346
36347
36348
3635
36353
36360
36362
36366
36368
3637
36370
36371
36374
36376
36378
3638
36386
3639
36392
36393
36397
36399
364
36400
36401
36403
36409
36416
3642
36424
36425
36427
36428
36429
36431
36432
36433
36436
36437
36438
36440
36441
36443
36445
36448
36449
36451
36455
36458
36460
36463
36465
36467
36469
36471
36472
36473
36475
36479
36480
36483
3649
36491
36492
36497
36498
36499
36502
36503
36508
36510
36515
36516
36517
36520
36521
36523
36524
36525
36530
36545
36546
36547
36548
36549
3655
36551
36552
36553
36559
36561
36569
36570
36572
36573
36574
36580
36582
36583
36586
3659
36592
36593
36595
36598
366
36604
36610
36611
36615
36619
36620
36624
36625
3663
36631
36633
36637
36639
36645
36655
36657
3666
36660
36666
36668
36669
3667
36670
36674
36675
36677
3668
36682
36688
36689
36692
36698
36701
36703
36706
36707
36708
3671
36711
36715
36719
36724
36726
36730
36731
36732
36735
36742
36743
36746
36747
3675
36757
36758
36759
3676
36760
36761
36762
36763
36765
36766
36771
36774
36775
36776
3678
36782
36786
3679
36792
36794
36797
36800
36801
36806
3681
36811
36814
36815
36816
36817
36821
36822
36828
3683
36838
36839
3684
36841
36843
36844
36846
3685
36850
36852
36855
36856
36858
36860
36865
3687
36872
36882
36884
36887
36888
36889
36890
36895
36897
369
3690
36901
36903
36906
3691
36916
36918
36921
36927
36935
36938
36940
36943
36944
36945
36946
36950
36953
36959
36965
36969
3697
36970
36972
36975
36976
36983
36984
36986
36987
3699
36991
36992
37
3700
37000
37003
37004
37006
37012
37015
37016
37018
3702
37021
37023
37026
37031
37042
37044
37045
37050
37051
37052
37053
37055
3706
37064
37068
37071
37072
37076
37077
37078
3708
37084
37086
37089
37090
37092
37094
37096
37097
3710
37100
37103
37111
37113
37119
37120
37124
37125
37127
37130
37132
37139
3714
37142
37145
37149
3715
37150
37151
37152
37158
37159
3716
37163
37170
37171
37174
37178
3718
37181
37182
37183
37186
37190
37198
37199
37201
3721
37210
37215
37218
3722
37220
37227
37231
37235
37236
37237
37238
37245
37246
37252
37254
37261
37262
37263
37264
37265
37266
37267
37270
37272
37277
37278
37279
3728
37280
37281
37283
37285
37286
37289
3729
37290
37291
37293
37294
37298
373
3730
37304
37308
37309
3731
37311
37313
37316
37317
37320
37323
37324
37327
37331
37334
37335
37343
37348
37353
37358
3736
37360
37361
37364
3737
37374
37375
37376
37382
37384
37393
37400
37403
37409
37411
37412
37415
37416
37418
37419
3743
37431
37436
37438
37443
37445
37450
37454
37456
37457
37458
3746
37469
37473
37482
37486
37488
3749
37490
37491
37492
37497
375
3750
37502
37506
37508
37515
37517
37526
3753
37533
37534
37541
37542
37545
37547
37552
37554
37560
37561
37562
37563
37565
37566
37569
3757
37577
37579
37581
37584
37586
37587
37589
3759
37591
37594
37597
37599
3760
37600
37602
37605
37608
3761
37612
37618
37621
3763
37630
37635
37637
3764
37641
37644
37645
3765
37651
37652
37654
37657
3766
37666
37667
37668
37669
3767
37670
37672
37676
37697
37699
3770
37701
37704
37712
37719
37723
37724
37728
3773
37732
37733
37734
37740
37747
3775
37751
37755
37756
37757
3776
37767
37768
3777
37772
37773
37775
37776
37778
37779
3778
37790
37797
37799
37804
37807
37808
37811
37812
37816
37817
37819
37821
37827
37828
37830
37832
37834
37835
37838
37839
37840
37842
37846
37847
37848
37852
37853
37855
37859
3786
37860
37862
37864
37867
37870
37872
37879
37880
37881
37884
37886
37891
379
3790
37904
37908
3791
37917
37919
3792
37920
37922
37929
3793
37930
37931
37937
37938
37939
37944
37947
37953
37956
37958
37959
37960
37963
3797
37970
37974
37977
37978
3798
37982
37983
37993
37995
37996
38
380
3800
38003
38006
38007
3801
38010
38013
38015
3802
38021
38024
38027
38028
3803
38031
38032
38037
38038
38039
3804
38040
38041
38043
38047
38048
3805
38050
38056
38057
3806
38063
38064
38066
3807
38070
38081
38083
38085
38087
3809
38090
38093
38099
381
3810
38100
38101
38104
38109
38110
38112
38114
38119
38122
38123
38125
38126
38127
38132
38134
38140
38142
38144
38150
38152
38153
38156
38157
38161
38167
3817
38176
38179
38180
38181
38188
38189
38191
38193
38198
38200
38201
38203
3821
38211
38212
38213
38222
38225
3823
38233
38235
38236
38239
38246
38247
38248
38249
3825
38250
38256
38257
38261
38268
38269
38273
38277
3828
38287
38289
38291
38292
38296
383
38304
38305
38306
38309
3831
38312
38313
38320
38323
38324
38325
38327
38329
38330
38331
38332
38334
38335
38340
38341
38342
38343
38345
38348
38355
38358
38362
38364
38365
38367
38372
3838
38380
38382
38384
38387
38395
38397
384
38405
38406
38407
38408
38409
3841
38412
38423
38425
38426
38427
38430
38432
38433
38436
38438
38439
38445
38446
38448
38449
3845
38459
3846
38460
38461
38464
38465
3847
38470
38472
38474
38478
38479
38481
38482
38483
38488
38490
38491
38493
38498
385
3850
3851
38512
38515
38517
38518
38522
38526
38527
38531
38536
38539
3854
38540
38544
38545
38549
38551
38554
38555
3856
38563
38564
38569
38571
38573
38574
38575
38583
38585
38586
38588
3859
38591
38595
38599
386
38600
38601
38606
38607
3861
38616
38621
38626
38629
38636
38638
3864
38640
38641
38643
38644
38646
38647
38651
38653
38654
38655
38657
38658
38668
38676
38678
38680
38681
38684
38686
38689
38691
38696
387
38707
38709
38714
38716
38723
38724
38728
38736
38740
38742
38744
38745
38751
38754
38755
38766
38768
3877
38772
38774
3879
38790
38792
38793
388
38801
38804
38805
38808
3881
38816
38817
3882
38821
38824
38827
38829
38834
38837
38839
3884
38841
38843
38844
38845
38848
3885
38850
38852
38855
38856
3886
38860
38861
38863
38866
38869
3887
38870
38874
38875
38877
38878
38879
3888
38887
38888
38894
38895
38896
389
38901
38905
38916
38919
38920
38929
3893
38936
38939
3894
38941
38949
3895
38950
38955
38959
3896
38960
38964
38965
38966
38968
38969
38978
38984
38990
38994
390
3900
39000
39001
39005
39008
39009
3901
39014
39017
39019
39022
39024
39027
3903
39033
39034
39037
39039
39041
3905
39050
39052
39057
39064
39065
3907
39077
3908
39080
39082
39086
39088
3909
39092
39095
39098
39099
3910
39100
39103
39104
39105
39108
3911
39117
3912
39121
39123
39124
39129
3913
39130
39132
39133
39136
3914
39141
39142
39143
39144
39145
39149
3915
39150
39156
39157
39160
39162
39164
39169
3917
39170
39171
39175
39176
3918
39183
39185
39187
39188
39195
392
39200
39207
39208
3921
39216
39219
39220
39223
39232
3924
39240
39241
39242
39244
39248
39251
39252
39261
39263
39273
39277
39283
39286
39288
39289
3929
3930
39300
39301
39303
39304
39306
39309
3931
39313
39314
39315
39316
3932
39324
39326
39329
39331
39339
39342
39343
39346
3935
39350
39351
39353
39356
3936
39360
39366
39367
39368
39369
39371
39374
39376
39382
39384
39387
39389
3939
39390
39392
39396
39397
39399
3940
39402
39403
39406
3941
39413
39417
39418
39421
39423
39425
39426
39427
39429
3943
39433
39434
39435
3945
39450
39453
39454
3946
39462
39465
39467
39478
3948
39481
39482
39483
39489
39490
39494
39497
3950
39502
39507
39508
3951
39510
39512
39515
39516
39518
39519
3952
39521
39522
39525
39526
39528
39531
39535
39537
3954
39544
39545
39546
39551
39555
39557
39559
3956
39560
39568
39572
39573
39574
39576
39578
39579
39588
39591
39592
39593
39594
39595
39596
39604
39605
3961
39610
39613
39614
39618
39623
39627
39630
39631
39632
39639
39641
39644
39646
3965
39653
39654
39657
39660
39661
39667
39668
39670
39671
39673
39675
39676
39679
3968
39680
39681
39684
39686
39687
3969
39692
39698
39699
397
3970
39701
39703
39704
39706
39710
3972
39720
39723
39726
39731
39732
39739
39740
39746
39747
39749
3975
39750
39751
39752
39753
39756
39759
39764
39766
39771
39776
39777
39778
39779
3978
39780
39781
39784
39786
3979
39799
39801
39807
39809
39822
39824
39827
39828
39829
3983
39831
39836
39840
39841
39846
39847
39848
39849
3985
39854
39859
39860
39861
39862
39863
39869
39876
39880
39881
39884
39889
39890
39891
39892
39893
399
3990
39901
39902
39906
39912
39913
39917
39919
39923
39924
39925
39926
39928
39930
39935
39937
39938
39942
39949
39955
3996
39967
39969
3997
39971
39974
39975
39976
39978
39979
39992
39994
39995
39996
39998
4
40
40000
40003
40006
40007
4001
40013
40014
40015
4002
40020
40021
40024
40026
40027
40029
40035
4004
40041
40043
40045
40049
40054
40058
40064
40066
40068
40069
4007
40070
40072
40075
40079
40082
40087
40089
4009
40090
40093
40097
40099
401
4010
40100
40104
40113
40114
40115
40123
40128
40131
40132
40134
40135
40136
40137
4014
40147
40148
40150
40151
40152
40154
40155
40159
40164
40167
40171
40178
40183
40185
40186
40189
40194
40199
402
4020
40200
40203
40206
4021
40211
40215
40219
40221
40223
40225
40226
40227
4023
40231
40232
40234
40238
4024
40243
40245
40247
40256
4026
40269
4027
40270
40272
40273
40276
40278
40283
40286
40287
40288
40289
40292
40296
40297
40299
4030
40301
40302
40303
40304
40305
40311
40317
40321
40324
40325
4033
40331
40333
40337
40341
40352
40354
40356
40359
4036
40361
40363
40367
4037
40371
40372
40373
40374
40376
40377
40381
40383
40384
40385
40386
40391
40394
40395
40397
40403
40407
40410
40414
40419
40423
40424
40425
40429
4043
40430
40434
40437
40439
40440
40446
40448
40449
4045
40453
40455
40457
40458
4046
40467
40468
40470
40475
40476
40479
4048
40481
40483
40486
4049
40492
40495
40500
40502
40504
4051
40510
40512
40520
40528
40531
40532
40533
40537
40540
40542
40545
40549
4055
40552
40554
40557
40558
40561
40570
40575
40577
40579
4058
40580
40588
4060
40604
40606
40608
40611
40620
40621
40624
40626
40628
40632
40633
40635
40639
4064
40645
40646
40656
40657
40660
40662
40669
4067
40671
40674
40681
40687
40689
4069
40690
40692
40693
407
4070
40700
40704
40708
40709
40714
40717
40723
40725
40735
40738
40745
40747
4075
40755
40758
40762
40764
4077
40770
40772
40779
40783
40788
4079
40792
40794
40802
40803
40804
40805
40806
40807
40811
40812
40813
40814
40815
40818
40820
40830
40834
40835
40836
40838
40846
40850
40861
40862
40863
40866
40869
40870
40873
40878
4088
40881
40882
40884
40888
40891
40893
40897
409
4090
40900
40904
40905
40907
4091
40911
40912
40914
40916
4092
40924
40927
4093
40932
40935
40936
40937
40938
40939
40946
4095
40950
40954
40955
40956
40959
40962
40963
40964
40965
40970
40971
40975
40977
40979
4098
40983
4099
40990
40992
41
41003
41009
4101
41010
41013
41014
41015
41019
4102
41020
41021
41023
41024
41025
41028
41032
41033
41034
41043
41045
41046
41048
4105
41052
41053
41063
41064
41067
41069
4107
41072
4108
41081
41083
41084
4109
41093
41094
41098
411
41103
41107
4111
41110
41111
41114
41116
41120
41121
41124
41126
41128
41129
4113
41131
41132
41137
41138
41139
4114
41141
41142
41143
41146
4115
41150
41153
41154
41160
41165
4117
41170
41173
41174
41178
41179
4118
41180
41184
41196
41198
4120
41203
41206
41207
41209
41214
41215
41218
4122
41221
41222
41223
41228
41229
41230
41233
41235
41236
41237
41239
41240
41241
41243
41244
41247
4125
41250
41254
41257
41258
41259
41270
41277
41279
41280
41286
41293
41294
41295
41298
41299
413
4130
41300
41302
41304
41308
41311
41317
41318
4132
41320
41321
41326
41328
4133
41336
41338
41339
41340
41341
41343
41347
41353
41355
41356
41357
4136
41360
41361
41365
41366
41367
41368
41371
41374
41378
41379
41380
41386
41387
4139
41392
41393
41394
41395
41397
41399
414
41403
41404
41407
41408
4141
41410
41412
41419
4142
41422
41426
41430
41431
41432
41434
41436
41437
41439
41446
41452
41453
41455
41458
4146
41460
4147
41472
41474
41479
41481
41482
4149
41490
41492
41497
41501
41505
41506
41507
41515
41517
4152
41522
41526
41531
41536
41538
41539
41542
41549
41551
41554
41556
41558
41559
41566
41569
41571
41572
41573
41575
41577
41581
41582
41584
41586
41589
4159
41591
41598
416
41601
41602
41609
41610
41611
41618
41625
41626
41629
41636
41642
41644
41645
41648
4165
41650
41660
41665
41666
41667
41668
41672
41673
41676
41678
4168
41680
41686
41688
4169
41690
41693
41696
41697
41698
41699
417
41700
41705
41706
41707
41709
41711
41725
41726
4173
41736
41740
41742
41745
41748
41750
41754
41756
41758
41760
41762
41764
41768
4177
41770
41771
4178
41780
41782
41786
41787
41788
41792
41798
41799
418
4180
41802
41804
41809
4181
41813
41815
41816
41817
41819
4182
41826
41828
41829
4183
41831
41832
41833
41836
41843
41845
41852
41854
41858
41860
41861
41866
41868
4187
41872
41884
41885
41887
41888
41889
41893
41895
419
41902
41905
41907
4191
41916
41917
41919
4192
41920
41923
41924
41928
41931
41933
41936
41938
41939
41946
41949
41950
41952
41955
41958
41959
41964
41967
4197
41972
41973
41977
41978
4198
41980
41985
41987
41991
420
42001
42005
42009
4201
42013
42015
42017
42018
42019
4202
42027
42033
42035
42037
42039
42048
4205
42050
42052
42053
42054
42058
42060
42061
42062
4207
42072
42079
42083
42084
42086
42087
42089
42091
42094
42095
42104
42105
42107
4211
42112
42113
42115
42116
42122
42129
4213
42131
42134
42138
42144
42146
42147
42149
42150
42153
42154
4216
42162
42164
42165
42172
42179
4218
42183
42184
42185
42187
4219
42190
42191
42195
42200
42201
42206
42209
4221
42211
42214
42215
42216
42218
42223
42225
4223
42231
42232
42237
42242
42244
42247
42249
4225
42250
42256
42257
42269
42270
42276
42279
42283
42290
42298
42300
42301
42304
42309
42313
42314
42316
42324
4233
42336
4235
42352
42354
42359
42360
42361
42364
42369
42372
42374
42376
42377
42378
42379
4238
42383
42384
42385
42387
42389
42390
42392
42394
42397
42399
424
4240
42400
42403
42404
42406
42415
42416
42417
42418
42419
4242
42431
42434
42435
42438
42439
42440
42444
42445
42453
42454
42455
42457
4246
42460
42464
42469
4247
42470
42471
42478
4248
42480
42490
42492
42494
425
42501
42505
42509
42514
42518
4252
42520
42521
42525
42529
42530
42531
42534
42538
42539
4254
42542
42545
42546
42549
4255
42550
42559
42560
42561
42564
42567
42569
42570
42578
42588
42589
42591
42593
42596
42599
4260
42601
42602
42608
42611
42614
42615
42619
42620
42622
42626
42631
42637
42638
4264
42640
42649
4265
42652
42656
4266
42663
42664
42666
42669
42673
42674
42675
4268
42680
42682
42686
4269
42695
42698
427
4270
42702
42703
42708
42710
42711
42717
42718
4272
42726
42727
4273
42734
42736
4274
42740
42741
42743
42747
42748
42751
42753
42755
42758
42759
4276
42760
42762
42763
42765
42767
42770
42771
42776
42779
42784
42787
42796
42799
428
4280
42800
42804
4282
42825
42827
42828
42829
4283
42833
42836
42838
4284
42840
42841
42842
42844
42847
42848
42851
42853
42855
42856
42859
4286
42862
42865
42866
42870
42876
42879
4288
42881
42882
42883
42886
42892
42896
42897
429
42900
42903
42907
4291
42912
42917
4292
42922
42925
42926
4293
42930
42931
42933
42934
42937
42950
42954
42956
42959
4296
42961
42963
42964
42966
42968
4297
42971
42975
42976
42979
42980
42989
42996
43
4300
43002
43004
43008
43009
43010
43011
43018
43020
43023
43024
43025
4303
43034
43035
43036
4304
43042
43044
43045
43049
43057
43061
43063
43067
43068
4307
43071
43072
43076
43078
4309
43091
43096
431
4310
43100
43105
43106
43109
4311
43110
43111
43114
43115
43117
43118
43120
43129
4313
43148
43149
4315
43153
43154
43157
43161
43164
43172
43174
43179
43182
43183
43184
43189
43190
43193
43195
43196
43198
4320
43200
43207
43220
43222
43224
43226
4323
43231
43232
43236
43241
43243
43244
43247
43249
43251
4326
43260
43263
43265
43270
43272
43274
43279
4328
43288
4329
43294
43295
43296
43298
43299
43301
43302
43304
43306
43314
43315
4332
43320
43323
43324
43325
43327
43329
4333
43330
43332
43335
43337
4334
43343
43344
43345
43348
4335
43350
43352
43355
43361
4337
43374
43375
43376
43379
4338
43384
43386
43389
4339
43412
43414
43415
4342
43424
4343
43431
43432
43438
43439
4344
43441
43443
43445
43449
4345
43458
43460
43470
4348
43481
43482
43484
43488
43491
43492
43493
43497
43498
43499
4350
43504
43505
43506
43510
43520
43522
43524
43526
43528
43529
43532
43535
4354
4355
43551
43552
43553
43556
43558
43560
43562
43566
4357
43571
43576
43580
43584
43586
43591
4360
43601
43605
43614
43616
43617
43618
43620
43623
43626
43627
4363
43630
43631
43636
43638
43641
43645
43654
43655
43678
43684
43689
43691
437
4370
43702
43703
43709
43710
43711
43715
43719
4372
43720
43722
43723
43728
43730
43731
43737
43738
43740
43745
43746
43747
43749
43752
43758
43765
43781
43782
43786
438
4380
43801
43802
43804
43808
4381
43813
43814
43815
43816
43818
43819
4382
43820
43824
43825
43828
4383
43833
4384
43841
43846
43850
43851
43853
43857
43867
43873
43880
4389
43890
43894
43895
43899
439
43905
43910
43912
43919
43920
43922
43924
43931
43932
43939
43942
43946
43949
4395
43950
43953
43958
4396
43964
43967
43974
43978
43980
43986
43989
43997
43998
44
44000
44003
44006
44008
44012
44014
44019
44022
44023
44027
44028
44030
44038
44041
44042
4405
44052
44054
44065
44066
44070
44080
44085
44087
44092
44093
44097
441
44101
44104
44111
44114
44119
44120
44122
44123
44124
44128
44132
44133
4414
44142
44145
44147
4415
44153
44169
44170
44174
44175
44180
44183
44184
44186
44187
44189
4419
44191
44195
442
44203
44211
44212
44217
44222
44228
44235
44236
44239
44242
44247
44248
4425
44250
44252
44260
44262
44267
44268
4427
44272
44277
44280
44287
44291
44294
44296
44297
44301
44302
44303
44305
44308
44309
44310
44313
44314
44316
44318
44323
44324
44326
44327
44328
44329
4433
44331
44332
44334
44336
44337
44338
4434
44341
44344
4435
44351
44356
44357
44358
44359
44361
44362
4437
44370
44371
44376
44396
444
4440
44401
44406
44416
44417
44423
44424
44430
44431
44432
44435
44439
44444
44447
44448
44452
44453
44455
44457
44458
44460
44461
44467
44468
4447
44471
44477
4448
44480
44485
44488
4449
44490
44493
44496
44497
445
44501
44506
44508
44514
44516
4452
44521
44522
44524
44525
4453
44530
44531
44533
44538
44539
4454
44544
44548
4455
44550
44551
44553
4456
44570
44576
44578
44580
44581
44583
44584
44587
44590
4460
44602
44605
44610
44611
44614
4462
44624
44632
44634
44635
44641
44643
44648
4465
44652
44655
4466
44664
44678
44682
44688
44689
44690
44691
44692
44697
44698
4470
44704
44705
44708
44709
44711
44716
44719
4472
44720
44729
44730
44737
44740
44741
44743
44749
44757
44761
44764
44767
44776
44778
4478
44783
44785
44786
44792
44800
44801
44805
44809
4481
44810
44816
4482
44821
44825
44826
44827
44828
44829
44830
44832
44837
44839
4484
44848
44853
44857
44863
44865
44881
44882
44883
44887
44896
44897
449
4490
44901
44905
44911
44932
44933
44935
44938
44944
44947
44948
4495
44955
44958
44962
44964
44968
4497
44977
44981
44983
44984
44985
44987
44989
4499
44999
4500
45004
45009
4501
45010
45013
45015
45018
45023
45026
45032
45034
45038
45040
45042
45045
45046
4505
45051
45052
45056
4506
45060
45066
45067
45069
45072
45073
45076
45078
45086
45087
45090
451
45100
45103
45104
45105
45111
45114
45115
45116
45117
45122
45123
45132
45135
45138
45141
45142
45145
45150
45169
45170
45179
4518
45182
45190
45198
452
45201
45203
45209
45210
45213
45218
4522
45221
45222
45223
45231
45234
45235
45246
45248
4525
45257
4526
45260
45264
45265
45267
45268
4527
45270
45272
45274
45275
45277
45278
45280
45284
4529
45291
45299
453
4530
45304
45308
4531
45314
45316
45317
45329
4533
4534
45340
45347
4535
45352
45355
45356
45364
45366
45369
45372
45375
4538
45380
45381
45388
4539
454
4540
45400
45402
45404
45408
45417
45421
45422
4543
45432
45437
45439
45441
45446
4545
45451
45452
45458
4546
45464
45471
45473
45474
45479
4548
45487
45490
45491
45499
45501
45505
45507
4551
45517
45518
45523
45524
45525
45527
4553
45533
45538
4554
45548
45549
4555
45552
45554
45556
45564
45565
45566
45575
45581
45583
45585
45588
456
4560
45601
45604
45605
45608
45609
45611
45612
45613
45615
4562
45620
45625
4563
45632
45634
45635
45636
45640
45641
45649
4565
45650
45659
45662
4567
45671
45675
45676
4568
45681
45686
45694
45695
45698
45699
457
4570
45702
45703
45706
45707
45711
4572
45720
45728
45729
4573
45733
45735
45738
45739
4574
45743
45749
4575
45750
45758
45766
45768
4577
4578
45781
4579
45792
45794
45795
4580
45806
45811
45818
45824
45826
45829
4583
45830
45837
45839
45840
45843
45844
45848
45853
45854
4586
45861
45862
45864
45867
4587
45874
45875
45879
45880
45883
45884
45885
45886
45891
45894
45904
45905
45907
45908
45909
4591
45914
45920
45921
45925
45926
45927
45929
4593
45938
4594
45941
45942
45945
45946
45947
45948
45955
45959
45963
45969
45971
45974
45977
45984
4599
45992
45999
46
460
46010
46015
46016
46017
46022
46023
46027
46031
46033
46036
46038
4604
46048
46050
46051
46052
46058
46059
4606
46061
46063
46069
46070
46071
46075
46077
46079
46083
46085
46091
46092
46093
46101
46103
46112
46113
46117
46129
46131
46134
46141
46143
46151
46152
46153
46154
46155
46156
4616
46161
46166
46167
4617
46175
46176
46186
46193
46196
46198
462
4620
46200
46205
46206
46207
46217
46219
46222
46223
46224
46225
46228
4623
46236
46243
46244
46245
46251
46260
46263
46267
4627
46278
46279
46283
46287
4629
46292
46294
46296
46297
4630
46301
46303
46305
46306
46307
4631
46310
46315
46319
4632
46320
46321
46325
46326
46328
46329
46331
46334
46337
46339
46347
46351
46354
46355
46362
46366
4637
46374
4638
46380
46382
46383
46384
46387
4639
46390
46391
46392
46397
464
46400
46406
46412
46416
46420
46425
46427
4643
46431
46432
46433
46434
46439
4644
46442
46443
46444
46445
46447
46449
46452
46457
46458
4646
46462
46465
46468
46472
46478
46480
46486
46487
46488
46490
46491
46498
465
4650
46500
46503
46509
4651
46510
46513
46514
46515
46516
46517
46522
46528
46531
46535
46536
46540
46541
46542
46549
46551
46554
4656
46560
46565
46566
4657
46575
46590
46591
46594
46596
466
4660
46606
46607
4661
46614
46615
46619
4662
46622
46623
46626
46627
46632
46635
46641
46645
46647
46651
46652
46656
46658
46659
4666
46661
46662
46663
46667
46671
46677
46679
46680
46683
46698
467
46702
46703
46706
46710
46716
46718
46719
46722
46726
46734
4674
46741
46743
46748
46750
46751
46754
46756
46757
46763
46764
4677
46771
46772
46776
46777
46780
46782
46785
46788
46789
46793
46798
46799
4680
46800
46801
46803
46805
4681
46812
46813
46814
46815
46820
46828
46829
4683
46830
46832
46837
46841
46844
46851
46857
4686
46860
46861
46867
4687
46872
46873
46876
46878
46879
46880
46882
46886
46887
4689
46895
46901
46905
46907
46909
4691
46911
46917
46919
46923
46926
46928
46933
46944
46956
46957
46958
46965
46966
46970
46971
46973
46976
46977
46979
4698
46980
46984
4699
46991
46992
46993
46994
46995
46996
46997
47
47004
47006
47009
47013
47018
47029
47030
47035
4704
47041
47042
47045
47046
47048
47050
47051
47054
47055
4706
47064
47065
47068
47069
4707
47075
47080
47087
4709
47093
47094
47098
471
47105
47106
47107
47108
47109
47110
47112
47115
47118
47119
4712
47120
47127
47128
47130
47135
47137
47141
47147
47148
47149
47150
47151
47171
47183
47188
47192
47193
472
47202
47206
47209
47210
47212
47217
47222
47225
4723
47233
47234
47236
47237
47243
47246
4725
47250
47255
47256
47257
47259
4726
4727
47274
47275
4728
47280
47286
47289
4729
47290
47292
47295
47298
47301
47304
47305
47308
47315
47327
47334
47346
47352
47356
47357
47358
47363
47369
4737
47374
47375
47376
47378
47387
47389
4739
47391
47392
47394
47397
47398
47400
47401
47404
47407
47408
4741
47410
47411
47412
47418
47419
47420
47426
47433
4744
47441
4745
47452
47455
47457
47458
47471
47472
4748
47480
47481
47483
47486
4749
47490
47493
47494
47496
47497
475
4750
47502
47503
4751
47515
47516
47518
4752
47521
47523
47534
47536
47537
47538
47551
47556
4756
47564
47566
47567
4757
47573
47575
47583
47587
47589
4759
47590
47591
47600
47601
4761
47610
47624
47629
47632
4764
47645
47647
4766
47660
47665
47667
47672
4768
47685
47687
47689
47692
47695
47698
47699
477
4770
47700
47703
47704
47710
47714
47717
47721
47728
4773
47730
47731
47732
47734
47739
4774
47740
47743
47746
47749
4775
47750
47759
47761
47764
47767
4777
47773
47775
47777
47779
47787
47790
47792
47793
478
47805
47807
47812
47815
47816
47819
47822
47824
47827
47829
4783
47835
47837
47839
47842
47852
47853
47854
47858
47860
47863
47865
4787
47870
47872
47878
4788
47888
47895
47896
47898
479
47902
47903
47904
47905
47907
47908
4791
47915
47916
4792
47920
47922
47930
47933
47934
47941
47947
47949
4795
47952
47953
47957
47963
47965
47967
47968
47969
4797
47985
47986
4799
47991
47992
47999
48
48000
48001
48002
48005
48009
48014
48018
4802
48020
48023
48024
4803
48031
48033
48039
48045
48046
48047
48048
48049
48051
48053
48056
48071
48074
48080
48082
48087
48090
48092
48094
481
4810
48101
48105
48107
48112
48113
48114
48115
48121
48123
48124
48125
48127
48128
48129
4813
48130
48137
48138
48142
48145
48146
48150
48151
48152
4816
48164
48166
4817
48188
48189
48190
48191
48195
48196
48198
48199
48202
48204
48208
48215
48216
48217
48220
48221
48226
48227
48230
48231
48242
48245
48256
48257
48261
48264
48268
48270
48278
4828
48281
48283
48285
48288
4829
48290
48291
48296
48303
48307
48308
48309
4831
48311
4832
48334
48337
48342
4835
48350
48354
48356
48357
48361
48363
48366
48368
4837
48373
48375
48376
48377
48387
48393
48394
48395
48396
48398
48399
484
4840
48408
48411
48412
48417
48418
48421
48429
4843
48441
48442
48450
48454
48458
48461
48463
48464
48467
4847
48470
48472
48473
48475
48476
48478
48480
48483
48484
48486
48488
48492
48493
48497
48501
4851
48512
48521
48522
48528
48532
48533
48536
48538
48551
48552
48554
48555
4856
48562
48572
48577
48579
48581
48585
4859
48592
48593
48596
48600
48604
48605
48609
48611
48612
48613
48615
48616
48618
48619
4862
48621
48624
48625
48630
48631
48634
48638
48639
4864
48640
48648
4865
48655
48656
48657
48659
4866
48666
48669
48674
48685
48687
48689
4869
48695
487
4870
48700
48701
48704
48709
48710
48713
48719
48721
48727
48728
48729
4873
48731
48739
48749
48752
48753
48754
48755
48757
48759
48764
48765
48769
4877
48770
48773
48774
48776
48777
48781
48783
48785
4879
48790
48794
48799
4880
48801
48806
48807
48813
48815
48816
48826
48827
48835
48838
48841
48843
48844
48845
48847
48849
48850
48852
48854
48857
48861
48862
48866
48867
48872
48873
48874
48875
48879
4888
48888
48892
48896
48899
489
48900
48907
4891
48913
48914
48917
48918
48920
48922
48924
48927
4893
48931
48932
48942
48945
4895
48951
48953
48954
48955
48959
48964
48972
48973
48979
4898
48985
48989
4899
48995
49003
49004
49007
49009
49016
49020
49022
49023
49029
49032
49033
49035
49037
49042
49045
49052
49054
49057
49058
49062
49069
4907
49071
49072
49076
49080
49081
49084
49089
4909
49090
49092
49093
49094
4910
49101
49107
4911
49111
49114
49115
49120
49123
49128
4913
49131
49132
4914
49142
49146
49147
49150
49151
49158
4916
49161
49162
49168
4917
4918
49180
49182
49183
49185
49188
49193
49195
49197
4920
49203
49204
49208
49210
49212
49213
49215
49216
49217
49218
49220
49221
49224
49228
49231
49235
49245
49247
4925
49254
49255
49258
49259
49260
49262
49263
49271
49273
49276
49279
49280
49283
49284
49293
49297
49298
49303
49305
49310
49311
49312
49315
49317
49319
49323
49325
49328
4933
49335
49337
49339
49340
49344
49351
49354
49356
49357
49358
49360
49365
49367
49368
49369
49370
49371
49372
49375
49376
49378
49382
49385
49388
49391
49394
49398
494
4940
49402
49403
49409
49410
49411
49415
49428
49435
49442
49452
49454
49455
49456
49460
49461
49467
49472
49474
49476
49480
49486
49487
49499
49502
49503
49507
49512
49513
49514
49519
4952
49522
49524
49527
49532
49534
49536
49539
49540
49546
49547
49548
49553
49554
49556
49559
49561
49562
49564
49569
49570
49572
49575
49577
49578
49584
49594
49595
49598
49602
49603
49605
49607
4961
49610
4962
49623
49625
49627
49629
49631
4964
49644
49648
49650
49653
49656
49658
49659
49665
49670
49674
49675
49676
49680
49682
49685
49689
49690
49691
49692
497
4970
49700
49701
49704
49708
49710
49711
49712
49713
49717
4972
49722
49723
49724
49726
49729
49730
49731
49738
49743
49744
49745
49747
49748
49749
49751
49752
49753
49754
49762
49764
49767
49768
49772
49773
49774
49775
49776
49779
49789
49792
49794
49798
49799
498
4980
49806
49807
4981
49810
49814
49817
4982
49827
49834
49838
49839
4984
49847
49849
49850
49851
49854
49858
49859
4986
49860
49861
49864
49865
49867
49868
49869
49872
49873
49881
49883
4989
49891
49892
49895
49898
49903
49907
49908
49913
49916
49920
49923
49925
49926
49929
4993
49931
49935
49938
49939
49942
49944
49947
4995
49950
49952
49954
49956
4996
49964
49965
49967
49968
49971
49980
49982
49983
49987
49988
49989
4999
49998
5
50
500
5000
50002
50004
50009
5001
50011
50012
50020
50022
50024
50027
50030
50034
50038
5004
50040
50042
50043
50052
50054
50058
50059
5006
50070
50071
50072
50073
50074
50076
50079
50080
50085
50089
50095
50096
50097
50100
50105
50110
50111
50115
50117
50119
50126
50127
50128
5013
50131
50133
50136
50138
50139
5014
50141
50142
50143
50144
50147
5015
50150
50151
50154
50156
50158
5016
50160
50161
50162
50163
50164
50165
50167
50171
50172
50173
50174
50178
5018
50180
50181
50185
50186
50188
50189
50193
50194
50195
50207
5021
50214
50215
50216
50219
50221
50222
50224
50230
50234
50235
50236
50238
50239
50241
50242
50246
50248
50249
5025
50251
50258
50260
50263
50264
50265
50267
50268
5027
50275
50277
50279
50281
50286
50289
5029
50290
50291
50293
503
50302
50306
50309
50310
50311
50317
5032
50322
50323
50328
5033
50331
50332
50336
50337
50338
5034
50342
50344
50350
50351
50352
50357
50360
50363
50365
50366
50368
50369
5037
50370
50371
50373
50375
50376
50378
5038
50383
50384
50385
5039
50391
50397
50399
5040
50402
50404
50406
50407
50408
5041
50410
50412
50413
50414
50417
50418
50421
50423
50427
50429
50431
50437
5044
50442
50448
50449
50453
50455
50457
50458
50460
50465
50466
5047
50471
50475
50476
50477
50482
50486
5049
50490
50492
50494
50495
505
5050
50501
50505
50507
50508
50511
50512
50514
50518
50521
50523
50525
50526
50530
50531
50532
50533
50536
50538
50539
5054
50540
50541
50542
50543
50546
50547
5055
50552
50556
50568
50571
50572
50573
50574
50576
50577
50580
50581
50582
50589
50590
50594
50596
50597
5060
50600
50601
50602
50604
50608
50612
50614
50623
50625
50628
50629
5063
50630
50632
50637
50638
50640
50641
5065
50652
50654
50656
50659
5066
50661
50662
50663
50664
50665
50667
50668
5067
50677
50678
50681
50682
50683
50684
50688
5069
50691
50692
50695
50696
50697
50698
5070
50702
5071
50718
50719
50729
5073
50732
50734
50740
50741
50743
50749
5075
50750
50753
50757
50758
50762
50763
50765
50769
50771
50773
50775
50776
50782
50784
50790
50793
50794
5080
50804
50810
50813
50815
50828
50832
50833
50834
50842
50845
50848
50849
50859
5087
50870
50875
50878
50880
50882
50883
50886
50890
50898
509
50904
50908
5091
50913
50919
50932
50938
50942
50943
50945
50949
50950
50952
50953
50958
5096
50960
50962
50968
50969
5097
50970
50974
50975
50976
5098
50981
50982
50983
50986
50987
50991
50992
50993
50994
50995
50996
50998
51
51001
51005
51007
51008
51010
51011
51012
51013
51019
5102
51022
51024
51025
51027
51028
5103
51033
5104
51040
51042
51045
51048
51049
5105
51050
51052
51053
51058
51059
51060
51062
51066
51070
51075
51076
51078
51080
51081
51084
51085
51088
5109
51090
51091
5110
51101
51103
5111
51111
51112
51119
51122
51123
51127
51132
51135
51137
51139
51140
51141
51145
51147
5115
51151
51155
51156
51157
51161
51163
51166
51168
51169
5117
51172
51173
51179
51180
51181
51182
51185
51186
5119
51194
512
51200
51203
51209
51212
51213
51214
51218
51219
5122
51228
51229
5123
51233
51235
51236
51237
51240
51243
51246
51247
51255
51256
5126
51260
51265
51266
51268
5127
51270
51273
51274
51277
51282
51284
51285
5129
51296
51299
513
51300
51301
51302
51304
51306
51313
51314
51315
51321
51323
51326
51327
51329
51333
51336
51341
51342
51343
51351
51352
51354
51358
51359
51361
51365
51371
51372
51373
51376
51377
5138
51382
51387
51388
51390
51395
51396
51397
514
51405
51408
51411
51413
51419
51429
5143
51434
51439
5144
51441
51449
51455
51456
51457
51460
51461
51465
51472
51474
51476
5148
51481
51483
51484
51495
5150
51500
51504
51505
51507
51510
51514
51519
51520
51522
51523
51527
51529
51536
51538
51539
5154
51542
51547
51549
51550
51552
51554
51556
51558
51560
51561
51562
51564
51566
51567
51571
51574
51576
51577
51582
51584
51588
51589
5159
51593
51603
51607
51609
5161
51612
51620
51621
51625
51635
5164
51652
51655
51660
51662
51664
51665
51667
51669
51670
51672
51674
51678
5168
51680
51682
51684
51685
51686
51687
51689
5169
51693
51695
51700
51701
51702
51709
51713
51714
51715
51719
51732
51733
51735
51737
51738
51741
5175
51754
51758
51764
51767
51771
51772
51774
5178
51781
51782
51786
51790
51792
51793
51794
51795
51796
51798
518
5180
51801
51806
51807
51808
51809
51813
51814
51815
51819
51826
51830
51836
5184
51845
51850
51851
51855
51859
51860
51862
51863
51866
51872
51874
51876
51881
51882
51885
51886
51888
51889
5189
51891
51892
51896
51897
51898
519
51902
51903
51909
51913
51916
51917
51918
51920
51924
51926
51927
51928
51929
5193
51930
51941
51942
51943
51945
51947
51951
51954
51958
51965
51967
51969
51972
51977
51983
51986
51987
51988
51989
5199
51993
51996
51997
520
52005
52012
52015
5202
52020
52028
52029
52034
52038
52039
52041
52043
52044
52049
5205
52054
52055
5206
52061
52062
52066
52067
5207
52070
52077
52078
52081
52083
52085
52090
52091
52095
52096
52097
521
5210
52102
52103
52104
52107
52108
52109
52111
52124
52127
52128
52132
52137
52138
52140
52141
52142
52144
52150
52159
52163
52169
5217
52175
52179
52186
52188
52193
52195
522
52202
52203
52208
5221
52210
52211
52212
52215
52219
52222
52228
5223
52234
52235
52236
52237
52238
52242
52244
52249
52250
52252
52253
52256
52260
52261
52269
5227
52276
52278
5228
52280
52281
52282
52285
52287
52290
52291
52294
52296
52298
5230
52300
52301
52304
52306
52307
52308
52309
52311
52312
52315
52318
5232
52323
52324
52326
52330
52331
52335
52336
5234
52342
52343
52347
52349
5235
52352
52355
52360
52366
52368
52370
52371
52372
52375
52378
5238
52381
52382
52384
52385
52386
52388
52390
52393
52396
524
52402
52403
52404
52405
52407
52410
52411
52413
52414
52416
52417
52418
52420
52421
52429
52438
52439
5244
52440
52441
52444
52445
52448
52451
52459
52463
52464
52467
5247
52471
52477
52479
5248
52481
52488
52489
5249
52501
52505
52506
52507
52509
52514
52515
52517
52520
52527
52528
52529
52530
52531
52532
52533
52540
52547
52548
52554
52556
52558
52560
52569
52571
52574
52575
52578
5258
52581
52582
52583
52584
52588
52589
5259
52593
52597
52599
5260
52601
52603
52606
52607
52608
52609
52612
52617
52619
52621
52623
52624
52628
52629
5263
52636
52637
52639
52642
52643
52645
52667
52670
52672
52674
52675
52676
52677
52678
52680
52681
52694
52695
52696
52699
527
52702
52705
52706
52707
52710
52711
52712
52717
52719
5272
52720
52722
52723
52733
52735
52737
52738
52741
52742
52743
52744
52747
52749
52750
52753
52759
52763
52774
52778
52781
52783
52789
52791
52793
52805
52807
52809
5281
52816
52819
52822
52824
52826
52828
52835
5284
52840
52843
52846
52848
52849
52855
52856
52858
52862
52865
52869
52871
52880
52881
52885
52889
52891
52894
52895
5290
52901
52905
52907
5291
52914
52916
52917
52918
52920
52922
52924
52927
5293
52930
52933
52936
52939
5294
52942
52943
52944
52948
52949
52950
52952
52956
52959
52964
52965
52966
5297
52972
52976
52977
52980
52981
5299
52991
52992
52993
53
53001
53003
53004
53005
53008
53009
5301
53010
53012
53017
5302
53021
53022
53023
53024
53026
5303
53032
53046
53048
53049
5305
53055
53057
53060
53067
53068
53069
53071
53076
5308
53080
53081
53084
53086
5309
53091
53094
531
5310
53105
5311
53110
53114
53117
5312
53120
53124
53126
5313
53132
53139
53146
53149
53155
53158
5316
53164
53166
53167
53168
53169
5317
53170
53173
53176
53186
53187
53191
53193
53195
53200
53205
53208
53210
53211
53212
53213
53223
53224
53225
53228
53230
53234
53236
53238
53239
53240
53241
53244
53247
53248
53249
53256
53257
5326
53260
53261
53262
53266
53267
53269
53273
53274
53276
53277
53278
53282
53284
53286
53287
53294
53297
53305
5331
53317
53318
5332
53320
53323
53325
53326
53328
53329
5333
53339
5334
53345
53346
53348
53349
53351
53354
53357
53359
5336
53360
53361
53362
53370
53373
53383
53384
53386
53387
53388
5339
53391
53395
53396
5340
53403
53408
53409
5341
53410
53411
53414
53422
53428
53433
53435
53436
53437
5344
53440
53442
53444
53445
53449
53450
53454
53458
53462
53464
53468
53469
53473
53477
53478
5348
53480
53481
53483
53487
5349
53491
53492
53499
535
5350
53505
53506
53509
5351
53510
53515
53519
53520
53522
53524
53527
5353
53536
53537
53538
5354
5355
53551
53559
5356
53563
53564
53565
53566
53567
5357
53574
53579
53583
53584
53588
5359
53592
53599
536
5360
53603
53607
53608
53613
53616
53617
53619
53624
53625
53626
53634
53636
53640
53641
53642
53644
53645
53646
5365
53650
53652
53653
53654
53655
5366
53660
53662
53665
53670
53673
53676
53684
53685
5369
53690
53691
53696
53699
5370
53701
53704
53705
53708
5371
53713
53716
53717
53718
53720
53721
53725
53728
53730
53732
53734
53735
53737
53746
53748
53749
53752
53756
53758
5376
53766
53769
53772
53776
53780
53785
53787
53797
53798
53799
5380
53800
53804
53806
53811
53814
53820
53823
53825
53826
53828
53832
53833
53841
53843
53844
53845
53848
53849
5385
53851
53854
53855
53858
5386
53862
53868
53870
53871
53876
53879
53881
53883
5389
53890
53892
53893
53899
5390
53900
53901
53905
53906
5391
53912
53913
53914
53916
53919
53920
53921
53922
53924
53929
53932
53933
53937
53944
53946
53949
5395
53961
53962
53965
53966
53967
5397
53970
53974
53978
5398
53994
53995
53996
53999
54
540
5400
54002
54004
54007
54009
5401
54011
54018
54019
54020
54023
54024
54025
54027
5403
54044
54045
54047
54048
54049
5405
54054
54057
54061
54063
54068
54078
54079
54081
54084
54087
5409
54094
54096
54099
541
5410
54101
54107
54108
5411
54113
54118
54121
54128
54129
5413
54134
54138
5414
54141
54148
54151
54152
54158
54159
54161
54164
54167
54172
54178
54180
54183
54190
54197
5420
54200
54203
54208
54211
54217
5422
54222
54223
54224
54227
54238
54239
54242
54248
5425
54254
54256
54257
54258
54264
54267
54268
54269
5427
54272
54275
54276
5428
54281
54282
54284
54285
54289
5429
54295
54298
543
5430
54300
54301
54302
54309
54310
54314
5432
54322
54323
54326
54329
54336
54338
5434
54340
54345
54347
5435
54350
54356
54359
5436
54362
54377
54378
5438
54382
54383
54384
54386
54388
5439
54392
54393
54398
54400
54402
54403
54404
54405
54406
54410
54412
54414
54415
54420
54424
54427
54430
54440
54448
54449
54452
54455
54456
5446
54460
54461
54463
54466
54467
54468
54473
54476
54478
54479
54489
5449
54490
54494
54497
54500
54505
54510
54512
54514
54519
54520
54522
54525
54528
5453
54530
54533
54535
54536
54537
54538
54539
54541
54542
54544
54548
54553
54558
54559
5456
54561
54563
54564
54567
54571
54572
54575
5458
54580
54581
54584
5459
54591
54592
54594
54596
54598
5460
54603
54604
54613
54614
54618
54619
54621
54624
54629
54633
54637
54638
54639
54649
5465
54650
54651
54652
54662
54663
54664
54665
54666
54667
54672
54673
54677
54678
54679
54683
54688
54689
54692
54696
54698
547
5470
54706
54708
54711
54713
54714
54716
54722
54725
54727
54733
54734
54736
54739
54741
54743
54744
54749
54758
5476
54760
54770
54775
54781
54784
54787
54788
54789
5479
54791
54793
54797
54798
54805
54810
54813
54814
54815
54817
54818
54824
54828
54829
5483
54831
54833
54838
5484
54848
54849
54850
54852
54853
54856
54859
5486
54860
54864
54865
54867
54868
54869
54875
54879
5488
54886
54894
54895
54897
549
54900
54903
54908
5491
54913
54915
54916
54918
54919
54924
54927
5493
54930
54933
54938
54940
54943
54944
54945
5495
54954
54955
54956
54959
54960
54961
54966
54967
54968
54972
54973
54978
5498
54980
54981
54986
5499
54990
54991
54992
54994
55
55001
55004
55005
55007
55008
55013
55015
55019
55020
55024
55026
55031
55032
55033
55035
55038
5504
55041
55046
55048
55055
55058
55059
55060
55061
55062
55065
55074
55080
55081
55082
55083
55084
55085
55087
55092
55098
551
55100
55106
55109
5511
55111
55112
55118
55120
55121
55124
55125
55126
55127
55128
55130
55132
55134
55135
55139
55149
5515
55152
55155
55157
55158
55164
55166
55167
55170
55178
55184
55185
55186
55189
55191
55197
5520
55202
55203
55206
55208
55210
55212
55214
55217
55220
55225
55228
5523
55231
55233
55234
55235
55242
55245
55247
55248
55249
55254
55259
55264
5527
55270
55277
55287
55288
55290
553
55301
55303
55307
55314
55315
55317
5532
55320
55323
55327
5533
55330
55335
55336
55338
55339
55349
55350
55351
55352
55355
55356
55359
5536
55363
55366
55369
55373
55375
55378
55380
55382
55383
55385
55386
55387
5539
55391
55392
55393
554
5540
55401
55402
55408
5541
55410
55411
55412
55413
55414
55416
5542
55423
55425
55426
55431
55433
55439
5544
55444
55448
55449
55454
55463
55464
55474
55475
55476
55479
55482
55485
55488
55491
55492
55494
55496
55508
5551
55510
55511
55512
55517
55518
5552
55520
55523
55525
55526
55529
55530
55531
55539
55541
55543
55545
55548
55555
55557
5556
55565
55566
55570
55573
55574
55576
5558
55584
55586
55589
55591
55592
55596
55597
55599
55603
55609
5561
55610
55613
55618
55620
55625
55626
55627
55632
55636
55637
55638
55640
55645
55649
55655
55660
55663
55666
55672
55673
55675
55683
55685
55694
55696
55698
55699
55701
55703
55704
55705
55706
5571
55718
5572
55724
55726
5573
55730
55731
55734
55737
5574
55740
55742
55743
55758
5576
55760
55769
5577
55770
55773
55779
55781
55785
55786
55788
55789
5579
55790
55800
55801
55803
55804
55805
55807
55809
55811
55819
55821
55824
55836
55841
55842
55849
5585
55850
55856
5586
55867
5587
55870
55873
55874
55878
55879
55882
55883
55887
5589
55891
55896
559
55900
55901
55903
55904
55906
55907
55908
5591
55911
55912
55914
55921
55931
55934
55936
55938
55939
5594
55942
55946
55949
5595
55951
55952
55955
55965
55966
55971
55972
55973
55974
55980
55981
55991
55993
55999
56
5600
56002
56003
56007
5601
56011
56019
56024
56027
56029
56034
56036
56038
56043
56048
56049
56051
56053
56055
56062
56064
56067
5607
56072
56078
56079
56083
56084
56085
56088
56090
56091
56092
56096
56097
56099
561
56101
56102
56103
56105
56107
56109
5611
56110
56111
56116
56117
5612
56122
56127
5613
56135
56142
56145
56146
5615
56150
56152
56153
56156
56158
5616
56165
5617
56170
56171
56172
56180
56182
56199
562
5620
56202
56205
56211
56214
56215
56218
56219
5622
56222
56224
56229
56230
56231
56234
56235
5624
56247
56249
56253
56254
56255
56256
56259
56261
56265
56269
56271
56273
56274
56275
5628
56283
56287
56290
56296
56297
563
5630
56304
56307
56308
5631
56315
56317
56320
56323
56332
56333
56334
56335
56338
56339
5634
56344
56345
56346
56351
5636
56362
56373
56374
56380
56384
56389
5639
56393
56395
56397
5640
56408
56411
56413
56418
56419
56425
56427
5643
56434
56437
56441
56442
56447
56453
56463
56466
56467
56473
56480
56481
56483
56484
56488
56489
56495
56497
56500
56502
56506
56508
56509
5651
56513
56516
5652
56521
56523
56525
5653
56530
56532
56538
56539
56542
56544
56547
56549
5655
56551
56553
56555
5656
56560
56564
56567
56568
5657
56571
56577
56579
5658
56582
5659
56595
56599
566
5660
56606
56609
56612
56617
5662
56621
56625
56626
56627
56628
56629
56631
56634
56635
56636
56644
56645
56646
56659
56662
56664
56665
56674
5668
56680
56682
56683
56686
56693
56696
56697
567
5670
56701
56708
56711
56717
56728
56729
5673
56732
56736
56743
56745
56746
5675
56754
56755
5676
56761
56765
56767
56773
56775
56777
56778
5678
56780
56782
56786
56788
56789
5679
56792
56797
56798
568
5680
56800
56806
56808
5681
56810
56811
56812
56813
56814
56816
56818
5682
56828
56832
56833
56835
56843
56858
5686
56861
56865
56866
56877
56884
56886
5689
56891
56895
56896
56900
56902
56905
56909
5691
56910
56911
56912
56925
56926
5693
56932
56940
56941
56946
56948
56949
5695
56954
56956
56957
56959
56961
56964
56967
56968
5697
56972
56975
56978
5698
56980
56988
56990
56994
56995
56996
56997
57
5700
57000
57004
57009
5701
57012
57015
57018
57019
5702
57022
57029
57032
57036
57040
57041
57043
57048
5705
57050
57051
57057
57059
5706
57068
57070
57075
57077
57078
57079
5708
57085
57087
57088
57090
57093
57094
57096
57097
57109
5711
57110
57116
57117
57118
5712
57126
57127
57128
57130
57137
57141
57142
57143
57144
57145
5715
57150
5716
57160
57161
57172
57175
5718
57180
57183
57185
57188
57196
572
5720
57201
57209
5721
57210
57216
57218
57220
57222
57230
57232
57233
57234
57235
57237
5724
57240
57243
57260
57264
5727
57275
57279
5728
57286
57288
57292
57297
573
57304
57310
57311
57312
57313
57316
5732
57322
57325
57326
57333
57335
57338
57343
57344
57345
57347
5735
57350
57353
57359
5736
57361
57366
57368
57373
57374
5738
57381
57383
57386
57388
5739
57390
57391
57392
57393
57397
57398
57399
5740
57400
57405
57409
57411
57417
57422
57423
57428
57430
57434
57435
5744
57447
57449
5745
57450
57452
57454
57455
5746
57460
57461
57467
57472
57475
57477
57478
57483
57490
57491
57494
57496
575
5750
57502
57504
57512
57514
5752
57520
57527
57528
57532
57534
57536
5754
57547
57550
57555
57556
57557
57560
57563
57565
57567
57568
57572
57574
5758
57581
57584
57586
57587
57593
57597
57598
57599
576
5760
57602
57608
57609
5762
57625
57627
5763
57633
57637
57642
57647
57648
5766
57662
57667
5767
57670
57675
57677
57679
5768
57684
57685
5769
57691
57693
57695
57699
577
5770
57701
57703
57705
57710
57717
57718
57721
57722
57723
57729
57732
57733
57742
57743
57744
57751
57752
57753
57756
57759
5776
57764
57765
57769
5777
57771
57775
5778
57785
57788
57789
5779
57790
57791
57792
57793
57794
57796
5780
57802
57804
57806
57808
5782
57826
57827
57828
5783
57830
57834
57836
57838
57843
57855
57856
57857
57860
57861
57863
57867
57868
57873
57875
5788
57880
57883
57884
57885
57889
5789
57891
57895
57903
57904
57906
5791
57910
57911
57913
57914
57915
5792
57920
57922
57923
57925
57926
57927
57928
5793
57930
57933
57940
57944
57952
57957
57958
57961
57964
57967
57969
5797
57971
57974
57981
57986
57987
5799
57992
57993
57996
57998
58
580
58000
58001
58003
58005
58009
5801
58010
58011
58012
58018
5802
58020
58024
58027
58030
58031
58033
58035
58039
58041
58046
5805
58051
58052
58054
58055
58058
5806
58060
58063
58066
58068
58069
58070
58072
58074
58075
58077
58081
58083
58085
58086
58089
5809
58092
58093
58099
58100
58108
58109
58111
58112
58113
58114
5812
58123
58125
58126
58127
58132
58137
58138
58141
58145
58146
58150
58151
58157
58158
58159
58163
58165
58167
58169
58173
58174
58176
5818
58183
58188
58194
58195
58197
582
5820
58200
58203
58204
5821
58212
58216
58222
58227
58228
58229
5823
58236
58239
5824
58240
58243
58247
58248
58252
58253
5826
58262
58263
58264
58265
58271
58277
58283
58287
5830
58301
58305
58306
58311
58312
58315
58316
58321
58322
58324
58326
58327
58328
58329
58331
58332
58337
58338
5834
58341
58343
58348
58350
58354
58357
58358
5836
58360
58364
58366
58374
58375
58376
58377
5838
58383
58384
58385
58386
58387
58390
58392
58393
58394
58396
58397
58399
58405
58406
58408
5841
58410
58412
58413
58414
58416
58420
58427
58428
5843
58433
58437
58441
58451
58452
58458
5846
58461
58462
58469
5847
58472
58476
58477
5848
58481
58483
58485
5849
58490
58494
58496
585
5850
58500
58501
58502
58506
58507
58508
58509
58512
58514
58517
58518
58519
58524
58526
58527
5853
58539
5854
58540
58544
58545
58549
5855
58553
58554
58556
58561
58563
58566
58568
5857
58570
58572
58576
5858
58583
58584
58588
58590
58592
58596
58597
58599
586
58603
58605
58608
5861
58612
58614
58615
58616
58618
5862
58623
58627
5863
58633
58635
58637
5864
58643
58648
58649
58651
58657
58662
58663
58665
58668
58669
58670
58672
58684
58685
58686
5869
58693
58695
58699
587
58702
58708
5871
58713
58723
58725
58726
58727
5873
58732
58736
58738
58739
58744
58747
58753
58754
58757
58759
58761
58762
58767
5877
58770
58772
58774
58775
58784
58785
58786
58788
5879
58795
58797
588
58803
58805
58806
58807
58808
5881
58812
58813
58816
58818
58819
58821
58823
58824
5883
58830
58831
58839
5884
58840
58844
58845
58846
58848
5885
58853
58854
58862
58865
58867
58869
58876
58877
58879
5888
58882
58885
58886
5889
58896
58897
589
58901
58903
58905
58906
58914
58920
58922
58926
58929
58930
5894
58943
58944
58947
5895
58952
58953
58954
58957
58959
58963
58967
58968
58970
58976
58981
58983
58984
58986
58988
58994
58996
59001
59003
59006
59016
59017
59019
59021
59023
59025
59032
59035
59036
59037
59039
59041
59042
59043
59046
59049
59055
59057
59058
59060
5907
59071
59075
59077
59078
59082
59083
59084
59086
59088
59093
59099
59100
59101
59102
59111
59113
59115
59122
59123
59125
59128
59131
59136
59139
59141
59143
59144
59146
59153
5916
59163
5917
59172
59174
59180
59182
59186
59191
59192
59193
59194
59198
5920
59202
59209
59210
59213
59214
59219
5922
59227
59238
5924
59241
59244
59246
59247
59251
59253
59255
59262
59265
59268
5927
59277
59278
59286
59287
59288
5929
59290
59297
593
59300
59307
59308
59309
59310
59312
59314
5932
5933
59330
59335
59338
59339
59342
59345
59348
59352
59353
59355
59359
5936
59360
59367
59368
59369
59375
59377
5938
59380
59383
59385
59392
59395
59399
5940
59400
59401
59403
59409
59410
59414
59419
59420
59422
59425
59430
59435
59438
59448
5945
59450
59451
59453
59455
59456
59460
59463
59466
5947
59472
59473
59476
59477
5948
59481
59486
59487
59489
5949
59494
59498
59500
59503
59504
59505
59506
59507
59514
59516
59529
59534
59535
59544
59545
59549
59553
59556
59559
5956
59560
59563
5957
59573
59575
59576
59578
5958
59585
59586
59587
59588
59589
5959
59590
59594
59597
59603
59604
59605
59609
59611
59613
59614
59616
59619
59620
59621
59628
59629
59630
59631
59635
59638
59639
59642
59643
59646
59648
59649
59651
59652
59653
59659
59660
59664
59667
59669
59670
59672
59676
59677
59679
59681
5969
59692
59693
59696
59697
59698
59699
59700
59701
59705
59708
59710
59711
59713
59715
59716
59720
59723
59725
59728
5973
59734
59736
59737
5974
59745
59748
59749
5975
59750
59751
59758
5976
59760
59763
59769
5977
59771
59772
59777
5978
59784
59787
5979
59790
59791
59792
59794
59796
59797
59798
598
5980
59808
59810
59814
59816
59819
59824
59827
59828
59832
59836
59839
59841
59844
59847
59848
5985
59852
59853
59855
59856
5986
59863
59864
59865
59866
59867
5987
59871
59873
59877
59878
5988
59885
5989
59892
59893
59894
59899
59904
59906
59909
5991
59910
59912
59919
5992
59920
59925
59930
59931
59935
59938
59939
5994
59943
59948
59951
59953
59954
59959
5996
59961
59964
59969
59972
59973
59976
59978
59981
59983
59985
59986
6
600
6000
60002
60005
60006
60009
6001
60010
60013
60015
60017
60022
60025
60031
60034
60039
6004
60040
60045
60048
60055
60059
60061
60063
60065
60066
60067
60069
6007
6008
60080
60082
60084
60086
60087
6009
60090
60096
60097
60098
6010
60100
60107
60109
60110
60113
60118
6012
60124
60126
60127
60128
60135
60138
60139
60142
60150
60152
60155
60156
60159
60162
60163
60167
60171
60175
60176
60178
60189
6019
60195
60199
60203
60204
60206
60208
60215
60217
60219
60220
60221
60222
60226
60228
6023
60230
60231
60233
60234
60235
60239
60240
60241
60245
60248
60250
60254
60258
6026
60260
60261
60264
60265
60267
60271
60275
60280
60289
6029
60291
60293
60294
603
60305
60306
6031
60312
60313
60314
60316
60317
60319
60321
60322
6033
60330
60332
60333
60334
60338
6034
60340
60341
60342
60347
6035
60351
60354
60364
60366
60369
60370
60371
6038
60381
60385
60386
60393
60394
60395
60397
60399
604
60400
60404
60407
60409
6041
60415
6042
60423
60429
6043
60430
60435
60437
6044
60440
60441
60443
60445
6045
60451
60452
60453
60454
60455
60456
6046
60460
60465
60468
60471
60473
60477
60480
60482
60483
60484
60488
60489
6049
60490
6050
60501
60502
60503
60506
60507
6051
60510
60512
60513
60516
60518
60521
60523
60527
60536
60537
60538
6054
60543
60544
60552
60553
60565
60567
6057
60570
60573
60574
60575
60578
60583
60584
60586
60588
6059
60594
60596
60599
6060
60603
60604
60610
60615
60617
60619
6062
60620
60625
60627
60628
60632
60633
60635
60638
60639
60648
6065
60650
60651
60655
60658
6066
60660
60666
60667
60669
6067
60673
60678
6068
60680
60686
6069
60697
607
6070
60701
60702
60704
60706
60708
60709
6071
60713
60718
60723
60726
60727
60729
60730
60740
60743
60744
60745
60748
6075
60750
60751
60752
60753
60756
60757
60759
6076
60760
60762
60768
60769
6077
60773
60775
60777
60781
60782
60788
60789
60793
60794
60795
60798
60801
60802
60804
60811
60813
60814
60817
60818
60819
60823
60826
60827
6083
60838
60845
6085
60852
60853
60859
60860
60861
60864
60875
60876
60877
60878
60880
60883
60889
6089
60891
60892
60893
60895
60897
6090
60900
60905
60906
60907
60908
6091
60910
60911
60912
60919
6092
60922
60924
60927
60929
6093
60932
60935
60937
6094
60940
60943
60944
60945
60948
60949
60950
60952
60954
60959
6096
60963
60964
60966
60969
6097
60976
60983
60984
60990
60992
60994
60995
60998
60999
61
61002
61012
61014
61017
61020
61022
61026
61027
61029
61032
61035
61037
61040
61041
61042
61049
6105
61050
61056
61059
61061
61064
61066
61067
61068
61072
61074
61076
61078
61079
6108
61081
61083
6109
61094
61095
611
6110
61100
61101
61104
61106
61107
61110
61118
61119
61120
61121
61122
61123
61124
61131
61133
61135
61136
61139
61144
61151
61153
61156
61158
61159
61160
61161
61167
61169
61179
6118
61182
61184
61185
61190
61194
61195
61200
61203
61206
61207
61208
6121
61211
61213
61216
61217
6122
6123
61230
61231
61232
61239
6124
61243
61246
61247
61248
61250
61251
61257
61261
61263
61265
61268
61270
61271
61272
61274
61275
61277
61279
61281
61284
61287
61288
61289
6129
61296
61299
61306
61308
61312
61318
6132
61321
61324
61326
61327
61328
61329
61331
61332
6134
61341
61344
61349
6135
61355
61359
6136
61361
61363
61366
6137
61371
61373
6138
61383
61384
61391
61392
61393
61394
6140
61402
61407
61408
6141
61412
61416
61417
61422
61425
61426
61429
6143
61431
61432
61436
61440
61442
61443
61448
6145
61452
61453
61456
61459
6146
61460
61461
61462
61463
61464
61466
61469
61470
61471
61480
61489
61494
61498
61501
6151
61514
6152
61523
61526
61530
61531
61532
61536
61537
61538
61539
6154
61540
61542
61547
6155
61551
61556
61557
61559
6156
61564
61565
61569
6157
61570
61571
61581
61582
61584
61589
6159
61592
61596
61597
61599
6160
61601
61605
61606
6161
61612
61615
61617
61618
6162
61621
61626
61631
61633
61635
6164
61643
61647
61649
61650
61656
61657
6166
61669
61672
61674
61678
6168
61680
61681
61686
61688
6169
61699
61700
61702
61705
61706
61711
61712
61715
61716
61729
61730
61736
61738
6174
61740
61747
6175
61753
61754
61759
6176
61767
61770
61771
61776
61778
6178
61786
61788
6179
61790
61794
61795
61797
61798
61801
61810
61813
61816
61819
6182
61824
61829
61833
61837
61839
6184
61840
61842
61844
61847
61848
61851
61852
61853
61855
61857
61861
61863
61866
6187
61870
61876
61883
61884
61887
61891
61892
61893
619
6190
61904
61906
61908
61911
61914
61916
61917
61920
61921
61928
61929
61930
61931
61935
61966
61968
6197
61971
61972
61973
61974
61980
61982
61986
61987
61989
6199
61990
61991
61995
620
6200
62002
62003
62006
62007
6201
62010
62012
62016
62018
6202
62022
62023
62025
62027
62029
62038
62041
62048
62053
62055
6206
62064
62065
6207
62070
62077
62078
62082
62083
62086
62087
62090
62093
62095
62096
62098
62099
62104
62105
62106
62111
62113
62114
62115
62120
62124
62129
6213
62130
62132
62133
62134
62138
62141
62142
62144
62146
62148
62151
62152
62155
6216
62164
62165
62166
6217
62170
62175
62177
62180
62186
62187
62188
62189
6219
62192
62193
62194
62198
62199
622
62200
62206
62209
6221
62210
62211
62212
62215
62216
62219
62221
62228
62230
62232
62240
62244
62250
62252
62256
62257
62258
62259
62267
62269
6227
62270
62272
62274
62275
62280
62281
62283
62289
62290
62292
62293
62295
62297
62298
623
6230
62300
6231
62311
62315
62317
62319
6232
62326
62327
62329
62330
62334
62336
62337
62338
62342
62345
62348
6235
62350
62351
62352
62353
62355
62358
6236
62361
62363
62365
62367
6237
62378
62379
62380
62385
6239
62390
62391
62393
62395
62397
62398
62399
624
6240
62403
62409
6241
62410
62411
62415
6242
62427
62435
62444
62446
62448
62455
62457
62458
62460
62463
62466
62467
62470
62471
62473
62474
62477
62478
62479
62480
62481
62485
62486
62487
62489
62492
62493
62494
62496
62497
62499
625
6250
62503
62510
62511
62514
62515
62516
6252
62521
62526
62527
6253
62531
62535
62538
62540
62542
62544
62547
6255
62551
62554
62558
62559
6256
62560
62562
62566
62568
62571
62574
62576
6258
62580
62583
62586
62587
62589
62590
62596
6260
62600
62601
62603
62609
6261
62611
62613
62614
62620
62624
62634
62640
62643
62644
62649
6265
62654
6266
62660
62663
62668
62675
62677
6269
62691
62692
62694
6270
62703
62704
62705
62706
6271
62711
62712
62714
62718
62721
62726
62729
6273
62730
62732
62734
6274
62743
62744
62745
62748
62755
62758
6276
62760
62761
62762
62763
62764
62768
6277
62770
62778
62779
6278
62780
62783
62784
62785
62788
62789
62793
62795
62803
62805
62808
62814
62816
62818
6282
62821
62825
62829
6283
62831
62832
62833
62834
62835
62841
6285
62853
62856
62857
62858
62860
62863
62865
62868
62873
62875
62876
62884
6289
62896
62899
62901
62904
62905
6291
62917
62918
62922
62923
62927
62935
62937
6294
62940
62942
62943
62946
62952
62953
62954
62955
62958
62960
62963
62965
62969
62972
62977
62978
6298
62982
62984
62987
6299
63
6300
63001
63006
63008
63011
63014
63015
63016
63018
63019
63022
63024
63026
63027
63028
6303
63030
63031
63034
63037
63038
63039
63040
63046
6305
63056
63066
63068
63077
63078
63079
6308
63081
63084
63090
63097
631
63100
63102
63107
63109
63111
63116
63118
63119
63121
63122
63124
63125
63129
63130
63132
63134
6314
63144
63146
63149
6315
63151
63157
63159
63160
63163
63165
63167
63169
6317
63173
63177
63180
63181
63182
63187
63188
6319
63194
63196
632
6320
63203
6321
63211
63214
63216
63218
63219
63222
63223
63226
6323
63230
63234
63235
63236
63238
6324
63246
63249
63250
63259
63260
63262
63263
63265
63271
63272
63278
63279
63282
63286
63291
63293
63295
63297
63298
633
63303
63304
63310
63313
63316
63319
6332
6333
63333
63335
6334
63344
63345
63348
63349
6335
63350
63354
63356
63360
63362
63363
63367
6337
63371
63373
63376
63377
6338
63380
63386
63387
6339
63391
63392
63394
63396
634
63403
63404
63405
63407
63410
63411
63417
63420
63425
63426
63428
63434
63435
63437
63440
63445
63448
63449
63456
63463
63464
63466
63470
63481
63482
63485
63487
63488
63489
63494
63498
63499
63506
63509
63510
63518
63519
6352
63520
63522
63528
63529
6353
63530
63532
63541
63550
63551
63553
63557
63562
6357
63570
63573
63575
63578
6358
63580
63587
63589
63591
63592
63593
63595
63597
63598
63605
63606
63608
6361
63612
63613
63614
63615
63616
63624
63625
63626
63631
63637
63644
63647
63648
63651
63659
63666
63667
63668
63669
63671
63674
63678
63681
63682
63683
63689
6369
63691
63693
63694
63696
637
63701
63705
63711
63718
63719
63722
63726
6373
63730
63731
63732
63738
63739
63740
63741
63742
63744
63749
6375
63752
63754
63756
63757
63758
6376
63760
63761
63762
63763
63764
63765
63766
63768
63769
6377
63774
63775
63776
63777
63779
6378
63780
63782
63784
63786
63788
63793
63794
638
6380
63803
63804
63806
63807
63809
63813
6382
63823
63826
63829
6383
63836
6384
63842
63845
6385
63851
63853
63855
63860
63863
63868
63869
6388
63880
63882
63886
63887
6389
63890
63892
63894
63896
639
63900
63905
63906
63907
63909
63914
63915
63919
63920
63924
63927
63928
63935
63936
63937
63940
63941
63943
63944
63945
63948
6395
63950
63957
63958
63959
6396
63965
63969
63971
63972
63975
63978
63979
63985
63986
63987
63993
63997
64001
64003
64005
64006
6401
64011
64014
64021
64023
64024
64028
64030
64037
64038
64043
64049
64055
64063
64069
6407
64070
64071
64072
64076
64080
64086
64088
64090
64091
64092
64094
64096
64099
6410
64100
64101
64102
6411
64115
64116
64124
6413
64138
64139
64149
64150
64157
64159
64160
64165
64167
64172
64174
64175
6418
64182
64183
64184
64185
64186
6419
64193
64194
64202
64203
64205
64206
64208
6421
64210
64211
64214
6422
64221
64225
64226
64236
64237
64239
64240
64241
64243
64244
64248
64249
6425
64254
64256
6426
64262
64263
64264
64268
6427
64270
64273
64274
64275
64278
64282
6429
64292
64295
64297
643
64302
64303
64304
64311
64313
64314
64318
6432
64321
64323
64324
64325
64326
6433
64330
64331
64334
64336
64337
64339
64341
64345
64348
64350
64352
64354
64356
6436
64360
64362
64365
6437
64373
64374
64375
64378
64379
64387
64388
64390
64391
64395
64399
644
6440
64400
64404
64408
64412
64413
64418
6442
64420
64421
64422
64424
64429
6443
64432
64433
64437
6444
64442
64444
64446
64449
64450
64451
64452
64453
64455
64458
64466
64467
64469
6447
64472
64474
64483
64485
64486
6449
64492
645
64500
64501
64506
64514
64516
6452
64522
64525
64526
64527
6453
64534
64537
64539
6454
64546
64548
64551
64556
64558
6456
64564
64567
6457
64571
64572
64574
64575
64579
6458
64580
64582
64584
64586
64594
64595
64596
64599
646
6460
64600
64605
64609
64611
64613
64616
64617
6462
64625
64626
64633
64634
64636
64637
6464
64640
64643
64644
64648
6465
64650
64657
64658
64659
64661
64664
64665
64668
64671
64673
64678
6468
64680
64686
64697
6470
64703
64704
64707
64708
6471
64717
64720
64725
64727
64728
64730
64732
64737
64738
6474
64740
64749
6476
64760
64765
64766
64767
64773
64775
64776
64777
64778
6478
64782
64786
64787
64789
6479
64790
64792
64797
648
6480
64801
64806
64808
64817
6482
64822
64829
6483
64833
64836
64837
64839
64842
64843
64848
64851
64853
64855
64858
64859
64861
64862
64864
64866
6487
64873
64876
64879
6488
64881
64884
6489
64890
64891
64893
64901
64904
64907
64908
64911
64912
64913
64919
64920
64923
64924
64925
64926
64927
64929
64933
64935
64943
64944
64950
64954
64955
64958
64960
64961
64969
6497
64970
64974
64975
6498
64986
6499
64990
64994
64997
65
65000
65005
65012
65015
6502
65021
65023
65025
65027
65028
65036
65038
65039
65040
65041
65043
65048
65049
6505
65050
65054
65055
65057
6506
65061
65066
65067
6507
65077
65081
6509
65095
65096
65098
65099
65100
65105
65106
65109
65110
65112
65113
65117
65123
65125
65129
6513
65130
65132
65135
65138
6514
65141
65142
65143
65144
65145
65146
65155
65156
65168
65178
6518
65181
65184
65186
65188
6519
65190
65193
65198
65200
65204
65206
65207
65208
65212
65213
65214
65222
65226
65231
65232
65235
65236
65238
65241
65243
65246
65247
65248
6525
65255
65257
65258
65260
65261
65263
65265
65277
65279
6528
65281
65284
65287
65288
65289
65293
65294
65295
65297
65299
653
65300
65303
65305
65308
6531
65313
6532
65320
65321
65323
65325
65327
6533
65334
65336
6534
65341
65343
65344
65346
65353
65355
65356
65358
65361
65362
65363
65364
65366
65379
6538
65380
65382
65386
65388
6539
65390
65391
65398
654
65401
65405
65406
65408
65413
65416
65418
65422
65431
65432
65434
65436
65437
65438
65442
65443
65445
65447
65453
65461
65464
65466
65469
65475
65476
65477
6548
65480
65483
65485
65488
6549
65491
65498
65500
65503
65504
65508
65511
65513
65516
65518
65520
65526
65527
65529
65535
65536
65538
65542
65546
65548
6555
65555
65558
65559
6556
65564
65567
65568
6557
65571
65572
65573
65582
65583
65593
65595
65597
65598
6560
65600
65602
65603
65605
65606
65614
65616
6562
65624
65625
6563
65640
65646
65651
6566
65660
65663
65664
65666
65669
6567
65671
65676
6568
65689
6569
65692
65693
65694
65696
657
65701
65706
65707
65708
65709
65713
65715
65719
6572
65720
65721
65722
65725
65732
65733
65734
65736
65739
6574
65741
65742
65743
65744
65747
65749
65751
65752
65754
65762
65763
65765
65766
6577
65774
65775
65778
65782
65786
65787
65789
6579
65802
65803
6581
65810
65814
65815
65820
65821
65824
65829
6583
65834
65836
65840
65842
65849
65851
65853
65859
65861
65863
65864
65866
6587
65877
6588
65885
65889
6589
65891
65893
65894
65896
659
6590
65900
6591
65915
65917
65919
65920
65921
65926
65928
65929
65930
65935
6594
65940
65941
65948
6595
65950
65953
65954
65956
65959
6596
65960
65964
65965
65973
65976
65978
6598
65980
65990
65991
65992
660
6600
66001
66006
66008
66009
66012
66019
6602
66021
66023
66031
66032
66036
66037
66038
66039
6604
66042
66043
66045
6605
66051
66053
66056
66061
66062
66063
66072
66076
66078
66080
66084
66086
66088
66089
6609
66098
66099
661
6610
66103
66110
66115
66116
6612
66121
66123
66127
66130
66132
66134
66137
66139
66145
66146
6615
66155
66158
66162
66165
66166
6617
66170
66171
66173
66175
66178
66184
66188
6619
66194
66199
66204
66206
66208
66209
6621
66212
66214
66215
66218
66219
6623
66230
66231
66232
66237
66238
6624
66241
66244
66251
66257
66258
6626
66266
66268
6627
66279
6628
66283
66285
66289
66290
66293
66294
66301
66303
66306
66307
66312
66315
66316
66317
66319
66323
66324
66325
66326
6633
66330
66333
6634
66342
66344
66346
66348
6635
66358
66364
66367
66368
66371
66374
66377
6638
66381
66385
66388
66390
66392
66393
66396
66398
66399
6640
66405
66414
66422
66423
66424
66431
66439
66441
66446
6645
66452
66457
66459
6646
66466
66467
6647
66470
66477
6648
66480
66482
66487
66488
6649
66496
66497
66504
66507
6651
66511
66512
66513
66516
66518
6652
66522
66525
66530
66531
66533
66535
66547
66549
66551
66553
66554
66555
66557
66558
6656
66560
66562
66573
66579
66580
66588
66591
66593
66594
66596
66597
66598
666
66602
66605
66609
66610
66611
66612
66614
66615
66620
66621
66623
66627
66628
66630
66632
66633
66637
66642
66643
66647
66650
6666
66662
66664
66666
66667
66669
66673
66676
66677
66682
66683
66686
66691
66693
66696
66698
66705
66706
66709
66711
66714
66715
66716
66717
66720
66723
66729
6673
66731
66733
66734
66742
66743
66748
66753
6676
66761
66763
66765
66766
66767
66774
66775
66778
66781
66784
6679
66791
66795
66799
66801
66803
66805
66807
66809
6681
66812
66815
6682
66821
66822
66825
6683
66831
66837
6684
66840
66848
66853
6686
66861
66867
66868
66869
6687
66873
66878
6688
66880
66881
66883
66884
66893
6690
66900
66901
66905
66906
66908
6691
66910
66915
66916
66917
66919
6692
66923
66924
66925
66927
66938
66939
6694
66946
66948
66949
66950
66952
66954
66955
66956
66959
6696
66963
66966
66972
66978
6698
66984
66985
66989
66993
66995
66999
67
670
6700
67003
67005
67009
67010
67013
67014
67016
67017
6702
67021
67025
67026
6703
67032
67033
67035
67038
67039
67047
67050
67051
67053
67054
67062
67063
67065
67067
67070
67072
67076
67078
67079
67080
67081
67082
67089
6709
67091
67094
67095
67098
671
67103
6711
67119
6712
67120
67122
67127
67132
67133
67140
67144
67151
67153
67158
67160
67163
67164
6717
67171
67173
67181
67183
67185
67186
67188
6719
67190
67195
67196
67202
67204
67208
67209
6721
67214
67219
6722
67222
67224
67227
67228
67229
67231
67239
6724
67245
67246
67247
67248
67249
67255
67262
67263
67269
6727
67270
67271
67274
67276
67277
67278
6728
67283
67285
67286
67287
67291
67296
67297
67299
6730
67307
67308
6731
67310
67319
6732
67324
67328
6733
67332
67333
67336
67338
6734
67351
67353
67355
67356
67357
67360
67367
67375
67377
67379
6738
67380
67381
67384
67385
67388
67389
67390
67394
67396
67397
6740
67400
67402
67404
67405
67406
67413
67414
67419
67421
67422
67427
67433
67435
67436
67437
67438
67439
67440
67444
67445
67447
6745
67457
67467
67470
67472
67474
67475
67476
67479
6748
67485
67489
67490
67496
675
67501
67508
67511
67513
67517
67526
67529
67530
67531
67536
6754
67540
67542
67543
67545
67553
67554
67557
67558
67563
6757
67578
6758
67580
67581
67588
67590
67592
67596
67597
67598
67599
676
6760
67602
67605
67606
67610
67619
6762
67622
67627
67629
6763
67634
67642
67643
67647
67651
67652
67655
67657
67658
67659
6766
67667
6767
67672
67673
67674
67677
67681
67682
67689
6769
67692
67698
67701
67704
67705
67709
6771
67713
67714
6772
67724
6773
67730
67731
67735
67736
67737
67739
67742
67743
67749
67750
67751
67755
67756
67759
67765
67766
67769
67770
67776
67781
67788
6779
67790
67794
67795
67804
67809
6781
67810
67814
67818
6782
67824
67826
67829
67832
67834
67836
6784
67846
67849
67853
67859
67861
67863
67867
67868
6787
67871
67872
67873
67875
6788
67883
67884
6789
67899
679
67901
67902
67907
67908
67912
67913
67917
6792
67922
67925
67927
67930
67932
67934
67935
67940
67942
67946
6795
67955
67958
67959
67962
67963
67966
67967
6797
67970
6798
67981
67986
67989
6799
67995
67999
680
68001
68003
68004
68011
68014
68018
6802
68022
68024
68026
68027
68028
6803
68031
68033
68034
68037
68042
68054
6806
68060
68062
68063
68065
68072
68082
68087
68088
6809
68090
68094
68096
6810
68100
68101
68102
68108
68109
6811
68112
68113
68117
68121
68129
68130
68133
68135
68137
6814
68148
68150
68152
68153
68154
68155
68156
68157
68160
68167
68169
68171
68173
68174
68175
68179
6818
68180
68182
68189
6819
68192
68198
6820
6821
68214
68216
68217
6822
68221
68222
68224
68225
68226
68227
68228
68229
6823
68230
68233
68240
68247
68249
68256
68259
68261
68266
68268
6827
68272
68277
68279
6828
68287
68288
68291
68293
68298
683
68300
68308
6831
68312
68313
68314
68316
68320
68322
68326
68327
68329
6833
68331
68332
68333
68336
68339
6834
68346
68347
68350
68359
6836
68363
68374
68382
68391
68392
68396
684
68401
68407
68412
68413
68414
68415
68417
68421
68423
68424
68425
68431
68436
68438
68439
68440
68442
68446
6845
68455
68456
68460
68461
68468
6847
6848
68482
68483
68484
68485
68486
68487
68488
68489
68491
68501
68506
6851
68511
68513
68518
68526
68528
68529
6853
68533
68534
68536
6854
68542
68544
68546
68548
6855
68552
68553
68568
6857
68570
68571
68572
68573
68574
6858
68580
68582
68586
68587
6859
686
6860
68609
68618
68619
6862
68620
68621
68622
68623
68628
68635
68637
6864
68644
68646
68649
68653
68655
68656
68659
68665
68666
68668
68675
68678
6868
68680
68685
68687
68689
68697
687
6870
68701
68705
68708
6871
68726
68729
68732
68733
68740
68745
68747
68750
68754
68756
68760
68766
6877
68771
68772
68773
68778
68787
68796
68797
68799
688
68802
68803
68804
68807
68814
68816
68817
68818
68819
68820
68823
68825
68826
68831
68834
68836
68837
68839
6884
68840
68843
68848
68852
68856
68860
68864
6887
68873
68880
68883
68885
6889
68893
68897
68898
68899
689
68902
68906
68909
68911
68916
6892
68926
68928
68929
68935
68936
68943
68946
68950
68951
68952
68953
68956
68958
68967
68974
68978
68979
68980
68984
68987
6899
68991
68996
68999
69
690
69000
69006
69015
69025
69029
6903
69032
69034
69035
69036
69039
6904
69041
69044
69045
69047
69050
69051
69052
69053
69054
69056
69061
69062
69064
69067
69068
69070
69072
69074
69076
6908
69084
69085
69087
69090
69092
69093
69094
69097
69098
691
6910
69104
69106
6911
69111
69112
69113
69118
6912
69120
69122
69123
69125
69130
69132
69133
69136
69139
69143
69146
69147
69150
69151
69152
69153
6916
69164
69165
69174
69179
69180
69182
69184
69187
69189
6919
69193
69195
69197
69198
692
69201
69206
69207
69208
69209
69211
69217
69218
6922
69222
69224
69227
6923
69244
69245
69247
69254
69260
69265
69266
69268
69271
69272
69278
69280
69281
69283
69287
69289
69294
69295
69297
693
6930
69302
69304
69309
6931
69316
69317
6932
69320
69326
69327
69337
6934
6935
69351
69353
69355
69359
69363
69364
69366
69368
6937
69376
69378
69381
6939
69390
69394
69397
69398
69400
69401
69406
69409
69410
69411
69417
69444
69446
69448
69449
69450
69455
69456
6946
69463
69465
69466
69468
69478
6948
69482
69483
69485
69486
6949
69490
69491
69499
695
6950
69501
69509
69511
69512
69517
69521
69523
69524
69531
69539
6954
69543
69544
69547
6955
69555
69556
69560
69565
69573
69575
69576
69578
69579
69580
69586
69588
69591
69593
69598
69599
69600
69605
6961
69615
69617
69618
69619
6962
69623
69627
69629
6963
69632
69634
69635
69636
69643
69646
69649
69652
69653
69654
69658
69659
6966
69661
69664
69667
69668
69669
6967
69670
69678
69679
6968
69680
69688
6969
69698
69700
69707
69708
6972
69723
69724
69725
69728
69729
6973
69734
69736
69738
69739
69741
69749
6975
69751
69753
69756
69757
69759
69761
69763
69764
69765
69768
6977
69772
69777
69779
6978
69782
69787
6979
69797
69799
69800
69801
69804
69805
69806
69808
6981
69812
69814
69815
69825
6983
69832
69834
69842
69849
69854
69858
69859
6986
69863
69864
69871
69875
69878
6989
69893
69895
69899
699
6990
69900
69901
69904
69908
69910
69912
69914
69918
69920
69921
69923
69930
69931
69933
69935
69936
6994
69943
69945
69947
69952
69956
69959
69965
69966
69968
69969
6997
69970
69973
69974
69975
69976
69978
69980
69981
69989
6999
69992
69993
69996
69998
7
700
70007
70013
70020
70025
70027
70028
7003
70030
70034
70037
70040
70044
70047
70050
70058
70060
70061
70067
7007
70074
70076
70077
70080
70082
7009
70090
70092
70093
70098
701
70104
70105
70106
70108
70109
7011
70110
70118
7012
70120
70121
70122
70124
70125
7014
70142
70143
70144
70145
70147
70154
70157
70162
70164
70167
70168
70172
70174
70176
7018
70184
70185
70186
70187
70188
70189
70190
70191
70194
70196
70198
702
70201
70210
70213
70219
7022
70220
70227
70229
7023
70231
70233
70239
70250
70251
70252
70253
70261
70263
70267
70269
70277
70278
70284
70287
70294
70296
703
70300
70301
70308
7031
70311
70320
70322
70331
70332
70336
70337
70340
70341
70342
70345
70347
7035
70353
70355
70359
7036
70361
70367
70369
70371
70372
70378
70379
70381
70382
70383
70386
7039
70391
70397
7040
70406
70408
70409
7041
70416
70418
70421
70423
70428
70429
70437
70439
7044
70447
70449
7045
70450
70453
70454
70463
70464
70469
7047
7048
70487
7049
70490
70492
70494
70496
70498
70505
70508
70510
70515
70519
7052
70520
70522
70528
7053
70531
70533
70534
70535
7054
70541
70542
70543
70549
70551
70556
70563
70571
70573
70575
70577
70578
7058
70580
70582
70584
70585
70587
70589
70594
70595
70596
70598
70603
70606
70607
70609
7061
70611
70614
70617
70625
70633
70638
70640
70641
70642
70644
70647
70658
7066
70663
70667
7067
70670
70671
70676
70679
70680
70684
70685
70689
7069
70693
70694
70707
70711
70712
70714
7072
70723
70732
70739
7074
70741
70745
70746
70748
70752
70754
70755
70756
70757
7076
70760
70770
70771
70772
70773
70776
70777
70778
7078
70780
70781
70782
70784
70790
7080
70802
70804
7081
70813
70815
70817
70823
70826
70828
70838
70841
7085
70858
7086
70861
70863
70867
7087
70877
70880
70884
70886
70887
70888
70894
70896
70897
7090
7091
70910
70911
70913
70915
70922
70923
70929
7093
70930
70932
70933
70935
70939
7094
70942
7095
70951
70953
70954
70958
7096
70965
70967
70968
70979
70981
70992
70993
70996
71
7100
71001
71002
71007
71009
71013
71014
71020
71021
71022
71025
71027
71035
71036
71038
7104
71041
71045
7105
71050
71061
71062
71067
71070
71072
71073
71076
71077
71084
71086
71090
71091
71096
71097
71098
71104
71105
71113
71117
71118
71119
71122
71125
71126
71127
71129
71130
71140
71141
7115
71151
71153
7116
71161
71163
71166
7117
71172
71175
71176
71180
71185
71186
71188
71189
7119
71193
71195
71197
71198
71205
71214
71220
71228
71230
71232
71234
71235
71236
71238
7124
71240
71244
71246
71248
71250
71251
71253
71255
71259
71260
71272
71273
71284
71286
71288
71289
71290
71291
71297
713
71301
71302
71303
71305
71307
71312
71313
71315
7132
71324
7133
71330
71331
71332
71333
71335
71337
71340
71342
71345
71351
71352
71353
71355
71358
71361
71364
71365
71366
71373
71374
71376
71379
71383
71385
71396
714
7140
71416
71420
71424
71425
71426
71427
71428
7143
71432
71433
71435
7144
71441
71444
7145
71451
71458
7146
71461
71463
71466
71467
71468
71469
71470
71475
71482
71486
7149
71491
71493
71496
71499
715
7151
71513
71518
71519
7152
71520
71522
71523
71524
71527
71528
7153
71531
71532
71535
71536
71537
71539
7154
71540
71542
71548
71554
71566
71568
7157
71570
71578
7158
71580
71583
71585
71587
7159
71594
71595
71602
71603
71604
71605
7161
71610
71612
71616
71619
7162
71622
71623
71627
71629
71632
71635
71646
71647
71648
71650
71654
71665
71668
71670
71672
71673
71676
71680
71681
71687
71688
71693
71694
717
7170
71700
71702
71705
71709
71710
71711
71713
71718
7172
71722
71723
71724
71725
71729
71731
71734
71736
7174
71742
71744
71745
71749
7175
71751
71755
7176
71760
71762
71763
71764
71765
71766
7177
71773
71778
7178
71780
71782
71787
71795
71796
71797
71798
71799
7180
71801
71806
71810
71812
71819
71826
71827
71829
71834
71837
71838
71841
71843
71846
71848
71849
7185
71852
71856
71857
7186
71864
71866
71869
7187
71878
71882
71887
71888
7189
71893
71895
71897
71898
71899
719
71904
71905
71907
71910
71912
71913
71915
7192
71926
71929
71934
71938
71941
71942
71943
71946
7195
71950
71953
71958
71959
7196
71965
71971
71972
71973
71976
71978
7198
71981
71983
71988
71989
71991
71992
71993
71998
71999
72
72005
72007
72010
72011
72015
72016
7202
72021
72023
72025
72039
72041
72043
72047
7205
72053
72055
72056
72058
72059
7206
72064
72065
72066
72070
72075
72084
72085
72086
72087
72089
72093
72096
72097
72099
7210
72104
72120
72121
72125
72126
72128
72131
72133
72136
72137
72139
7214
72145
72149
7215
72151
72155
72156
72158
72168
72170
72171
72174
72177
72186
72187
72196
722
72206
72207
72218
7222
72222
72224
72229
72236
72239
72242
72245
72246
72253
72254
7226
72264
72266
72269
72270
72272
72274
72275
72279
7228
72280
72281
72282
72290
72292
72299
72300
72302
72304
72306
7231
72311
72312
72313
72314
72315
72319
72321
72322
72323
72324
72329
72330
72332
72338
7234
72346
72353
72357
72359
72360
72364
72370
72372
72376
72379
72384
7239
72391
72393
72402
72403
72405
72414
72416
72422
72424
72431
72433
72435
7244
72442
72443
72446
7245
72450
72454
72455
72457
72462
72466
72470
72471
72472
7248
72483
72487
72489
7249
72490
72495
72498
72499
725
7250
72502
72505
72506
72514
72517
72518
7252
72524
72528
7253
72530
72534
72536
72537
7254
72540
72544
72545
72553
72554
72555
72563
7257
72572
72574
72576
72578
72579
72581
72582
72587
72589
72598
72600
72602
72606
72613
72616
7262
7263
72632
72634
72636
72639
72643
72649
7265
72651
72652
72659
7266
72660
72671
72676
7268
72682
72688
727
7270
72702
72705
72709
7271
72712
72716
72717
7272
72720
72721
72725
72729
72730
72733
72734
7274
72746
72749
7275
72750
7276
72760
72763
72764
72765
7277
72775
72779
7278
72782
72783
72785
72788
72789
7279
72791
72795
72796
72801
72806
72809
72810
72811
72817
72818
72819
7282
72820
72822
72823
72826
7283
72831
72834
72837
72838
72842
72845
72852
72856
72858
7286
72862
72864
72866
72875
72880
72881
72883
72885
72887
72888
72889
72891
72892
72893
72894
72895
72896
72899
729
72907
72908
7292
72922
72929
72931
72938
7294
72940
72941
72945
72948
7295
72955
72957
72958
72962
72963
72965
72968
7297
72973
72974
72978
72979
7298
72986
72987
72988
72989
72992
72993
72997
73
7300
73000
73002
73004
73007
73008
7301
73011
73014
73017
7302
73022
73023
73031
73033
73046
73050
73057
73060
73061
73068
73069
73070
73072
73080
7309
73096
73098
73099
731
73101
73103
73104
73106
73116
7312
73124
73126
73127
73128
73131
73134
7314
73149
7315
73157
73159
73161
73162
73164
7317
73170
73172
73173
73176
7318
7319
73192
73193
73195
73207
73218
7322
73220
73222
73223
73225
73235
73240
73244
73246
73250
73256
73260
73262
73263
73268
73269
73271
73275
7328
73281
73282
73283
73288
73289
7329
73292
73293
73294
73295
7330
73300
73307
73308
7331
73310
73317
7332
73326
7333
73330
73331
73334
7334
73340
73347
73350
73352
73355
7336
73364
73368
7337
73373
73381
7339
73390
73391
73393
73398
73399
73402
73404
73405
73406
73408
73409
73415
73416
7342
73420
73435
73436
73438
73440
73442
73443
73445
73451
73452
73459
73460
73462
73463
73466
73467
73469
73471
73475
73476
73478
73480
73481
73488
73490
735
73502
73504
73505
73507
73512
73517
73519
7352
73523
73524
73525
73526
73530
73533
73539
7354
73542
73543
73545
73546
73547
73553
73564
73565
73566
73567
7357
73578
7358
73581
73583
73585
73586
73588
73589
73593
73596
73598
736
73600
73607
73610
73612
73618
73619
73622
73625
73626
73627
73631
73632
73633
73637
7364
73646
73648
73650
73655
73657
73661
73662
73668
7367
73670
73671
73673
7368
73681
73684
73685
73690
73692
73693
73694
73699
7370
73700
73702
73706
73714
73715
73716
73721
73742
73745
73748
7375
73751
73754
73755
73756
73764
73766
73768
73779
73781
73782
73784
73790
73791
73794
73795
73798
73801
73803
73804
73805
73809
7381
73812
73815
73818
7382
73826
73827
73828
73832
73833
73838
7384
73840
73842
73845
73847
7385
73851
73853
7386
73865
73866
73868
73870
73871
73874
73885
7389
73890
73895
739
7390
73903
73904
73906
7391
73916
73918
73919
7392
73920
73924
73926
73932
73949
7395
73951
73952
73959
7397
7398
73982
73985
73987
73988
73991
73996
73998
74
7400
74000
74002
74007
74009
7401
74012
74013
74021
74022
74025
74026
74027
74028
74029
7403
74033
74034
74036
74037
74040
74044
74049
7405
74054
74055
74056
74057
7406
74065
74067
74071
74072
74074
74077
74078
7408
74084
74086
74088
7409
74093
74096
74097
74098
741
7410
74104
74107
74110
74125
74126
7413
74131
74136
74140
74148
74151
74152
74156
74157
74158
74159
7416
74160
74163
74168
7417
74172
74174
74178
74182
74188
74189
7419
74196
74204
74205
74207
74218
74222
74229
7423
74234
74236
74239
74240
74241
74242
74243
74245
74249
7425
74250
74256
74262
74266
74268
74270
74272
74275
74277
74278
7428
74283
74284
7429
74291
74294
74297
74310
74311
74316
74319
7432
74320
74321
74322
74329
74330
74333
74334
74337
74341
74344
7435
74354
74356
74358
74360
7437
74371
74382
74384
74388
74391
74392
74397
74398
7440
74405
74419
74420
74424
74429
7443
74433
74436
74438
7444
74441
74442
74446
74455
74456
7446
74461
74465
74466
74470
74478
74479
74482
74487
74490
74493
7450
74509
74512
7452
74525
74530
74534
74538
74540
74548
74551
74553
7456
74563
74566
74568
74569
74574
74575
74577
7458
74580
74582
74583
74585
74587
74592
74593
74598
74602
74613
74614
74623
74624
74628
74639
74640
74642
74648
74650
74657
7466
74669
7467
74673
74676
7468
74688
74689
7469
74690
74693
74694
74696
74703
74706
7471
74713
74715
74718
74719
74721
74734
74736
74737
74739
7474
74740
74742
74748
74749
74750
74752
74757
74758
74761
74764
74766
74780
74786
74793
74797
74799
74800
74803
74805
74807
74809
7481
74811
74815
7482
74823
74829
7483
74831
7484
74843
74845
74846
74847
74849
74850
74851
74854
74858
74859
7486
74866
74871
74872
74877
74882
74887
7489
74890
74895
74896
74900
74901
74904
74907
74908
74910
74913
74914
74918
7492
74925
74935
74941
74943
74946
74947
74948
7495
74950
74954
74955
74959
74961
74962
74963
74969
74970
74972
74974
7498
74982
74984
74988
74989
7499
74994
74997
75
750
75006
75007
75008
7501
75010
75013
75015
75016
75017
75025
75027
75029
7503
75030
75034
75035
75041
75044
75047
7505
75051
75053
75056
7506
75060
75064
75069
7507
75071
75076
75079
75081
75086
75092
75099
751
75104
75106
75107
75109
75113
75114
75122
75123
75125
75127
7513
75130
75132
75137
75138
75140
75142
75150
75167
75168
75170
75171
75175
75180
75181
75185
75187
75189
75191
75192
75198
75202
7521
75215
7523
75230
75231
75232
75239
75244
75245
7525
75250
75252
75259
75261
7527
75278
7528
75286
75287
75288
75292
75293
7530
75302
75303
75305
75308
75311
75313
75318
7532
75324
7533
75335
75339
75345
75348
7535
75350
75356
75359
7536
75361
75362
75363
75365
75368
7537
75374
7538
75381
75384
75392
754
7540
75407
75411
75414
75417
7542
75423
75424
75425
75426
75427
75429
75436
75444
75450
75455
75456
75457
75459
7546
75465
7547
75472
75475
75479
7548
75486
75487
7549
75493
75496
75498
755
7550
75504
75513
75523
75526
7553
75532
75536
75537
75538
7554
75541
7555
75551
75554
7556
75561
75564
75565
7557
75573
75574
75576
7558
75583
75586
75589
75591
75594
75596
7560
75606
75608
75612
75613
75617
75620
75622
75624
75626
7563
75630
75633
75634
75635
75636
75637
75639
75640
75649
75651
75657
7566
75660
75661
75662
75663
75664
75666
75668
75669
75672
75676
75677
75680
75683
75686
75689
7569
757
7570
75705
75707
75709
75710
75713
75718
75719
7572
75721
75722
75724
75725
75726
75729
7573
75731
75737
7574
75740
75742
75748
75751
75752
75755
75756
75757
75759
75761
75763
75768
75769
7577
75773
75774
75777
7578
75784
75786
75788
75790
75794
75797
758
7580
75800
75803
75808
75809
75812
75813
75814
7582
75822
7583
75831
75832
75835
75838
75842
75843
75844
75847
75848
75855
75858
75859
7586
75863
75865
75866
75870
75871
75877
75879
7588
75880
75883
75886
75887
75889
75894
75895
75896
75897
75898
75899
759
75900
7591
75913
75914
75918
7592
75926
75929
75932
75934
75938
75939
75949
7595
75950
75951
75954
75955
75958
75963
75969
7597
75973
75976
75978
75979
75985
75986
75988
75989
75990
75993
75996
76
76003
76005
76009
7601
76012
76016
76019
7602
76022
76024
76027
76031
76032
76033
76035
76040
76042
76049
76051
76054
7606
76068
76069
76070
76078
7608
76081
76088
76089
7609
76099
7610
76100
76105
76109
76116
76122
76123
76124
76126
7613
76130
76131
76133
7614
76141
76142
76151
76157
7616
76160
76161
76164
76166
76168
76170
76173
76174
76180
76181
76182
76186
76189
7619
76192
762
76201
76203
76206
76208
76209
7621
76215
76216
76218
76219
7622
76221
76223
76224
76226
76227
7623
76232
76248
76253
76255
7626
76260
76265
76267
76269
76270
76271
76272
76278
76283
76289
76290
76291
76293
76298
76306
76310
76312
76323
76326
76327
7633
76330
76332
76333
76335
76338
7634
76346
76347
76352
76358
76361
76363
76367
76370
7638
76380
76382
76383
76384
76385
7639
76397
76398
76401
76404
7641
76413
76416
76417
7643
76432
76439
76442
76443
76444
76448
7645
76450
76453
76454
76455
7646
76460
76467
76470
76478
7648
76480
76483
76484
76497
76499
765
76500
76505
76507
7651
76510
76512
76516
76518
76519
76520
76524
7653
76530
76541
76543
76544
76548
76549
7655
76550
76552
76556
76561
76562
76563
76564
76569
7657
76573
76576
76577
7658
76584
76585
76595
76596
76599
766
7661
76610
76612
76619
76626
76630
76637
76639
76642
76644
76645
76647
76649
76652
76655
76656
76659
7666
76662
76667
76668
76678
76681
76684
76691
76697
767
76701
76703
76704
7671
76714
76727
76731
76736
76741
76742
76746
76748
76751
76753
76766
76773
76774
76775
76780
76785
76786
76787
7679
76792
76801
76803
76816
7682
76822
76825
76828
76830
76838
76853
76854
7686
76862
76864
76865
76866
7687
76873
76877
76883
76884
76889
7689
76892
76895
76897
769
7690
76903
7691
76910
76911
76915
76917
7692
7693
76932
76936
76937
76938
76946
7695
76953
76956
76959
7696
76961
76962
76965
76968
76970
76976
76977
76981
76984
76989
76991
76995
7700
77003
77004
77008
77009
77015
77020
77022
77023
77028
77031
77033
77035
77037
77038
77039
77040
77041
77042
77045
77046
77052
77055
77056
77057
77058
77061
77063
77067
77068
77069
7707
77071
77083
77089
7709
77090
77093
77098
77099
7710
77103
77105
77108
7711
77112
77113
77114
77117
77119
77120
77121
77126
77127
77131
77133
77137
7714
77140
77141
77146
77155
77160
77164
77166
77169
7717
77172
77173
77176
77178
77184
7719
77197
7720
77201
77205
77207
77208
77209
77213
77214
77216
77217
77229
77234
7724
77241
77244
77249
77250
77255
77257
77260
77261
77264
7727
77271
77276
77277
77279
77285
77287
77290
77292
77296
77298
773
77302
77309
7731
77311
77316
77317
77319
77320
77322
7733
77336
77337
77341
77343
77344
77348
77350
77357
7736
77361
77362
77363
77365
77368
7737
77370
77371
77374
77376
77377
77383
77387
77398
77400
77401
77407
77408
77410
77413
77416
77419
7742
77421
77425
77433
77437
77439
77443
77444
77449
7745
77453
77456
77458
77465
77471
77472
77473
77477
77479
7748
77480
77481
77488
77494
775
77500
77501
77505
7751
77511
77512
77513
77514
77521
77526
77531
77534
77536
77538
7754
77541
77545
77546
7755
77554
77557
77559
77563
77569
77579
77582
77583
77585
77591
77597
77600
77602
77604
77605
77608
7761
77611
77614
77615
77618
77619
7762
77626
77627
7763
77631
77632
77639
77640
77643
77644
77646
77647
7765
77650
77654
77656
77657
77659
7766
77663
77669
77677
7768
77685
77686
77689
7769
77693
77699
77703
77707
77709
77710
77715
77716
7772
77722
77726
77728
77729
7773
77730
77732
77734
77735
77739
77740
77744
77752
77755
77757
7776
77761
77769
77778
7778
77780
77781
77783
77785
77787
77794
77796
77798
77805
77808
7781
77811
77813
77820
77824
77825
77835
77840
77843
77845
77847
7785
77857
7786
77864
77865
77866
77867
7787
77878
77881
77883
77886
77887
77889
77895
77896
779
77901
77902
77903
77909
77911
77916
7792
77921
77946
77949
77955
77958
7796
77962
77964
77966
77968
77970
77971
77972
77976
77981
77989
77990
77994
77996
77999
78
7800
78001
78003
7801
78028
78031
78033
78040
78042
78044
78045
78047
7805
78054
78055
78056
78060
78061
78063
78065
78068
7807
78075
78077
78078
78079
7808
78082
78083
78087
78088
78089
7809
78090
78093
78095
78096
78101
78102
78103
78107
78109
7811
78110
78114
7812
78124
78126
78129
7813
78130
78133
78135
78138
78143
78145
78147
78155
78159
78169
78174
78175
78177
7818
78180
78188
78190
78193
78199
782
78205
7821
78213
78215
78216
7822
78222
78223
78227
78229
7823
78230
78234
78235
78240
78242
78247
78248
78251
78257
78259
7826
78263
78267
78268
78272
78274
78275
7828
78286
78290
78294
78297
7830
78304
78306
78308
78309
7831
78311
78315
78319
7832
78320
78322
78328
78332
78333
78335
78341
78343
78345
78349
78350
78353
78356
78359
78361
78363
78366
78369
78378
78380
78383
78384
78386
78388
78390
78392
78394
78395
78400
78412
78413
78415
7842
78423
78424
78426
78428
78429
7843
78433
78437
78440
78442
78445
78449
7845
78451
78452
78458
78471
78472
78474
78476
78485
78488
78490
78494
78501
78504
78506
78509
7851
78511
78516
7852
78522
78527
78531
7854
78540
78543
78547
7855
78553
78556
78557
78558
78559
78560
78562
7857
7858
78582
78588
78590
78594
78596
786
78600
78602
78606
7861
78615
7862
78622
78624
78626
78627
78630
78631
78633
78636
78643
7865
78650
78657
78658
78662
78669
78670
78672
78680
78682
7869
78690
78691
78696
78699
787
7870
78703
78704
78706
78708
78709
78710
78720
78724
78727
7873
78733
78741
78743
78745
78746
78758
7876
78760
78769
78770
78771
78773
78775
7878
78780
78784
78786
78787
788
78800
78805
78809
78818
78822
78824
78826
78836
7884
78844
78845
78846
78848
78849
7885
78850
78851
78857
78864
78865
78866
78868
78869
7887
78870
78872
78874
7888
78883
78888
78897
78900
78901
78904
7891
78910
78912
78914
78918
78919
78920
78921
78929
7894
78948
7895
78951
78957
78959
78961
78962
78965
78966
78968
78973
78977
78982
78983
78989
7899
78990
78994
78999
79
7900
79000
79001
79002
79004
79009
79010
79011
79019
79020
79021
79029
7903
79033
79037
79039
7904
79042
79047
7905
79057
79058
7906
79069
79070
79072
79075
79077
79084
79088
79093
79094
79096
79097
79098
791
7910
79103
79104
79109
7911
79111
79113
7912
79120
79124
79125
79128
7913
79130
79131
79134
79136
79138
79143
79146
79151
79157
7916
79161
79165
7917
79176
79183
79184
79185
79191
79197
79199
792
79204
79208
7921
79210
79217
79218
79219
7922
79220
79221
79222
79223
79227
79234
79235
79236
79238
7924
79245
79246
79249
7925
79253
79254
79258
79259
79260
79266
79268
79272
79274
79276
79283
79284
79286
79287
79288
79289
79290
79292
79294
79297
7930
79301
79303
79305
79307
7931
79310
79313
79321
79323
79330
79335
79336
79337
79341
79342
79347
79350
79353
79354
79355
7936
79361
79369
79370
79373
79377
79382
79389
7939
79391
79398
79400
79402
7941
79411
79415
7942
79423
79425
79426
7943
79431
79436
79437
79441
79443
79444
79446
79447
79448
79451
79453
79454
79456
79462
79463
79464
79467
7947
79473
79474
79476
7948
79480
79482
79484
79488
79489
79496
7950
79501
79508
79510
79511
79518
79519
7952
79531
79533
79534
79545
79548
79550
79551
79553
79561
79563
79567
79568
79570
79573
79574
79577
79579
79583
79587
79592
79594
79597
79599
796
79604
79605
79606
79607
79609
7961
79622
79624
79625
7963
79632
79633
79636
7964
79642
79646
7965
79653
79658
79659
79660
79663
79672
79675
79677
79681
79684
79685
79689
79695
79698
79703
79707
79711
79712
79717
79718
79722
79726
79727
79733
79734
79740
79741
79742
79746
79748
79753
79754
79755
79757
79759
7976
79762
79763
79769
79774
79779
7978
79782
79784
79785
79788
79790
79792
79793
79799
7980
79802
79804
79806
79809
79815
79818
79819
7982
79823
79827
79828
79829
7983
79834
79836
79839
7984
79841
79842
79844
79846
79850
79851
79853
79854
79857
79859
7986
79864
79867
79868
7987
79870
79872
79873
79878
7988
79880
79885
79886
79890
79897
7990
79901
79903
79905
79908
79909
79912
7992
79924
79928
7993
79940
79944
79948
79951
79955
79956
79957
7996
79961
79962
79968
79969
79970
79972
79977
79982
79985
79987
7999
79990
79994
79995
8
80
8000
80002
8001
80011
80017
8002
80022
80024
80027
8003
80030
80031
80033
80035
80036
80052
80057
8006
80060
80062
80063
80065
80066
80069
8007
80070
80072
80074
80076
8008
80084
80085
80088
8009
80104
80106
80109
80111
80114
80119
8012
80121
80122
80126
80129
80131
80134
80135
80136
80139
80141
80144
80148
80152
80153
80156
80159
8016
80162
80165
80169
80170
80171
80172
80174
80177
80179
80180
80182
80183
80187
80188
8019
80192
80193
80194
80195
80202
8021
80210
80212
80213
80218
80221
80222
80227
80228
8023
80232
80234
80236
80237
80238
80239
80242
80243
80245
80246
80252
80258
80259
8026
80264
80265
80267
80268
80273
80278
80279
8028
80280
80284
80289
80297
80298
80303
80304
80307
80308
80309
8031
80313
80317
80322
80326
80328
80333
80334
80335
80336
80337
8034
80342
80344
80347
80351
80353
80357
80361
80370
80373
80374
80383
80389
80390
80391
80399
8040
80403
80404
80405
80406
80408
80410
80415
80417
8042
80422
80423
80428
8043
80431
80439
8044
80440
8045
80454
80459
8046
80460
80461
80465
80467
80471
80476
80477
8048
80485
80489
80493
80494
80496
80498
805
80503
80505
80510
80512
80513
80516
80520
80523
80533
8054
80541
80544
80546
80548
8055
80552
80554
80555
80565
80566
80567
80569
8057
80572
80573
80574
80580
8059
80596
80598
8060
80602
80604
80606
80607
80617
80618
8062
80624
80626
80629
8063
80631
80633
80636
8064
80640
80641
80645
80648
80649
80652
80653
80657
8066
80667
80670
80675
8068
80687
80689
80690
80698
8070
80704
80708
80715
80719
8072
80720
80723
80724
80727
80736
80739
8074
80741
80743
80747
80749
80750
80752
80757
80758
80759
80761
80763
80769
80772
80776
8078
80784
80786
80787
8079
80791
80792
80795
80798
808
80801
80802
80803
80805
80806
80807
80808
80810
80813
80823
80828
80834
80836
8084
80841
80842
80848
80853
80856
80858
8086
80868
8087
80871
80872
80876
80879
80880
80881
80887
8089
80898
809
8090
80901
80904
80906
80908
80910
80911
80916
80918
8092
80922
80924
80928
80929
80932
80934
80935
80936
80941
80944
80945
80946
80947
80952
80953
80955
80956
80959
8096
80960
80965
80966
80973
80974
80975
80980
80982
80988
80991
80992
81
8100
81002
81004
81006
81007
8101
81012
8102
81020
81024
81025
81030
81032
81033
81039
81045
81047
81052
81054
81055
8106
81068
81069
8107
81075
81078
81089
81090
81097
81098
811
81100
81103
81107
81110
81111
81112
8112
81123
81126
81132
81139
8114
81154
81157
81159
81161
81162
8117
81179
81181
81186
8119
81193
81196
81199
8120
81200
81206
81207
81208
81209
8121
81212
81213
81214
81219
8122
81220
81221
81222
81225
81226
81227
8123
81230
81235
81237
81239
81240
81247
81252
81253
81254
81265
81271
81273
81276
81277
81278
81279
81281
81282
81290
81295
81296
81297
81298
813
81300
81302
8131
81315
81317
81318
8132
81320
81321
81327
81328
8133
81335
81336
81337
81338
81339
81346
81348
81351
81353
81358
8136
81363
81364
81367
81368
81371
81375
81377
81378
8138
81384
81391
81393
81395
81396
81399
8140
81402
81404
81419
81420
81425
81426
81428
81429
81431
81436
8144
81441
81446
8145
81451
81454
81462
81463
81465
81468
81469
81477
8148
81486
81489
81493
815
8150
81500
81503
81504
81508
81511
81514
81523
81524
8153
81532
81533
81536
81539
8154
81540
81541
81545
81546
81548
81551
81554
81557
81561
81564
81566
8157
81575
81577
81578
81582
81586
81587
81589
81590
81597
8160
81604
81608
8161
8162
81623
81627
81628
81632
81637
81638
81642
81647
81650
81651
81659
81662
81674
81678
81681
81683
81693
81694
81698
81699
81700
81701
81703
81706
8171
81713
81716
81718
81721
81723
81724
81727
81728
81729
8173
81731
81732
81736
81741
81744
81747
81753
81755
81758
8176
81766
81774
81778
81779
8178
81780
81782
8179
81791
81796
81797
818
81801
81803
81807
81809
81812
81817
81818
81820
81821
81822
81826
8183
81831
81833
81836
81840
81842
81849
8185
81850
81851
81854
81857
8186
81862
81869
81870
81878
81890
81893
8190
81905
8191
81913
81918
81919
81922
81923
81928
8194
81943
81944
81951
81953
81967
81977
8198
81982
81984
81994
81995
81998
820
8200
82000
82007
82009
82015
82017
82023
82024
82025
82026
82028
8203
82039
82045
82046
8205
82051
82052
82054
82062
82065
82068
8208
82084
82088
82092
82093
82099
821
82100
82101
82108
82110
82111
82112
82120
82124
82127
8213
82132
82134
82136
82138
82141
82142
82146
82147
8215
82151
82153
82154
82155
82162
82163
82167
82168
82169
8217
82170
82171
82176
8218
82180
82183
82186
82188
82195
82201
82204
82206
82210
82216
82218
82220
82222
82225
82233
82242
82244
82248
82249
82250
82251
82252
82257
82258
82261
82262
82263
82265
82267
82269
82271
82272
82275
82277
82279
82283
8229
82291
82294
823
8230
82300
82302
82303
82308
82309
8231
82310
82312
82314
82316
82318
82319
8232
82320
82322
82330
82331
82332
8234
82341
82342
82344
82345
82346
82348
8235
82351
82357
8236
82363
8237
82372
82374
82375
82376
82379
8238
82380
8239
82393
82395
82396
82397
82398
824
82402
82407
82408
82409
82416
8242
82424
82428
82429
8243
82433
82434
82435
82437
8244
82441
82443
82448
8245
82451
82454
82455
82462
82464
82469
82474
82476
8248
82483
82484
82485
82488
82494
82495
82496
825
8250
82506
82507
82508
82509
8251
82511
82515
82517
82519
8252
82522
82525
82526
82528
82532
82537
82539
8254
82541
82547
82552
8256
82564
82568
82569
8257
82570
82571
82572
82576
82577
82582
82584
82588
82597
82600
82602
82603
82608
8261
82613
82618
8262
82622
82623
82627
8263
82638
82640
82642
82651
82653
82655
82657
82659
82660
82662
82663
82664
82667
82668
8267
82670
82675
82678
82681
82684
82685
82688
82689
8269
82692
82696
827
82700
8271
82714
82720
82725
82727
82729
82730
82731
82736
82740
82742
82744
82749
8275
82756
8276
82763
82764
82765
82769
82771
82775
82779
8278
82783
82789
8279
82791
82793
82799
828
82804
82806
82807
82815
82819
82821
82822
82824
82826
82828
82830
82831
82835
82836
82839
82840
82843
82844
82846
82847
82849
8285
82851
82858
82860
82863
82864
82866
82871
82879
8288
82881
82883
82884
8289
82896
82901
82905
82906
82907
82916
82918
82919
8292
82922
82928
82932
82936
82938
82939
82940
82944
82946
82950
82952
82953
82955
82966
82968
8297
82971
82972
82976
82977
82978
82980
82982
82983
82985
82986
8299
82990
82994
82996
82997
83
8300
83002
83006
83010
83011
83019
83020
83022
83026
83027
8303
83030
83033
83036
83039
8304
83041
83043
83047
83048
83049
83051
83053
83055
83056
83057
8306
83061
83063
83072
83075
83076
83080
83081
83087
83088
83094
83098
831
8310
83104
8311
83110
83113
8312
83124
83125
83128
83129
8313
83135
83143
83148
83150
83155
83159
83160
83163
83168
83169
8317
83174
83175
83180
8319
83190
83195
832
8320
83200
83203
83208
8321
83213
83215
83216
83218
83219
83228
8323
83231
83233
83234
83240
83247
83252
83253
83254
83256
83262
83263
83264
83265
83267
83271
83272
83273
83274
83275
83276
8328
83282
83288
83289
83290
83292
83295
83299
833
8330
83301
83303
83310
83311
8332
83329
83332
83334
83340
83344
83348
83353
83354
83356
83361
83362
83363
83368
83372
83374
83375
83378
83379
8338
83381
83383
83386
83388
8339
83390
83391
83396
83397
8340
83400
83407
8341
83411
83413
83416
83418
8342
83422
83423
83425
83427
83438
83440
83443
83444
83445
83447
8345
83458
83459
83460
8347
83474
83475
83476
83477
83478
83480
83481
83483
83487
8349
83490
835
83505
83508
8351
83514
83516
83517
83520
83521
83524
83525
83526
83529
83530
83531
83534
8354
83542
83545
83548
83550
83558
8356
83564
83566
83569
83570
83571
83574
8358
83585
83588
83591
83593
83595
83607
83608
83617
83618
83619
83620
83624
83626
83627
83629
83631
83633
8364
83640
83643
83645
83647
83659
8366
83660
83666
83667
83668
83670
83672
83675
8368
83682
83683
83684
83686
83688
83692
83693
83699
837
83701
83703
83706
83711
83715
83719
8372
83720
83724
83725
83727
83728
83729
8373
83733
8374
83748
83753
83754
83755
83756
83760
83762
83767
83768
83769
8377
83770
83775
83776
83779
83786
83792
838
8380
83804
83805
83807
83815
83816
83817
8382
83821
83822
83825
83827
83836
83837
83838
83841
83842
83843
83844
83848
83849
8385
83851
83853
83861
83863
83868
83873
83875
83881
83883
83887
83890
83893
839
83901
83904
83905
83906
83907
8391
83915
83916
8392
83921
83922
83923
83924
83925
83931
83934
83935
83941
83946
83955
83958
83959
8396
83960
83961
83968
83969
83975
83977
8398
83982
83983
83992
83994
83997
83999
840
84001
84006
8401
84010
84011
8402
84032
84033
84034
84035
84036
8404
84044
84045
84046
84048
8405
84051
84054
84059
84062
84064
84065
8407
84072
84073
84075
84077
8408
84084
84085
84086
84090
84091
84094
84096
84098
84099
841
8410
84100
84101
84104
84105
84108
84110
84112
84114
84116
84119
84121
84124
8413
84136
8414
84140
84147
8415
84153
84155
84157
8416
84163
84164
84165
84166
84167
84171
84173
84175
84177
84180
84181
84184
84185
84192
84193
84194
84198
84199
842
8420
84201
84204
84208
84209
8421
84210
84212
84213
84214
84217
8422
84220
84221
84222
84231
84244
84245
84248
84252
84256
84257
84258
84259
84261
84262
84268
84270
84275
84280
84284
84286
84287
84288
8429
84290
84293
84294
84296
843
8430
84303
84306
8431
84311
84314
84315
84316
84319
84323
84324
84329
84335
84337
84338
8434
84340
84341
84347
84351
84357
84358
8436
84360
84361
84362
84363
84364
84366
84368
84370
84372
84378
84381
84382
8439
84394
844
84402
84403
84406
84408
84409
84413
84414
84418
84420
84424
84425
8443
84432
84433
84434
84435
84439
84442
84443
84444
84448
84450
84452
84453
84454
84458
84461
84463
84466
84469
84474
84475
84478
84480
84482
84486
84487
84488
84492
84495
84498
84499
845
8450
84500
84505
84506
84511
84513
84514
84521
84524
84527
84528
84531
84532
84534
84535
84537
84541
84543
84545
84548
8455
84553
84558
84559
84561
84567
84568
84570
84588
8459
84591
84592
846
84607
84609
84610
84612
84619
84623
84625
84626
84636
84639
8464
84642
84647
84652
84655
8466
84665
8467
84670
84671
84674
84678
84679
8468
84685
84689
84693
84697
84702
84707
84708
84712
8472
84722
84724
84725
84726
84729
84738
84740
84741
84743
84746
84750
84755
84759
8476
84762
84767
84770
84772
84779
84788
84792
84794
84795
84797
848
8480
84800
84805
84810
84818
8482
84823
84825
84828
84830
84831
84832
84834
84837
84845
84846
8485
84856
84861
84863
84865
84868
84869
84870
84872
8488
84882
8489
84890
84897
84898
84899
84902
84906
84908
84909
84913
84914
84919
8492
84924
84930
84932
84935
84936
84938
84942
84943
84945
84948
84952
84953
8496
84962
84963
84964
84968
84969
84977
84982
84986
84987
84990
84997
85
850
85001
85004
85005
85012
85021
85024
85029
8503
85033
85036
85038
85040
85041
85042
85044
85047
85052
85055
85056
85060
85063
85064
85067
85068
85077
85078
8508
85092
85093
85097
851
8510
85101
85104
85107
8511
85113
85116
85118
85120
85121
85122
85123
8513
85131
85135
85136
85137
85143
85149
8515
85151
85165
85166
85168
85169
85175
85181
85182
85185
85186
8519
85190
85195
85196
85198
8520
85200
85204
85205
85209
85210
85215
85218
85219
85220
85221
85229
8523
85235
85237
85242
85243
85256
85259
85263
85269
85271
85273
85275
85279
85282
8529
85292
85299
853
85307
85311
85316
85319
8532
85320
85321
85322
85326
85327
85329
85330
85339
8534
85342
85349
85355
85358
8536
85365
85366
85384
85387
85390
85391
85399
854
8540
85400
85405
85407
8541
85412
85415
8542
85420
85425
85426
85427
85431
85432
85433
85434
85435
85443
85445
8545
85450
85451
85456
85458
85459
8546
85460
85465
85477
85483
85485
85487
85490
85499
85502
85503
85504
85505
85508
85511
85515
8552
85522
85527
85528
8553
85532
85539
85547
85550
85552
8556
85563
85565
85566
8557
85573
85578
8558
85582
85588
8559
85594
85596
85600
85601
85605
85614
85615
8562
85622
85628
85633
85635
85636
8564
85643
85649
85650
85654
8566
85667
85671
85672
85676
85677
85679
85680
85682
85683
85687
85691
85692
85693
85704
85705
85708
85710
85713
85714
85716
85717
8572
85720
85724
85726
85727
8573
85730
85732
85737
8574
85747
85748
85749
85750
85756
85759
85762
85766
85768
85771
85773
85775
8578
85780
85783
85785
85786
85787
85788
85793
85796
858
85816
85817
85819
85821
85825
85828
8583
85832
85836
85837
8584
85846
85849
8585
85853
85861
85862
85867
85869
85871
85872
85879
8588
85880
85882
85886
85899
859
85902
85907
85908
85910
85912
85918
8592
85927
85935
85937
85938
85941
85944
85958
85959
8596
85960
85963
85969
8597
85983
85985
85988
85989
8599
85990
85997
86
860
8601
86012
86016
86018
86026
8603
86044
86048
86049
8605
86052
86054
86056
86058
8606
86066
86071
8608
86082
86084
8609
86090
86095
861
86101
86102
86103
86105
86110
86118
86125
86126
8613
86133
86137
86138
8614
86147
86151
86156
86162
86165
86169
86172
86174
8618
86182
86183
86185
86187
86189
8619
86191
86192
86193
86195
86196
86197
86198
86203
86206
86217
86223
86233
86239
86242
8625
86252
86254
86255
86258
8627
86276
86278
8628
86283
86284
86286
86288
8629
86292
86297
863
86301
86306
86308
86309
86310
86311
86313
86315
86317
86318
86321
86323
86329
86334
86336
86338
86346
86362
86369
86371
86375
86376
8638
86380
86386
86387
8639
86397
864
8640
86400
86406
86407
8641
86417
86421
86429
8643
86434
86436
8644
86440
86442
86447
86453
86463
86465
86466
86467
86471
86472
86473
86474
86475
86476
8648
86486
865
86503
86504
86508
86511
86519
86520
86523
86524
86525
86526
86527
8653
86535
8654
86540
86544
86548
86551
8656
86560
86564
86567
86568
86576
86584
86588
86589
86593
86595
86596
866
86601
86602
86605
86606
86607
8661
86613
86614
86617
8662
86621
86625
86626
86627
86633
86634
86635
86637
8664
86643
86645
86646
86648
8665
86662
86666
8667
86672
86675
86684
86687
8669
86690
86693
86696
86700
86706
86709
8671
86711
86715
86719
8672
86720
86722
86723
86727
86729
8673
86731
86732
86739
8674
86742
8675
86750
86752
86753
86756
86758
86759
8676
86766
86767
8677
86776
86777
86780
86782
86783
86786
86789
86790
86792
86801
86802
86803
86805
86806
86808
86817
86818
8682
86828
8683
86835
86837
8684
86843
86846
86848
8685
86854
86857
86861
86862
86864
86865
86867
8687
86875
86878
8688
86881
86889
86890
86894
86895
86897
86898
86899
869
86905
86910
86911
86912
86917
86921
86923
8693
86931
86935
86949
86950
86955
86959
86962
86964
86967
86969
8697
86970
86976
86979
8698
86983
86986
8699
86993
87
870
8700
87003
87005
87010
87014
87017
87018
87026
87030
87031
87033
87035
87037
87040
87047
87048
87051
87056
87057
87058
87059
8706
87066
87068
87070
87073
87076
87079
8708
87081
87082
87085
87088
8709
87091
87092
87094
87096
871
8710
87101
87107
87109
8711
87113
87115
87120
87124
87127
87129
8713
87133
87138
87139
87140
87141
87144
87145
87147
8715
87152
87163
87167
87168
8717
87171
87174
87181
87185
8719
87191
87196
87197
87198
87199
872
87200
87205
87207
87209
87215
87216
87217
87225
87228
87232
87233
87236
87237
87240
87241
87243
87246
87247
87248
87251
87253
87254
87257
87258
87259
8726
87262
87263
87266
87269
8727
87270
87274
87278
8728
87281
87282
87283
87293
87299
8730
87303
87306
8731
87313
87314
87316
87323
8733
87336
8734
87343
87344
87347
8735
87351
87353
87354
87355
87358
87359
8736
87363
87366
87369
8737
87370
87382
87384
8739
87391
87393
87397
87398
87400
87405
8741
87412
87413
87414
87416
87417
87420
87426
8743
87432
87434
87435
87437
87446
87451
87455
87456
87457
87459
87462
87464
87465
87469
87471
87473
87477
8748
8749
87495
87496
875
87500
87501
87503
87504
87508
87509
87512
87513
87517
87525
87526
8753
87532
8754
87541
87545
87552
87557
87558
87559
87560
87561
87575
87577
87578
87586
87587
8759
87597
87598
87609
87612
87617
8762
87623
87625
87627
87628
87630
87635
8764
87640
87644
87646
87655
87656
87657
8766
87666
8767
87673
87676
8768
87681
87682
87685
87686
87688
87695
87696
87697
87699
877
8770
87704
87707
8771
87715
87716
87723
8773
87733
87734
87738
87739
87742
87748
87749
8775
87754
87758
87764
87771
87779
8778
87783
87792
87793
87796
87801
87802
87803
87804
87808
87809
87812
87821
87822
87826
87827
8783
87830
87832
87837
87842
87845
87850
87854
87855
8786
87861
87863
87868
87874
87876
87877
87881
87885
87886
8789
87892
87893
87895
87896
87898
87901
87909
8791
87910
87915
87920
87937
8794
87940
87946
87951
87953
87954
87956
87968
8797
87976
87977
8798
87984
87991
87998
87999
88
88003
88008
88013
88015
88018
88020
88022
88024
8803
88037
88042
88051
88064
88066
88067
88069
88071
8808
88081
8809
88090
881
8810
88101
88105
88106
88110
88115
8812
88123
88125
88129
88130
88135
88136
88139
88144
88146
8815
88150
88158
8816
88164
88166
88179
88183
88184
88186
88189
88190
88191
88192
88194
88195
88198
88199
88200
88205
88210
88211
88216
88218
88223
88224
88227
8823
88230
88231
88232
88234
88239
88241
88243
88246
88257
8826
8827
88272
88273
8828
88282
88283
88286
88288
8829
8830
88302
88308
88310
88311
88313
88314
88317
88319
88324
8833
88333
88335
88339
8834
88341
88347
88348
88349
88353
88354
88356
88359
8836
88363
88366
88367
8837
88373
88378
88381
88383
88386
88387
88389
8839
88390
88391
884
8841
88411
88415
88416
88417
88419
88422
88427
8843
88430
88449
88450
88458
88464
88466
88467
88468
88472
88475
88477
8848
88487
88490
88494
88495
885
88501
88503
88505
88507
88511
88512
88518
88521
88524
88525
88529
88538
8854
88543
88545
88546
8855
88552
88555
88559
8856
88560
88566
88567
88569
88570
88572
88576
88580
88585
88587
8859
88593
88601
88603
88604
88613
88617
88627
8863
88630
88631
88636
8864
88641
88643
88648
88650
88655
88659
8866
88663
88666
88668
8867
88677
88678
88683
88684
88685
88686
8869
88690
88691
88696
88698
88699
8870
88701
88703
88704
8871
88710
88714
88719
88725
88729
8873
88730
88731
88732
88735
88737
88740
88750
88752
88754
88756
88757
88759
88764
88767
8877
88771
88773
88774
88781
8880
88807
88820
88823
88829
88831
88832
88834
88836
88837
8884
88841
88843
88844
88847
88848
8885
88854
88856
88859
8886
88861
88868
8887
88871
88878
88879
8888
88884
88890
88891
88892
88893
88896
88898
88899
889
88902
88909
8891
88913
88920
88924
88927
8893
88930
88931
88935
8894
88949
8895
88951
88952
88955
88961
88962
88968
88979
88992
89
890
8900
89003
89007
89010
89022
89024
89026
89029
89030
89035
89039
89041
89044
8905
89054
89055
89056
8906
89065
8907
89071
89079
89089
8909
89090
89092
89093
89094
89099
891
89100
89105
8911
89118
89129
89135
89139
89145
89146
89149
89156
89158
8916
89162
89163
89164
89165
89166
89169
8917
89175
89179
89180
89183
89184
89185
89188
89189
89193
89195
89197
89199
892
8920
89203
89204
89207
89208
89209
89213
89214
89216
89218
89219
8922
8923
89232
89236
89237
89239
8924
89245
89251
89255
89257
89259
89264
89268
8927
89272
89274
89276
89280
89285
89286
89289
89291
89292
89295
893
8930
89301
89302
89303
89305
89307
89314
89319
8932
8933
89337
89344
89345
89347
89348
8935
89351
89353
89358
89369
8937
89370
89374
89376
89377
8938
89381
89382
89384
89387
89392
894
89401
89402
8941
89410
89411
89413
89414
89419
89421
89425
89444
89450
89451
89460
89466
89467
89468
89469
89478
89479
8948
89485
89489
89492
89496
89499
89501
89502
89504
89510
89514
89515
89516
89517
8952
89521
89522
89523
89525
89526
89529
8953
89532
89534
89536
89539
89549
8955
89551
89557
89560
8957
89570
89571
89581
89583
89585
89587
89589
89594
89595
89596
89597
8960
89601
89602
89607
89608
89609
89610
8962
89621
89625
8963
89638
89639
89640
89644
8965
89650
89652
89658
89660
89661
89662
89667
89670
89671
89672
89679
89680
89687
8969
89695
89696
89697
89698
89701
89706
8971
89710
89711
8972
89720
89726
89729
8973
89733
89744
89749
89756
89758
89759
89760
89768
89769
8977
89775
89776
89777
89778
89780
89785
89788
89794
89795
89802
89805
89806
89807
89809
89811
89815
89816
89817
89826
89827
8983
89830
89834
89836
89838
89844
89849
89855
89857
8986
89866
89868
89872
89876
89885
89887
89890
89892
89893
89896
899
89900
89904
89910
89913
89915
89918
89919
89923
89926
89928
89934
89937
89949
8995
89957
89958
89961
89963
89966
89969
8997
89974
89977
8998
89985
89988
89991
89992
89996
89997
89999
9
90
900
9000
90001
90002
90006
90007
9001
90014
90015
90020
90023
90027
90031
90032
90033
90034
90037
90040
90042
90047
90049
90051
90052
90054
90056
90060
90066
90067
9007
90072
90077
90080
90081
90082
90086
90089
90090
90091
90092
90093
90095
90097
9010
90103
90108
90113
90118
90120
90129
9013
90133
90135
9014
90147
90149
9015
90154
90155
90156
90158
9016
90164
90165
9017
90173
90174
90176
90179
90180
90189
9019
90190
90195
90197
90198
90199
90200
90201
90205
90206
9021
90211
90214
90216
90218
90219
9022
90222
90223
9023
90236
90238
9024
90242
90245
90249
90250
90257
90261
90263
90265
90266
90272
90275
90281
90286
90290
90292
90295
90298
903
9030
90303
90305
90306
90307
9031
90315
90317
9032
90321
90325
90331
90332
90338
90339
90343
90349
90353
90354
90357
90362
90363
90366
90370
90371
90372
90375
90386
90390
90394
904
90401
90405
90406
90409
9041
90410
90413
90414
90416
90419
9042
90429
90430
90432
90433
90434
90439
90443
90448
90457
90459
90463
90465
90467
9048
90483
90485
90491
90495
90496
905
90502
90504
90515
90517
90520
90522
90523
90525
90528
9053
90533
90535
90539
90542
90544
90545
9055
90552
90553
90557
90563
90565
9057
90572
90573
90574
90582
90584
90585
90589
90590
90591
90592
9060
90600
90602
90610
90616
90617
90618
90622
90623
90639
90641
90644
90647
90648
9065
90651
9066
90664
90668
90679
90686
90688
90689
9069
90690
90692
90694
90695
90697
90699
9070
90707
9071
90712
90714
90724
90726
90728
90737
9074
90744
90750
90753
90755
90758
90762
90765
90767
90768
90771
90775
90778
9078
90787
90789
90790
90791
90792
90793
90794
90796
9080
90811
90816
90817
90818
90823
90829
9083
90830
90832
90834
90838
9084
90841
9085
90852
90853
90854
90855
90858
90865
90867
9087
90872
90874
90875
90876
9088
90881
90883
90884
90886
90889
9089
90890
90891
90893
90894
90895
90899
90906
90911
90913
9092
90921
90922
90927
90929
9093
90932
90933
90937
90942
90944
90945
9095
90951
90959
90962
9097
90975
90985
9099
90993
90995
90996
90998
90999
91
9100
91001
91006
91007
91012
91015
91018
91026
91028
91029
91031
91033
91035
91038
91041
91042
91044
91046
91047
9105
91050
91061
91062
91063
91066
91070
91073
91074
91079
9108
91087
91088
91091
91095
91098
91099
911
91100
91105
91109
9111
91113
91114
91117
91118
91119
91120
91122
91125
91126
91128
91131
91135
91141
91143
91147
9115
91151
91153
91158
91161
91162
91163
91164
91165
91167
9117
91171
91174
91175
91176
91181
91182
91186
91188
91189
9119
91192
91193
91194
91198
91199
91207
91210
91218
9122
91225
91227
91229
91231
91232
91233
91237
91239
91241
91242
91251
91257
91258
91269
9127
91270
91272
91276
91279
91282
91283
91287
91289
91291
913
91300
91301
91304
91307
91308
91309
9131
91310
91311
91316
9132
91321
91322
91324
91329
9133
91330
91337
91338
91339
91343
91346
91347
91349
9135
91351
91353
91354
91356
91357
91358
91361
91363
9137
91370
91373
91375
91383
91384
91385
91388
91391
91394
91396
914
9140
91402
91405
91408
91409
9141
91415
91420
91428
91430
91431
91435
91441
91448
91449
9145
91450
91455
91457
91461
91467
91469
91475
9148
91480
91490
91491
91493
915
91501
91506
91507
91509
9151
91515
91521
91523
9153
91531
91534
91535
91536
9154
91549
9155
91550
91552
91553
91561
91565
91569
91572
91574
91577
9158
91580
91587
9159
91591
91598
91599
9160
91602
91605
91606
91608
91614
91615
91618
91622
91625
9163
91630
91631
91632
91634
91635
91639
91640
91646
91647
91651
91655
91657
91658
91662
91663
91664
9167
91673
91674
91675
91676
91682
91689
91690
91692
91693
91695
91696
917
91700
91702
91703
91708
9171
91710
91712
91713
91715
91716
91718
91725
91734
91745
91746
91748
91749
9175
91750
91758
91759
9176
91760
91763
91766
91772
91774
91776
91777
9178
91782
91784
9179
91796
91797
91798
918
91801
91805
9181
91811
91814
91817
91818
91819
9182
91820
91822
91824
91825
91826
91829
9183
91833
91834
91836
91840
91841
91843
91846
91849
91851
91853
91855
91858
9186
91865
91867
91870
91874
91878
91883
91884
91885
9189
91897
919
91901
91906
91908
91909
9191
91917
91926
91928
9193
91930
91934
91937
91941
91951
91954
91956
91958
91959
91960
91967
91969
9197
91972
91973
91974
91977
91980
91988
91990
91994
91995
91996
92004
92008
92009
9201
92017
9202
92021
9203
92030
92037
92039
92043
92044
92048
92050
92051
92053
9206
92060
92063
92067
92068
92069
9207
92071
92081
92087
9209
92097
92099
921
92100
92102
9211
92111
92115
92116
92117
92119
9212
92120
92121
92122
92128
92129
92133
92135
92136
92140
92146
92152
92153
92154
92157
92159
9216
92168
92169
92170
92172
92174
9218
92184
92188
92190
92191
92192
92193
92194
92195
92198
922
9220
92202
92203
92215
92216
92217
92224
92227
9223
92231
92235
92237
92240
92248
92251
92256
9226
92262
92265
92266
92267
9227
92277
92287
92288
92289
9229
9230
92302
92303
92305
9231
92312
92319
9232
92320
92324
92325
92328
9233
92332
92336
9234
92342
9235
92350
92352
9236
92360
92365
92369
92372
92375
92377
92382
92384
92385
92386
92387
92388
92391
92392
92396
92398
924
9240
92402
92412
92415
9242
92420
92423
92425
92427
92428
92434
92436
92438
92439
92441
92442
92444
92445
9245
92452
9246
92465
92466
92468
92473
92476
92477
9248
92487
92495
92499
9250
92502
92506
92509
92511
92514
92515
92518
9252
92523
92525
92528
92530
92531
92532
92535
92538
92542
92544
92545
92546
92547
92554
92556
92569
9257
92570
92573
92576
92577
92578
92579
92583
92586
9259
92590
92595
926
92600
92603
92605
92607
92608
92614
92617
92620
92625
92638
92639
9264
92640
92642
92643
92652
92657
9266
92661
92664
92666
92667
92671
92674
92678
92683
92686
9269
92690
92693
92695
92696
92700
92706
92707
92709
92710
92711
92712
92716
92717
9272
92728
92739
9274
92754
92755
92756
92757
9276
92762
9277
92770
92775
92777
92778
92781
92783
92785
92786
92792
92795
928
92804
92808
9281
92811
92812
92814
92818
92820
92826
92827
92829
92832
92834
92835
92838
92840
92843
92849
92852
92854
92858
92862
92863
92865
92866
92871
92878
92881
92886
92887
92888
9289
92890
92891
92892
92893
92894
92900
92901
92904
92907
9291
92912
92918
92919
9292
92922
92932
92933
92939
92940
92941
92946
92948
92949
92950
92957
92959
9296
92965
92966
92969
9297
92974
92975
92978
9298
92981
92982
92986
92987
92988
92990
92991
92994
92996
92997
93002
93004
93008
9301
93019
9302
93027
93029
93031
93033
93036
93042
93044
93047
9305
93061
93065
93069
9307
93073
93074
93088
93089
9309
93090
931
93100
93106
9311
93110
93111
93115
93117
93119
93120
93128
93129
93130
93133
93138
93146
93151
93156
93163
93168
93171
93172
93175
93177
93180
93183
9319
93191
932
93200
93201
93202
93204
93207
9321
93211
93218
93220
93223
9323
93234
93240
93244
93246
93254
93256
93257
93260
93262
93263
93268
93269
93270
93271
93272
93274
93276
93277
93279
93280
93284
93285
93287
93288
93289
9329
93290
93294
93295
93302
93304
93307
93313
93315
9332
93323
93324
93326
93327
9333
93332
93342
93344
93347
9335
93357
93363
93364
93369
93374
93375
9338
93380
93382
9339
93390
93391
93394
93395
93396
93397
93398
93399
9340
93400
93403
93405
93406
93411
93420
93426
93430
93433
93439
93441
93448
93449
93454
93458
93459
9346
93463
93464
93465
93467
93471
93481
93483
93488
93492
93493
93496
93499
935
93500
93501
93504
93509
9351
93515
9352
93528
9353
93532
93535
9354
93545
93548
93549
93550
93551
93552
93554
9356
93561
93563
93567
9357
93572
93577
9358
93581
93582
93584
93588
93589
93590
93591
93601
93602
93603
93605
93610
93614
93615
93617
93619
93620
93626
93629
93631
93633
93638
93640
93641
93646
93647
93648
93651
93657
93658
93660
93663
93665
93666
93667
9367
93671
93674
93678
93679
9368
93680
93682
93683
93684
93687
93694
93698
9370
93704
93707
93708
93711
93714
93718
93722
93723
93725
93730
93731
93735
93736
93737
93738
93739
9374
93743
93746
93758
93761
93764
93765
93773
93774
93775
93776
93777
93784
93793
93794
93795
938
93800
93804
93811
93813
93817
93818
93820
93827
93828
93831
93837
9384
93843
9385
93856
93857
9386
93862
93867
9387
93877
9388
93886
9389
93893
93898
9390
93900
93902
93907
93908
93912
93917
93920
93923
93924
93928
9393
93936
93939
93942
93944
93946
93947
93948
9395
93955
93956
93957
93958
93959
9396
93967
93972
93977
9398
93980
93981
93991
93994
93996
94
9400
94001
94004
94005
94006
94007
94010
94012
94016
9402
94020
94024
94026
94028
94029
94032
94033
94034
94035
9404
94043
94046
94048
94053
94059
94060
94061
94066
94069
9407
94070
94078
94079
9408
94080
9409
94090
94092
94095
94099
94101
94109
94111
94113
94117
9412
94121
94125
94126
94128
94129
94130
94133
94135
94137
94138
94142
94159
94165
94171
94173
94175
94179
94180
94188
94193
9420
94201
94207
94208
9421
94214
94216
94220
94224
94231
94232
94236
94237
94243
94249
9425
94257
94258
94259
9426
94260
94262
94263
94272
94274
94275
94276
94277
94292
94298
94299
943
9430
94302
94303
94309
9431
94311
94312
94313
94317
94321
94322
94323
94330
94331
94334
94337
94339
94357
9436
94364
94366
94368
94374
94378
94379
9438
94380
94383
94387
94391
94401
94403
94405
94407
9441
94412
94419
9442
94422
94423
94427
94428
94433
94437
9444
94442
94444
9445
94451
94456
94459
9446
94461
94463
94465
94469
9447
94473
94475
94478
94485
94491
945
9450
94500
94505
94515
94518
94519
94528
94529
9453
94530
94532
94538
94543
94547
94550
94557
94564
94567
94570
94571
94572
94574
94579
94581
94583
94586
94587
94592
94602
94604
94616
94621
94626
94637
9464
94641
94642
94644
9465
94651
94652
94655
94659
9466
94660
94665
94666
94669
94677
9468
94693
94697
94700
94705
94708
94716
94717
9472
94721
94726
94733
94740
94742
94748
94749
94755
94760
94762
94779
94785
94789
94792
94797
94798
948
94811
94814
94821
94824
94827
94828
9483
94830
94831
94834
94836
94839
94847
94852
94854
94856
94857
94860
94863
94864
94867
94868
94869
94877
9488
94884
94887
94892
94893
94897
94903
94904
94905
94912
94923
94925
94927
9493
94931
94938
94940
94944
94947
94955
94956
9496
94963
94964
94969
94971
94972
94973
94976
94981
94984
9499
94993
94996
950
9500
95008
95010
95011
95012
95015
95019
95021
95026
95027
95028
95031
95033
95034
95036
95038
95043
95045
95047
9505
95052
95053
95058
9506
95060
95072
95075
95077
95079
95092
95094
95098
9510
95101
95102
95103
95104
95105
95106
95108
95109
9511
95111
95115
95117
95119
95120
95121
95124
95128
95131
95137
95139
95144
95146
95148
95150
95152
95154
95155
95156
95165
95171
95180
95186
95187
95192
95193
95195
95196
952
95204
95207
9521
95210
9522
9523
95232
95238
95239
95242
95246
95247
9525
95254
95259
95262
95265
95269
95270
95274
95276
95277
95280
95281
95284
95286
95287
95292
95297
95303
95305
95309
95313
95314
95315
95317
95320
95324
95327
95328
95330
95335
95336
95337
95340
95344
95346
95348
9535
95350
95360
95364
95369
95370
95371
95374
95376
95379
95381
95385
9539
954
95401
95403
95405
95408
95409
9541
95411
95412
95418
9542
95423
95426
9543
95430
95431
95433
9544
95440
95445
95447
95449
95459
95461
95469
9547
95475
95477
95478
95479
9548
95480
95481
95482
95495
95498
955
9550
95503
95505
9551
95510
95512
95517
9552
95524
95531
95533
95537
95538
95539
9554
95549
9555
95554
95558
95564
9557
95570
95577
95586
95589
9559
95592
95594
95597
95599
9560
95600
95602
95607
95609
95614
95618
9562
95621
95622
95623
95625
9563
95632
95634
95647
95649
9565
95657
9566
95660
95663
95664
95668
9567
95674
95675
95678
95679
95682
95683
95689
95692
95693
95694
95695
95696
95699
957
9570
9571
95718
9572
95721
9573
95732
95739
95740
95741
95743
9575
95751
95759
95767
9577
95770
95771
95775
95776
95778
9578
9579
95792
95796
95798
95800
95803
95808
95814
95820
95821
95823
95829
95838
95839
9584
95840
9585
95854
95858
95859
95870
95876
95877
95878
95883
95886
95891
95896
95897
95898
9591
95913
95915
95917
95918
9592
95921
9593
95931
95933
95940
95941
95944
95946
95948
9595
95952
95954
95955
95961
9597
95970
95972
95974
95986
95987
9599
95994
96
96002
96006
9601
96011
96017
96018
96025
96029
9603
96031
96033
96035
96037
96039
96040
96043
96053
96055
96056
96058
9606
96061
96062
96063
96067
96071
96082
96083
96085
9609
96091
96092
96095
96097
96099
96101
96105
96107
9611
96113
96116
96119
96126
96127
96129
96131
96136
96143
96145
96146
96147
96150
96159
9616
96162
96163
96164
96167
9618
96187
9619
96195
96196
96197
962
9620
96201
96205
96207
96208
96213
96217
96219
96223
96230
96232
96234
9624
96240
96241
96243
96246
96249
96264
96265
96269
96271
96272
96274
96276
96278
9628
96284
96288
96293
96297
96298
963
96300
96302
96304
9631
96313
96315
96319
9632
96326
96331
96332
96335
96336
96337
96339
9634
96342
96348
96357
96363
96367
96372
96374
9638
96382
96386
96387
96389
9639
96390
96391
96392
96393
96399
9640
96404
96408
96412
96415
96416
96418
96420
96422
96426
96435
96438
96440
96448
9645
96450
96454
96459
9646
96463
96464
96471
96473
96474
96478
9648
96481
96482
96483
96486
9649
96491
96492
96496
965
9650
96502
96505
96507
9651
96515
96521
96524
96528
96529
96543
96544
96547
9655
96556
96558
9656
96565
9657
96575
96585
96589
96593
96595
96597
96600
96601
96609
96615
96617
96625
96626
96627
96629
96632
96633
96634
96648
96659
96660
96662
96666
96667
96669
96670
96679
96680
96688
9669
96693
96695
96698
96703
96705
96707
96711
96715
9672
96721
96723
96724
96726
96728
96729
96733
96734
96736
96740
96743
96745
96746
96757
96758
9676
96760
96768
96770
96772
96777
96780
96782
96786
96787
96794
96795
96796
96805
9681
96810
9682
96828
96838
96849
96856
96860
96867
96872
96873
96875
96879
9688
96884
96885
96888
96890
96894
96896
96897
9690
96909
96911
96916
9692
96920
96921
96927
9693
96933
96943
96945
96948
96949
9695
96951
96956
96959
96961
96966
96967
96969
96971
96973
96976
96981
96983
9699
96990
96995
96998
97
97001
97003
97006
97009
9701
97012
97016
97017
97020
97024
97028
97029
97032
97033
97035
97041
9705
97057
97058
97061
97063
97064
97069
9707
97074
97080
97084
97088
9709
97097
9710
97100
97104
97105
97108
97117
97119
9712
97122
97123
97125
97134
97137
97139
97146
9715
97151
97154
97157
97158
97161
97162
97165
97167
9717
97171
97174
97175
9718
97180
97183
97184
97194
97196
97203
97206
9721
97210
97215
97216
97220
97225
97229
9723
97233
97236
97237
9724
97243
97245
97248
97249
97251
97252
97258
9726
97260
97261
97262
97275
97278
9728
97283
97284
973
97300
97317
9732
97325
97329
97331
97333
9734
97340
97345
97348
97349
97350
97354
97355
97356
9736
97360
97364
97365
97366
97369
97372
97373
97383
97384
97386
97388
974
97404
97405
97406
97407
97408
97411
97412
97416
97417
97420
97424
97426
9743
97443
9745
97452
97456
97459
97465
9747
97473
9748
97486
9749
97490
97493
97503
97504
97509
9751
97510
97514
97515
97516
9752
97520
97526
97528
97531
97533
97540
97543
97544
97547
97551
97558
97559
97562
97563
97564
97566
97567
9757
97570
97579
9758
97584
97587
97591
97598
97601
97608
97612
97615
97616
97617
97619
9762
9763
97634
97636
97640
97644
97645
9765
97650
97654
97658
97661
97666
97667
97669
9767
97670
97672
9768
97684
977
97704
97706
97711
97714
97715
97718
97719
97720
97723
97724
97725
97728
97729
97733
97734
97735
97741
97742
97745
97748
97749
97757
97762
97765
97766
97767
97769
97770
97775
97776
9778
97780
97790
97794
978
97813
97815
97822
97834
97837
9784
97854
97855
97864
97867
97871
97874
97877
97880
97881
97882
97884
97886
97893
97894
97897
979
97901
97903
9791
9792
97924
97926
97927
97928
9793
97938
97939
9794
97941
97943
97953
97954
9796
97961
97964
97965
97971
97975
97987
97989
9799
97990
97992
97996
97997
98
98000
98004
98005
98007
98008
98010
98014
98018
98019
98024
98027
98028
9803
98032
98033
98035
98039
98045
98055
98056
98058
98062
98066
98067
98069
98070
98071
98072
98077
98080
98086
98087
98090
981
98101
98103
98107
9811
98110
98111
98113
98115
98116
98121
98122
98127
9813
98132
98133
98134
98136
98138
98144
98146
98155
98156
98157
98161
98163
98164
9817
98172
98173
98177
98181
98184
98186
98187
98188
98191
98195
98198
9820
98200
98201
98204
98205
98207
98208
9821
98221
98226
98230
98231
98241
98251
98255
98259
9826
98265
98267
98268
98271
98278
98280
98283
98288
98291
98295
98296
98299
983
98301
9831
98325
98327
98329
9833
98332
98333
98338
98339
9834
98344
98348
98353
98355
98358
98359
98360
98367
9837
98378
98383
98386
98392
98396
98404
9841
98410
98411
98412
98417
98419
98421
98422
98423
98425
98427
98429
98431
98432
98433
98438
98443
98445
98446
9845
98452
98453
98454
9846
98463
98464
98468
9847
98470
98472
98473
9848
98480
98481
98484
98486
98490
98492
98494
985
9850
98501
98506
98508
98509
98510
9852
98520
98523
98525
98529
98532
98535
98541
98542
98544
98546
98547
9855
98551
98553
98555
98556
9856
98560
98575
98577
98578
98579
9858
98582
98585
98587
98592
98595
98596
986
9860
98602
98603
98606
9861
98612
98613
9862
98620
98621
98622
98624
98631
98637
98638
98644
98647
98648
9865
98652
98665
98666
9867
9868
98680
98685
98691
98692
98694
98696
98697
987
98710
98711
9872
98721
98728
98729
98736
9874
9875
98753
98755
98762
9877
98773
98775
98777
98788
98793
98797
98798
98801
98804
98807
98811
98817
98818
98822
98829
98831
98834
98837
98842
98848
98849
9885
98852
98854
98855
98863
98867
9887
98876
98879
9888
98884
98887
98891
98894
989
98901
98903
98909
98910
98917
98919
98923
9893
98930
98931
98933
98935
98940
98943
98948
98949
98950
98954
98959
9896
98960
98966
98967
98968
98969
98973
98974
98976
98977
98978
98989
98991
98995
98998
99
990
99002
99006
99010
99014
99015
99017
99018
99022
99024
99026
99032
99036
99040
99041
99046
99047
99049
99050
99060
99064
99067
99068
99070
99072
9908
99087
99088
99093
99096
9910
99100
99105
99107
99112
99115
99117
99120
99121
99126
99128
99136
99139
99140
99143
99151
99153
99158
99165
99166
9917
99172
99173
99177
9918
99182
99183
99185
9919
99193
99194
99196
99198
99199
99203
99209
9921
99213
99217
99229
9923
99231
99232
99236
99237
9924
99244
99247
99248
99249
99256
99266
99267
99269
99272
99279
9928
99281
99282
99283
99288
99291
99295
99297
99298
99299
99304
99305
9931
99314
99315
99317
9932
99322
99332
99336
99345
99347
99349
99351
99356
99357
9936
99361
99362
99363
99371
99377
99380
99385
99391
99395
99399
994
9941
99411
99414
99418
99420
99422
99424
99426
99437
99444
99449
99451
99452
99456
9946
99467
9947
99471
99479
9948
99481
99485
99487
99489
99492
99498
99499
9950
99501
99504
99505
99516
9952
99521
99526
9953
99531
99532
99537
99546
99551
99564
99566
99567
9957
99574
99575
99577
99579
9958
99581
99584
99590
99592
99594
99595
99599
9960
99600
99602
99603
99605
99611
99613
99621
99624
99629
99632
99637
9964
99641
99643
99647
99649
9965
99650
99651
99652
99654
99658
99660
99666
99667
99668
9967
99671
99673
99681
99682
99683
99684
99688
99689
9969
99690
99697
99702
99705
99708
9971
99710
99715
99718
9972
99725
99727
9973
99742
99744
9975
99758
99761
99766
99767
99769
9977
99770
99772
99774
99775
99784
9979
99792
99798
998
99800
99802
99805
99807
99811
99815
9982
99820
99821
99826
99834
99836
9984
99841
99842
99843
99844
99847
99850
99851
99856
99858
9986
99860
99873
99877
99878
9988
99880
99881
99882
99883
99891
99893
9990
99903
99907
99910
99912
9992
99923
99939
9994
99944
9995
99953
99954
9996
99965
99966
9997
99970
99979
99989
9999
99998
