patch_a,patch_b,truth,label,sep_um,spacing_med_um,spacing_fallback_frac,sep_over_spacing,median_count,agreement,n_testable,support_fraction,stevens_dist_vox,ct_profile_peak_count,ct_profile_min,ct_profile_max,area_a,area_b,z_vox,z_um
48,72,same-wrap,0,8.8,185.0,0.4,0.047567567567567574,0.0,1.0,8,0.007395796349536607,1.48754,nan,nan,nan,7561,4109,4438.075000000001,35105.17325000001
48,150,same-wrap,0,8.4,340.0,0.0,0.024705882352941178,0.0,1.0,2,0.0016186136687230354,1.19934,nan,nan,nan,7561,4761,4368.700000000001,34556.41700000001
48,162,same-wrap,0,11.7,220.0,0.4,0.05318181818181818,0.0,1.0,8,0.0312398028280321,nan,nan,nan,nan,7561,6467,4405.5650000000005,34848.01915000001
48,238,same-wrap,0,8.2,250.0,0.2222222222222222,0.032799999999999996,0.0,1.0,1,0.008994710660396161,1.68169,nan,nan,nan,7561,2281,4495.245000000001,35557.387950000004
72,150,same-wrap,0,9.2,200.0,0.4,0.046,0.0,1.0,5,0.0025334363162528646,1.56628,nan,nan,nan,4109,4761,4324.555,34207.230050000006
72,162,same-wrap,0,9.6,205.0,0.3,0.04682926829268293,0.0,1.0,9,0.010553685012606383,2.41077,nan,nan,nan,4109,6467,4361.42,34498.832200000004
72,238,same-wrap,0,10.1,175.0,0.4,0.05771428571428571,0.0,1.0,8,0.01605883898383028,1.80024,nan,nan,nan,4109,2281,4451.1,35208.201
90,234,same-wrap,0,10.4,197.0,0.5,0.05279187817258883,0.0,1.0,40,0.037436101108685296,2.61227,nan,nan,nan,10837,4849,4707.1900000000005,37233.8729
90,238,same-wrap,0,8.9,134.0,0.9,0.0664179104477612,0.0,1.0,3,0.004554508356004661,1.85473,nan,nan,nan,10837,2281,4624.425,36579.20175
150,162,same-wrap,0,9.9,134.0,0.6,0.07388059701492537,0.0,1.0,57,0.06828063111787346,5.59017,nan,nan,nan,4761,6467,4292.045,33950.07595
150,286,same-wrap,0,9.5,134.0,1.0,0.0708955223880597,0.0,1.0,4,0.014775118995114645,1.11345,nan,nan,nan,4761,2199,4208.975,33292.99225
162,238,same-wrap,0,10.0,195.0,0.125,0.05128205128205128,0.0,1.0,3,0.006607334455093513,2.18503,nan,nan,nan,6467,2281,4418.59,34951.0469
162,286,same-wrap,0,11.3,222.0,0.5,0.0509009009009009,0.0,1.0,40,0.056996049568182106,7.05785,nan,nan,nan,6467,2199,4245.84,33584.5944
162,407,same-wrap,0,10.0,222.0,0.5,0.04504504504504504,nan,nan,0,0.0,1.68726,nan,nan,nan,6467,2172,4242.085,33554.89235
162,416,same-wrap,0,11.2,134.0,0.6,0.0835820895522388,0.0,0.963,27,0.18500184873375372,nan,nan,nan,nan,6467,958,4280.945,33862.27495
162,494,same-wrap,0,9.3,134.0,0.9,0.06940298507462687,0.0,1.0,8,0.012003547348330073,1.52702,nan,nan,nan,6467,1505,4407.495,34863.28545
162,1120,same-wrap,0,16.8,240.0,0.2,0.07,0.0,1.0,5,0.20462597951898467,nan,nan,nan,nan,6467,3035,4318.75,34161.3125
162,761,same-wrap,0,9.5,134.0,0.6,0.0708955223880597,0.0,1.0,1,0.0017355408834857687,1.24291,nan,nan,nan,6467,2052,4408.014999999999,34867.398649999996
234,238,same-wrap,0,9.0,134.0,0.6666666666666666,0.06716417910447761,0.0,1.0,2,0.004290046274852267,1.91418,nan,nan,nan,4849,2281,4591.035,36315.08685
234,494,same-wrap,0,9.2,134.0,1.0,0.06865671641791045,0.0,1.0,3,0.004461664486399941,2.84163,nan,nan,nan,4849,1505,4579.9400000000005,36227.3254
234,761,same-wrap,0,11.2,134.0,1.0,0.0835820895522388,0.0,1.0,1,0.0017308605523866226,nan,nan,nan,nan,4849,2052,4580.46,36231.4386
234,1717,same-wrap,0,9.7,162.0,0.5,0.05987654320987654,0.0,1.0,44,0.08918710828220756,1.262,nan,nan,nan,4849,2003,4684.46,37054.0786
238,494,same-wrap,0,11.8,134.0,1.0,0.08805970149253732,0.0,0.938,16,0.1398074676411245,3.99128,nan,nan,nan,2281,1505,4497.175,35572.65425
286,407,same-wrap,0,11.1,285.0,0.3,0.03894736842105263,0.0,1.0,13,0.04078479354659086,1.95995,nan,nan,nan,2199,2172,4159.015,32897.808650000006
293,302,same-wrap,0,9.4,215.0,0.3,0.043720930232558144,0.0,1.0,56,0.027058868455802496,1.57546,nan,nan,nan,10665,10837,4709.71,37253.8061
293,346,same-wrap,0,10.0,240.0,0.3,0.041666666666666664,0.0,1.0,47,0.007790852872154317,1.56596,nan,nan,nan,10665,10837,4538.59,35900.2469
302,346,same-wrap,0,8.8,160.0,0.2,0.05500000000000001,0.0,0.875,8,0.004060162202020845,1.73914,nan,nan,nan,10837,10837,4555.83,36036.6153
302,815,same-wrap,0,8.4,134.0,1.0,0.06268656716417911,0.0,1.0,8,0.008838488879137093,1.06497,nan,nan,nan,10837,3409,4689.525,37094.14275
302,1144,same-wrap,0,8.6,152.0,0.5,0.05657894736842105,0.0,1.0,2,0.0012234011748535516,1.19333,nan,nan,nan,10837,6400,4550.174999999999,35991.884249999996
346,962,same-wrap,0,9.8,230.0,0.2,0.042608695652173914,0.0,0.955,22,0.024585229370202206,nan,nan,nan,nan,10837,8815,4272.775,33797.65025
346,1144,same-wrap,0,11.8,150.0,0.4,0.07866666666666668,0.0,0.964,28,0.07971841462992274,nan,nan,nan,nan,10837,6400,4379.055,34638.32505
407,416,same-wrap,0,10.4,134.0,0.7,0.07761194029850746,0.0,1.0,8,0.014153249662417393,3.00435,nan,nan,nan,2172,958,4194.12,33175.489199999996
416,1120,same-wrap,0,76.5,134.0,0.8,0.5708955223880597,-1.0,0.873,71,0.26300811268897445,nan,nan,nan,nan,958,3035,4270.785,33781.90935
416,7904,same-wrap,0,51.5,134.0,0.6,0.3843283582089552,-1.0,0.519,27,0.1607670373984333,nan,nan,nan,nan,958,1062,4260.334999999999,33699.24984999999
494,761,same-wrap,0,11.0,134.0,0.9,0.08208955223880597,0.0,1.0,17,0.049169439588058285,5.11875,nan,nan,nan,1505,2052,4486.6,35489.006
815,1158,same-wrap,0,13.1,134.0,0.4,0.09776119402985074,0.0,0.947,38,0.0556104342735887,6.33296,nan,nan,nan,3409,1837,4577.32,36206.6012
815,1849,same-wrap,0,13.9,134.0,0.6,0.10373134328358209,0.0,0.935,62,0.11793171734544475,115.784,nan,nan,nan,3409,2853,4632.165,36640.42515
815,1954,same-wrap,0,14.4,265.0,0.2,0.05433962264150943,0.0,1.0,1,0.014215431668463445,nan,nan,nan,nan,3409,8719,4654.72,36818.8352
835,955,same-wrap,0,8.0,305.0,0.0,0.02622950819672131,0.0,1.0,1,0.00027677592676611377,1.56091,nan,nan,nan,6209,10837,4596.4400000000005,36357.84040000001
835,6007,same-wrap,0,8.2,134.0,1.0,0.06119402985074626,0.0,1.0,2,0.002224725037889849,0.0,nan,nan,nan,6209,3901,4536.945,35887.23495
835,6019,same-wrap,0,9.7,120.0,0.0,0.08083333333333333,0.0,1.0,8,0.08074818237733984,1.91478,nan,nan,nan,6209,1569,4438.41,35107.8231
955,6007,same-wrap,0,8.5,285.0,0.16666666666666666,0.02982456140350877,0.0,1.0,4,0.004513680924566598,0.0,nan,nan,nan,10837,3901,4657.395,36839.994450000006
962,1107,same-wrap,0,11.2,197.0,0.5,0.05685279187817258,0.0,1.0,23,0.025998431616353575,2.42329,nan,nan,nan,8815,3117,4229.25,33453.3675
962,1144,same-wrap,0,10.8,134.0,0.9,0.08059701492537313,0.0,1.0,19,0.010538721813690118,1.84197,nan,nan,nan,8815,6400,4267.12,33752.9192
1009,1120,same-wrap,0,9.4,152.0,0.5,0.0618421052631579,0.0,1.0,20,0.02636721464934771,9.77281,nan,nan,nan,1908,3035,4277.545,33835.38095
1009,672,same-wrap,0,23.4,190.0,0.0,0.12315789473684209,0.0,0.75,4,0.003844827380707498,7.68778,nan,nan,nan,1908,1836,4202.985000000001,33245.61135000001
1009,2279,same-wrap,0,10.1,134.0,0.6,0.07537313432835821,0.0,0.9,10,0.007260148471488267,1.27564,nan,nan,nan,1908,5868,4324.575,34207.388249999996
1107,1158,same-wrap,0,12.5,240.0,0.1,0.052083333333333336,nan,nan,0,0.0,2.07596,nan,nan,nan,3117,1837,4400.1,34804.791000000005
1107,1144,same-wrap,0,10.0,134.0,1.0,0.07462686567164178,0.0,0.964,84,0.0991052214293801,8.94588,nan,nan,nan,3117,6400,4335.53,34294.0423
1120,7904,adjacent,1,205.9,134.0,0.7,1.5365671641791045,-1.0,0.655,29,0.036235107370870566,nan,nan,nan,nan,3035,1062,4298.139999999999,33998.287399999994
1120,672,same-wrap,0,12.1,190.0,0.3,0.06368421052631579,0.0,0.727,11,0.018716631224173174,11.9476,nan,nan,nan,3035,1836,4234.030000000001,33491.1773
1120,2279,same-wrap,0,9.8,134.0,0.6,0.07313432835820896,0.0,1.0,21,0.012169181172016767,6.04279,nan,nan,nan,3035,5868,4355.62,34452.9542
1158,1849,same-wrap,0,13.6,134.0,0.5,0.10149253731343283,0.0,0.982,56,0.1542221763227651,0.0,nan,nan,nan,1837,2853,4557.385,36048.91535
1158,6252,same-wrap,0,19.5,134.0,0.5,0.1455223880597015,0.0,0.981,53,0.30898036116451916,nan,nan,nan,nan,1837,2894,4493.57,35544.138699999996
1158,761,adjacent,1,198.7,134.0,0.8,1.4828358208955223,1.0,0.612,116,0.22618699424783079,nan,nan,nan,nan,1837,2052,4494.83,35554.1053
1158,1144,same-wrap,0,12.8,197.0,0.5,0.0649746192893401,0.0,1.0,19,0.037902786932076424,6.47781,nan,nan,nan,1837,6400,4437.969999999999,35104.342699999994
1574,1752,same-wrap,0,11.7,134.0,0.5,0.0873134328358209,0.0,1.0,18,0.020324543438771586,2.09813,nan,nan,nan,4989,7281,4163.57,32933.8387
1665,6859,same-wrap,0,9.2,134.0,1.0,0.06865671641791045,0.0,1.0,12,0.013980758980453131,0.0,nan,nan,nan,9049,2003,4243.975,33569.84225
1665,7904,same-wrap,0,8.5,230.0,0.0,0.03695652173913044,nan,nan,0,0.0,1.05307,nan,nan,nan,9049,1062,4309.2,34085.772
1665,1954,same-wrap,0,9.5,120.0,0.0,0.07916666666666666,0.0,1.0,2,0.00044044890001328256,nan,nan,nan,nan,9049,8719,4494.025,35547.73775
1752,1836,same-wrap,0,10.7,222.0,0.5,0.04819819819819819,0.0,1.0,36,0.03249603060421996,2.29839,nan,nan,nan,7281,4213,4211.495,33312.92545
1752,3566,same-wrap,0,8.6,280.0,0.0,0.03071428571428571,0.0,1.0,2,0.007420423379676319,1.62626,nan,nan,nan,7281,4004,4216.16,33349.8256
1836,3566,same-wrap,0,10.9,134.0,1.0,0.08134328358208956,0.0,1.0,2,0.0037401266500386877,1.09773,nan,nan,nan,4213,4004,4288.755,33924.05205
1836,4181,same-wrap,0,9.8,152.0,0.3,0.06447368421052632,0.0,1.0,18,0.012581748600935774,nan,nan,nan,nan,4213,4537,4374.135,34599.40785
1836,6019,same-wrap,0,8.8,237.0,0.5,0.03713080168776372,0.0,1.0,3,0.006645629097056311,1.30798,nan,nan,nan,4213,1569,4342.46,34348.8586
1849,6252,same-wrap,0,11.0,127.0,0.5,0.08661417322834646,0.0,0.971,34,0.02618447443572205,0.0,nan,nan,nan,2853,2894,4548.415,35977.96265
1849,761,adjacent,1,61.2,122.0,0.5,0.5016393442622951,0.0,0.624,85,0.13336671423739702,18.6372,nan,nan,nan,2853,2052,4549.674999999999,35987.929249999994
1849,1954,same-wrap,0,13.4,70.0,0.0,0.19142857142857142,0.0,1.0,3,0.0039954471879293345,2.88039,nan,nan,nan,2853,8719,4634.785,36661.14935
1849,2279,same-wrap,0,10.9,134.0,1.0,0.08134328358208956,0.0,1.0,2,0.0021143332161794462,nan,nan,nan,nan,2853,5868,4507.44,35653.850399999996
2350,1717,adjacent,1,59.7,200.0,0.0,0.2985,-1.0,0.889,9,0.04927560244813479,13.4675,nan,nan,nan,4006,2003,4707.764999999999,37238.421149999995
3566,3841,same-wrap,0,11.6,107.0,0.4,0.10841121495327102,0.0,1.0,15,0.008808153193602388,nan,nan,nan,nan,4004,7421,4416.405000000001,34933.76355
3566,3885,adjacent,1,21.4,40.0,0.0,0.5349999999999999,0.0,1.0,43,0.13309314663150548,9.32695,nan,nan,nan,4004,1834,4280.02,33854.9582
3566,4181,same-wrap,0,9.6,177.0,0.5,0.05423728813559322,0.0,1.0,1,0.0017061685928314863,0.0,nan,nan,nan,4004,4537,4378.8,34636.308000000005
3566,5314,same-wrap,0,12.2,50.0,0.0,0.244,0.0,1.0,52,0.1319950055120613,9.62472,nan,nan,nan,4004,7098,4271.34,33786.2994
3566,7046,adjacent,1,84.1,60.0,0.0,1.4016666666666666,0.0,0.552,87,0.13793954294148694,nan,nan,nan,nan,4004,7427,4388.655000000001,34714.26105000001
3841,4173,same-wrap,0,11.2,65.0,0.2,0.1723076923076923,0.0,1.0,25,0.0859655113245803,2.52271,nan,nan,nan,7421,1909,4544.42,35946.3622
3841,4181,same-wrap,0,8.4,90.0,0.0,0.09333333333333334,0.0,1.0,4,0.0062128302866778585,1.71322,nan,nan,nan,7421,4537,4501.785,35609.11935
3841,4593,same-wrap,0,10.6,102.0,0.2,0.10392156862745097,0.0,1.0,21,0.1417214311738725,2.96279,nan,nan,nan,7421,5105,4558.01,36053.8591
3841,3813,same-wrap,0,8.6,217.0,0.5,0.03963133640552995,0.0,1.0,25,0.019018653185991646,1.23454,nan,nan,nan,7421,9582,4547.545,35971.08095
3841,5314,same-wrap,0,21.7,40.0,0.0,0.5425,0.0,1.0,21,0.011610304684457303,nan,nan,nan,nan,7421,7098,4394.325000000001,34759.11075000001
3885,5314,adjacent,1,17.9,40.0,0.1,0.44749999999999995,0.0,1.0,38,0.03256208813644673,9.05654,nan,nan,nan,1834,7098,4257.9400000000005,33680.305400000005
3885,7046,adjacent,1,67.7,134.0,0.4,0.505223880597015,0.0,0.776,161,0.13727229212498712,nan,nan,nan,nan,1834,7427,4375.255,34608.26705
3945,4146,same-wrap,0,12.9,295.0,0.1,0.04372881355932204,0.0,1.0,11,0.004210586795127072,1.2498,nan,nan,nan,4537,4758,4420.7,34967.737
3945,4169,same-wrap,0,9.8,200.0,0.3,0.049,0.0,1.0,4,0.010416426600584876,1.38871,nan,nan,nan,4537,1633,4321.535,34183.34185
3945,4297,same-wrap,0,10.2,134.0,0.6,0.07611940298507462,0.0,1.0,28,0.048459133677029774,1.44347,nan,nan,nan,4537,4003,4278.8099999999995,33845.3871
3945,4723,same-wrap,0,9.3,134.0,1.0,0.06940298507462687,0.0,1.0,10,0.005574483637322704,1.11985,nan,nan,nan,4537,6078,4476.15,35406.3465
3945,4920,same-wrap,0,10.0,134.0,0.7,0.07462686567164178,0.0,1.0,18,0.029227748093346207,nan,nan,nan,nan,4537,4005,4395.925,34771.76675
4146,4723,same-wrap,0,9.9,134.0,1.0,0.07388059701492537,0.0,1.0,37,0.01696868105156602,4.02794,nan,nan,nan,4758,6078,4547.43,35970.1713
4146,4920,same-wrap,0,10.2,134.0,0.8,0.07611940298507462,0.0,1.0,52,0.059690050088346026,3.3851,nan,nan,nan,4758,4005,4467.205,35335.59155
4146,5065,same-wrap,0,8.3,134.0,1.0,0.061940298507462695,0.0,1.0,2,0.01323079467460513,nan,nan,nan,nan,4758,5827,4462.68,35299.798800000004
4146,5791,same-wrap,0,12.1,134.0,1.0,0.09029850746268657,0.0,1.0,3,0.005006209786055456,nan,nan,nan,nan,4758,10837,4588.799999999999,36297.407999999996
4169,4297,same-wrap,0,11.7,134.0,0.9,0.0873134328358209,0.0,0.988,82,0.08653713666687304,4.99811,nan,nan,nan,1633,4003,4250.924999999999,33624.81675
4169,4920,same-wrap,0,11.5,205.0,0.2,0.05609756097560976,0.0,1.0,24,0.025327942439084795,nan,nan,nan,nan,1633,4005,4368.04,34551.1964
4169,5065,same-wrap,0,12.2,134.0,1.0,0.09104477611940298,0.0,1.0,2,0.005684837545196878,1.30559,nan,nan,nan,1633,5827,4363.514999999999,34515.40364999999
4173,4181,same-wrap,0,8.5,134.0,0.5,0.06343283582089553,0.0,1.0,17,0.022076472771819903,1.30642,nan,nan,nan,1909,4537,4506.8150000000005,35648.906650000004
4173,4593,same-wrap,0,8.8,65.0,0.1,0.1353846153846154,0.0,1.0,13,0.024457819814655547,1.98134,nan,nan,nan,1909,5105,4563.04,36093.6464
4181,4593,same-wrap,0,9.7,134.0,0.4,0.07238805970149254,0.0,1.0,79,0.09709888429771435,3.10347,nan,nan,nan,4537,5105,4520.405000000001,35756.40355
4181,6019,same-wrap,0,8.5,350.0,0.0,0.024285714285714285,nan,nan,0,0.0,77.9098,nan,nan,nan,4537,1569,4432.505,35061.11455
4297,4337,same-wrap,0,9.8,290.0,0.0,0.033793103448275866,0.0,1.0,11,0.024940364188267068,1.10015,nan,nan,nan,4003,2053,4191.389999999999,33153.8949
4297,4920,same-wrap,0,18.0,134.0,0.9,0.13432835820895522,0.0,1.0,23,0.01390628370998428,nan,nan,nan,nan,4003,4005,4325.3150000000005,34213.24165
4297,4933,same-wrap,0,9.1,230.0,0.4,0.03956521739130434,0.0,1.0,17,0.03275475037207344,1.40133,nan,nan,nan,4003,1980,4254.4400000000005,33652.62040000001
4297,5065,same-wrap,0,10.2,182.0,0.5,0.05604395604395604,0.0,1.0,12,0.01282045726177371,1.6015,nan,nan,nan,4003,5827,4320.79,34177.4489
4337,4933,same-wrap,0,8.7,360.0,0.4,0.024166666666666666,0.0,1.0,2,0.004509018664364138,1.40263,nan,nan,nan,2053,1980,4237.63,33519.6533
4337,7253,same-wrap,0,9.5,134.0,0.7,0.0708955223880597,0.0,1.0,22,0.0464895754589139,nan,nan,nan,nan,2053,3896,4179.455,33059.48905
4593,6007,same-wrap,0,9.7,260.0,0.3,0.037307692307692306,0.0,1.0,16,0.03351089306922732,3.44102,nan,nan,nan,5105,3901,4587.264999999999,36285.266149999996
4593,6019,same-wrap,0,10.1,134.0,0.2857142857142857,0.07537313432835821,0.0,1.0,4,0.008982352134168306,0.0,nan,nan,nan,5105,1569,4488.73,35505.8543
4723,4920,same-wrap,0,10.3,134.0,1.0,0.07686567164179105,0.0,1.0,46,0.022245065863045917,3.83939,nan,nan,nan,6078,4005,4522.655000000001,35774.20105
4723,5065,same-wrap,0,8.9,207.0,0.5,0.042995169082125605,0.0,1.0,7,0.007618354504264329,1.15856,nan,nan,nan,6078,5827,4518.13,35738.4083
4723,5551,same-wrap,0,9.4,134.0,0.6,0.07014925373134329,0.0,1.0,12,0.04057731115842457,1.93929,nan,nan,nan,6078,2129,4593.985000000001,36338.421350000004
4723,5791,same-wrap,0,9.5,134.0,0.6,0.0708955223880597,0.0,1.0,59,0.03352027943527585,2.17077,nan,nan,nan,6078,10837,4644.25,36736.0175
4920,4933,same-wrap,0,8.5,230.0,0.0,0.03695652173913044,0.0,1.0,1,0.002428389967131132,1.39924,nan,nan,nan,4005,1980,4371.555,34579.00005
4920,5065,same-wrap,0,9.7,134.0,0.6,0.07238805970149254,0.0,1.0,26,0.023125846643638506,2.56353,nan,nan,nan,4005,5827,4437.905000000001,35103.828550000006
4920,5551,same-wrap,0,9.2,305.0,0.4,0.030163934426229506,0.0,1.0,8,0.02310181166933866,nan,nan,nan,nan,4005,2129,4513.76,35703.8416
4920,5791,same-wrap,0,10.0,134.0,0.6,0.07462686567164178,0.0,1.0,30,0.016530993986454842,nan,nan,nan,nan,4005,10837,4564.025,36101.43775
4933,5065,same-wrap,0,10.7,134.0,0.7,0.07985074626865671,0.0,0.933,45,0.06689082774017617,2.54429,nan,nan,nan,1980,5827,4367.030000000001,34543.20730000001
5065,5069,same-wrap,0,12.1,255.0,0.0,0.04745098039215686,0.0,1.0,1,0.0009565607241786436,1.72959,nan,nan,nan,5827,3218,4464.135,35311.307850000005
5065,5527,same-wrap,0,10.3,170.0,0.0,0.06058823529411765,0.0,1.0,6,0.01259122176218503,2.12654,nan,nan,nan,5827,1633,4401.030000000001,34812.147300000004
5065,5551,same-wrap,0,9.2,134.0,0.8333333333333334,0.06865671641791045,0.0,1.0,3,0.0047033528713224465,1.30345,nan,nan,nan,5827,2129,4509.235000000001,35668.04885000001
5065,5791,same-wrap,0,9.7,205.0,0.4,0.0473170731707317,0.0,1.0,47,0.019501884424042448,1.73372,nan,nan,nan,5827,10837,4559.5,36065.645000000004
5065,5869,same-wrap,0,8.4,134.0,0.8,0.06268656716417911,0.0,1.0,1,0.000668028442647,nan,nan,nan,nan,5827,10837,4556.87,36044.8417
5065,6200,same-wrap,0,10.9,195.0,0.1,0.0558974358974359,0.0,1.0,16,0.030749825116375418,nan,nan,nan,nan,5827,7249,4452.035,35215.59685
5069,5527,same-wrap,0,11.0,140.0,0.4,0.07857142857142857,0.0,1.0,15,0.021087758975912342,2.59049,nan,nan,nan,3218,1633,4431.785,35055.41935
5069,5551,same-wrap,0,10.1,134.0,0.625,0.07537313432835821,0.0,1.0,4,0.026410184163166248,1.07195,nan,nan,nan,3218,2129,4539.99,35911.3209
5069,5791,same-wrap,0,10.2,134.0,1.0,0.07611940298507462,nan,nan,0,0.0,1.21628,nan,nan,nan,3218,10837,4590.255,36308.917050000004
5069,5869,same-wrap,0,8.2,134.0,1.0,0.06119402985074626,nan,nan,0,0.0,1.21387,nan,nan,nan,3218,10837,4587.625,36288.113750000004
5069,6200,same-wrap,0,11.5,160.0,0.3,0.071875,0.0,1.0,33,0.032325305219297065,3.44344,nan,nan,nan,3218,7249,4482.79,35458.8689
5527,6200,same-wrap,0,9.3,190.0,0.0,0.048947368421052635,0.0,1.0,7,0.010932258494501502,nan,nan,nan,nan,1633,7249,4419.6849999999995,34959.70834999999
5527,7253,same-wrap,0,9.2,202.0,0.5,0.04554455445544554,0.0,1.0,2,0.0029565723865008853,0.951027,nan,nan,nan,1633,3896,4276.505,33827.15455
5551,5791,same-wrap,0,9.3,180.0,0.4,0.05166666666666667,0.0,1.0,19,0.027051998176268233,1.21012,nan,nan,nan,2129,10837,4635.355,36665.65805
5613,7009,same-wrap,0,9.3,300.0,0.1,0.031000000000000003,0.0,0.917,12,0.010509979685523014,77.8468,nan,nan,nan,7849,3409,4200.175,33223.38425
5613,7189,same-wrap,0,8.0,190.0,0.0,0.042105263157894736,nan,nan,0,0.0,0.0,nan,nan,nan,7849,4954,4248.075000000001,33602.273250000006
5791,5869,same-wrap,0,9.4,134.0,0.4,0.07014925373134329,0.0,1.0,14,0.007863472674314847,1.94426,nan,nan,nan,10837,10837,4682.99,37042.450899999996
5869,6200,same-wrap,0,9.8,185.0,0.3,0.05297297297297298,0.0,1.0,53,0.015942319844566608,2.57945,nan,nan,nan,10837,7249,4575.525,36192.40275
6200,7253,same-wrap,0,8.1,225.0,0.0,0.036,0.0,1.0,2,0.0014495582690873662,nan,nan,nan,nan,7249,3896,4327.51,34230.604100000004
6252,761,adjacent,1,71.6,132.0,0.5,0.5424242424242424,1.0,0.571,147,0.3961853482404349,nan,nan,nan,nan,2894,2052,4485.860000000001,35483.15260000001
6252,1954,same-wrap,0,9.7,70.0,0.0,0.13857142857142857,0.0,1.0,6,0.004674644727000746,nan,nan,nan,nan,2894,8719,4570.97,36156.3727
6252,2279,adjacent,1,114.4,134.0,0.6,0.8537313432835821,1.0,0.747,229,0.15200158941225284,nan,nan,nan,nan,2894,5868,4443.625,35149.07375
6738,6760,same-wrap,0,13.9,340.0,0.1,0.040882352941176474,0.0,0.923,13,0.026945776547484184,117.782,nan,nan,nan,4005,3218,4294.41,33968.7831
6738,7009,same-wrap,0,11.5,225.0,0.4,0.051111111111111114,0.0,1.0,4,0.013803557262978832,3.3604,nan,nan,nan,4005,3409,4252.41,33636.5631
6738,9573,same-wrap,0,13.1,340.0,0.0,0.03852941176470588,nan,nan,0,0.0,nan,nan,nan,nan,4005,2053,4356.46,34459.5986
6738,6685,same-wrap,0,11.0,134.0,0.6,0.08208955223880597,0.0,1.0,32,0.07945324251165578,3.188,nan,nan,nan,4005,10501,4182.45,33083.1795
6760,7828,same-wrap,0,7.9,134.0,1.0,0.05895522388059702,0.0,1.0,1,0.0008088113526379074,1.42716,nan,nan,nan,3218,3308,4425.035,35002.02685
6760,9573,same-wrap,0,23.0,227.0,0.2,0.1013215859030837,0.0,1.0,6,0.04093359815665769,6.3738,nan,nan,nan,3218,2053,4399.55,34800.440500000004
6760,6685,same-wrap,0,9.0,80.0,0.3333333333333333,0.1125,0.0,1.0,1,0.0008128931354426279,0.0,nan,nan,nan,3218,10501,4225.54,33424.0214
6859,7904,same-wrap,0,10.4,200.0,0.4,0.052000000000000005,nan,nan,0,0.0,9.65865,nan,nan,nan,2003,1062,4222.465,33399.698150000004
7009,7189,same-wrap,0,9.2,295.0,0.2,0.0311864406779661,0.0,1.0,7,0.0063218065501457026,1.18623,nan,nan,nan,3409,4954,4301.4,34024.074
7009,7467,same-wrap,0,11.2,255.0,0.1,0.043921568627450974,0.0,1.0,39,0.01939878598542418,nan,nan,nan,nan,3409,9049,4368.73,34556.654299999995
7086,7443,same-wrap,0,12.1,134.0,0.7,0.09029850746268657,0.0,1.0,17,0.013640615478210978,5.13854,nan,nan,nan,5217,10837,4739.75,37491.4225
7086,7689,same-wrap,0,11.4,217.0,0.5,0.05253456221198157,0.0,1.0,69,0.1107718500233431,7.77863,nan,nan,nan,5217,3409,4621.115,36553.01965
7086,7807,same-wrap,0,11.2,134.0,0.8,0.0835820895522388,0.0,0.983,58,0.021496741182062195,8.68894,nan,nan,nan,5217,7849,4589.3150000000005,36301.48165
7086,9464,same-wrap,0,11.1,134.0,0.7,0.08283582089552238,0.0,1.0,53,0.059089823834839204,nan,nan,nan,nan,5217,10837,4596.014999999999,36354.47865
7086,9692,same-wrap,0,9.8,120.0,0.42857142857142855,0.08166666666666668,0.0,1.0,5,0.0028233445292001813,1.36088,nan,nan,nan,5217,10837,4533.18,35857.4538
7146,7828,same-wrap,0,8.7,134.0,0.7,0.06492537313432835,0.0,1.0,3,0.003220244388371936,1.29524,nan,nan,nan,3221,3308,4470.905,35364.85855
7146,5314,adjacent,1,78.4,40.0,0.2,1.9600000000000002,0.0,0.679,81,0.16499693418891073,nan,nan,nan,nan,3221,7098,4339.25,34323.4675
7146,7046,same-wrap,0,12.2,40.0,0.25,0.305,0.0,1.0,5,0.006661574448132283,321.548,nan,nan,nan,3221,7427,4456.5650000000005,35251.42915
7189,7467,same-wrap,0,11.5,134.0,0.4,0.08582089552238806,0.0,1.0,32,0.010829088785266647,0.0,nan,nan,nan,4954,9049,4416.63,34935.543300000005
7189,7842,same-wrap,0,9.5,134.0,0.5,0.0708955223880597,0.0,1.0,8,0.002360768817563755,1.33147,nan,nan,nan,4954,10837,4506.885,35649.46035
7386,7828,same-wrap,0,12.8,170.0,0.3,0.07529411764705883,0.0,1.0,11,0.028179237627377333,1.62541,nan,nan,nan,2087,3308,4565.96,36116.7436
7386,7046,same-wrap,0,9.1,180.0,0.375,0.050555555555555555,0.0,1.0,1,0.001107661714075768,0.0,nan,nan,nan,2087,7427,4551.620000000001,36003.31420000001
7443,7471,same-wrap,0,9.0,235.0,0.3,0.03829787234042553,0.0,1.0,30,0.015495093013944335,2.17893,nan,nan,nan,10837,10168,4741.34,37503.9994
7443,7689,same-wrap,0,10.3,134.0,0.9,0.07686567164179105,0.0,0.833,36,0.03551871256506513,4.0386,nan,nan,nan,10837,3409,4692.035,37113.996849999996
7443,7807,same-wrap,0,9.2,134.0,0.9,0.06865671641791045,0.0,0.818,11,0.00536920509016262,nan,nan,nan,nan,10837,7849,4660.235000000001,36862.45885
7443,9464,same-wrap,0,9.6,134.0,0.7,0.07164179104477612,0.0,0.87,23,0.006114830650712267,2.62797,nan,nan,nan,10837,10837,4666.9349999999995,36915.45585
7467,7842,same-wrap,0,8.8,134.0,0.2,0.06567164179104479,0.0,1.0,53,0.013371515738573635,nan,nan,nan,nan,9049,10837,4574.215,36182.04065
7467,9573,same-wrap,0,9.4,137.0,0.5,0.06861313868613139,0.0,1.0,11,0.02843715258403401,1.63273,nan,nan,nan,9049,2053,4472.780000000001,35379.68980000001
7467,7575,same-wrap,0,8.6,305.0,0.3,0.02819672131147541,0.0,1.0,18,0.015758739218129196,2.66591,nan,nan,nan,9049,4873,4545.025,35951.14775
7471,7689,same-wrap,0,12.9,250.0,0.3333333333333333,0.0516,0.0,1.0,1,0.008427325666679088,nan,nan,nan,nan,10168,3409,4622.705,36565.59655
7471,8372,same-wrap,0,9.9,134.0,1.0,0.07388059701492537,0.0,1.0,2,0.0020428286169442496,nan,nan,nan,nan,10168,4005,4511.525,35686.162749999996
7471,9464,same-wrap,0,10.0,134.0,0.9,0.07462686567164178,0.0,1.0,46,0.01719079183737197,2.9852,nan,nan,nan,10168,10837,4597.605,36367.05555
7689,7807,same-wrap,0,10.9,247.0,0.5,0.04412955465587045,0.0,0.923,52,0.05463733386096875,1.89571,nan,nan,nan,3409,7849,4541.6,35924.056000000004
7689,7821,same-wrap,0,8.2,210.0,0.0,0.039047619047619046,nan,nan,0,0.0,nan,nan,nan,nan,3409,4213,4456.58,35251.5478
7689,9464,same-wrap,0,9.7,134.0,0.8,0.07238805970149254,0.0,0.902,41,0.0477457874532221,2.79326,nan,nan,nan,3409,10837,4548.299999999999,35977.05299999999
7689,9692,same-wrap,0,8.8,252.0,0.5,0.03492063492063492,nan,nan,0,0.0,1.23328,nan,nan,nan,3409,10837,4485.465,35480.02815
7807,7821,same-wrap,0,10.8,170.0,0.3,0.06352941176470589,0.0,1.0,91,0.07262228057054475,1.77794,nan,nan,nan,7849,4213,4424.780000000001,35000.00980000001
7807,8078,same-wrap,0,9.7,270.0,0.2,0.035925925925925924,0.0,1.0,56,0.01640244803388223,1.85629,nan,nan,nan,7849,8285,4384.595,34682.14645
7807,8372,same-wrap,0,9.4,240.0,0.0,0.03916666666666667,0.0,1.0,2,0.003798312276914426,1.35301,nan,nan,nan,7849,4005,4430.42,35044.6222
7807,9464,same-wrap,0,10.5,134.0,0.6,0.07835820895522388,0.0,0.988,83,0.0449846328022983,nan,nan,nan,nan,7849,10837,4516.5,35725.515
7807,9692,same-wrap,0,11.1,225.0,0.1,0.04933333333333333,0.0,1.0,82,0.03482173920966532,3.12923,nan,nan,nan,7849,10837,4453.665,35228.49015
7821,8078,same-wrap,0,9.9,235.0,0.2,0.04212765957446809,0.0,0.991,114,0.10689783605022624,3.06182,nan,nan,nan,4213,8285,4299.575000000001,34009.63825
7821,8261,same-wrap,0,8.6,360.0,0.0,0.023888888888888887,0.0,1.0,7,0.008381814145484836,2.62616,nan,nan,nan,4213,3800,4257.5,33676.825
7821,8372,same-wrap,0,9.1,315.0,0.2,0.028888888888888888,0.0,0.889,9,0.011644701242453231,1.5959,nan,nan,nan,4213,4005,4345.4,34372.113999999994
7821,9464,same-wrap,0,10.2,190.0,0.1,0.053684210526315786,0.0,1.0,13,0.01068045952163607,nan,nan,nan,nan,4213,10837,4431.48,35053.006799999996
7821,9692,same-wrap,0,9.8,187.0,0.3,0.05240641711229947,0.0,1.0,33,0.06299572369994436,2.05562,nan,nan,nan,4213,10837,4368.645,34555.98195
7828,7046,same-wrap,0,9.9,80.0,0.0,0.12375,0.0,1.0,1,0.005771840029413305,0.0,nan,nan,nan,3308,7427,4498.23,35580.999299999996
7828,7575,same-wrap,0,8.4,100.0,0.2,0.084,0.0,1.0,2,0.00594687622021305,1.30456,nan,nan,nan,3308,4873,4559.33,36064.3003
7842,7575,same-wrap,0,9.4,134.0,0.6,0.07014925373134329,0.0,1.0,24,0.041984567653746606,213.321,nan,nan,nan,10837,4873,4635.280000000001,36665.06480000001
8078,8261,same-wrap,0,9.8,215.0,0.0,0.04558139534883721,0.0,1.0,28,0.048376024419007874,1.33632,nan,nan,nan,8285,3800,4217.3150000000005,33358.961650000005
8078,8372,same-wrap,0,10.1,300.0,0.2,0.033666666666666664,0.0,0.913,23,0.055670360546367176,2.78004,nan,nan,nan,8285,4005,4305.215,34054.25065
8078,9464,same-wrap,0,9.8,280.0,0.3,0.035,0.0,0.971,35,0.025185014626669514,nan,nan,nan,nan,8285,10837,4391.295,34735.14345
8078,9692,same-wrap,0,10.3,167.0,0.5,0.06167664670658683,0.0,0.984,124,0.048538696071147774,3.70736,nan,nan,nan,8285,10837,4328.46,34238.1186
8261,8372,same-wrap,0,12.9,134.0,0.8,0.09626865671641792,0.0,0.95,20,0.02107080015362724,1.39695,nan,nan,nan,3800,4005,4263.139999999999,33721.437399999995
8261,11336,same-wrap,0,9.8,255.0,0.2,0.03843137254901961,0.0,1.0,7,0.01435712817954312,1.29488,nan,nan,nan,3800,2949,4183.82,33094.0162
8372,9464,same-wrap,0,9.8,220.0,0.3,0.04454545454545455,0.0,1.0,93,0.061855650046804385,nan,nan,nan,nan,4005,10837,4437.12,35097.6192
8372,11336,same-wrap,0,10.0,134.0,0.6,0.07462686567164178,0.0,0.947,19,0.026843009225659794,1.71812,nan,nan,nan,4005,2949,4271.719999999999,33789.305199999995
8759,8815,same-wrap,0,8.7,165.0,0.1,0.05272727272727272,0.0,1.0,10,0.0018439560193716554,1.3776,nan,nan,nan,10169,9360,4598.155,36371.40605
8759,8830,same-wrap,0,9.7,134.0,0.6,0.07238805970149254,0.0,1.0,18,0.04797087208646906,1.90785,nan,nan,nan,10169,1873,4696.915,37152.59765
8759,12742,same-wrap,0,8.9,185.0,0.4,0.04810810810810811,0.0,1.0,12,0.01668782108736697,1.66241,nan,nan,nan,10169,1769,4648.014999999999,36765.79865
8759,22376,same-wrap,0,9.7,134.0,0.6,0.07238805970149254,0.0,0.8,10,0.058574724654862964,nan,nan,nan,nan,10169,2200,4645.639999999999,36747.0124
8815,8866,same-wrap,0,10.0,134.0,0.2,0.07462686567164178,0.0,0.933,45,0.070710467349049,1.69151,nan,nan,nan,9360,2441,4435.035,35081.12685
8815,11406,same-wrap,0,9.8,220.0,0.2,0.04454545454545455,0.0,1.0,12,0.01849336572176651,nan,nan,nan,nan,9360,2772,4385.52,34689.463200000006
8815,11892,same-wrap,0,11.0,275.0,0.3,0.04,0.0,1.0,5,0.0042584883250082655,2.32835,nan,nan,nan,9360,4429,4347.955,34392.32405
8815,12742,same-wrap,0,8.2,205.0,0.25,0.039999999999999994,0.0,1.0,1,0.004148514323679164,1.10069,nan,nan,nan,9360,1769,4524.09,35785.5519
8815,22733,same-wrap,0,8.1,310.0,0.0,0.026129032258064514,0.0,1.0,1,0.014963059945758979,nan,nan,nan,nan,9360,1824,4481.205,35446.33155
8830,12742,same-wrap,0,8.8,134.0,0.4,0.06567164179104479,0.0,1.0,11,0.019579834550398096,1.83767,nan,nan,nan,1873,1769,4622.85,36566.743500000004
8830,15018,same-wrap,0,10.9,140.0,0.2,0.07785714285714286,0.0,1.0,25,0.14557136780058105,nan,nan,nan,nan,1873,2400,4656.95,36836.4745
8830,22376,same-wrap,0,10.8,150.0,0.3,0.07200000000000001,0.0,1.0,21,0.03937668904461883,3.53898,nan,nan,nan,1873,2200,4620.475,36547.95725000001
8866,11406,same-wrap,0,10.5,225.0,0.3,0.04666666666666667,0.0,0.95,40,0.03060156099136397,3.61579,nan,nan,nan,2441,2772,4346.325000000001,34379.43075000001
8866,11892,same-wrap,0,9.7,270.0,0.2,0.035925925925925924,0.0,1.0,4,0.0035811300766267823,nan,nan,nan,nan,2441,4429,4308.76,34082.291600000004
8866,18303,same-wrap,0,11.4,180.0,0.0,0.06333333333333334,0.0,1.0,2,0.040918832381117785,nan,nan,nan,nan,2441,1022,4405.54,34847.8214
8866,22733,same-wrap,0,9.4,160.0,0.0,0.058750000000000004,nan,nan,0,0.0,2.20396,nan,nan,nan,2441,1824,4442.01,35136.299100000004
8866,10953,same-wrap,0,14.1,140.0,0.0,0.10071428571428571,0.0,1.0,1,0.0016854978918635138,2.99475,nan,nan,nan,2441,1515,4362.72,34509.1152
9464,9692,same-wrap,0,8.3,100.0,0.0,0.083,nan,nan,0,0.0,nan,nan,nan,nan,10837,10837,4460.365,35281.48715
9573,7575,same-wrap,0,10.7,120.0,0.0,0.08916666666666666,0.0,1.0,8,0.01190292886257343,1.61146,nan,nan,nan,2053,4873,4533.845,35862.713950000005
10594,14085,same-wrap,0,9.5,134.0,0.6,0.0708955223880597,0.0,1.0,8,0.018969370394740753,1.7678,nan,nan,nan,2852,1766,4651.475,36793.167250000006
10594,15018,same-wrap,0,9.4,120.0,0.3,0.07833333333333334,0.0,0.857,7,0.014929414660573232,1.27141,nan,nan,nan,2852,2400,4655.695,36826.54745
10594,15074,same-wrap,0,11.1,157.0,0.5,0.07070063694267516,0.0,0.964,28,0.025700207163748053,nan,nan,nan,nan,2852,4109,4614.53,36500.9323
10594,15244,same-wrap,0,9.1,270.0,0.0,0.0337037037037037,0.0,1.0,1,0.0007512546539638899,nan,nan,nan,nan,2852,3135,4576.99,36203.9909
11406,11892,same-wrap,0,13.1,285.0,0.4,0.04596491228070175,0.0,0.778,36,0.02497827410533546,5.25772,nan,nan,nan,2772,4429,4259.245000000001,33690.62795000001
11406,11949,same-wrap,0,11.4,252.0,0.5,0.04523809523809524,nan,nan,0,0.0,nan,nan,nan,nan,2772,4975,4197.370000000001,33201.19670000001
11406,10953,same-wrap,0,12.1,290.0,0.1,0.04172413793103448,0.0,1.0,5,0.006070528154919873,2.11972,nan,nan,nan,2772,1515,4313.205,34117.45155
11892,11949,same-wrap,0,10.2,230.0,0.4,0.04434782608695652,0.0,0.885,26,0.013942473054536959,1.66808,nan,nan,nan,4429,4975,4159.805,32904.057550000005
11892,10953,same-wrap,0,8.6,134.0,1.0,0.06417910447761194,0.0,1.0,1,0.0022131268854803667,1.99179,nan,nan,nan,4429,1515,4275.64,33820.3124
12742,22376,same-wrap,0,10.2,134.0,0.5,0.07611940298507462,0.0,1.0,10,0.030768179917547565,4.60697,nan,nan,nan,1769,2200,4571.575,36161.15825
12742,22733,same-wrap,0,12.7,134.0,0.3,0.09477611940298507,0.0,1.0,39,0.06360403973719461,nan,nan,nan,nan,1769,1824,4531.0650000000005,35840.72415
14085,15074,same-wrap,0,10.0,134.0,0.9,0.07462686567164178,0.0,1.0,7,0.0055221759739984425,1.27049,nan,nan,nan,1766,4109,4596.764999999999,36360.41114999999
14085,15640,same-wrap,0,10.5,134.0,0.625,0.07835820895522388,0.0,1.0,4,0.008040711731639658,2.71871,nan,nan,nan,1766,2371,4620.99,36552.0309
15018,15283,same-wrap,0,9.2,380.0,0.0,0.02421052631578947,nan,nan,0,0.0,nan,nan,nan,nan,2400,2111,4564.895,36108.31945
15018,22376,same-wrap,0,12.4,170.0,0.1,0.07294117647058823,0.0,1.0,8,0.024448508499638658,3.77264,nan,nan,nan,2400,2200,4605.674999999999,36430.88924999999
15074,15244,same-wrap,0,10.1,210.0,0.3,0.048095238095238094,0.0,0.966,59,0.061547239041385426,2.30366,nan,nan,nan,4109,3135,4522.28,35771.2348
15074,15640,same-wrap,0,9.6,134.0,1.0,0.07164179104477612,0.0,1.0,5,0.005819300816826171,1.30458,nan,nan,nan,4109,2371,4584.045,36259.79595
15074,16324,same-wrap,0,9.1,134.0,0.6,0.06791044776119402,0.0,0.923,26,0.020213124561558035,2.0037,nan,nan,nan,4109,2689,4501.51,35606.9441
15244,15283,same-wrap,0,9.1,280.0,0.16666666666666666,0.0325,0.0,1.0,3,0.006017238485675658,2.93795,nan,nan,nan,3135,2111,4486.1900000000005,35485.7629
15244,16324,same-wrap,0,12.5,100.0,0.0,0.125,0.0,1.0,1,0.008293792676746953,1.1374,nan,nan,nan,3135,2689,4463.969999999999,35310.0027
15244,16793,same-wrap,0,10.4,134.0,0.6,0.07761194029850746,0.0,1.0,6,0.005411025102303471,2.22984,nan,nan,nan,3135,2441,4403.115,34828.63965
15244,18303,same-wrap,0,14.1,275.0,0.3333333333333333,0.05127272727272727,0.0,1.0,1,0.0046413072984615444,nan,nan,nan,nan,3135,1022,4449.99,35199.4209
15283,18303,same-wrap,0,11.7,134.0,0.3,0.0873134328358209,0.0,1.0,6,0.009674598507185272,3.57667,nan,nan,nan,2111,1022,4451.4400000000005,35210.890400000004
15283,22376,same-wrap,0,11.9,134.0,0.7,0.08880597014925373,0.0,1.0,18,0.04227537146510204,nan,nan,nan,nan,2111,2200,4528.42,35819.8022
15283,22733,same-wrap,0,10.0,165.0,0.4,0.06060606060606061,0.0,1.0,21,0.04394020157044368,3.78062,nan,nan,nan,2111,1824,4487.91,35499.3681
16324,16428,same-wrap,0,10.5,132.0,0.1,0.07954545454545454,0.0,1.0,27,0.023575486817840205,1.83101,nan,nan,nan,2689,2441,4390.63,34729.8833
16324,16793,same-wrap,0,11.6,210.0,0.2,0.05523809523809524,nan,nan,0,0.0,nan,nan,nan,nan,2689,2441,4382.344999999999,34664.34894999999
16324,17041,same-wrap,0,8.0,180.0,0.0,0.044444444444444446,0.0,1.0,1,0.0007038919948123162,nan,nan,nan,nan,2689,3746,4338.344999999999,34316.30895
16428,16793,same-wrap,0,9.9,110.0,0.0,0.09,nan,nan,0,0.0,1.03889,nan,nan,nan,2441,2441,4329.775,34248.520249999994
16793,17494,same-wrap,0,8.1,360.0,0.0,0.0225,nan,nan,0,0.0,1.59845,nan,nan,nan,2441,2521,4263.835,33726.93485
16793,17041,same-wrap,0,8.4,340.0,0.3333333333333333,0.024705882352941178,0.0,1.0,2,0.0023254237532502175,1.30112,nan,nan,nan,2441,3746,4277.49,33834.9459
17494,20266,same-wrap,0,10.4,134.0,0.7,0.07761194029850746,0.0,1.0,15,0.03463925039276577,1.28151,nan,nan,nan,2521,1826,4200.620000000001,33226.904200000004
17494,17041,same-wrap,0,9.3,320.0,0.3,0.0290625,0.0,1.0,7,0.01054849459419791,1.48206,nan,nan,nan,2521,3746,4219.835,33378.894850000004
17775,18101,same-wrap,0,9.8,150.0,0.3,0.06533333333333334,0.0,1.0,12,0.008633288589366727,1.43047,nan,nan,nan,10837,9838,4677.0599999999995,36995.544599999994
18303,22733,same-wrap,0,9.9,160.0,0.0,0.061875,nan,nan,0,0.0,1.9146,nan,nan,nan,1022,1824,4451.71,35213.0261
18303,10953,same-wrap,0,18.3,230.0,0.2,0.07956521739130436,0.0,1.0,2,0.006568203952749209,6.15981,nan,nan,nan,1022,1515,4372.42,34585.8422
20067,17041,same-wrap,0,11.1,225.0,0.2,0.04933333333333333,0.0,1.0,55,0.04882596442723329,2.75657,nan,nan,nan,1220,3746,4199.955,33221.64405
20079,23213,same-wrap,0,7.9,134.0,1.0,0.05895522388059702,nan,nan,0,0.0,nan,nan,nan,nan,1356,4201,4583.405,36254.73355
20079,24666,same-wrap,0,10.0,134.0,1.0,0.07462686567164178,0.0,1.0,1,0.005573737940259992,1.02854,nan,nan,nan,1356,1894,4654.605,36817.92555
20079,20313,same-wrap,0,12.0,134.0,0.6,0.08955223880597014,0.0,1.0,31,0.0428795183827824,6.99703,nan,nan,nan,1356,2107,4617.885,36527.47035
20102,21550,same-wrap,0,10.6,134.0,0.3,0.0791044776119403,0.0,0.983,117,0.07673490047151375,6.73027,nan,nan,nan,3879,8808,4623.32,36570.4612
20102,23213,same-wrap,0,11.4,134.0,0.7,0.08507462686567165,0.0,0.812,16,0.04630420961336881,2.81623,nan,nan,nan,3879,4201,4573.18,36173.853800000004
20102,24666,same-wrap,0,32.8,137.0,0.4,0.23941605839416055,0.0,1.0,4,0.019765163300551204,nan,nan,nan,nan,3879,1894,4644.38,36737.0458
20102,18774,same-wrap,0,10.1,215.0,0.0,0.04697674418604651,0.0,1.0,21,0.01832597838007967,3.14174,nan,nan,nan,3879,5181,4695.84,37144.0944
20102,21714,same-wrap,0,10.2,245.0,0.2,0.04163265306122449,0.0,1.0,17,0.011662603221327603,1.76576,nan,nan,nan,3879,1896,4552.105,36007.15055
21550,21596,same-wrap,0,10.9,150.0,0.0,0.07266666666666667,0.0,1.0,7,0.005451550995462939,1.90533,nan,nan,nan,8808,2004,4528.1900000000005,35817.9829
21550,18774,same-wrap,0,10.6,140.0,0.1,0.0757142857142857,0.0,0.9,30,0.04898791978309768,nan,nan,nan,nan,8808,5181,4693.66,37126.8506
21550,21622,same-wrap,0,8.5,165.0,0.2,0.051515151515151514,0.0,1.0,9,0.002136299821419575,1.21322,nan,nan,nan,8808,5927,4509.610000000001,35671.015100000004
21550,21714,same-wrap,0,10.1,140.0,0.1,0.07214285714285713,0.0,1.0,14,0.01384010209991603,3.27668,nan,nan,nan,8808,1896,4549.925,35989.90675
21596,21622,same-wrap,0,9.8,165.0,0.25,0.0593939393939394,0.0,1.0,1,0.0008209350758364415,1.28868,nan,nan,nan,2004,5927,4416.66,34935.7806
21596,21714,same-wrap,0,11.9,110.0,0.0,0.10818181818181818,0.0,1.0,2,0.00850120783566949,10.8192,nan,nan,nan,2004,1896,4456.975,35254.67225
21596,21831,same-wrap,0,8.9,134.0,0.6,0.0664179104477612,0.0,1.0,2,0.0035447599890090216,3.07336,nan,nan,nan,2004,2394,4391.9349999999995,34740.20585
21796,22962,same-wrap,0,8.9,134.0,0.5,0.0664179104477612,0.0,1.0,7,0.0038044409728618636,1.3797,nan,nan,nan,6601,10837,4674.5599999999995,36975.7696
21796,23455,same-wrap,0,10.9,134.0,0.8,0.08134328358208956,0.0,1.0,8,0.003346559791700075,3.0348,nan,nan,nan,6601,4422,4618.84,36535.0244
22128,21831,same-wrap,0,12.2,134.0,0.6,0.09104477611940298,0.0,0.988,86,0.12842338861686467,7.18568,nan,nan,nan,2605,2394,4318.139999999999,34156.4874
22128,22600,same-wrap,0,10.9,225.0,0.3,0.04844444444444444,0.0,1.0,25,0.028335943120921307,2.88619,nan,nan,nan,2605,7138,4237.635,33519.69285
22376,22733,same-wrap,0,13.9,110.0,0.2,0.12636363636363637,0.0,0.989,94,0.15153498338742374,nan,nan,nan,nan,2200,1824,4528.6900000000005,35821.937900000004
22962,23455,same-wrap,0,8.8,120.0,0.0,0.07333333333333333,0.0,1.0,5,0.003765623737633481,1.7358,nan,nan,nan,10837,4422,4567.82,36131.4562
22962,25218,same-wrap,0,8.5,245.0,0.0,0.03469387755102041,0.0,1.0,12,0.0018045809377333418,1.99602,nan,nan,nan,10837,10165,4532.639999999999,35853.1824
23213,23934,same-wrap,0,15.0,134.0,0.6,0.11194029850746269,0.0,0.974,38,0.058054761031803355,7.28456,nan,nan,nan,4201,2399,4497.8150000000005,35577.71665
23213,24492,same-wrap,0,10.1,290.0,0.2,0.03482758620689655,0.0,1.0,14,0.018627480036912905,2.05284,nan,nan,nan,4201,1626,4463.36,35305.177599999995
23213,24666,same-wrap,0,13.0,95.0,0.0,0.1368421052631579,0.0,1.0,3,0.0034712965431440528,8.40122,nan,nan,nan,4201,1894,4592.0599999999995,36323.194599999995
23213,18774,same-wrap,0,10.4,134.0,1.0,0.07761194029850746,nan,nan,0,0.0,nan,nan,nan,nan,4201,5181,4643.52,36730.243200000004
23213,20313,same-wrap,0,8.7,110.0,0.3,0.07909090909090909,0.0,1.0,4,0.0042625733458997485,1.93688,nan,nan,nan,4201,2107,4555.34,36032.7394
23213,21714,same-wrap,0,11.8,165.0,0.1,0.07151515151515152,0.0,1.0,12,0.05183881734922063,nan,nan,nan,nan,4201,1896,4499.785,35593.29935
23455,23843,same-wrap,0,9.5,210.0,0.1,0.04523809523809524,0.0,1.0,22,0.04939795956114625,3.43883,nan,nan,nan,4422,2361,4510.64,35679.1624
23455,24061,same-wrap,0,9.0,200.0,0.0,0.045,0.0,1.0,4,0.012955465587044534,nan,nan,nan,nan,4422,2441,4469.285,35352.04435
23455,25218,same-wrap,0,8.8,142.0,0.4,0.0619718309859155,0.0,1.0,3,0.003022413082011291,1.42181,nan,nan,nan,4422,10165,4476.92,35412.4372
23843,24061,same-wrap,0,9.0,185.0,0.4,0.04864864864864865,0.0,1.0,7,0.011811703309839678,1.42714,nan,nan,nan,2361,2441,4467.825000000001,35340.49575000001
23843,24615,same-wrap,0,8.8,134.0,0.7,0.06567164179104479,0.0,1.0,8,0.02359532252225157,2.26041,nan,nan,nan,2361,3998,4488.26,35502.136600000005
23843,36784,same-wrap,0,8.9,340.0,0.0,0.026176470588235294,0.0,1.0,1,0.0023459622148768954,0.0,nan,nan,nan,2361,3900,4563.64,36098.392400000004
23934,24492,same-wrap,0,11.2,134.0,1.0,0.0835820895522388,nan,nan,0,0.0,1.63939,nan,nan,nan,2399,1626,4440.3150000000005,35122.891650000005
23934,24615,adjacent,1,209.9,134.0,0.6,1.5664179104477611,1.0,0.606,216,0.2618648532768042,nan,nan,nan,nan,2399,3998,4471.055,35366.04505
23934,24787,same-wrap,0,10.9,134.0,1.0,0.08134328358208956,nan,nan,0,0.0,2.08839,nan,nan,nan,2399,1296,4414.84,34921.3844
23934,27405,same-wrap,0,9.1,134.0,1.0,0.06791044776119402,0.0,1.0,3,0.01403574313104622,2.06564,nan,nan,nan,2399,3390,4451.155000000001,35208.63605000001
23934,39706,adjacent,1,110.1,134.0,0.6,0.8216417910447761,0.0,0.548,221,0.3680248288533633,nan,nan,nan,nan,2399,1630,4499.785,35593.29935
23934,20313,adjacent,1,29.3,134.0,0.8,0.21865671641791046,0.0,0.71,31,0.0393798311748528,nan,nan,nan,nan,2399,2107,4532.295,35850.45345
23934,36784,adjacent,1,113.1,134.0,0.7,0.8440298507462686,1.0,0.644,163,0.17789197787940553,nan,nan,nan,nan,2399,3900,4546.435,35962.30085000001
24061,24615,same-wrap,0,8.2,247.0,0.5,0.03319838056680162,0.0,1.0,2,0.0019851116625310174,1.45041,nan,nan,nan,2441,3998,4446.905000000001,35175.01855000001
24061,28779,same-wrap,0,12.7,134.0,0.5,0.09477611940298507,0.0,1.0,6,0.005009206896185559,9.92146,nan,nan,nan,2441,3221,4349.85,34407.313500000004
24061,34259,same-wrap,0,13.0,110.0,0.1,0.11818181818181818,0.0,1.0,3,0.005192788268634481,3.59209,nan,nan,nan,2441,1505,4381.51,34657.7441
24553,24787,same-wrap,0,10.4,134.0,0.9,0.07761194029850746,0.0,0.919,37,0.09893989743843457,1.40405,nan,nan,nan,2773,1296,4328.59,34239.1469
24553,26244,same-wrap,0,11.5,165.0,0.4,0.0696969696969697,0.0,1.0,12,0.06596138826460377,6.04768,nan,nan,nan,2773,1844,4293.825000000001,33964.155750000005
24553,27405,same-wrap,0,10.8,222.0,0.5,0.04864864864864865,0.0,1.0,9,0.006249270077660341,3.65408,nan,nan,nan,2773,3390,4364.905000000001,34526.398550000005
24615,24813,same-wrap,0,8.7,117.0,0.5,0.07435897435897436,nan,nan,0,0.0,1.6901,nan,nan,nan,3998,2441,4446.025,35168.05775
24615,29476,same-wrap,0,9.8,134.0,0.8,0.07313432835820896,0.0,1.0,29,0.03657200507594205,2.23723,nan,nan,nan,3998,1769,4409.639999999999,34880.2524
24615,34259,same-wrap,0,9.9,134.0,0.7,0.07388059701492537,0.0,1.0,23,0.030778404071835623,1.33037,nan,nan,nan,3998,1505,4401.945,34819.38495
24615,39706,same-wrap,0,15.8,255.0,0.4,0.061960784313725495,0.0,0.941,17,0.04583151579920177,23.4755,nan,nan,nan,3998,1630,4496.07,35563.9137
24615,36784,same-wrap,0,11.0,290.0,0.3,0.03793103448275862,0.0,1.0,17,0.010531439269468128,0.0,nan,nan,nan,3998,3900,4542.72,35932.9152
24666,18774,same-wrap,0,9.0,147.0,0.5,0.061224489795918366,0.0,1.0,2,0.002186208625352736,1.72658,nan,nan,nan,1894,5181,4714.72,37293.4352
24666,20313,same-wrap,0,10.8,90.0,0.0,0.12000000000000001,0.0,1.0,9,0.019141541731551845,9.37502,nan,nan,nan,1894,2107,4626.54,36595.9314
24787,26244,same-wrap,0,8.7,134.0,1.0,0.06492537313432835,0.0,1.0,5,0.012683025169114738,2.08655,nan,nan,nan,1296,1844,4320.145,34172.34695000001
24787,27405,same-wrap,0,9.0,134.0,0.8,0.06716417910447761,0.0,1.0,6,0.017917932175064745,1.87558,nan,nan,nan,1296,3390,4391.225,34734.58975000001
24813,29476,same-wrap,0,9.9,134.0,0.8,0.07388059701492537,0.0,1.0,11,0.014305448721895554,6.93566,nan,nan,nan,2441,1769,4388.325,34711.65075
24813,39706,same-wrap,0,8.2,134.0,0.5555555555555556,0.06119402985074626,0.0,1.0,4,0.003935419350322885,164.746,nan,nan,nan,2441,1630,4474.755,35395.31205
25218,25507,same-wrap,0,9.4,155.0,0.3,0.06064516129032258,0.0,1.0,21,0.021249705824384995,1.74337,nan,nan,nan,10165,2041,4386.835,34699.86485
25218,25841,same-wrap,0,10.4,134.0,0.5,0.07761194029850746,0.0,1.0,134,0.04546133815029009,5.65788,nan,nan,nan,10165,8286,4350.585,34413.12735
25507,25841,same-wrap,0,10.9,220.0,0.2,0.049545454545454545,0.0,1.0,6,0.0038253919604191717,2.26308,nan,nan,nan,2041,8286,4295.68,33978.8288
25841,28168,same-wrap,0,9.2,134.0,0.8,0.06865671641791045,0.0,1.0,2,0.018251458904701236,1.26023,nan,nan,nan,8286,2521,4232.905000000001,33482.27855
25841,28779,same-wrap,0,8.1,134.0,1.0,0.06044776119402985,nan,nan,0,0.0,nan,nan,nan,nan,8286,3221,4266.33,33746.6703
26244,27405,same-wrap,0,10.0,134.0,1.0,0.07462686567164178,nan,nan,0,0.0,nan,nan,nan,nan,1844,3390,4356.46,34459.5986
26244,33491,same-wrap,0,12.6,360.0,0.1,0.034999999999999996,0.0,1.0,19,0.02620226326875722,1.84186,nan,nan,nan,1844,1873,4249.095,33610.34145
26244,22600,same-wrap,0,11.5,220.0,0.25,0.05227272727272727,0.0,1.0,4,0.030605301125079587,nan,nan,nan,nan,1844,7138,4236.5,33510.715000000004
28168,28779,same-wrap,0,8.3,190.0,0.0,0.04368421052631579,0.0,1.0,1,0.0027982074613047522,1.5741,nan,nan,nan,2521,3221,4239.805,33536.85755
28168,31596,same-wrap,0,10.7,380.0,0.25,0.028157894736842104,0.0,1.0,4,0.02571024553284485,nan,nan,nan,nan,2521,3601,4156.860000000001,32880.7626
28779,29279,same-wrap,0,9.0,210.0,0.3,0.04285714285714286,0.0,1.0,6,0.00955171845115898,1.49066,nan,nan,nan,3221,2281,4263.61,33725.155099999996
28779,31596,same-wrap,0,11.9,260.0,0.2,0.04576923076923077,0.0,1.0,12,0.012966457503299954,nan,nan,nan,nan,3221,3601,4190.285,33145.15435
28779,34259,same-wrap,0,10.3,250.0,0.4,0.0412,0.0,1.0,10,0.019341830626659697,2.87176,nan,nan,nan,3221,1505,4304.889999999999,34051.679899999996
29279,29476,same-wrap,0,10.9,134.0,0.2,0.08134328358208956,0.0,1.0,12,0.019146632209110892,nan,nan,nan,nan,2281,1769,4302.965,34036.45315
29279,31344,same-wrap,0,10.7,180.0,0.4,0.05944444444444444,0.0,1.0,26,0.031003280311016512,3.2212,nan,nan,nan,2281,1834,4207.63,33282.3533
29279,31596,same-wrap,0,9.4,150.0,0.3,0.06266666666666666,0.0,1.0,12,0.009719285175733172,2.98485,nan,nan,nan,2281,3601,4180.665,33069.06015
29279,32103,same-wrap,0,13.3,135.0,0.0,0.09851851851851852,0.0,1.0,1,0.026712612359925756,nan,nan,nan,nan,2281,2281,4234.0,33490.94
29279,34259,same-wrap,0,9.9,270.0,0.3,0.03666666666666667,0.0,1.0,11,0.015531116167666004,1.26183,nan,nan,nan,2281,1505,4295.27,33975.5857
29417,31740,same-wrap,0,10.2,285.0,0.2,0.035789473684210524,0.0,1.0,46,0.01830159160985018,3.39172,nan,nan,nan,6469,10328,4672.014999999999,36955.63864999999
29417,35862,same-wrap,0,9.5,110.0,0.0,0.08636363636363636,0.0,1.0,1,0.0009460157193992507,1.39042,nan,nan,nan,6469,6601,4668.46,36927.5186
29476,34259,same-wrap,0,8.3,134.0,1.0,0.061940298507462695,0.0,1.0,1,0.0029089013016151567,1.19727,nan,nan,nan,1769,1505,4344.245,34362.97795
31344,31596,same-wrap,0,9.8,134.0,1.0,0.07313432835820896,0.0,1.0,1,0.0011448427827118206,1.42775,nan,nan,nan,1834,3601,4134.305,32702.352550000003
31344,32103,same-wrap,0,8.2,147.0,0.5,0.055782312925170066,0.0,1.0,6,0.05710560253548815,nan,nan,nan,nan,1834,2281,4187.64,33124.2324
31344,32358,same-wrap,0,9.2,145.0,0.4,0.06344827586206896,0.0,1.0,11,0.0378521453907785,1.5062,nan,nan,nan,1834,5461,4137.950000000001,32731.184500000007
31596,32358,same-wrap,0,11.4,315.0,0.2,0.03619047619047619,0.0,1.0,1,0.004342771596460647,1.47277,nan,nan,nan,3601,5461,4110.985000000001,32517.891350000005
31740,35862,same-wrap,0,9.7,134.0,0.8,0.07238805970149254,0.0,1.0,26,0.061699876081138354,1.80341,nan,nan,nan,10328,6601,4573.405000000001,36175.633550000006
31740,29783,same-wrap,0,10.2,134.0,0.7,0.07611940298507462,0.0,1.0,88,0.019220540887206837,nan,nan,nan,nan,10328,6332,4467.219999999999,35335.710199999994
31740,41252,same-wrap,0,9.1,134.0,0.4,0.06791044776119402,0.0,1.0,19,0.02584562814398466,1.36146,nan,nan,nan,10328,1695,4510.37,35677.0267
32103,32358,same-wrap,0,9.4,180.0,0.1,0.052222222222222225,0.0,0.978,45,0.027754234327651298,5.40319,nan,nan,nan,2281,5461,4164.32,32939.771199999996
33416,36817,same-wrap,0,9.1,134.0,0.6,0.06791044776119402,0.0,1.0,1,0.0034192783185698866,1.16952,nan,nan,nan,3499,1836,4243.5599999999995,33566.55959999999
33416,37418,same-wrap,0,8.0,280.0,0.0,0.02857142857142857,nan,nan,0,0.0,1.27335,nan,nan,nan,3499,1731,4275.345,33817.978950000004
33416,29783,same-wrap,0,8.4,134.0,0.7,0.06268656716417911,0.0,1.0,2,0.0017799549593522296,1.18056,nan,nan,nan,3499,6332,4282.825,33877.145749999996
33491,22600,same-wrap,0,10.3,134.0,0.6,0.07686567164179105,0.0,1.0,14,0.04719997923200905,2.08042,nan,nan,nan,1873,7138,4200.215,33223.70065
33986,34071,same-wrap,0,9.2,210.0,0.3,0.043809523809523805,0.0,0.968,31,0.028384634133969276,2.75433,nan,nan,nan,3505,1906,4551.35,36001.1785
33986,34161,same-wrap,0,10.4,185.0,0.3,0.05621621621621622,0.0,1.0,33,0.07930375270314279,2.70695,nan,nan,nan,3505,2361,4612.74,36486.7734
33986,39463,same-wrap,0,13.2,134.0,1.0,0.09850746268656715,0.0,1.0,3,0.0025574056040812672,nan,nan,nan,nan,3505,2242,4508.395,35661.40445
34071,34161,same-wrap,0,11.9,175.0,0.3,0.068,0.0,1.0,23,0.10850782748340529,nan,nan,nan,nan,1906,2361,4552.74,36012.1734
34071,39463,same-wrap,0,11.0,140.0,0.25,0.07857142857142857,0.0,0.667,3,0.0030918035707625997,1.74123,nan,nan,nan,1906,2242,4448.395,35186.80445
34161,35864,same-wrap,0,9.5,230.0,0.4,0.041304347826086954,0.0,1.0,7,0.009186699748737997,3.70547,nan,nan,nan,2361,3312,4536.115,35880.669649999996
35862,35864,same-wrap,0,10.7,180.0,0.3,0.05944444444444444,0.0,1.0,68,0.06278245106312763,nan,nan,nan,nan,6601,3312,4513.975,35705.542250000006
35862,45992,same-wrap,0,9.2,260.0,0.0,0.03538461538461538,0.0,1.0,7,0.008682778471745409,2.76792,nan,nan,nan,6601,1486,4485.575000000001,35480.898250000006
35862,41252,same-wrap,0,9.3,270.0,0.2222222222222222,0.034444444444444444,0.0,1.0,3,0.004397101101171517,3.64755,nan,nan,nan,6601,1695,4506.8150000000005,35648.906650000004
35864,39483,same-wrap,0,10.2,120.0,0.125,0.08499999999999999,0.0,1.0,3,0.009983948307109164,1.27464,nan,nan,nan,3312,1907,4388.97,34716.752700000005
35864,45992,same-wrap,0,8.5,310.0,0.0,0.027419354838709678,0.0,1.0,1,0.001921632557528632,1.77258,nan,nan,nan,3312,1486,4429.700000000001,35038.927
35864,53676,same-wrap,0,10.8,134.0,0.6,0.08059701492537313,0.0,1.0,14,0.03395464986647162,1.83847,nan,nan,nan,3312,1609,4399.225,34797.869750000005
35864,39463,same-wrap,0,8.5,250.0,0.0,0.034,0.0,1.0,3,0.009227153960869271,1.26478,nan,nan,nan,3312,2242,4431.77,35055.30070000001
36817,37418,same-wrap,0,10.6,134.0,0.8,0.0791044776119403,0.0,1.0,5,0.009611768649534478,5.14394,nan,nan,nan,1836,1731,4310.735000000001,34097.913850000004
36817,41408,same-wrap,0,13.9,360.0,0.2,0.03861111111111111,0.0,0.944,18,0.045364689574784865,3.48688,nan,nan,nan,1836,1701,4277.514999999999,33835.14365
36817,29783,same-wrap,0,9.3,370.0,0.3333333333333333,0.02513513513513514,0.0,1.0,1,0.006729629076304563,5.70846,nan,nan,nan,1836,6332,4318.215,34157.08065
37320,39706,same-wrap,0,11.1,134.0,0.9,0.08283582089552238,0.0,1.0,6,0.0072226436559559275,nan,nan,nan,nan,1834,1630,4595.02,36346.6082
37320,36784,same-wrap,0,10.9,134.0,0.5,0.08134328358208956,0.0,1.0,42,0.06797971096969178,7.51552,nan,nan,nan,1834,3900,4641.67,36715.6097
37418,41408,same-wrap,0,9.5,400.0,0.0,0.02375,nan,nan,0,0.0,1.01333,nan,nan,nan,1731,1701,4309.3,34086.563
37418,45992,same-wrap,0,30.6,134.0,1.0,0.22835820895522388,0.0,0.875,24,0.09858144382998744,nan,nan,nan,nan,1731,1486,4371.91,34581.8081
37418,29783,same-wrap,0,10.3,235.0,0.4,0.04382978723404256,0.0,1.0,48,0.07261219889479685,8.26883,nan,nan,nan,1731,6332,4350.0,34408.5
37418,41252,same-wrap,0,370.9,177.0,0.4,2.0954802259887004,1.0,0.726,84,0.0826308811830331,nan,nan,nan,nan,1731,1695,4393.15,34749.8165
39483,53676,same-wrap,0,9.6,280.0,0.4,0.03428571428571429,0.0,1.0,17,0.08608457416967787,4.97581,nan,nan,nan,1907,1609,4330.095,34251.05145
39483,39463,same-wrap,0,9.8,120.0,0.1,0.08166666666666668,0.0,1.0,8,0.01148015936972487,1.63058,nan,nan,nan,1907,2242,4362.639999999999,34508.48239999999
39706,36784,same-wrap,0,18.0,134.0,0.6,0.13432835820895522,0.0,0.97,33,0.0946531765095126,8.46074,nan,nan,nan,1630,3900,4571.450000000001,36160.1695
41408,45209,same-wrap,0,9.1,134.0,1.0,0.06791044776119402,0.0,1.0,5,0.005591241655421299,2.86763,nan,nan,nan,1701,3601,4190.29,33145.1939
41408,45992,same-wrap,0,9.9,134.0,0.6,0.07388059701492537,0.0,1.0,14,0.020250367406303153,nan,nan,nan,nan,1701,1486,4338.6900000000005,34319.0379
41408,53676,same-wrap,0,11.8,134.0,0.7,0.08805970149253732,0.0,0.978,46,0.17269822248008143,3.54509,nan,nan,nan,1701,1609,4308.215,34077.980650000005
45992,53676,same-wrap,0,10.3,134.0,0.9,0.07686567164179105,0.0,1.0,8,0.05247669071493007,nan,nan,nan,nan,1486,1609,4370.825000000001,34573.225750000005
45992,41252,same-wrap,0,15.4,134.0,1.0,0.11492537313432837,0.0,1.0,7,0.031643824346035146,21.2398,nan,nan,nan,1486,1695,4422.54,34982.2914
48605,52159,same-wrap,0,10.5,240.0,0.2,0.04375,0.0,1.0,7,0.005119457747035436,1.08216,nan,nan,nan,2858,3901,4586.5650000000005,36279.72915000001
48862,51179,same-wrap,0,10.7,130.0,0.2,0.0823076923076923,0.0,1.0,23,0.015251643433999871,nan,nan,nan,nan,3210,9205,4252.73,33639.0943
48862,51913,same-wrap,0,13.6,50.0,0.0,0.272,0.0,1.0,32,0.04791050497335368,nan,nan,nan,nan,3210,1768,4220.525,33384.35275
48862,53702,same-wrap,0,10.8,102.0,0.1,0.10588235294117648,0.0,0.964,28,0.05052014150646521,0.0,nan,nan,nan,3210,7277,4198.375,33209.14625
49378,50385,same-wrap,0,8.1,240.0,0.0,0.033749999999999995,nan,nan,0,0.0,126.154,nan,nan,nan,3361,3505,4485.635,35481.37285
49378,51172,same-wrap,0,10.4,170.0,0.3,0.0611764705882353,0.0,1.0,8,0.01114837571823847,0.0,nan,nan,nan,3361,3313,4497.59,35575.9369
49378,51179,same-wrap,0,10.3,190.0,0.0,0.05421052631578948,0.0,1.0,1,0.0008739665127495089,1.41763,nan,nan,nan,3361,9205,4444.905000000001,35159.19855000001
50385,51172,same-wrap,0,9.2,137.0,0.4,0.06715328467153284,0.0,0.968,31,0.050216571112091324,1.71082,nan,nan,nan,3505,3313,4438.095,35105.331450000005
50385,51179,same-wrap,0,9.7,134.0,0.7,0.07238805970149254,0.0,1.0,40,0.022738132042485797,0.0,nan,nan,nan,3505,9205,4385.41,34688.5931
50385,53702,same-wrap,0,9.3,210.0,0.0,0.04428571428571429,nan,nan,0,0.0,nan,nan,nan,nan,3505,7277,4331.055,34258.64505000001
50402,50983,same-wrap,0,11.2,110.0,0.3,0.10181818181818181,0.0,0.909,11,0.01310615013541781,6.15681,nan,nan,nan,1980,2080,4300.165,34014.30515
50402,50738,same-wrap,0,8.9,134.0,0.5,0.0664179104477612,0.0,1.0,7,0.01319059134904953,3.76937,nan,nan,nan,1980,2787,4362.69,34508.8779
50983,35771,same-wrap,0,85.8,122.0,0.1,0.7032786885245902,-1.0,0.752,105,0.09933221259399438,nan,nan,nan,nan,2080,2128,4196.65,33195.5015
50983,50738,same-wrap,0,13.2,185.0,0.0,0.07135135135135134,0.0,1.0,5,0.013312026547375759,5.48047,nan,nan,nan,2080,2787,4305.455,34056.14905
51172,51179,same-wrap,0,10.9,190.0,0.2,0.05736842105263158,0.0,1.0,17,0.043045552607884785,0.0,nan,nan,nan,3313,9205,4397.365,34783.15715
51172,53702,same-wrap,0,10.0,270.0,0.3,0.037037037037037035,0.0,1.0,10,0.005692828022262794,0.0,nan,nan,nan,3313,7277,4343.01,34353.2091
51179,51913,same-wrap,0,14.6,152.0,0.5,0.09605263157894736,0.0,1.0,41,0.1048382366783922,nan,nan,nan,nan,9205,1768,4312.475,34111.67725
51179,53702,same-wrap,0,15.2,170.0,0.2,0.08941176470588234,0.0,1.0,22,0.08062207258276924,nan,nan,nan,nan,9205,7277,4290.325000000001,33936.47075000001
51913,53702,same-wrap,0,12.5,65.0,0.0,0.19230769230769232,0.0,0.96,50,0.056413334408571436,6.24444,nan,nan,nan,1768,7277,4258.120000000001,33681.72920000001
67658,67863,same-wrap,0,8.4,252.0,0.5,0.03333333333333333,nan,nan,0,0.0,64.3836,nan,nan,nan,3129,5829,4652.075,36797.91325
67853,67863,same-wrap,0,22.4,225.0,0.0,0.09955555555555555,0.0,0.8,10,0.005303861015239216,nan,nan,nan,nan,4234,5829,4475.285,35399.50435
67853,67868,same-wrap,0,10.5,134.0,0.4,0.07835820895522388,0.0,0.968,31,0.02323128995465725,4.35416,nan,nan,nan,4234,4755,4381.035,34653.98685
67853,68225,same-wrap,0,10.3,134.0,0.7,0.07686567164179105,0.0,1.0,8,0.0636843643690957,nan,nan,nan,nan,4234,3340,4324.8099999999995,34209.24709999999
67853,88263,adjacent,1,52.5,134.0,0.6,0.3917910447761194,1.0,0.769,39,0.0724615617542863,nan,nan,nan,nan,4234,2372,4273.08,33800.0628
67863,67868,same-wrap,0,11.6,220.0,0.2,0.05272727272727273,0.0,0.857,42,0.0175338373380953,4.06059,nan,nan,nan,5829,4755,4507.28,35652.5848
67863,67695,same-wrap,0,8.6,152.0,0.3,0.05657894736842105,0.0,1.0,5,0.00490095296579943,nan,nan,nan,nan,5829,3800,4634.475,36658.697250000005
67868,68225,same-wrap,0,8.5,134.0,0.2,0.06343283582089553,0.0,1.0,14,0.018213731240913893,112.271,nan,nan,nan,4755,3340,4356.805,34462.32755
75202,76500,same-wrap,0,9.4,122.0,0.1,0.07704918032786885,0.0,1.0,11,0.006738525537254402,1.44548,nan,nan,nan,5950,2766,4284.264999999999,33888.53614999999
76697,76787,same-wrap,0,9.7,140.0,0.3,0.06928571428571428,0.0,1.0,14,0.02854274020499802,2.55205,nan,nan,nan,8994,2861,4681.355,37029.51805
76697,77112,same-wrap,0,10.9,134.0,0.8,0.08134328358208956,0.0,0.5,6,0.007292713174172397,4.60998,nan,nan,nan,8994,1818,4577.35,36206.838500000005
76697,78235,same-wrap,0,10.2,167.0,0.5,0.06107784431137724,0.0,1.0,9,0.019655567840892063,3.28807,nan,nan,nan,8994,3129,4610.84,36471.7444
76697,78543,same-wrap,0,10.0,134.0,1.0,0.07462686567164178,0.0,1.0,3,0.004314377934114052,8.70069,nan,nan,nan,8994,5105,4552.46,36009.9586
76697,84567,same-wrap,0,13.0,134.0,0.6,0.09701492537313433,0.0,1.0,2,0.0015550163849403803,nan,nan,nan,nan,8994,2040,4519.455,35748.88905
76787,78235,same-wrap,0,8.3,230.0,0.3333333333333333,0.036086956521739134,0.0,1.0,2,0.0012832609251351222,1.4235,nan,nan,nan,2861,3129,4642.165,36719.52515
77112,78235,same-wrap,0,8.5,134.0,1.0,0.06343283582089553,nan,nan,0,0.0,1.61054,nan,nan,nan,1818,3129,4538.16,35896.8456
77112,78543,same-wrap,0,8.4,310.0,0.3333333333333333,0.02709677419354839,0.0,1.0,1,0.001320610919893989,2.73597,nan,nan,nan,1818,5105,4479.780000000001,35435.0598
77112,84567,same-wrap,0,10.0,134.0,0.7,0.07462686567164178,0.0,0.833,6,0.00882278539470591,4.63786,nan,nan,nan,1818,2040,4446.775,35173.990249999995
78235,78543,same-wrap,0,9.1,210.0,0.3,0.043333333333333335,0.0,1.0,5,0.00306695400191972,1.39548,nan,nan,nan,3129,5105,4513.27,35699.9657
78235,84567,same-wrap,0,8.6,180.0,0.0,0.04777777777777777,0.0,1.0,4,0.011735742759560111,nan,nan,nan,nan,3129,2040,4480.264999999999,35438.89614999999
78543,78912,same-wrap,0,9.8,170.0,0.3,0.05764705882352942,0.0,0.968,31,0.03087024848682879,4.70595,nan,nan,nan,5105,1391,4387.805,34707.53755
78543,84567,same-wrap,0,9.2,152.0,0.5,0.06052631578947368,0.0,1.0,20,0.033560707124099066,1.31134,nan,nan,nan,5105,2040,4421.885,34977.11035
78543,88262,same-wrap,0,10.7,240.0,0.0,0.04458333333333333,0.0,1.0,3,0.009619409660035662,1.26755,nan,nan,nan,5105,2075,4375.135,34607.31785
78912,84655,same-wrap,0,9.4,290.0,0.0,0.032413793103448274,0.0,1.0,1,0.001103726506284539,1.48102,nan,nan,nan,1391,2619,4258.375,33683.746250000004
84567,88262,same-wrap,0,10.6,255.0,0.0,0.04156862745098039,0.0,0.75,12,0.013560426404218211,3.58797,nan,nan,nan,2040,2075,4342.13,34346.2483
84655,88262,same-wrap,0,15.3,290.0,0.3,0.05275862068965517,0.0,1.0,16,0.08214550716058562,nan,nan,nan,nan,2619,2075,4245.705,33583.52655
84655,88263,same-wrap,0,13.2,280.0,0.1,0.04714285714285714,0.0,1.0,51,0.16396944959796161,nan,nan,nan,nan,2619,2372,4196.575,33194.90825
89934,90031,same-wrap,0,10.0,230.0,0.1,0.043478260869565216,0.0,1.0,9,0.010709315444492802,1.29294,nan,nan,nan,4649,1632,4580.37,36230.7267
89934,90032,same-wrap,0,9.9,370.0,0.3,0.026756756756756758,0.0,1.0,12,0.00985740524014736,1.45591,nan,nan,nan,4649,2521,4542.26,35929.276600000005
89934,90086,same-wrap,0,10.1,370.0,0.3,0.027297297297297296,0.0,1.0,11,0.0073257477657135235,nan,nan,nan,nan,4649,6733,4506.4,35645.623999999996
89934,91954,same-wrap,0,8.7,134.0,0.7,0.06492537313432835,0.0,1.0,14,0.005927764332646777,nan,nan,nan,nan,4649,10836,4488.88,35507.0408
89934,93631,same-wrap,0,14.1,220.0,0.0,0.06409090909090909,0.0,1.0,17,0.035866129040425,1.75581,nan,nan,nan,4649,1505,4652.02,36797.478200000005
89934,93827,same-wrap,0,10.8,185.0,0.0,0.05837837837837838,0.0,1.0,6,0.04653320813315173,nan,nan,nan,nan,4649,2521,4655.8,36827.378000000004
89934,94387,same-wrap,0,10.8,250.0,0.3,0.0432,0.0,1.0,1,0.013839508752797318,nan,nan,nan,nan,4649,2689,4604.29,36419.9339
90031,90032,same-wrap,0,10.6,134.0,0.8,0.0791044776119403,0.0,0.966,29,0.04645134034391513,3.84274,nan,nan,nan,1632,2521,4486.34,35486.949400000005
90031,90086,same-wrap,0,10.3,210.0,0.3,0.04904761904761905,0.0,1.0,60,0.06104260774020268,4.5966,nan,nan,nan,1632,6733,4450.48,35203.2968
90031,91954,same-wrap,0,8.0,134.0,1.0,0.05970149253731343,0.0,1.0,1,0.0014243571880461436,nan,nan,nan,nan,1632,10836,4432.96,35064.7136
90031,94387,same-wrap,0,9.3,134.0,0.5714285714285714,0.06940298507462687,0.0,1.0,4,0.03189486336713987,nan,nan,nan,nan,1632,2689,4548.37,35977.6067
90032,90086,same-wrap,0,9.8,345.0,0.3,0.028405797101449276,0.0,1.0,13,0.011075337770113672,6.49429,nan,nan,nan,2521,6733,4412.37,34901.8467
90032,91954,same-wrap,0,10.0,134.0,1.0,0.07462686567164178,0.0,1.0,1,0.0007777671223682033,0.0,nan,nan,nan,2521,10836,4394.85,34763.2635
90086,91391,same-wrap,0,9.1,230.0,0.2,0.03956521739130434,0.0,1.0,23,0.01641679787279338,nan,nan,nan,nan,6733,7141,4268.73,33765.654299999995
90086,91758,same-wrap,0,10.5,240.0,0.1,0.04375,0.0,1.0,15,0.006409937128959624,2.63806,nan,nan,nan,6733,3409,4251.1849999999995,33626.873349999994
90086,91954,same-wrap,0,9.0,177.0,0.5,0.05084745762711865,0.0,0.984,62,0.04121310902749759,80.403,nan,nan,nan,6733,10836,4358.99,34479.6109
90086,93234,same-wrap,0,8.5,134.0,1.0,0.06343283582089553,nan,nan,0,0.0,0.0,nan,nan,nan,6733,4649,4268.005,33759.91955
90086,93567,same-wrap,0,9.4,134.0,0.8,0.07014925373134329,0.0,1.0,9,0.014762019030866942,0.0,nan,nan,nan,6733,9361,4323.995,34202.80045
91391,91758,same-wrap,0,11.1,134.0,0.7,0.08283582089552238,0.0,0.977,43,0.055413132529027714,3.65258,nan,nan,nan,7141,3409,4143.405,32774.333549999996
91391,91954,same-wrap,0,9.1,205.0,0.2,0.04439024390243902,0.0,1.0,20,0.005171134494550376,0.0,nan,nan,nan,7141,10836,4251.21,33627.0711
91391,93234,same-wrap,0,8.3,220.0,0.0,0.03772727272727273,nan,nan,0,0.0,nan,nan,nan,nan,7141,4649,4160.225,32907.37975
91758,91954,same-wrap,0,9.3,390.0,0.0,0.023846153846153847,0.0,1.0,1,0.001181257111536954,0.0,nan,nan,nan,3409,10836,4233.665,33488.29015
91758,93234,same-wrap,0,11.0,134.0,0.8,0.08208955223880597,0.0,1.0,15,0.018789515819699763,92.8668,nan,nan,nan,3409,4649,4142.68,32768.5988
91758,93567,same-wrap,0,9.0,230.0,0.4,0.0391304347826087,0.0,1.0,12,0.025689041299830198,nan,nan,nan,nan,3409,9361,4198.67,33211.4797
93234,93567,same-wrap,0,10.6,167.0,0.5,0.06347305389221557,0.0,0.963,54,0.021229127096550466,1.48472,nan,nan,nan,4649,9361,4215.49,33344.5259
93631,93827,same-wrap,0,9.8,240.0,0.2,0.04083333333333334,0.0,1.0,3,0.005144828641192452,1.51708,nan,nan,nan,1505,2521,4671.530000000001,36951.8023
93631,94387,same-wrap,0,10.4,235.0,0.3,0.04425531914893617,0.0,1.0,1,0.0023657845336303805,1.3548,nan,nan,nan,1505,2689,4620.02,36544.3582
93631,93844,same-wrap,0,9.4,134.0,1.0,0.07014925373134329,0.0,1.0,2,0.01226933929684572,0.978355,nan,nan,nan,1505,4537,4697.55,37157.620500000005
93827,94387,same-wrap,0,10.5,240.0,0.0,0.04375,0.0,1.0,18,0.011949481178421983,1.20496,nan,nan,nan,2521,2689,4623.8,36574.258
93827,93844,same-wrap,0,11.7,152.0,0.3,0.0769736842105263,0.0,1.0,9,0.009370133874746616,1.1252,nan,nan,nan,2521,4537,4701.33,37187.5203
94387,93844,same-wrap,0,11.8,210.0,0.0,0.05619047619047619,0.0,0.962,26,0.01954246045345892,1.21269,nan,nan,nan,2689,4537,4649.82,36780.076199999996
110095,110270,same-wrap,0,8.9,134.0,0.5,0.0664179104477612,0.0,1.0,2,0.0005117057814566015,1.57897,nan,nan,nan,5989,10217,4274.13,33808.3683
110095,110422,same-wrap,0,9.3,390.0,0.2,0.023846153846153847,nan,nan,0,0.0,1.40791,nan,nan,nan,5989,6993,4237.8150000000005,33521.11665
110270,110422,same-wrap,0,8.9,130.0,0.0,0.06846153846153846,0.0,1.0,1,0.0004576296966893293,1.39444,nan,nan,nan,10217,6993,4330.775,34256.43025
110422,115469,same-wrap,0,8.7,134.0,0.5,0.06492537313432835,nan,nan,0,0.0,2.18604,nan,nan,nan,6993,4463,4325.219999999999,34212.49019999999
110422,111200,same-wrap,0,10.3,134.0,0.5,0.07686567164179105,0.0,1.0,8,0.0034227849935597027,1.57525,nan,nan,nan,6993,2663,4236.99,33514.590899999996
110915,110955,same-wrap,0,10.5,157.0,0.5,0.06687898089171974,0.0,0.992,125,0.0691886501609854,196.558,nan,nan,nan,8141,10837,4184.719999999999,33101.1352
110915,111128,same-wrap,0,10.2,290.0,0.2,0.035172413793103444,0.0,1.0,20,0.029258618160266616,2.33958,nan,nan,nan,8141,10837,4297.245,33991.207949999996
110955,111128,same-wrap,0,9.5,134.0,0.6,0.0708955223880597,0.0,1.0,132,0.02714059386626434,347.684,nan,nan,nan,10837,10837,4213.844999999999,33331.51394999999
110955,112068,same-wrap,0,8.0,160.0,0.0,0.05,nan,nan,0,0.0,1.3143,nan,nan,nan,10837,7993,4182.45,33083.1795
111128,111668,same-wrap,0,10.1,185.0,0.4,0.05459459459459459,0.0,1.0,26,0.029110734518974408,1.52886,nan,nan,nan,10837,4537,4367.674999999999,34548.30925
111128,111703,same-wrap,0,9.5,162.0,0.1,0.05864197530864197,0.0,1.0,18,0.007384522301765046,1.89322,nan,nan,nan,10837,3505,4439.37,35115.4167
111128,112068,same-wrap,0,9.6,220.0,0.2,0.04363636363636363,0.0,0.926,27,0.031922685148285605,301.91,nan,nan,nan,10837,7993,4294.975,33973.252250000005
111128,112177,same-wrap,0,9.8,150.0,0.0,0.06533333333333334,0.0,0.957,23,0.006506194100101869,1.40506,nan,nan,nan,10837,5829,4473.895,35388.509450000005
111128,112278,same-wrap,0,10.5,240.0,0.2,0.04375,0.0,1.0,14,0.00984912499164419,2.95581,nan,nan,nan,10837,4429,4455.395,35242.174450000006
111668,111703,same-wrap,0,13.3,320.0,0.1,0.0415625,0.0,1.0,10,0.02161267017934702,2.72103,nan,nan,nan,4537,3505,4480.674999999999,35442.13924999999
111668,112068,same-wrap,0,10.1,215.0,0.3,0.04697674418604651,0.0,1.0,71,0.032017623943266266,0.0,nan,nan,nan,4537,7993,4336.28,34299.974799999996
111668,112278,same-wrap,0,8.6,180.0,0.2,0.04777777777777777,0.0,1.0,2,0.0011715319779538205,1.62544,nan,nan,nan,4537,4429,4496.7,35568.897
111703,112177,same-wrap,0,10.3,132.0,0.1,0.07803030303030303,0.0,1.0,9,0.006240793367097596,1.89688,nan,nan,nan,3505,5829,4586.895,36282.33945000001
111703,112278,same-wrap,0,12.8,127.0,0.4,0.10078740157480316,0.0,1.0,10,0.010803673086794433,1.21522,nan,nan,nan,3505,4429,4568.395,36136.00445000001
112177,112278,same-wrap,0,9.7,165.0,0.1,0.058787878787878785,0.0,1.0,36,0.0998879226293126,1.37192,nan,nan,nan,5829,4429,4602.92,36409.097200000004
114275,112481,same-wrap,0,9.0,134.0,0.7777777777777778,0.06716417910447761,0.0,1.0,3,0.001587816157352583,2.93704,nan,nan,nan,7305,9954,4539.514999999999,35907.56365
114275,112991,same-wrap,0,10.2,134.0,0.8,0.07611940298507462,0.0,0.5,2,0.0007398920845197968,1.75979,nan,nan,nan,7305,4506,4576.5599999999995,36200.5896
115469,111200,same-wrap,0,9.1,134.0,1.0,0.06791044776119402,0.0,1.0,2,0.0009104810999203495,1.42465,nan,nan,nan,4463,2663,4267.75,33757.902500000004
119893,121864,same-wrap,0,9.7,290.0,0.0,0.033448275862068964,0.0,1.0,3,0.0029766930515364135,nan,nan,nan,nan,9984,2437,4349.6849999999995,34406.00835
119893,123107,same-wrap,0,9.2,192.0,0.5,0.04791666666666666,0.0,0.6,5,0.0021144797634163564,1.86665,nan,nan,nan,9984,3406,4343.67,34358.4297
119893,124372,same-wrap,0,8.9,110.0,0.3,0.08090909090909092,0.0,0.833,12,0.004731343404881611,2.46123,nan,nan,nan,9984,10773,4311.175,34101.394250000005
119893,118813,same-wrap,0,8.2,140.0,0.0,0.058571428571428566,nan,nan,0,0.0,nan,nan,nan,nan,9984,4727,4204.805,33260.00755
121864,123244,same-wrap,0,8.5,310.0,0.3333333333333333,0.027419354838709678,0.0,1.0,1,0.0010500700642843024,1.3908,nan,nan,nan,2437,2772,4530.174999999999,35833.68425
122489,122809,same-wrap,0,8.6,270.0,0.3,0.03185185185185185,0.0,1.0,3,0.0079883444728578,1.23932,nan,nan,nan,2943,2605,4671.52,36951.72320000001
122489,123054,same-wrap,0,9.2,280.0,0.0,0.032857142857142856,0.0,0.5,2,0.0028221687280139693,1.7466,nan,nan,nan,2943,4989,4618.99,36536.2109
122489,123107,same-wrap,0,30.0,150.0,0.3,0.2,0.0,1.0,4,0.002634833790485223,nan,nan,nan,nan,2943,3406,4566.18,36118.4838
122489,123244,same-wrap,0,11.0,285.0,0.1,0.03859649122807018,0.0,0.974,39,0.08301277630483307,nan,nan,nan,nan,2943,2772,4622.42,36563.3422
122489,123578,same-wrap,0,10.2,134.0,1.0,0.07611940298507462,nan,nan,0,0.0,nan,nan,nan,nan,2943,1769,4675.415,36982.53265
122809,123054,same-wrap,0,9.5,215.0,0.0,0.044186046511627906,0.0,1.0,6,0.003212254751878417,1.67011,nan,nan,nan,2605,4989,4626.07,36592.2137
122809,124372,same-wrap,0,9.1,210.0,0.0,0.043333333333333335,nan,nan,0,0.0,1.42156,nan,nan,nan,2605,10773,4540.765,35917.45115
123054,123107,same-wrap,0,9.3,134.0,0.9,0.06940298507462687,0.0,1.0,4,0.003087037428544123,1.13542,nan,nan,nan,4989,3406,4520.73,35758.974299999994
123054,124372,same-wrap,0,9.5,175.0,0.1,0.054285714285714284,0.0,1.0,1,0.0002924767252094722,1.92692,nan,nan,nan,4989,10773,4488.235000000001,35501.938850000006
123107,123244,same-wrap,0,23.2,134.0,0.5,0.17313432835820894,0.0,1.0,9,0.042367166575694844,9.46277,nan,nan,nan,3406,2772,4524.16,35786.1056
123107,123636,adjacent,1,61.4,140.0,0.3,0.43857142857142856,1.0,0.667,24,0.019644771877772388,nan,nan,nan,nan,3406,9308,4603.875,36416.65125
123107,124372,same-wrap,0,8.2,167.0,0.5,0.04910179640718562,0.0,1.0,1,0.00044472635153728,1.97617,nan,nan,nan,3406,10773,4435.425,35084.21175
123244,123578,same-wrap,0,11.1,147.0,0.3,0.07551020408163266,0.0,1.0,8,0.010295314666640923,2.09246,nan,nan,nan,2772,1769,4633.395,36650.15445
123579,123586,same-wrap,0,8.3,134.0,0.6666666666666666,0.061940298507462695,0.0,1.0,3,0.002063456976535145,1.3833,nan,nan,nan,2205,10830,4455.07,35239.6037
123579,124006,same-wrap,0,8.2,195.0,0.2,0.04205128205128205,0.0,1.0,12,0.009653838977284385,0.0,nan,nan,nan,2205,2861,4617.1849999999995,36521.93335
123579,125904,same-wrap,0,8.7,200.0,0.0,0.0435,0.0,1.0,1,0.0012824881295704193,0.0,nan,nan,nan,2205,3217,4603.355,36412.538049999996
123579,123099,same-wrap,0,10.7,175.0,0.4,0.06114285714285714,0.0,1.0,13,0.017374905400740465,152.802,nan,nan,nan,2205,1769,4538.9400000000005,35903.015400000004
123586,123596,same-wrap,0,13.1,162.0,0.2,0.0808641975308642,0.0,1.0,15,0.013719348232179683,2.62895,nan,nan,nan,10830,4750,4383.35,34672.298500000004
123586,124520,same-wrap,0,8.9,380.0,0.0,0.023421052631578947,nan,nan,0,0.0,nan,nan,nan,nan,10830,3200,4228.98,33451.231799999994
123586,125904,same-wrap,0,8.7,134.0,1.0,0.06492537313432835,0.0,1.0,1,0.00041390275556535573,0.0,nan,nan,nan,10830,3217,4487.925,35499.486750000004
123586,126166,same-wrap,0,12.0,310.0,0.4,0.03870967741935484,0.0,1.0,8,0.02591990344835967,0.0,nan,nan,nan,10830,1764,4286.205,33903.88155
123586,126348,same-wrap,0,8.7,350.0,0.0,0.024857142857142855,0.0,1.0,1,0.0028746241653483853,192.288,nan,nan,nan,10830,1524,4319.625,34168.23375
123586,127067,adjacent,1,124.5,142.0,0.5,0.8767605633802817,1.0,0.833,258,0.2593230907203947,nan,nan,nan,nan,10830,1502,4445.615,35164.81465
123586,127661,adjacent,1,147.4,147.0,0.4,1.002721088435374,1.0,0.806,315,0.31055215939794484,nan,nan,nan,nan,10830,1139,4417.29,34940.7639
123586,128788,adjacent,1,143.7,134.0,0.5,1.0723880597014925,1.0,0.807,580,0.2829872228829323,nan,nan,nan,nan,10830,3204,4289.375,33928.95625
123586,130816,adjacent,1,122.8,120.0,0.0,1.0233333333333332,1.0,0.786,1174,0.22238649693437176,nan,nan,nan,nan,10830,8251,4243.615,33566.99465
123586,132394,adjacent,1,89.9,95.0,0.0,0.9463157894736842,1.0,0.529,594,0.6551270015804944,nan,nan,nan,nan,10830,1435,4338.96,34321.1736
123586,123001,same-wrap,0,9.6,110.0,0.1,0.08727272727272727,0.0,1.0,27,0.015308481204757073,3.88983,nan,nan,nan,10830,6999,4338.93,34320.9363
123586,123099,same-wrap,0,10.0,285.0,0.1,0.03508771929824561,0.0,1.0,11,0.009471522058042085,0.0,nan,nan,nan,10830,1769,4423.51,34989.964100000005
123586,123838,same-wrap,0,10.7,100.0,0.0,0.107,0.0,1.0,24,0.005757743594983691,2.77691,nan,nan,nan,10830,9939,4239.495000000001,33534.405450000006
123586,126170,adjacent,1,10.7,112.0,0.3,0.09553571428571428,0.0,1.0,7,0.0036232272260888166,10.4012,nan,nan,nan,10830,5826,4499.715,35592.745650000004
123596,123636,adjacent,1,63.1,100.0,0.0,0.631,nan,nan,0,0.0,nan,nan,nan,nan,4750,9308,4583.445,36255.04995
123596,123861,same-wrap,0,13.7,150.0,0.1,0.09133333333333332,0.0,1.0,12,0.009140702548684942,nan,nan,nan,nan,4750,8741,4527.575000000001,35813.11825000001
123596,126166,same-wrap,0,8.5,134.0,0.5714285714285714,0.06343283582089553,0.0,1.0,3,0.0030432091959695443,0.0,nan,nan,nan,4750,1764,4329.915000000001,34249.62765000001
123596,127067,adjacent,1,59.4,115.0,0.2,0.5165217391304348,0.0,0.58,50,0.21550556042059332,nan,nan,nan,nan,4750,1502,4489.325000000001,35510.560750000004
123596,126170,adjacent,1,88.7,255.0,0.0,0.34784313725490196,1.0,0.724,214,0.08828706607606435,nan,nan,nan,nan,4750,5826,4543.425,35938.49175
123636,123861,same-wrap,0,9.7,134.0,0.5,0.07238805970149254,0.0,0.986,140,0.05156718618243241,214.548,nan,nan,nan,9308,8741,4683.96,37050.1236
123636,125904,same-wrap,0,9.9,187.0,0.3,0.052941176470588235,0.0,1.0,7,0.008938670330329681,1.29172,nan,nan,nan,9308,3217,4688.02,37082.23820000001
124006,123099,same-wrap,0,11.7,190.0,0.3,0.061578947368421046,0.0,0.857,7,0.0058866023322350575,1.91066,nan,nan,nan,2861,1769,4585.625,36272.29375
124372,118813,same-wrap,0,9.0,105.0,0.0,0.08571428571428572,0.0,1.0,13,0.004369524465912814,1.67509,nan,nan,nan,10773,4727,4296.5599999999995,33985.7896
124372,120999,same-wrap,0,9.7,132.0,0.2,0.07348484848484849,0.0,1.0,84,0.03280647052953743,nan,nan,nan,nan,10773,5903,4342.79,34351.4689
124520,126166,same-wrap,0,12.0,134.0,1.0,0.08955223880597014,0.0,1.0,4,0.0046080571620274735,128.336,nan,nan,nan,3200,1764,4175.545,33028.56095
124520,126348,same-wrap,0,8.0,134.0,1.0,0.05970149253731343,0.0,1.0,1,0.0012231258795135022,nan,nan,nan,nan,3200,1524,4208.965,33292.91315
125307,127761,same-wrap,0,11.0,180.0,0.0,0.06111111111111111,nan,nan,0,0.0,nan,nan,nan,nan,2686,8289,4546.780000000001,35965.029800000004
125307,126170,same-wrap,0,10.1,100.0,0.0,0.10099999999999999,0.0,1.0,4,0.004702701113952335,1.20322,nan,nan,nan,2686,5826,4669.67,36937.089700000004
125683,126645,same-wrap,0,9.4,134.0,0.6,0.07014925373134329,0.0,1.0,11,0.018487486424433944,1.60799,nan,nan,nan,2441,4005,4647.360000000001,36760.617600000005
125683,130213,same-wrap,0,9.9,310.0,0.14285714285714285,0.03193548387096774,0.0,1.0,6,0.006641568180512528,2.0931,nan,nan,nan,2441,2520,4564.515,36105.313650000004
125904,123099,same-wrap,0,9.8,190.0,0.0,0.05157894736842106,nan,nan,0,0.0,nan,nan,nan,nan,3217,1769,4571.795,36162.89845
126166,126348,same-wrap,0,10.7,290.0,0.3,0.03689655172413793,0.0,1.0,10,0.011528759643807425,1.63828,nan,nan,nan,1764,1524,4266.1900000000005,33745.562900000004
126645,127067,same-wrap,0,9.0,134.0,1.0,0.06716417910447761,0.0,1.0,4,0.004810624685547683,1.19425,nan,nan,nan,4005,1502,4607.895,36448.44945000001
126645,126170,same-wrap,0,8.0,210.0,0.0,0.0380952380952381,0.0,1.0,4,0.006573660666711968,1.5074,nan,nan,nan,4005,5826,4661.995,36876.38045
127067,127661,same-wrap,0,12.6,134.0,0.2,0.09402985074626866,0.0,1.0,3,0.004612455129820276,4.3026,nan,nan,nan,1502,1139,4523.264999999999,35779.02615
127067,130595,same-wrap,0,9.7,134.0,1.0,0.07238805970149254,0.0,1.0,2,0.003917328839079892,0.95929,nan,nan,nan,1502,1092,4516.4400000000005,35725.040400000005
127067,126170,same-wrap,0,11.0,140.0,0.4,0.07857142857142857,0.0,0.967,30,0.04338707687532893,2.63528,nan,nan,nan,1502,5826,4605.6900000000005,36431.007900000004
127661,126170,same-wrap,0,16.0,85.0,0.0,0.18823529411764706,0.0,1.0,2,0.0021093177384090317,nan,nan,nan,nan,1139,5826,4577.365,36206.95715
127761,128049,same-wrap,0,8.6,134.0,1.0,0.06417910447761194,0.0,1.0,1,0.0012586210230269904,1.42748,nan,nan,nan,8289,1830,4449.96,35199.183600000004
127761,127464,same-wrap,0,9.3,255.0,0.0,0.03647058823529412,0.0,1.0,3,0.0013846452077429358,nan,nan,nan,nan,8289,4426,4291.48,33945.606799999994
128049,130595,same-wrap,0,10.6,160.0,0.0,0.06625,0.0,1.0,2,0.008928855936201954,nan,nan,nan,nan,1830,1092,4483.6,35465.276000000005
128049,126170,adjacent,1,13.1,107.0,0.4,0.12242990654205607,0.0,1.0,7,0.0041583055023886465,0.0,nan,nan,nan,1830,5826,4572.85,36171.243500000004
128146,128788,same-wrap,0,10.2,220.0,0.0,0.046363636363636364,0.0,0.84,25,0.05432050346415465,2.9509,nan,nan,nan,3763,3204,4249.26,33611.6466
128146,130816,same-wrap,0,9.5,220.0,0.3,0.04318181818181818,0.0,1.0,15,0.03143028871967994,2.04287,nan,nan,nan,3763,8251,4203.5,33249.685
128146,134397,adjacent,1,62.2,190.0,0.0,0.3273684210526316,1.0,0.533,15,0.10905024326383045,nan,nan,nan,nan,3763,1566,4322.365,34189.90715
128146,127464,same-wrap,0,8.5,134.0,0.3333333333333333,0.06343283582089553,0.0,1.0,4,0.005375307632425324,1.03401,nan,nan,nan,3763,4426,4214.18,33334.1638
128788,130816,same-wrap,0,9.1,122.0,0.4,0.07459016393442623,0.0,1.0,19,0.010259006158778365,2.08764,nan,nan,nan,3204,8251,4193.35,33169.3985
128788,134397,adjacent,1,240.6,115.0,0.0,2.092173913043478,1.0,0.647,17,0.020090337087050342,nan,nan,nan,nan,3204,1566,4312.215,34109.620650000004
130213,129374,same-wrap,0,11.2,162.0,0.5,0.0691358024691358,0.0,1.0,28,0.0241684027546067,315.456,nan,nan,nan,2520,5829,4431.825000000001,35055.73575000001
130595,134119,adjacent,1,169.1,210.0,0.3,0.8052380952380952,0.0,0.587,92,0.1825464782307493,nan,nan,nan,nan,1092,2049,4497.895,35578.34945
130595,134252,adjacent,1,199.9,175.0,0.2,1.1422857142857143,0.0,0.509,114,0.1261516176455126,nan,nan,nan,nan,1092,2438,4482.71,35458.2361
130595,134397,adjacent,1,65.6,134.0,0.4,0.4895522388059701,0.0,0.744,43,0.054191141292216166,nan,nan,nan,nan,1092,1566,4433.305,35067.44255
130595,134483,adjacent,1,119.1,134.0,0.4,0.8888059701492537,0.0,0.652,89,0.13022070489089368,nan,nan,nan,nan,1092,10837,4420.795,34968.488450000004
130816,132394,same-wrap,0,17.2,120.0,0.0,0.14333333333333334,0.0,1.0,8,0.009199323510496928,1.1721,nan,nan,nan,8251,1435,4242.9349999999995,33561.615849999995
132394,123001,adjacent,1,91.3,134.0,0.4,0.6813432835820895,-1.0,0.546,632,0.6970374831630849,nan,nan,nan,nan,1435,6999,4338.25,34315.5575
132394,129374,same-wrap,0,10.8,134.0,0.4,0.08059701492537313,0.0,0.977,43,0.1549090125703262,1.8108,nan,nan,nan,1435,5829,4351.71,34422.0261
133008,133669,same-wrap,0,8.4,45.0,0.0,0.18666666666666668,nan,nan,0,0.0,145.367,nan,nan,nan,4758,2280,4687.07,37074.723699999995
133008,133079,same-wrap,0,9.5,134.0,0.4,0.0708955223880597,0.0,1.0,19,0.010767173585199087,1.19428,nan,nan,nan,4758,2205,4677.945,37002.544949999996
133185,133198,same-wrap,0,8.8,142.0,0.375,0.0619718309859155,0.0,0.857,7,0.013334182435021968,1.29893,nan,nan,nan,1766,1981,4560.860000000001,36076.40260000001
133185,133350,same-wrap,0,8.5,360.0,0.3333333333333333,0.02361111111111111,nan,nan,0,0.0,0.0,nan,nan,nan,1766,3601,4616.165,36513.86515
133185,134100,same-wrap,0,13.9,134.0,0.7,0.10373134328358209,0.0,1.0,6,0.004345992739367227,0.0,nan,nan,nan,1766,3504,4524.525,35788.99275
133185,134119,same-wrap,0,11.7,134.0,0.5,0.0873134328358209,0.0,0.941,51,0.11567735007006887,4.50573,nan,nan,nan,1766,2049,4539.025,35903.68775
133185,134483,same-wrap,0,11.3,142.0,0.5,0.0795774647887324,0.0,1.0,22,0.015277370580153054,3.12616,nan,nan,nan,1766,10837,4461.925,35293.82675
133185,133079,same-wrap,0,9.7,134.0,0.875,0.07238805970149254,0.0,1.0,1,0.0017154116430970734,1.17281,nan,nan,nan,1766,2205,4587.425,36286.53175
133198,134100,same-wrap,0,10.7,280.0,0.3,0.038214285714285715,0.0,0.984,64,0.05131486833276292,0.0,nan,nan,nan,1981,3504,4521.835,35767.714850000004
133198,134483,same-wrap,0,10.1,134.0,0.5,0.07537313432835821,0.0,1.0,14,0.008980968873898404,1.52889,nan,nan,nan,1981,10837,4459.235000000001,35272.54885000001
133226,133339,same-wrap,0,8.9,250.0,0.2,0.0356,0.0,1.0,4,0.0022594968594758873,1.18038,nan,nan,nan,5829,4649,4489.59,35512.6569
133226,133593,same-wrap,0,10.7,260.0,0.3333333333333333,0.04115384615384615,0.0,1.0,8,0.008822244185934323,nan,nan,nan,nan,5829,2270,4508.66,35663.5006
133226,133785,same-wrap,0,12.2,134.0,0.6,0.09104477611940298,0.0,1.0,39,0.07491018430966585,5.18814,nan,nan,nan,5829,1817,4551.27,36000.5457
133339,133467,same-wrap,0,8.6,250.0,0.0,0.0344,nan,nan,0,0.0,179.006,nan,nan,nan,4649,1698,4336.514999999999,34301.83364999999
133339,133593,same-wrap,0,10.8,85.0,0.0,0.12705882352941178,0.0,1.0,22,0.049830166899915374,1.76633,nan,nan,nan,4649,2270,4391.549999999999,34737.1605
133339,133785,same-wrap,0,10.1,370.0,0.2,0.027297297297297296,0.0,1.0,4,0.021162799264301844,nan,nan,nan,nan,4649,1817,4434.16,35074.2056
133350,134100,same-wrap,0,10.7,212.0,0.5,0.05047169811320754,0.0,1.0,10,0.009916327270036352,3.85341,nan,nan,nan,3601,3504,4577.139999999999,36205.17739999999
133350,134528,same-wrap,0,9.9,355.0,0.1,0.027887323943661974,0.0,0.97,33,0.033095332760784094,nan,nan,nan,nan,3601,3119,4590.42,36310.222200000004
133467,133593,same-wrap,0,9.6,85.0,0.0,0.11294117647058823,0.0,1.0,4,0.004703824291465876,21.7328,nan,nan,nan,1698,2270,4355.585,34452.67735
133467,144203,adjacent,1,113.7,260.0,0.1,0.43730769230769234,1.0,0.894,264,0.4933588571790589,nan,nan,nan,nan,1698,2712,4270.72,33781.3952
133593,133785,same-wrap,0,10.9,134.0,0.3,0.08134328358208956,0.0,1.0,25,0.032331940392511416,3.70182,nan,nan,nan,2270,1817,4453.23,35225.0493
133593,144203,adjacent,1,75.6,160.0,0.0,0.4725,1.0,0.737,19,0.024462239114042095,nan,nan,nan,nan,2270,2712,4325.755,34216.722050000004
133669,134119,same-wrap,0,16.9,140.0,0.0,0.1207142857142857,0.0,1.0,1,0.005453714630700688,nan,nan,nan,nan,2280,2049,4572.025,36164.717749999996
133669,133079,same-wrap,0,9.9,134.0,0.4,0.07388059701492537,0.0,0.952,21,0.0747464959243142,63.599,nan,nan,nan,2280,2205,4620.425,36547.56175
133785,134252,same-wrap,0,12.8,55.0,0.2,0.23272727272727273,0.0,1.0,15,0.1385851804283774,0.0,nan,nan,nan,1817,2438,4489.985000000001,35515.781350000005
134100,134119,same-wrap,0,17.9,117.0,0.3,0.15299145299145298,0.0,0.886,88,0.21799704316737772,nan,nan,nan,nan,3504,2049,4500.0,35595.0
134100,134483,same-wrap,0,12.0,100.0,0.1,0.12,0.0,0.992,123,0.04999778973185635,0.0,nan,nan,nan,3504,10837,4422.9,34985.138999999996
134100,134528,same-wrap,0,14.6,300.0,0.1,0.048666666666666664,0.0,1.0,14,0.05441203376538759,3.50174,nan,nan,nan,3504,3119,4498.780000000001,35585.3498
134119,134252,same-wrap,0,8.5,134.0,0.5,0.06343283582089553,0.0,1.0,11,0.02110590733240321,nan,nan,nan,nan,2049,2438,4499.3150000000005,35589.58165000001
134119,134397,same-wrap,0,8.3,134.0,1.0,0.061940298507462695,0.0,1.0,1,0.0018929705909508743,0.0,nan,nan,nan,2049,1566,4449.91,35198.7881
134119,134483,same-wrap,0,17.2,100.0,0.1,0.172,0.0,0.938,80,0.06349666700042086,9.61406,nan,nan,nan,2049,10837,4437.4,35099.833999999995
134119,133079,same-wrap,0,10.6,150.0,0.2,0.07066666666666667,0.0,0.98,51,0.045481591192195615,3.5502,nan,nan,nan,2049,2205,4562.9,36092.539
134252,134397,same-wrap,0,9.6,197.0,0.2,0.048730964467005075,0.0,1.0,11,0.015575748884661319,1.76491,nan,nan,nan,2438,1566,4434.725,35078.674750000006
134252,134483,same-wrap,0,9.5,85.0,0.3,0.11176470588235295,0.0,1.0,21,0.0320005056079885,135.745,nan,nan,nan,2438,10837,4422.215,34979.72065
134252,133079,same-wrap,0,9.3,134.0,0.6,0.06940298507462687,0.0,1.0,7,0.01162250839881893,0.0,nan,nan,nan,2438,2205,4547.715,35972.425650000005
134397,134483,same-wrap,0,10.6,134.0,0.2,0.0791044776119403,0.0,1.0,10,0.014149600435623763,0.0,nan,nan,nan,1566,10837,4372.8099999999995,34588.92709999999
134479,134773,same-wrap,0,10.0,155.0,0.3,0.06451612903225806,0.0,1.0,15,0.10183283834087854,nan,nan,nan,nan,1909,4321,4154.54,32862.4114
134479,136033,same-wrap,0,10.4,310.0,0.3333333333333333,0.03354838709677419,0.0,1.0,3,0.012331518065365742,nan,nan,nan,nan,1909,1501,4199.535,33218.32185
134483,134528,same-wrap,0,9.3,85.0,0.1,0.10941176470588236,0.0,1.0,20,0.023182819745491474,371.012,nan,nan,nan,10837,3119,4436.18,35090.183800000006
134483,134644,same-wrap,0,9.8,157.0,0.5,0.0624203821656051,0.0,1.0,52,0.009557532186465779,2.26168,nan,nan,nan,10837,8437,4251.805,33631.777550000006
134483,134773,same-wrap,0,9.0,295.0,0.1,0.030508474576271188,0.0,1.0,8,0.007110774336937646,0.0,nan,nan,nan,10837,4321,4258.54,33685.051400000004
134483,135164,same-wrap,0,8.9,110.0,0.0,0.08090909090909092,0.0,1.0,21,0.022482321718852172,0.0,nan,nan,nan,10837,6730,4295.175,33974.83425
134483,133079,same-wrap,0,9.9,190.0,0.4,0.05210526315789474,0.0,1.0,15,0.008423600637767674,1.66517,nan,nan,nan,10837,2205,4485.8,35482.678
134644,134773,same-wrap,0,9.5,155.0,0.2,0.06129032258064516,0.0,1.0,34,0.04700848663047106,0.0,nan,nan,nan,8437,4321,4150.045,32826.855950000005
134644,135164,same-wrap,0,9.7,265.0,0.2,0.03660377358490566,0.0,1.0,30,0.03933170323089297,nan,nan,nan,nan,8437,6730,4186.68,33116.6388
134773,136033,same-wrap,0,9.4,235.0,0.125,0.04,0.0,1.0,4,0.007626578865677497,91.0056,nan,nan,nan,4321,1501,4201.775,33236.04025
141857,142041,same-wrap,0,9.3,134.0,0.8,0.06940298507462687,0.0,1.0,23,0.026306658143690723,2.54214,nan,nan,nan,4758,2277,4160.43,32909.0013
142041,142081,same-wrap,0,10.2,162.0,0.5,0.06296296296296296,0.0,0.957,47,0.04856165166443124,2.80616,nan,nan,nan,2277,1909,4253.72,33646.925200000005
142041,142346,same-wrap,0,9.4,147.0,0.5,0.06394557823129252,0.0,1.0,9,0.016681248471899168,2.47982,nan,nan,nan,2277,3701,4248.9400000000005,33609.1154
142041,145513,same-wrap,0,8.9,190.0,0.0,0.04684210526315789,0.0,1.0,2,0.004294788944676402,nan,nan,nan,nan,2277,1701,4288.505,33922.074550000005
142081,142346,same-wrap,0,8.1,100.0,0.0,0.081,0.0,1.0,1,0.001243644055857495,1.20733,nan,nan,nan,1909,3701,4293.15,33958.8165
142081,144361,same-wrap,0,10.4,110.0,0.0,0.09454545454545454,nan,nan,0,0.0,nan,nan,nan,nan,1909,3701,4389.925,34724.30675
142081,145513,same-wrap,0,8.0,315.0,0.0,0.025396825396825397,nan,nan,0,0.0,1.94701,nan,nan,nan,1909,1701,4332.715,34271.77565
142346,143510,same-wrap,0,8.8,305.0,0.0,0.028852459016393446,0.0,1.0,13,0.015073290833030356,151.886,nan,nan,nan,3701,1716,4237.37,33517.5967
142346,144203,same-wrap,0,9.0,240.0,0.3,0.0375,0.0,0.857,7,0.01256283873044665,0.0,nan,nan,nan,3701,2712,4264.63,33733.2233
142346,144308,same-wrap,0,10.3,95.0,0.0,0.10842105263157896,0.0,1.0,12,0.008118818914818362,1.32677,nan,nan,nan,3701,2438,4350.63,34413.4833
143231,144084,same-wrap,0,10.2,75.0,0.0,0.13599999999999998,0.0,1.0,29,0.017447653204909756,2.27053,nan,nan,nan,2946,5046,4349.1849999999995,34402.053349999995
143231,144203,same-wrap,0,10.1,230.0,0.1,0.04391304347826087,0.0,1.0,5,0.03580971861439315,1.32426,nan,nan,nan,2946,2712,4266.9349999999995,33751.45585
143231,142896,same-wrap,0,10.3,170.0,0.4,0.06058823529411765,0.0,1.0,10,0.007193573635379968,1.24818,nan,nan,nan,2946,4207,4224.645,33416.94195000001
143510,144203,same-wrap,0,10.8,147.0,0.4,0.07346938775510205,0.0,1.0,30,0.04058012535606523,2.99927,nan,nan,nan,1716,2712,4213.63,33329.8133
144084,144160,same-wrap,0,9.9,134.0,0.7,0.07388059701492537,0.0,1.0,25,0.016109866064587232,nan,nan,nan,nan,5046,6464,4505.915,35641.78765
144084,151425,adjacent,1,73.2,85.0,0.0,0.8611764705882353,1.0,0.529,70,0.2415875754961162,nan,nan,nan,nan,5046,1468,4361.9,34502.629
144084,142896,same-wrap,0,8.4,190.0,0.0,0.04421052631578948,0.0,1.0,1,0.0005445985763553314,1.00535,nan,nan,nan,5046,4207,4280.85,33861.5235
144160,144365,same-wrap,0,11.0,155.0,0.2,0.07096774193548387,0.0,0.909,11,0.0207261959756982,nan,nan,nan,nan,6464,6894,4637.594999999999,36683.376449999996
144160,146581,same-wrap,0,11.0,170.0,0.2,0.06470588235294118,0.0,1.0,12,0.01697255723133042,1.43598,nan,nan,nan,6464,3948,4560.365,36072.48715
144160,145768,same-wrap,0,10.6,150.0,0.1,0.07066666666666667,0.0,1.0,4,0.0032111938685945984,2.11869,nan,nan,nan,6464,2194,4538.719999999999,35901.2752
144203,142896,same-wrap,0,9.0,260.0,0.0,0.03461538461538462,0.0,1.0,4,0.03493683011698891,2.37676,nan,nan,nan,2712,4207,4198.6,33210.92600000001
144208,144236,same-wrap,0,8.5,167.0,0.5,0.05089820359281437,0.0,1.0,17,0.0074667019270684845,1.3071,nan,nan,nan,3313,4537,4589.79,36305.238900000004
144208,144243,same-wrap,0,8.0,210.0,0.0,0.0380952380952381,0.0,1.0,1,0.001142880914780172,nan,nan,nan,nan,3313,4139,4630.485,36627.13635
144208,144361,same-wrap,0,8.7,190.0,0.4,0.045789473684210526,0.0,1.0,14,0.01678429510291517,1.67699,nan,nan,nan,3313,3701,4505.555,35638.940050000005
144208,144873,same-wrap,0,8.6,134.0,1.0,0.06417910447761194,0.0,1.0,2,0.001540877337804652,33.9785,nan,nan,nan,3313,5338,4633.764999999999,36653.08115
144208,145513,same-wrap,0,7.9,280.0,0.0,0.028214285714285716,nan,nan,0,0.0,1.23929,nan,nan,nan,3313,1701,4448.344999999999,35186.40895
144208,145557,same-wrap,0,9.3,250.0,0.0,0.037200000000000004,nan,nan,0,0.0,1.56123,nan,nan,nan,3313,2689,4443.86,35150.9326
144236,144243,same-wrap,0,9.9,134.0,0.6,0.07388059701492537,0.0,1.0,34,0.026600020575898286,1.60052,nan,nan,nan,4537,4139,4691.085,37106.48235
144236,144361,same-wrap,0,11.3,270.0,0.0,0.041851851851851855,0.0,1.0,18,0.014841601462392466,nan,nan,nan,nan,4537,3701,4566.155000000001,36118.28605
144236,144365,same-wrap,0,10.4,134.0,0.8,0.07761194029850746,0.0,1.0,25,0.05323635656657562,1.75892,nan,nan,nan,4537,6894,4659.57,36857.1987
144236,144873,same-wrap,0,11.8,290.0,0.2,0.0406896551724138,0.0,1.0,23,0.014532981341365915,100.495,nan,nan,nan,4537,5338,4694.365,37132.427149999996
144243,144361,same-wrap,0,8.1,134.0,1.0,0.06044776119402985,nan,nan,0,0.0,nan,nan,nan,nan,4139,3701,4606.85,36440.18350000001
144243,144365,same-wrap,0,8.4,167.0,0.5,0.050299401197604794,0.0,1.0,11,0.006990446958454538,1.23413,nan,nan,nan,4139,6894,4700.264999999999,37179.09615
144243,144873,same-wrap,0,9.6,240.0,0.3,0.04,0.0,1.0,10,0.029779835812597705,207.326,nan,nan,nan,4139,5338,4735.0599999999995,37454.3246
144308,146581,same-wrap,0,13.7,50.0,0.0,0.27399999999999997,0.0,1.0,3,0.0026357128548987405,nan,nan,nan,nan,2438,3948,4463.59,35306.9969
144308,145768,same-wrap,0,16.6,50.0,0.0,0.332,0.0,1.0,2,0.010504713399247823,0.0,nan,nan,nan,2438,2194,4441.945,35135.78495
144361,144365,same-wrap,0,10.5,134.0,0.6,0.07835820895522388,0.0,1.0,3,0.002030326041049362,1.11674,nan,nan,nan,3701,6894,4575.335,36190.89985
144361,145513,same-wrap,0,9.0,145.0,0.1,0.06206896551724138,0.0,1.0,3,0.00369725891925008,1.82949,nan,nan,nan,3701,1701,4424.71,34999.4561
144361,145557,same-wrap,0,10.8,150.0,0.0,0.07200000000000001,0.0,1.0,4,0.011385833280125348,1.02417,nan,nan,nan,3701,2689,4420.225,34963.979750000006
144361,146581,same-wrap,0,9.0,134.0,0.8,0.06716417910447761,0.0,1.0,3,0.00974180799188703,191.138,nan,nan,nan,3701,3948,4498.105,35580.01055
144365,146581,same-wrap,0,10.4,134.0,0.6,0.07761194029850746,0.0,1.0,19,0.009695253312412003,132.956,nan,nan,nan,6894,3948,4591.52,36318.923200000005
145513,145557,same-wrap,0,9.3,270.0,0.0,0.034444444444444444,0.0,1.0,4,0.009777678208421388,1.52222,nan,nan,nan,1701,2689,4363.014999999999,34511.44865
145628,149405,same-wrap,0,11.8,75.0,0.0,0.15733333333333335,0.0,0.667,6,0.011684893193138292,7.66962,nan,nan,nan,3378,1617,4515.4349999999995,35717.09084999999
145628,149401,same-wrap,0,11.0,90.0,0.4,0.12222222222222222,0.0,0.867,15,0.02306871837669194,4.32671,nan,nan,nan,3378,1472,4540.725,35917.134750000005
145628,152342,same-wrap,0,12.0,50.0,0.0,0.24,0.0,0.667,9,0.009190289246803143,6.70779,nan,nan,nan,3378,2199,4571.62,36161.5142
145835,149401,adjacent,1,97.6,134.0,0.6666666666666666,0.7283582089552239,0.0,1.0,1,0.002507607925721143,nan,nan,nan,nan,1584,1472,4622.9,36567.138999999996
145835,152342,adjacent,1,110.7,134.0,0.2,0.8261194029850747,1.0,0.883,394,0.5246704384678512,nan,nan,nan,nan,1584,2199,4653.795,36811.51845
145835,152578,adjacent,1,70.8,134.0,0.3,0.5283582089552239,1.0,0.594,249,0.42425026889682804,128.369,nan,nan,nan,1584,1349,4644.1,36734.831000000006
145835,153302,adjacent,1,108.7,137.0,0.2,0.7934306569343066,1.0,0.9,578,0.7504450249357422,nan,nan,nan,nan,1584,4744,4696.85,37152.0835
146090,146586,adjacent,1,51.6,355.0,0.0,0.14535211267605636,1.0,0.643,14,0.03491264420013085,nan,nan,nan,nan,1810,2600,4295.795,33979.738450000004
146090,150217,adjacent,1,73.1,140.0,0.0,0.5221428571428571,1.0,0.884,275,0.5245642218492738,nan,nan,nan,nan,1810,9641,4343.915,34360.36765
146090,146003,same-wrap,0,17.8,110.0,0.0,0.16181818181818183,0.0,1.0,15,0.013486591209563492,7.69725,nan,nan,nan,1810,4552,4408.17,34868.6247
146090,146266,adjacent,1,70.5,150.0,0.1,0.47,1.0,0.715,274,0.2622066778107701,25.0919,nan,nan,nan,1810,2135,4322.37,34189.9467
146090,146493,same-wrap,0,11.0,305.0,0.0,0.036065573770491806,0.0,1.0,5,0.011962405747457478,nan,nan,nan,nan,1810,3003,4274.25,33809.3175
146090,146687,adjacent,1,71.6,230.0,0.0,0.31130434782608696,1.0,0.861,244,0.8951931521392681,nan,nan,nan,nan,1810,1818,4353.37,34435.1567
146090,146835,same-wrap,0,8.7,134.0,1.0,0.06492537313432835,0.0,1.0,1,0.0014981285752370306,1.63965,nan,nan,nan,1810,2756,4371.535,34578.84185
146090,146868,same-wrap,0,16.0,340.0,0.0,0.047058823529411764,0.0,0.667,3,0.01582231539807961,8.93174,nan,nan,nan,1810,2765,4331.78,34264.379799999995
146090,147012,adjacent,1,68.3,142.0,0.3,0.4809859154929577,1.0,0.685,279,0.2156389418075425,23.8818,nan,nan,nan,1810,7815,4270.41,33778.9431
146565,146987,same-wrap,0,24.0,275.0,0.0,0.08727272727272728,0.0,1.0,25,0.1723315716307591,nan,nan,nan,nan,2940,1679,4203.245,33247.66795
146565,147149,same-wrap,0,22.7,50.0,0.0,0.45399999999999996,nan,nan,0,0.0,nan,nan,nan,nan,2940,3406,4153.395,32853.354450000006
146565,148614,same-wrap,0,11.0,290.0,0.0,0.03793103448275862,0.0,1.0,2,0.0029130460311340973,4.54751,nan,nan,nan,2940,1502,4195.355,33185.25805
146565,146493,same-wrap,0,9.0,160.0,0.2,0.05625,0.0,1.0,5,0.0053586368163802784,1.73306,nan,nan,nan,2940,3003,4169.895,32983.869450000006
146565,146915,same-wrap,0,12.2,157.0,0.1,0.07770700636942675,0.0,1.0,3,0.006512499521738302,6.10859,nan,nan,nan,2940,2459,4156.355,32876.76805
146581,145768,same-wrap,0,11.5,40.0,0.0,0.2875,0.0,1.0,5,0.006076230258138016,4.028,nan,nan,nan,3948,2194,4492.645,35536.821950000005
146586,146668,same-wrap,0,8.4,134.0,0.4,0.06268656716417911,0.0,1.0,4,0.0027023546375994634,1.07094,nan,nan,nan,2600,6081,4199.07,33214.6437
146586,146857,same-wrap,0,8.8,390.0,0.0,0.022564102564102566,nan,nan,0,0.0,1.28152,nan,nan,nan,2600,1988,4314.73,34129.514299999995
146586,147901,same-wrap,0,8.2,240.0,0.0,0.034166666666666665,nan,nan,0,0.0,nan,nan,nan,nan,2600,2857,4328.415,34237.76265
146586,150217,same-wrap,0,8.8,134.0,0.4,0.06567164179104479,0.0,1.0,7,0.0048986527786361225,0.0,nan,nan,nan,2600,9641,4285.26,33896.4066
146586,146266,same-wrap,0,23.4,335.0,0.0,0.06985074626865671,0.0,1.0,38,0.04323098851864593,9.4868,nan,nan,nan,2600,2135,4263.715,33725.98565
146586,146687,adjacent,1,19.2,190.0,0.2,0.10105263157894737,0.0,1.0,3,0.003923899372385352,7.82107,nan,nan,nan,2600,1818,4294.715,33971.19565
146586,146835,adjacent,1,61.4,340.0,0.0,0.18058823529411763,-1.0,0.758,66,0.06936649472184016,12.5379,nan,nan,nan,2600,2756,4312.88,34114.8808
146586,146868,adjacent,1,83.6,290.0,0.1,0.2882758620689655,-1.0,0.753,332,0.3592563042819731,31.0454,nan,nan,nan,2600,2765,4273.125,33800.41875
146586,147012,same-wrap,0,10.9,190.0,0.0,0.05736842105263158,0.0,1.0,2,0.0011662207427286732,3.18869,nan,nan,nan,2600,7815,4211.755,33314.98205
146586,148270,same-wrap,0,10.7,200.0,0.3333333333333333,0.0535,0.0,1.0,1,0.006609870527921719,nan,nan,nan,nan,2600,9730,4204.775,33259.770249999994
146668,150217,same-wrap,0,11.2,134.0,0.8,0.0835820895522388,0.0,1.0,25,0.008783068373192267,0.0,nan,nan,nan,6081,9641,4247.1900000000005,33595.2729
146668,146266,adjacent,1,48.3,187.0,0.2,0.25828877005347595,0.0,1.0,17,0.02649674563463191,9.49267,nan,nan,nan,6081,2135,4225.645,33424.851950000004
146668,146687,same-wrap,0,16.9,140.0,0.2,0.1207142857142857,0.0,1.0,1,0.0011418582534131866,8.28825,nan,nan,nan,6081,1818,4256.645,33670.06195
146668,147012,same-wrap,0,9.0,360.0,0.1,0.025,0.0,1.0,1,0.0006626179056089185,1.95638,nan,nan,nan,6081,7815,4173.6849999999995,33013.84834999999
146668,147226,same-wrap,0,11.2,160.0,0.1,0.06999999999999999,0.0,1.0,21,0.051760150119224344,nan,nan,nan,nan,6081,5267,4214.665,33338.00015
146668,148270,same-wrap,0,8.9,300.0,0.0,0.029666666666666668,nan,nan,0,0.0,nan,nan,nan,nan,6081,9730,4166.705,32958.63655
146857,147030,same-wrap,0,9.7,120.0,0.0,0.08083333333333333,0.0,1.0,11,0.01452065902010966,3.32184,nan,nan,nan,1988,2653,4402.889999999999,34826.859899999996
146857,147544,same-wrap,0,8.4,134.0,0.6666666666666666,0.06268656716417911,0.0,1.0,2,0.0050293233914506935,1.04816,nan,nan,nan,1988,4109,4445.58,35164.5378
146857,147901,same-wrap,0,10.0,220.0,0.0,0.045454545454545456,0.0,1.0,7,0.014014863112702582,1.16485,nan,nan,nan,1988,2857,4406.004999999999,34851.49954999999
146857,150217,same-wrap,0,9.1,240.0,0.0,0.03791666666666667,0.0,1.0,10,0.011520811323183326,nan,nan,nan,nan,1988,9641,4362.85,34510.143500000006
146857,146266,same-wrap,0,9.1,260.0,0.0,0.034999999999999996,0.0,1.0,4,0.0026647652678225696,2.59075,nan,nan,nan,1988,2135,4341.305,34339.722550000006
146857,146687,same-wrap,0,9.8,145.0,0.2,0.06758620689655173,0.0,1.0,5,0.009694046325108794,1.80517,nan,nan,nan,1988,1818,4372.305,34584.932550000005
146857,147012,same-wrap,0,8.7,120.0,0.0,0.0725,0.0,1.0,2,0.0012630591235133833,1.12681,nan,nan,nan,1988,7815,4289.344999999999,33928.718949999995
146857,148270,same-wrap,0,9.5,230.0,0.0,0.041304347826086954,0.0,1.0,3,0.006240798478961401,nan,nan,nan,nan,1988,9730,4282.365,33873.50715
146857,148460,same-wrap,0,9.0,135.0,0.0,0.06666666666666667,0.0,1.0,8,0.004952076569162667,nan,nan,nan,nan,1988,10785,4446.58,35172.4478
146987,147594,same-wrap,0,9.4,120.0,0.1,0.07833333333333334,0.0,1.0,13,0.020067237207806742,2.71684,nan,nan,nan,1679,3187,4257.844999999999,33679.553949999994
146987,147816,same-wrap,0,8.3,134.0,1.0,0.061940298507462695,0.0,1.0,1,0.004206318447645549,nan,nan,nan,nan,1679,3565,4209.805,33299.557550000005
146987,149736,same-wrap,0,8.5,70.0,0.0,0.12142857142857143,nan,nan,0,0.0,1.94119,nan,nan,nan,1679,940,4284.4,33889.604
146987,151425,same-wrap,0,8.8,240.0,0.0,0.03666666666666667,0.0,1.0,1,0.0024383391277414722,16.8367,nan,nan,nan,1679,1468,4289.58,33930.5778
146987,146868,adjacent,1,89.3,165.0,0.1,0.5412121212121211,1.0,0.815,551,0.5345518787812896,nan,nan,nan,nan,1679,2765,4284.93,33893.7963
146987,146915,adjacent,1,56.2,190.0,0.2,0.29578947368421055,1.0,0.517,203,0.23341872568381258,14.6686,nan,nan,nan,1679,2459,4213.860000000001,33331.632600000004
147030,147544,same-wrap,0,8.6,137.0,0.2,0.06277372262773723,0.0,1.0,17,0.011936113008309482,1.22996,nan,nan,nan,2653,4109,4456.15,35248.146499999995
147030,148173,same-wrap,0,10.3,290.0,0.0,0.035517241379310345,0.0,1.0,4,0.008870999040823217,2.95779,nan,nan,nan,2653,4090,4433.3099999999995,35067.482099999994
147030,145997,adjacent,1,119.5,132.0,0.1,0.9053030303030303,-1.0,0.962,262,0.46046857510679723,nan,nan,nan,nan,2653,3878,4442.275,35138.395249999994
147030,146003,adjacent,1,106.1,135.0,0.0,0.7859259259259259,-1.0,0.82,873,0.45460860054639846,31.1614,nan,nan,nan,2653,4552,4437.675,35102.00925
147030,146266,adjacent,1,16.2,260.0,0.0,0.06230769230769231,nan,nan,0,0.0,2.64558,nan,nan,nan,2653,2135,4351.875,34423.33125
147030,147012,same-wrap,0,9.4,360.0,0.0,0.026111111111111113,0.0,1.0,2,0.0010019491668604825,1.1121,nan,nan,nan,2653,7815,4299.915,34012.32765
147030,148270,same-wrap,0,11.3,135.0,0.0,0.08370370370370371,0.0,1.0,3,0.0019517576260537797,2.96338,nan,nan,nan,2653,9730,4292.9349999999995,33957.115849999995
147149,148436,same-wrap,0,10.7,130.0,0.0,0.0823076923076923,0.0,1.0,1,0.001112642926807219,1.24242,nan,nan,nan,3406,3895,4199.83,33220.6553
147149,146868,same-wrap,0,17.1,60.0,0.0,0.28500000000000003,0.0,1.0,9,0.00584136024121313,7.93538,nan,nan,nan,3406,2765,4235.08,33499.4828
147149,146915,same-wrap,0,10.2,132.0,0.2,0.07727272727272727,0.0,1.0,9,0.014334576990614824,3.81635,nan,nan,nan,3406,2459,4164.01,32937.3191
147149,147549,same-wrap,0,8.5,134.0,1.0,0.06343283582089553,nan,nan,0,0.0,1.20089,nan,nan,nan,3406,3900,4132.5599999999995,32688.549599999995
147274,148339,adjacent,1,57.5,167.0,0.5,0.344311377245509,0.0,0.679,78,0.07944420629572391,nan,nan,nan,nan,3219,2688,4573.855,36179.193049999994
147274,146003,same-wrap,0,8.8,134.0,0.6,0.06567164179104479,0.0,1.0,4,0.005771299193844197,1.08882,nan,nan,nan,3219,4552,4473.38,35384.4358
147274,146835,same-wrap,0,8.4,134.0,0.3,0.06268656716417911,0.0,1.0,6,0.004119209087140006,1.1426,nan,nan,nan,3219,2756,4436.745,35094.65295
147274,146868,same-wrap,0,11.2,150.0,0.2,0.07466666666666666,0.0,1.0,6,0.004271818365700539,1.04014,nan,nan,nan,3219,2765,4396.99,34780.1909
147274,147888,adjacent,1,11.0,240.0,0.1,0.04583333333333333,0.0,1.0,48,0.032828974699183625,9.03394,nan,nan,nan,3219,4762,4521.46,35764.7486
147274,148358,adjacent,1,133.2,190.0,0.2,0.7010526315789473,1.0,0.724,421,0.35987854312874024,41.5583,nan,nan,nan,3219,2946,4521.225,35762.88975
147274,148460,adjacent,1,120.3,215.0,0.1,0.5595348837209302,1.0,0.852,1051,0.4531655493276643,0.0,nan,nan,nan,3219,10785,4492.855,35538.483049999995
147544,148173,same-wrap,0,9.6,60.0,0.0,0.16,0.0,1.0,7,0.006153264771752665,1.24649,nan,nan,nan,4109,4090,4476.0,35405.16
147544,148488,same-wrap,0,9.0,60.0,0.0,0.15,nan,nan,0,0.0,nan,nan,nan,nan,4109,3502,4598.825000000001,36376.70575000001
147544,145997,adjacent,1,161.4,137.0,0.1,1.178102189781022,-1.0,0.894,436,0.41068150570722645,nan,nan,nan,nan,4109,3878,4484.965,35476.073150000004
147544,148392,same-wrap,0,9.8,162.0,0.2,0.060493827160493834,0.0,1.0,38,0.02310320519429363,1.50148,nan,nan,nan,4109,3218,4552.405000000001,36009.523550000005
147544,148460,same-wrap,0,9.9,160.0,0.1,0.061875,0.0,1.0,28,0.019537747704842363,nan,nan,nan,nan,4109,10785,4499.84,35593.7344
147544,148579,same-wrap,0,11.0,120.0,0.1,0.09166666666666666,0.0,1.0,15,0.009090863085632296,nan,nan,nan,nan,4109,4109,4607.965,36449.003150000004
147544,152578,adjacent,1,68.7,155.0,0.2,0.4432258064516129,-1.0,0.725,138,0.15879975691554624,nan,nan,nan,nan,4109,1349,4555.825000000001,36036.57575
147594,147816,same-wrap,0,8.7,260.0,0.0,0.03346153846153846,0.0,1.0,2,0.0013418847792395548,1.9154,nan,nan,nan,3187,3565,4206.9,33276.579
147594,148614,same-wrap,0,9.9,340.0,0.0,0.02911764705882353,0.0,1.0,3,0.04234317235753021,nan,nan,nan,nan,3187,1502,4249.955,33617.14405
147594,149736,same-wrap,0,9.9,200.0,0.0,0.0495,nan,nan,0,0.0,1.09187,nan,nan,nan,3187,940,4281.495,33866.62545
147594,153535,same-wrap,0,10.6,100.0,0.0,0.106,0.0,1.0,2,0.0033540403398816926,nan,nan,nan,nan,3187,1561,4334.844999999999,34288.623949999994
147594,146868,adjacent,1,88.2,140.0,0.2,0.63,1.0,0.863,701,0.4950976853865384,24.9412,nan,nan,nan,3187,2765,4282.025,33870.817749999995
147594,146915,adjacent,1,82.5,162.0,0.4,0.5092592592592593,1.0,0.665,221,0.5931751309313318,nan,nan,nan,nan,3187,2459,4210.955,33308.65405
147594,147764,adjacent,1,65.3,200.0,0.0,0.3265,0.0,1.0,26,0.34226924840799616,nan,nan,nan,nan,3187,2752,4216.139999999999,33349.6674
147594,147958,same-wrap,0,8.5,190.0,0.0,0.04473684210526316,0.0,1.0,2,0.013129976261002973,1.23056,nan,nan,nan,3187,1633,4266.325,33746.63075
147816,148436,adjacent,1,123.9,250.0,0.2,0.49560000000000004,1.0,0.71,573,0.2885559030983955,48.8299,nan,nan,nan,3565,3895,4198.735,33211.99385
147816,147549,adjacent,1,115.8,255.0,0.2,0.4541176470588235,1.0,0.627,330,0.1580421096915509,nan,nan,nan,nan,3565,3900,4131.465,32679.888150000002
147816,147764,adjacent,1,108.6,190.0,0.4,0.5715789473684211,0.0,0.635,178,0.4902673158439416,48.6259,nan,nan,nan,3565,2752,4168.1,32969.671
147816,147958,same-wrap,0,11.4,210.0,0.125,0.054285714285714284,0.0,1.0,4,0.0077453999887933805,1.95442,nan,nan,nan,3565,1633,4218.285,33366.63435
147897,147967,same-wrap,0,8.0,134.0,1.0,0.05970149253731343,0.0,1.0,1,0.0005434629944328671,2.14478,nan,nan,nan,4230,4236,4524.405000000001,35788.04355000001
147897,150217,same-wrap,0,9.8,112.0,0.2,0.08750000000000001,0.0,1.0,19,0.014694330968198577,92.3625,nan,nan,nan,4230,9641,4386.4,34696.424
147897,163076,adjacent,1,109.2,134.0,0.2,0.8149253731343283,1.0,0.679,610,0.29192727494565884,nan,nan,nan,nan,4230,8491,4342.095,34345.971450000005
147897,163132,adjacent,1,97.7,134.0,0.8,0.7291044776119403,1.0,0.831,937,0.5242756297432607,nan,nan,nan,nan,4230,4168,4499.83,35593.6553
147897,147226,same-wrap,0,13.6,137.0,0.1,0.09927007299270073,0.0,0.985,67,0.030030833682247973,23.1678,nan,nan,nan,4230,5267,4353.875,34439.15125
147897,148587,same-wrap,0,9.0,220.0,0.0,0.04090909090909091,0.0,1.0,1,0.0007988913146114068,3.51054,nan,nan,nan,4230,5340,4467.54,35338.2414
147901,150217,adjacent,1,10.3,150.0,0.1,0.06866666666666667,0.0,1.0,5,0.0023233794327534715,0.0,nan,nan,nan,2857,9641,4376.535,34618.39185
147901,146687,same-wrap,0,9.1,134.0,0.2222222222222222,0.06791044776119402,0.0,1.0,6,0.006171543569326493,1.39983,nan,nan,nan,2857,1818,4385.99,34693.1809
147901,147012,same-wrap,0,8.2,267.0,0.5,0.03071161048689138,0.0,1.0,1,0.0008578853599857989,1.35155,nan,nan,nan,2857,7815,4303.03,34036.9673
147901,148460,same-wrap,0,9.2,134.0,0.2222222222222222,0.06865671641791045,0.0,1.0,5,0.002469414366128598,0.0,nan,nan,nan,2857,10785,4460.264999999999,35280.696149999996
147901,148587,same-wrap,0,8.4,134.0,1.0,0.06268656716417911,0.0,1.0,1,0.0008256466277327823,1.34393,nan,nan,nan,2857,5340,4457.674999999999,35260.20924999999
147967,148587,same-wrap,0,8.4,250.0,0.3333333333333333,0.033600000000000005,0.0,1.0,2,0.00153314468850335,1.29697,nan,nan,nan,4236,5340,4552.525,36010.47275
148173,146003,adjacent,1,137.0,152.0,0.3,0.9013157894736842,-1.0,0.953,254,0.44527348875174977,nan,nan,nan,nan,4090,4552,4457.525,35259.02275
148173,148270,same-wrap,0,8.9,142.0,0.1,0.06267605633802817,0.0,1.0,9,0.0047714526532530565,1.4015,nan,nan,nan,4090,9730,4312.785,34114.12935
148173,148392,same-wrap,0,8.7,134.0,0.3,0.06492537313432835,0.0,1.0,18,0.013036045884473458,3.27734,nan,nan,nan,4090,3218,4529.5650000000005,35828.859150000004
148173,148460,same-wrap,0,9.3,130.0,0.2,0.07153846153846155,0.0,1.0,3,0.006830965037754732,nan,nan,nan,nan,4090,10785,4477.0,35413.07
148339,148720,same-wrap,0,9.4,134.0,0.3,0.07014925373134329,0.0,1.0,20,0.016313448890872002,1.88894,nan,nan,nan,2688,5950,4708.63,37245.2633
148339,147888,adjacent,1,110.6,150.0,0.3,0.7373333333333333,-1.0,0.738,432,0.29151609219439245,nan,nan,nan,nan,2688,4762,4610.445,36468.61995
148339,148358,same-wrap,0,13.6,175.0,0.3,0.07771428571428571,0.0,1.0,21,0.01857145124881291,9.42875,nan,nan,nan,2688,2946,4610.21,36466.7611
148339,148460,same-wrap,0,10.9,134.0,0.2,0.08134328358208956,0.0,1.0,27,0.01879791706546963,39.8639,nan,nan,nan,2688,10785,4581.84,36242.354400000004
148339,148587,same-wrap,0,10.8,162.0,0.4,0.06666666666666667,0.0,0.964,28,0.022964752406239495,nan,nan,nan,nan,2688,5340,4579.25,36221.8675
148436,150217,adjacent,1,155.3,160.0,0.3,0.9706250000000001,1.0,0.821,526,0.22590213107443444,0.0,nan,nan,nan,3895,9641,4285.995,33902.22045
148436,153535,adjacent,1,62.7,310.0,0.0,0.20225806451612904,-1.0,0.568,44,0.04390231734390983,nan,nan,nan,nan,3895,1561,4326.68,34224.0388
148436,146868,same-wrap,0,22.1,160.0,0.0,0.138125,nan,nan,0,0.0,7.35642,nan,nan,nan,3895,2765,4273.86,33806.232599999996
148436,147549,same-wrap,0,14.2,134.0,0.2,0.10597014925373134,0.0,1.0,12,0.004769273917020048,7.66955,nan,nan,nan,3895,3900,4171.34,32995.2994
148436,147764,adjacent,1,92.9,134.0,0.2,0.6932835820895523,-1.0,0.651,232,0.3200177996107158,20.4317,nan,nan,nan,3895,2752,4207.975,33285.08225000001
148436,147958,adjacent,1,88.8,142.0,0.4,0.6253521126760563,-1.0,0.787,563,0.626421478846481,21.6405,nan,nan,nan,3895,1633,4258.16,33682.0456
148488,148392,same-wrap,0,9.5,70.0,0.0,0.1357142857142857,0.0,1.0,16,0.009319683899038877,1.96692,nan,nan,nan,3502,3218,4652.39,36800.4049
148488,148579,same-wrap,0,8.1,70.0,0.0,0.11571428571428571,0.0,1.0,1,0.0012337134404443375,1.61664,nan,nan,nan,3502,4109,4707.950000000001,37239.88450000001
148614,149736,same-wrap,0,9.6,40.0,0.0,0.24,0.0,1.0,1,0.004243855772137208,2.16482,nan,nan,nan,1502,940,4276.51,33827.1941
148614,151425,same-wrap,0,13.9,134.0,0.8,0.10373134328358209,0.0,1.0,3,0.003961600470743774,nan,nan,nan,nan,1502,1468,4281.6900000000005,33868.16790000001
148614,146493,adjacent,1,63.2,130.0,0.1,0.48615384615384616,1.0,0.63,54,0.17527493465987806,23.2571,nan,nan,nan,1502,3003,4219.51,33376.324100000005
148614,146915,adjacent,1,19.7,270.0,0.0,0.07296296296296297,0.0,0.778,18,0.024409826545213488,9.05303,nan,nan,nan,1502,2459,4205.97,33269.222700000006
148720,154174,adjacent,1,85.3,107.0,0.1,0.797196261682243,-1.0,0.849,688,0.5940902526714197,nan,nan,nan,nan,5950,1966,4724.23,37368.6593
148720,148358,same-wrap,0,10.9,215.0,0.0,0.050697674418604656,0.0,1.0,2,0.0013805398583859475,7.05374,nan,nan,nan,5950,2946,4656.0,36828.96
148720,148460,same-wrap,0,11.1,132.0,0.2,0.08409090909090909,0.0,0.958,24,0.006375987351528823,0.0,nan,nan,nan,5950,10785,4627.63,36604.5533
148720,148579,same-wrap,0,8.4,137.0,0.3,0.061313868613138686,0.0,1.0,4,0.0050302765270335914,1.41465,nan,nan,nan,5950,4109,4735.755,37459.82205
149405,153798,same-wrap,0,8.7,230.0,0.42857142857142855,0.03782608695652174,0.0,1.0,1,0.0035315730354686906,76.0836,nan,nan,nan,1617,2008,4531.275,35842.38525
149405,149401,same-wrap,0,15.8,134.0,0.4,0.11791044776119404,-1.0,0.542,24,0.028249626648814485,9.01403,nan,nan,nan,1617,1472,4545.12,35951.8992
149405,152342,same-wrap,0,15.7,134.0,0.6,0.1171641791044776,0.0,0.484,31,0.04382487305056413,7.99961,nan,nan,nan,1617,2199,4576.014999999999,36196.27864999999
149405,153345,same-wrap,0,8.1,122.0,0.5,0.06639344262295081,0.0,1.0,2,0.008364045061292765,1.23985,nan,nan,nan,1617,1485,4547.165,35968.07515
149736,151425,same-wrap,0,9.6,140.0,0.16666666666666666,0.06857142857142857,nan,nan,0,0.0,0.0,nan,nan,nan,940,1468,4313.23,34117.6493
149736,146915,same-wrap,0,8.7,40.0,0.0,0.21749999999999997,0.0,1.0,1,0.002267400813259992,nan,nan,nan,nan,940,2459,4237.51,33518.7041
150117,153535,adjacent,1,72.2,175.0,0.3,0.4125714285714286,1.0,0.833,12,0.14554938411005403,nan,nan,nan,nan,1633,1561,4376.99,34621.9909
150117,147764,same-wrap,0,11.1,134.0,0.75,0.08283582089552238,0.0,1.0,4,0.003546452403311656,1.11609,nan,nan,nan,1633,2752,4258.285,33683.03435
150117,147958,same-wrap,0,11.0,134.0,0.8,0.08208955223880597,0.0,1.0,4,0.008004945455302266,1.59671,nan,nan,nan,1633,1633,4308.469999999999,34079.99769999999
150217,146266,same-wrap,0,25.5,340.0,0.1,0.075,0.0,1.0,40,0.045945893053841065,nan,nan,nan,nan,9641,2135,4311.835,34106.61485
150217,146687,same-wrap,0,26.7,140.0,0.1,0.1907142857142857,0.0,1.0,3,0.0025176701631370525,0.0,nan,nan,nan,9641,1818,4342.835,34351.824850000005
150217,146835,adjacent,1,76.4,305.0,0.2,0.25049180327868853,-1.0,0.876,808,0.4855905511290485,nan,nan,nan,nan,9641,2756,4361.0,34495.51
150217,146868,adjacent,1,80.1,250.0,0.3,0.32039999999999996,-1.0,0.838,894,0.4550697301941391,nan,nan,nan,nan,9641,2765,4321.245,34181.04795
150217,147012,same-wrap,0,12.2,180.0,0.3,0.06777777777777777,0.0,1.0,4,0.002560649114307878,0.0,nan,nan,nan,9641,7815,4259.875,33695.61125
150217,147226,same-wrap,0,11.0,137.0,0.2,0.08029197080291971,0.0,1.0,60,0.036312435829117355,104.166,nan,nan,nan,9641,5267,4300.855,34019.763049999994
150217,148358,same-wrap,0,8.2,100.0,0.0,0.08199999999999999,nan,nan,0,0.0,0.0,nan,nan,nan,9641,2946,4445.48,35163.7468
150217,148460,same-wrap,0,8.9,147.0,0.3,0.06054421768707483,0.0,1.0,5,0.0016449367776774164,1.89995,nan,nan,nan,9641,10785,4417.110000000001,34939.34010000001
150217,148587,same-wrap,0,10.3,115.0,0.1,0.08956521739130435,0.0,1.0,43,0.010496767517391611,0.0,nan,nan,nan,9641,5340,4414.52,34918.853200000005
150914,153535,same-wrap,0,14.5,310.0,0.2,0.0467741935483871,0.0,1.0,5,0.03629499757390626,5.95884,nan,nan,nan,1981,1561,4390.344999999999,34727.62895
150914,147958,adjacent,1,90.9,140.0,0.4,0.6492857142857144,-1.0,0.96,226,0.36221717459945707,nan,nan,nan,nan,1981,1633,4321.825,34185.63575
150914,151958,same-wrap,0,11.1,225.0,0.4,0.04933333333333333,0.0,1.0,4,0.004546143344289514,2.22564,nan,nan,nan,1981,2053,4408.285,34869.53435
151425,145768,adjacent,1,43.7,170.0,0.0,0.2570588235294118,-1.0,1.0,2,0.0016229336016935158,11.2341,nan,nan,nan,1468,2194,4394.705,34762.11655
152087,152671,same-wrap,0,9.9,134.0,0.8,0.07388059701492537,0.0,1.0,4,0.004347804731910191,3.46594,nan,nan,nan,2859,4309,4609.514999999999,36461.26364999999
152087,152881,same-wrap,0,10.5,140.0,0.2,0.075,0.0,1.0,7,0.01787882035670998,2.02876,nan,nan,nan,2859,2944,4671.594999999999,36952.31645
152087,153503,same-wrap,0,27.2,200.0,0.3,0.136,0.0,0.931,29,0.026439609379387653,8.90649,nan,nan,nan,2859,2016,4553.6849999999995,36019.648349999996
152671,152881,same-wrap,0,8.6,182.0,0.25,0.04725274725274725,0.0,1.0,3,0.0016160221485531595,1.059,nan,nan,nan,4309,2944,4657.92,36844.1472
152671,153503,same-wrap,0,9.6,134.0,0.6,0.07164179104477612,0.0,0.955,22,0.019690249992336498,3.66484,nan,nan,nan,4309,2016,4540.01,35911.479100000004
152671,153798,same-wrap,0,13.5,134.0,0.6,0.10074626865671642,0.0,0.956,68,0.1278045147250236,4.83508,nan,nan,nan,4309,2008,4569.280000000001,36143.0048
152671,153345,same-wrap,0,19.4,134.0,0.6666666666666666,0.14477611940298507,0.0,1.0,2,0.024519269080588425,184.401,nan,nan,nan,4309,1485,4585.17,36268.6947
152881,153114,same-wrap,0,8.6,55.0,0.0,0.15636363636363634,nan,nan,0,0.0,1.76549,nan,nan,nan,2944,3597,4705.165,37217.85515
153535,153798,adjacent,1,64.3,260.0,0.1,0.24730769230769228,-1.0,0.723,47,0.2080477690957493,nan,nan,nan,nan,1561,2008,4478.735000000001,35426.79385
153535,147888,same-wrap,0,11.7,217.0,0.5,0.05391705069124424,0.0,1.0,9,0.01813621932976401,6.27446,nan,nan,nan,1561,4762,4486.4,35487.424
153535,151958,same-wrap,0,9.8,270.0,0.0,0.0362962962962963,0.0,0.667,3,0.008339475443867254,2.69299,nan,nan,nan,1561,2053,4432.6900000000005,35062.577900000004
153798,147888,adjacent,1,134.8,175.0,0.3,0.7702857142857144,1.0,0.914,383,0.20381490007053213,nan,nan,nan,nan,2008,4762,4550.385,35993.54535
153798,153114,same-wrap,0,9.7,134.0,0.7,0.07238805970149254,0.0,1.0,20,0.010838989473695021,2.90545,nan,nan,nan,2008,3597,4616.525,36516.71275
153798,153345,same-wrap,0,8.7,134.0,0.625,0.06492537313432835,0.0,1.0,5,0.005676054044122874,17.215,nan,nan,nan,2008,1485,4558.610000000001,36058.60510000001
154174,147888,same-wrap,0,8.8,102.0,0.5,0.08627450980392158,0.0,1.0,1,0.0011199316931261721,0.0,nan,nan,nan,1966,4762,4626.045,36592.01595
154174,153302,same-wrap,0,10.9,70.0,0.0,0.15571428571428572,0.0,1.0,13,0.02669298184014844,nan,nan,nan,nan,1966,4744,4706.175,37225.84425
163076,163132,same-wrap,0,12.7,115.0,0.0,0.11043478260869564,0.0,1.0,4,0.0015796461448986338,0.0,nan,nan,nan,8491,4168,4402.505,34823.81455
163076,163218,same-wrap,0,9.8,134.0,0.8,0.07313432835820896,0.0,0.976,42,0.018565797502686388,0.0,nan,nan,nan,8491,4848,4341.24,34339.208399999996
163076,163091,same-wrap,0,9.2,134.0,0.8,0.06865671641791045,0.0,1.0,37,0.017074569232629375,1.70805,nan,nan,nan,8491,9841,4271.475,33787.36725
163076,163113,same-wrap,0,9.5,134.0,0.5,0.0708955223880597,0.0,1.0,11,0.00412773958075975,nan,nan,nan,nan,8491,3409,4365.280000000001,34529.3648
163132,163218,same-wrap,0,9.4,134.0,0.8,0.07014925373134329,0.0,1.0,26,0.012864631154835762,5.78778,nan,nan,nan,4168,4848,4498.975,35586.892250000004
163132,163251,same-wrap,0,9.1,134.0,0.6,0.06791044776119402,0.0,0.962,26,0.03567511445086963,nan,nan,nan,nan,4168,4761,4589.625,36303.933750000004
163132,163091,same-wrap,0,8.6,134.0,0.8888888888888888,0.06417910447761194,0.0,1.0,2,0.0018735893921115806,nan,nan,nan,nan,4168,9841,4429.21,35035.051100000004
163132,163113,same-wrap,0,9.8,230.0,0.4,0.042608695652173914,0.0,1.0,22,0.015269278939534682,1.54333,nan,nan,nan,4168,3409,4523.014999999999,35777.04865
163169,163188,same-wrap,0,9.3,134.0,0.4,0.06940298507462687,0.0,1.0,9,0.004697445204065195,nan,nan,nan,nan,2504,9182,4506.389999999999,35645.54489999999
163169,163251,same-wrap,0,9.8,134.0,0.5,0.07313432835820896,nan,nan,0,0.0,0.988928,nan,nan,nan,2504,4761,4539.87,35910.3717
163169,163091,same-wrap,0,11.5,134.0,0.6,0.08582089552238806,0.0,1.0,39,0.020736381541763903,180.854,nan,nan,nan,2504,9841,4379.455,34641.48905
163169,163108,same-wrap,0,8.4,180.0,0.0,0.04666666666666667,nan,nan,0,0.0,278.699,nan,nan,nan,2504,10493,4328.389999999999,34237.5649
163169,163113,same-wrap,0,10.3,134.0,0.9,0.07686567164179105,0.0,1.0,3,0.020277213160654926,1.02833,nan,nan,nan,2504,3409,4473.26,35383.486600000004
163188,163251,same-wrap,0,9.2,240.0,0.1,0.03833333333333333,0.0,0.8,25,0.021204312723960617,177.639,nan,nan,nan,9182,4761,4585.530000000001,36271.54230000001
163188,163326,same-wrap,0,10.4,210.0,0.2,0.049523809523809526,0.0,0.975,40,0.07734084016418095,1.49797,nan,nan,nan,9182,2050,4547.825000000001,35973.295750000005
163188,163479,same-wrap,0,10.5,134.0,0.6,0.07835820895522388,0.0,1.0,9,0.016750044471949704,1.10748,nan,nan,nan,9182,1733,4496.875,35570.28125
163188,163925,same-wrap,0,8.5,80.0,0.3333333333333333,0.10625,0.0,1.0,2,0.00263231246634805,1.32733,nan,nan,nan,9182,2500,4452.8150000000005,35221.766650000005
163188,163091,same-wrap,0,10.3,134.0,0.4,0.07686567164179105,0.0,0.97,67,0.023422670501254978,2.7555,nan,nan,nan,9182,9841,4425.115,35002.65965
163188,163108,same-wrap,0,9.4,134.0,0.5714285714285714,0.07014925373134329,0.0,1.0,2,0.0004045564070539415,1.61192,nan,nan,nan,9182,10493,4374.05,34598.7355
163188,163113,same-wrap,0,9.2,134.0,0.2,0.06865671641791045,0.0,1.0,2,0.0036794917959521245,nan,nan,nan,nan,9182,3409,4518.92,35744.6572
163218,163091,same-wrap,0,9.7,134.0,0.5,0.07238805970149254,0.0,0.944,18,0.024099649641301873,110.585,nan,nan,nan,4848,9841,4367.945,34550.44495
163218,163113,same-wrap,0,10.8,134.0,0.6,0.08059701492537313,0.0,1.0,28,0.02588281994663679,1.79042,nan,nan,nan,4848,3409,4461.75,35292.4425
163251,163113,same-wrap,0,9.0,137.0,0.2,0.06569343065693431,0.0,1.0,4,0.0024337019193903533,1.55029,nan,nan,nan,4761,3409,4552.4,36009.484
163326,163479,same-wrap,0,10.7,134.0,0.6,0.07985074626865671,0.0,1.0,10,0.01012763670647989,1.09231,nan,nan,nan,2050,1733,4492.65,35536.8615
163479,163925,same-wrap,0,9.7,134.0,0.5,0.07238805970149254,0.0,1.0,3,0.0029321053057312953,7.85284,nan,nan,nan,1733,2500,4397.639999999999,34785.3324
163925,163108,same-wrap,0,8.0,240.0,0.0,0.03333333333333333,nan,nan,0,0.0,1.13377,nan,nan,nan,2500,10493,4274.8150000000005,33813.78665
761,2279,same-wrap,0,23.2,134.0,0.5,0.17313432835820894,0.0,0.882,17,0.06685333165544605,10.599,nan,nan,nan,2052,5868,4444.885,35159.04035
1717,1954,adjacent,1,97.1,170.0,0.2,0.5711764705882353,-1.0,0.98,99,0.2709758023398467,nan,nan,nan,nan,2003,8719,4676.23,36988.9793
1954,2279,adjacent,1,71.4,205.0,0.1,0.3482926829268293,1.0,0.707,256,0.06503211246338528,nan,nan,nan,nan,8719,5868,4529.995,35832.26045
3813,5314,same-wrap,0,10.6,134.0,0.9,0.0791044776119403,0.0,1.0,7,0.0018265014343670672,0.0,nan,nan,nan,9582,7098,4402.48,34823.616799999996
5314,7046,adjacent,1,160.5,230.0,0.4,0.6978260869565217,0.0,0.702,392,0.08369804100811672,323.831,nan,nan,nan,7098,7427,4366.575000000001,34539.608250000005
21622,21714,same-wrap,0,13.8,100.0,0.0,0.138,0.0,1.0,1,0.0022021251994609227,11.0197,nan,nan,nan,5927,1896,4438.395,35107.704450000005
21622,21831,same-wrap,0,8.8,142.0,0.1,0.0619718309859155,0.0,1.0,5,0.005150354458660234,2.64729,nan,nan,nan,5927,2394,4373.355,34593.23805
21714,21831,same-wrap,0,16.9,180.0,0.0,0.09388888888888888,0.0,1.0,4,0.003115434626909977,12.4293,nan,nan,nan,1896,2394,4413.67,34912.1297
21831,22600,same-wrap,0,11.5,127.0,0.4,0.09055118110236221,0.0,1.0,61,0.09218282033168787,nan,nan,nan,nan,2394,7138,4268.125,33760.86875
29783,41252,same-wrap,0,28.5,180.0,0.0,0.15833333333333333,0.0,0.857,7,0.012632996977532902,nan,nan,nan,nan,6332,1695,4400.629999999999,34808.98329999999
88262,88263,same-wrap,0,19.8,315.0,0.1,0.06285714285714286,0.0,0.5,12,0.010936654385145595,10.4462,nan,nan,nan,2075,2372,4246.25,33587.8375
112481,112991,same-wrap,0,8.4,134.0,1.0,0.06268656716417911,0.0,0.8,5,0.010212135933843559,2.21624,nan,nan,nan,9954,4506,4650.575,36786.04825
118813,120999,same-wrap,0,10.3,182.0,0.4,0.0565934065934066,0.0,1.0,7,0.00281461913177041,5.33054,nan,nan,nan,4727,5903,4236.42,33510.082200000004
118813,123838,adjacent,1,111.9,110.0,0.1,1.0172727272727273,1.0,0.912,1253,0.41524733189918894,nan,nan,nan,nan,4727,9939,4164.77,32943.330700000006
123001,123838,same-wrap,0,8.9,125.0,0.3,0.0712,0.0,1.0,27,0.008168238825114717,1.52989,nan,nan,nan,6999,9939,4238.785,33528.78935
145997,146003,same-wrap,0,8.9,240.0,0.1,0.037083333333333336,0.0,1.0,12,0.016918807567729816,1.18341,nan,nan,nan,3878,4552,4466.49,35329.9359
145997,148392,adjacent,1,113.9,167.0,0.3,0.6820359281437126,1.0,0.846,298,0.20948277928535927,38.9181,nan,nan,nan,3878,3218,4538.530000000001,35899.772300000004
145997,152578,same-wrap,0,13.3,102.0,0.125,0.1303921568627451,0.0,1.0,3,0.004692716339160367,8.46952,nan,nan,nan,3878,1349,4541.950000000001,35926.82450000001
146003,146835,same-wrap,0,8.6,150.0,0.1,0.05733333333333333,0.0,1.0,6,0.008276812475363542,1.50258,nan,nan,nan,4552,2756,4425.255,35003.76705
146003,147888,same-wrap,0,15.3,160.0,0.0,0.095625,0.0,1.0,1,0.004543100522430999,0.931793,nan,nan,nan,4552,4762,4509.97,35673.862700000005
146003,148270,adjacent,1,69.2,100.0,0.1,0.6920000000000001,1.0,0.75,72,0.04055660689992306,nan,nan,nan,nan,4552,9730,4317.15,34148.6565
146003,148460,adjacent,1,113.1,147.0,0.5,0.7693877551020408,1.0,0.884,1358,0.5213668982726175,nan,nan,nan,nan,4552,10785,4481.365,35447.59715
146003,152578,same-wrap,0,8.0,120.0,0.0,0.06666666666666667,0.0,1.0,1,0.0012481978558363611,1.1106,nan,nan,nan,4552,1349,4537.35,35890.438500000004
146266,146687,adjacent,1,46.1,80.0,0.0,0.57625,0.0,1.0,34,0.06769240570846066,9.52734,nan,nan,nan,2135,1818,4321.29,34181.4039
146266,146835,adjacent,1,68.6,335.0,0.1,0.20477611940298507,-1.0,0.74,215,0.22016526705771708,14.1051,nan,nan,nan,2135,2756,4339.455,34325.08905
146266,146868,adjacent,1,68.1,170.0,0.0,0.40058823529411763,-1.0,0.634,134,0.3261285393654953,26.3507,nan,nan,nan,2135,2765,4299.7,34010.627
146266,147012,adjacent,1,35.8,85.0,0.0,0.42117647058823526,0.0,1.0,41,0.02411330240910125,10.5277,nan,nan,nan,2135,7815,4238.33,33525.1903
146266,148270,same-wrap,0,10.1,315.0,0.0,0.032063492063492065,0.0,1.0,4,0.007634318346088874,1.5031,nan,nan,nan,2135,9730,4231.35,33469.978500000005
146266,148460,same-wrap,0,9.7,330.0,0.1,0.029393939393939392,0.0,1.0,4,0.002352517308205,nan,nan,nan,nan,2135,10785,4395.5650000000005,34768.91915
146493,146915,same-wrap,0,8.6,340.0,0.0,0.02529411764705882,0.0,1.0,1,0.01063518651458348,6.8491,nan,nan,nan,3003,2459,4180.51,33067.8341
146493,147012,adjacent,1,222.1,200.0,0.4,1.1105,0.0,0.6,100,0.08933697237067637,nan,nan,nan,nan,3003,7815,4190.21,33144.5611
146493,148270,adjacent,1,225.4,152.0,0.2,1.4828947368421053,1.0,0.519,156,0.0912417244194615,113.803,nan,nan,nan,3003,9730,4183.23,33089.349299999994
146687,146835,adjacent,1,70.1,270.0,0.1,0.2596296296296296,-1.0,0.846,565,0.4964712918496052,nan,nan,nan,nan,1818,2756,4370.455,34570.29905
146687,146868,adjacent,1,67.4,245.0,0.0,0.27510204081632655,-1.0,0.734,497,0.4775076053384519,16.1218,nan,nan,nan,1818,2765,4330.7,34255.837
146687,148460,same-wrap,0,8.5,134.0,0.5,0.06343283582089553,0.0,1.0,5,0.004196116938561755,nan,nan,nan,nan,1818,10785,4426.5650000000005,35014.12915000001
146835,146868,same-wrap,0,22.2,187.0,0.5,0.11871657754010695,0.0,1.0,5,0.004575196284785054,9.80095,nan,nan,nan,2756,2765,4348.865,34399.52215
146835,147012,adjacent,1,68.3,180.0,0.0,0.3794444444444444,1.0,0.796,196,0.15005905752212492,nan,nan,nan,nan,2756,7815,4287.495,33914.08545
146835,147888,same-wrap,0,9.8,160.0,0.0,0.061250000000000006,nan,nan,0,0.0,1.10444,nan,nan,nan,2756,4762,4473.335,35384.07985
146868,147012,adjacent,1,78.7,125.0,0.0,0.6296,1.0,0.692,279,0.3191876616808132,28.7303,nan,nan,nan,2765,7815,4247.74,33599.6234
147012,148270,same-wrap,0,9.5,320.0,0.1,0.0296875,0.0,0.969,32,0.018908986211323538,1.39734,nan,nan,nan,7815,9730,4179.389999999999,33058.974899999994
147012,148460,same-wrap,0,10.7,380.0,0.0,0.028157894736842104,nan,nan,0,0.0,nan,nan,nan,nan,7815,10785,4343.605,34357.91555
147226,148587,same-wrap,0,10.9,120.0,0.0,0.09083333333333334,0.0,1.0,35,0.02169124381426734,nan,nan,nan,nan,5267,5340,4381.995,34661.58045
147549,147764,adjacent,1,37.1,95.0,0.2,0.3905263157894737,0.0,0.861,36,0.052791611237002364,11.7189,nan,nan,nan,3900,2752,4140.705,32752.97655
147549,147958,adjacent,1,54.5,105.0,0.2,0.5190476190476191,0.0,0.864,110,0.1283683040685693,18.85,nan,nan,nan,3900,1633,4190.889999999999,33149.9399
147764,147958,adjacent,1,46.0,105.0,0.2,0.4380952380952381,0.0,0.967,90,0.10178628425861247,12.8783,nan,nan,nan,2752,1633,4227.525,33439.72275
147888,147965,same-wrap,0,9.3,280.0,0.0,0.03321428571428572,nan,nan,0,0.0,1.12442,nan,nan,nan,4762,2429,4623.445,36571.44995
147888,148358,adjacent,1,141.8,180.0,0.0,0.7877777777777778,1.0,0.692,671,0.4256254865048777,43.9986,nan,nan,nan,4762,2946,4557.8150000000005,36052.31665000001
147888,148460,adjacent,1,147.6,134.0,0.3,1.1014925373134328,1.0,0.712,798,0.35315280262373905,nan,nan,nan,nan,4762,10785,4529.445,35827.90995
147888,151958,same-wrap,0,9.5,310.0,0.0,0.03064516129032258,0.0,1.0,1,0.0085539997968425,1.08383,nan,nan,nan,4762,2053,4504.34,35629.3294
148358,148460,same-wrap,0,11.2,122.0,0.3,0.09180327868852459,0.0,1.0,17,0.010065382616185005,1.36242,nan,nan,nan,2946,10785,4529.21,35826.051100000004
148358,148587,same-wrap,0,10.4,134.0,0.8,0.07761194029850746,0.0,1.0,45,0.04449633293669175,3.83975,nan,nan,nan,2946,5340,4526.62,35805.5642
148392,148460,same-wrap,0,8.5,140.0,0.0,0.060714285714285714,0.0,1.0,13,0.014793840436595802,0.0,nan,nan,nan,3218,10785,4553.405000000001,36017.43355000001
148392,148579,same-wrap,0,10.8,127.0,0.1,0.08503937007874016,0.0,1.0,11,0.009985872486899174,1.25028,nan,nan,nan,3218,4109,4661.530000000001,36872.702300000004
148392,152578,adjacent,1,86.2,155.0,0.0,0.5561290322580645,-1.0,0.849,436,0.5099056108870212,34.6895,nan,nan,nan,3218,1349,4609.39,36460.274900000004
148460,148579,same-wrap,0,10.8,155.0,0.1,0.06967741935483872,0.0,1.0,53,0.025555678083513198,nan,nan,nan,nan,10785,4109,4608.965,36456.91315
148460,148587,same-wrap,0,10.9,142.0,0.4,0.0767605633802817,0.0,0.917,36,0.023671938203188782,245.847,nan,nan,nan,10785,5340,4498.25,35581.1575
149401,152342,same-wrap,0,11.7,134.0,0.3,0.0873134328358209,0.0,0.921,38,0.04403942626739271,9.52151,nan,nan,nan,1472,2199,4601.305,36396.322550000004
149401,152578,adjacent,1,75.5,60.0,0.0,1.2583333333333333,1.0,0.571,21,0.13829222926085816,nan,nan,nan,nan,1472,1349,4591.610000000001,36319.63510000001
149401,153302,same-wrap,0,14.7,60.0,0.1,0.245,0.0,1.0,29,0.028318186561921945,0.0,nan,nan,nan,1472,4744,4644.360000000001,36736.8876
152342,152578,adjacent,1,70.7,65.0,0.1,1.0876923076923077,1.0,0.575,120,0.28665160232871073,nan,nan,nan,nan,2199,1349,4622.505,36564.01455
152342,153302,same-wrap,0,9.8,290.0,0.0,0.033793103448275866,0.0,1.0,31,0.024750579404327365,0.0,nan,nan,nan,2199,4744,4675.255,36981.26705
152578,153302,same-wrap,0,11.7,360.0,0.0,0.0325,0.0,1.0,18,0.035067048196151133,6.87652,nan,nan,nan,1349,4744,4665.56,36904.579600000005
153114,153345,same-wrap,0,12.3,134.0,0.6,0.09179104477611941,0.0,1.0,34,0.046706624871105856,nan,nan,nan,nan,3597,1485,4632.415,36642.40265
153302,153345,same-wrap,0,55.3,134.0,0.4,0.41268656716417906,0.0,0.881,42,0.13092221118496905,nan,nan,nan,nan,4744,1485,4646.405000000001,36753.063550000006
163091,163108,same-wrap,0,9.2,134.0,0.4,0.06865671641791045,0.0,0.981,53,0.022884417628704606,1.14817,nan,nan,nan,9841,10493,4247.115,33594.67965
163091,163113,same-wrap,0,9.1,134.0,0.4,0.06791044776119402,0.0,1.0,18,0.00807284758261944,314.106,nan,nan,nan,9841,3409,4391.985000000001,34740.601350000004
