patch,k_ref,k_ref_point_agreement,theta_from_theta0,degree,k_meas_v7,k_meas_cut,k_oracle_signed_cut
1,-25,1.0,4.6433,5,0,0,0
6,-25,1.0,4.2139,5,0,0,0
7,-25,1.0,4.7963,7,0,0,0
9,-25,0.967,3.8323,6,0,0,0
10,-25,1.0,4.9334,6,0,0,0
15,-25,1.0,4.1537,9,0,0,0
16,-25,0.975,3.555,4,0,0,0
17,-25,1.0,5.0866,5,0,0,0
18,-25,1.0,4.5657,9,0,0,0
20,-25,0.986,4.1831,7,0,0,0
21,-25,1.0,5.253,6,1,0,0
22,-25,0.909,4.2761,11,0,0,0
27,-25,1.0,4.5466,10,0,0,0
30,-25,0.975,5.2832,4,1,0,0
31,-25,1.0,3.8418,8,0,0,0
32,-25,0.986,5.4992,7,1,0,0
33,-25,1.0,4.7891,3,0,0,0
35,-25,1.0,3.4962,6,0,0,0
40,-25,1.0,4.4051,7,0,0,0
43,-25,1.0,3.6583,5,0,0,0
47,-25,0.97,5.6959,8,1,0,0
48,-25,1.0,5.9371,9,1,0,0
50,-25,1.0,4.4358,6,0,0,0
51,-25,1.0,3.5524,7,0,0,0
53,-25,0.976,5.4487,9,1,0,0
56,-25,0.933,3.9507,11,0,0,0
57,-25,0.953,5.3865,9,1,0,0
61,-25,0.985,4.3004,8,0,0,0
62,-25,0.917,5.2429,7,1,0,0
63,-25,1.0,5.6706,4,1,0,0
65,-25,0.982,5.8675,6,1,0,0
67,-25,0.935,3.7809,9,0,0,0
72,-25,1.0,6.1292,4,1,0,0
73,-25,1.0,3.2459,4,0,0,0
75,-25,0.974,5.6687,10,1,0,0
77,-24,1.0,5.0687,3,1,1,1
79,-24,1.0,4.2713,7,1,1,1
80,-24,0.961,4.6008,7,1,1,1
85,-25,1.0,3.6287,5,0,0,0
87,-25,1.0,5.7263,3,1,0,0
88,-24,0.977,4.7765,7,1,1,1
89,-25,1.0,3.2647,8,0,0,0
90,-25,1.0,6.065,7,1,0,0
91,-25,0.927,3.8539,7,0,0,0
94,-24,0.933,4.0586,7,1,1,1
96,-24,0.968,4.3246,7,1,1,1
99,-25,0.975,3.5744,9,0,0,0
105,-24,0.959,3.8915,8,1,1,1
107,-25,1.0,3.1082,12,0,0,0
108,-25,0.898,4.0728,5,0,0,0
113,-25,0.98,6.0757,5,1,0,0
115,-25,0.957,4.0292,4,0,0,0
117,-25,0.96,4.7076,4,0,0,0
118,-25,1.0,3.3006,5,0,0,0
119,-24,1.0,4.5742,5,1,1,1
120,-24,0.914,4.4637,9,1,1,1
122,-24,0.923,4.6415,8,1,1,1
124,-25,1.0,4.2308,7,0,0,0
127,-24,0.959,4.6143,8,1,1,1
134,-24,0.955,4.7882,3,1,1,1
135,-25,0.957,4.4861,7,0,0,0
136,-24,0.964,3.9667,6,1,1,1
146,-24,1.0,3.7078,8,1,1,1
150,-25,0.972,6.152,6,1,0,0
151,-24,0.782,4.3985,7,1,1,1
152,-24,1.0,5.1967,5,1,1,1
156,-25,0.867,5.5621,5,1,0,0
158,-25,0.947,3.3461,5,0,0,0
159,-25,1.0,3.1255,10,0,0,0
160,-24,0.861,4.3544,9,1,1,1
162,-24,0.988,0.0102,10,1,1,1
164,-24,0.92,3.916,12,1,1,1
168,-24,0.893,4.0945,6,1,1,1
169,-25,1.0,3.0021,3,0,0,0
171,-25,1.0,5.8909,3,1,0,0
173,-25,1.0,2.7872,6,0,0,0
174,-24,0.836,4.1744,7,1,1,1
180,-25,0.909,4.6782,2,0,0,0
184,-24,1.0,5.2053,8,1,1,1
186,-25,1.0,2.7984,3,0,0,0
199,-25,1.0,3.0784,5,0,0,0
200,-25,1.0,5.9209,5,1,0,0
201,-25,1.0,3.0459,6,0,0,0
202,-25,0.971,5.1719,4,1,0,0
206,-25,1.0,3.0755,6,0,0,0
208,-24,1.0,4.8667,10,1,1,1
213,-26,0.952,6.0889,5,0,-1,-1
225,-24,1.0,5.2317,9,1,1,1
227,-24,1.0,4.5515,3,1,1,1
228,-25,0.98,5.1242,7,1,0,0
234,-24,0.917,0.0135,8,1,1,1
238,-25,1.0,6.188,6,1,0,0
241,-24,1.0,5.1353,8,1,1,1
244,-25,1.0,2.8992,1,0,0,0
261,-24,0.776,4.4811,7,1,1,1
263,-25,0.978,2.7007,5,0,0,0
271,-24,1.0,5.0043,7,1,1,1
275,-26,0.95,5.8625,8,0,-1,-1
276,-24,0.981,3.9137,6,1,1,1
282,-25,1.0,3.7121,5,0,0,0
283,-25,1.0,6.026,4,1,0,0
285,-25,1.0,0.0003,4,0,0,0
286,-24,1.0,0.0732,4,1,1,1
289,-25,1.0,5.0322,5,1,0,0
292,-24,1.0,3.9167,5,1,1,1
293,-26,1.0,5.8554,8,0,-1,-1
300,-24,0.84,3.7244,7,1,1,1
302,-26,1.0,6.1102,9,0,-1,-1
304,-24,0.942,4.1621,9,1,1,1
305,-26,0.983,5.5936,6,0,-1,-1
312,-24,1.0,5.0452,5,1,1,1
330,-25,1.0,6.1927,4,1,0,0
333,-24,0.95,5.2313,8,1,1,1
335,-26,1.0,5.6587,9,0,-1,-1
339,-26,1.0,5.6138,7,0,-1,-1
342,-25,1.0,2.9021,1,0,0,0
346,-26,1.0,5.879,7,0,-1,-1
347,-26,1.0,5.606,6,0,-1,-1
352,-25,1.0,4.8515,4,1,0,0
355,-25,0.974,3.5885,12,0,0,0
387,-26,1.0,5.8613,5,0,-1,-1
401,-26,1.0,5.3307,6,0,-1,-1
407,-24,1.0,0.1918,5,1,1,1
409,-24,0.966,3.6013,3,1,1,1
414,-24,1.0,3.6491,4,1,1,1
416,-24,1.0,0.2189,4,1,1,1
417,-26,1.0,5.3582,9,0,-1,-1
419,-26,0.98,5.0621,7,0,-1,-1
427,-24,1.0,4.6293,3,1,1,1
431,-24,1.0,3.4366,4,1,1,1
438,-24,1.0,5.2886,8,1,1,1
439,-24,1.0,0.2765,3,1,1,1
441,-26,1.0,5.2907,11,0,-1,-1
457,-24,0.973,0.268,4,1,1,1
460,-26,1.0,5.021,6,0,-1,-1
462,-26,1.0,4.7659,4,0,-1,-1
467,-24,0.967,4.759,4,1,1,1
479,-24,0.971,4.9969,6,1,1,1
481,-24,0.986,5.1047,7,1,1,1
494,-24,1.0,0.0594,4,1,1,1
498,-26,1.0,4.8777,10,0,-1,-1
500,-26,1.0,4.6019,9,0,-1,-1
505,-24,0.968,5.3108,5,1,1,1
509,-24,1.0,3.4008,6,1,1,1
514,-26,1.0,5.0238,6,0,-1,-1
536,-26,1.0,5.2139,4,0,-1,-1
543,-24,1.0,5.4689,7,1,1,1
551,-26,1.0,4.9535,5,0,-1,-1
568,-26,0.85,4.2298,8,0,-1,-1
576,-26,0.818,4.0454,5,0,-1,-1
577,-26,0.986,4.8834,9,0,-1,-1
585,-25,1.0,2.5024,8,0,0,0
621,-26,0.912,3.837,5,0,-1,-1
623,-24,0.971,0.4128,5,1,1,1
624,-25,0.981,2.1336,6,0,0,0
637,-26,1.0,5.3725,4,0,-1,-1
644,-24,1.0,5.5579,8,3,2,1
646,-25,1.0,2.6499,8,0,0,0
653,-25,1.0,2.6296,5,0,0,0
661,-26,0.967,6.0877,3,0,-1,-1
666,-26,0.977,4.0137,6,0,-1,-1
670,-26,0.942,3.9915,7,0,-1,-1
672,-24,1.0,0.4267,5,1,1,1
675,-25,1.0,4.9439,3,1,0,0
679,-25,1.0,2.3696,10,0,0,0
680,-24,0.605,4.8636,5,1,1,1
688,-24,1.0,3.0312,3,1,1,1
689,-23,0.559,4.9386,4,1,1,1
699,-26,0.887,4.3342,6,0,-1,-1
701,-26,0.973,4.5692,10,0,-1,-1
719,-24,1.0,5.6451,6,3,2,1
722,-26,0.957,4.2638,8,0,-1,-1
730,-24,1.0,2.8412,4,1,1,1
735,-26,1.0,3.6657,6,0,-1,-1
750,-25,0.961,1.7948,6,0,0,0
751,-24,0.921,5.4871,9,3,2,1
757,-25,1.0,0.0575,3,0,0,0
758,-24,1.0,3.2039,6,1,1,1
761,-24,0.877,0.1479,7,1,1,1
766,-25,0.984,2.081,8,0,0,0
773,-26,0.944,4.2604,6,0,-1,-1
779,-26,1.0,5.1154,3,0,-1,-1
782,-24,0.986,5.7531,8,3,2,1
795,-26,1.0,3.504,4,0,-1,-1
796,-24,0.825,5.7803,7,3,2,1
804,-25,1.0,1.4775,3,0,0,0
813,-26,0.917,3.5546,3,0,-1,-1
815,-25,1.0,0.0779,5,0,0,0
818,-24,0.932,5.8906,9,3,2,1
821,-24,0.686,4.9403,4,1,1,1
823,-24,1.0,2.5484,7,1,1,1
835,-24,0.973,6.0027,6,3,2,1
838,-26,1.0,3.312,6,0,-1,-1
839,-24,1.0,2.2971,6,1,1,1
844,-24,0.6,4.8617,4,1,1,1
848,-24,1.0,2.0474,7,1,1,1
855,-24,0.905,5.7127,4,3,2,1
865,-25,1.0,2.091,4,0,0,0
872,-24,1.0,5.6128,5,3,2,1
875,-25,1.0,1.873,9,0,0,0
881,-25,1.0,2.6522,8,0,0,0
889,-25,0.978,2.3098,6,0,0,0
894,-24,0.938,5.7648,6,3,2,1
904,-24,1.0,1.0714,8,1,1,1
915,-24,0.985,5.7129,7,3,2,1
916,-25,0.948,4.1572,12,0,0,0
921,-25,1.0,1.9901,4,0,0,0
924,-26,1.0,3.8003,6,0,-1,-1
926,-26,0.983,3.0851,6,0,-1,-1
928,-26,1.0,3.1135,6,0,-1,-1
929,-24,1.0,1.367,6,1,1,1
932,-24,1.0,2.0484,5,1,1,1
935,-26,1.0,2.7583,6,0,-1,-1
943,-26,1.0,2.8392,5,0,-1,-1
945,-24,0.87,5.45,7,3,2,1
949,-24,1.0,2.4386,8,1,1,1
950,-24,1.0,1.2457,6,1,1,1
952,-24,0.981,5.6197,8,3,2,1
955,-24,0.941,5.926,10,3,2,1
957,-24,0.957,5.3868,3,3,2,1
962,-26,1.0,6.2507,6,0,-1,-1
973,-25,0.945,1.6507,11,0,0,0
978,-24,0.863,5.563,6,3,2,1
979,-25,1.0,1.4368,4,0,0,0
981,-25,0.988,1.4791,9,0,0,0
986,-26,1.0,2.8104,6,0,-1,-1
998,-25,0.88,6.2521,5,1,0,0
1007,-24,0.96,1.7287,3,1,1,1
1009,-24,1.0,0.4216,5,1,1,1
1018,-25,1.0,1.1649,7,0,0,0
1065,-24,0.958,5.7352,5,3,2,1
1070,-24,1.0,0.8893,4,1,1,1
1073,-26,1.0,4.4329,4,0,-1,-1
1074,-26,1.0,5.0522,7,0,-1,-1
1079,-26,1.0,4.9488,4,0,-1,-1
1080,-26,1.0,3.7169,8,0,-1,-1
1081,-25,1.0,1.4763,6,0,0,0
1107,-25,1.0,0.0814,4,0,0,0
1108,-24,1.0,5.338,3,3,2,1
1109,-24,0.972,5.8178,5,3,2,1
1120,-24,1.0,0.3258,8,1,1,1
1131,-24,0.879,5.4249,8,3,2,1
1134,-24,0.879,5.5588,10,3,2,1
1144,-26,1.0,6.2528,5,0,-1,-1
1153,-26,0.975,2.4696,9,0,-1,-1
1158,-25,0.983,0.0981,6,0,0,0
1182,-26,0.975,2.3352,4,0,-1,-1
1205,-24,1.0,2.6585,6,1,1,1
1224,-26,1.0,2.6204,4,0,-1,-1
1243,-24,0.961,1.7124,6,1,1,1
1248,-25,0.983,1.1135,7,0,0,0
1252,-24,0.969,1.995,11,1,1,1
1255,-26,1.0,3.4524,5,0,-1,-1
1263,-24,1.0,0.5339,4,1,1,1
1276,-25,0.927,1.2813,5,0,0,0
1280,-26,0.983,2.4301,6,0,-1,-1
1286,-26,1.0,4.6598,5,0,-1,-1
1303,-26,1.0,3.4979,10,0,-1,-1
1316,-26,1.0,2.5035,5,0,-1,-1
1330,-24,1.0,1.427,10,1,1,1
1338,-24,1.0,0.9764,5,1,1,1
1347,-24,0.829,0.0637,5,1,1,1
1350,-26,0.975,2.1545,8,0,-1,-1
1353,-24,0.96,4.4274,4,1,1,1
1369,-24,1.0,3.2173,5,2,2,1
1373,-25,0.98,1.5902,6,0,0,0
1374,-24,1.0,1.9144,5,1,1,1
1384,-24,0.963,1.7215,7,1,1,1
1385,-24,1.0,4.3174,5,1,1,1
1396,-26,1.0,3.6569,5,0,-1,-1
1397,-26,0.966,3.6818,7,0,-1,-1
1405,-24,0.975,5.8431,4,3,2,1
1420,-26,1.0,2.0443,6,0,-1,-1
1427,-24,1.0,0.6812,4,1,1,1
1446,-24,1.0,1.292,7,1,1,1
1473,-24,0.921,5.9744,5,3,2,1
1477,-24,1.0,0.4752,5,1,1,1
1482,-24,0.941,4.223,6,1,1,1
1486,-24,1.0,0.9644,5,1,1,1
1541,-26,1.0,2.2709,8,0,-1,-1
1567,-26,1.0,2.6165,9,0,-1,-1
1574,-24,0.939,6.116,5,3,2,1
1584,-24,1.0,1.9737,9,1,1,1
1595,-24,1.0,1.7044,5,1,1,1
1613,-24,0.946,4.4437,5,1,1,1
1626,-24,1.0,3.718,8,1,1,1
1627,-24,0.984,2.1343,8,1,1,1
1628,-24,1.0,1.6992,6,1,1,1
1633,-24,1.0,2.3759,8,1,1,1
1635,-24,1.0,0.8203,5,1,1,1
1639,-24,1.0,2.2356,9,1,1,1
1645,-24,1.0,1.9932,4,1,1,1
1646,-24,1.0,5.0948,8,1,1,1
1648,-25,0.978,0.8476,10,0,0,0
1653,-24,1.0,0.6013,5,1,1,1
1655,-25,0.923,0.7037,5,0,0,0
1665,-25,0.914,0.5058,8,0,0,0
1674,-24,1.0,1.1495,7,1,1,1
1688,-25,0.904,0.7324,10,0,0,0
1691,-26,1.0,4.711,5,0,-1,-1
1700,-25,0.967,1.0728,7,0,0,0
1701,-24,0.913,4.0887,6,1,1,1
1709,-24,1.0,1.8189,6,1,1,1
1713,-24,1.0,1.4204,6,1,1,1
1717,-24,0.6,0.1573,4,1,1,1
1726,-26,1.0,5.2066,4,0,-1,-1
1735,-25,0.976,1.2342,9,0,0,0
1752,-24,1.0,6.2716,6,3,2,1
1761,-24,0.838,0.0961,4,1,1,1
1766,-26,1.0,3.2073,4,0,-1,-1
1771,-24,0.925,6.2536,4,3,2,1
1822,-24,0.923,3.6528,6,1,1,1
1836,-23,1.0,0.0875,5,3,3,2
1849,-25,0.961,0.2066,6,0,0,0
1851,-23,1.0,0.2165,5,3,3,2
1876,-24,1.0,2.6889,5,1,1,1
1910,-24,1.0,1.0903,10,1,1,1
1914,-26,0.962,1.899,3,0,-1,-1
1917,-25,1.0,0.864,6,0,0,0
1922,-26,1.0,1.756,10,0,-1,-1
1927,-26,0.947,1.5495,6,0,-1,-1
1929,-24,1.0,6.1427,3,3,2,1
1932,-26,1.0,1.7362,6,0,-1,-1
1934,-26,0.967,1.392,8,0,-1,-1
1954,-25,0.948,0.4153,10,0,0,0
1957,-24,1.0,1.5834,8,1,1,1
1961,-24,0.897,4.1124,7,1,1,1
2007,-24,1.0,2.5776,8,1,1,1
2013,-24,1.0,4.9183,7,1,1,1
2032,-25,0.939,0.3585,5,0,0,0
2046,-24,1.0,1.3771,4,1,1,1
2048,-26,0.868,1.325,7,0,-1,-1
2062,-24,0.938,6.1964,3,3,2,1
2076,-24,0.6,3.9184,4,1,1,1
2077,-24,0.972,1.5703,6,1,1,1
2079,-26,0.968,1.6747,7,0,-1,-1
2086,-24,1.0,2.6914,8,1,1,1
2102,-24,1.0,1.1629,5,1,1,1
2108,-24,1.0,2.4853,6,1,1,1
2109,-24,1.0,0.9176,4,1,1,1
2129,-24,0.897,2.8328,5,1,1,1
2162,-26,0.939,1.4769,6,0,-1,-1
2164,-24,1.0,2.8216,7,1,1,1
2184,-24,1.0,0.677,4,1,1,1
2186,-24,1.0,2.8985,4,1,1,1
2191,-24,1.0,5.172,9,1,1,1
2249,-25,1.0,0.9479,4,0,0,0
2266,-25,0.94,1.1875,5,0,0,0
2269,-26,0.882,1.1257,6,0,-1,-1
2270,-25,0.778,0.3209,4,0,0,0
2279,-24,0.886,0.393,10,1,1,1
2288,-26,0.958,3.9773,3,0,-1,-1
2289,-24,1.0,0.8291,4,1,1,1
2319,-24,0.959,0.6365,5,1,1,1
2332,-25,1.0,0.7601,3,0,0,0
2333,-24,0.925,0.4321,4,1,1,1
2334,-24,0.846,3.809,4,1,1,1
2350,-24,0.967,0.4196,3,1,1,1
2359,-24,1.0,2.9949,7,1,1,1
2360,-24,1.0,2.5841,7,1,1,1
2378,-24,1.0,0.5334,6,1,1,1
2396,-24,1.0,1.2599,3,1,1,1
2425,-24,0.972,3.5242,6,1,1,1
2463,-24,1.0,2.6434,5,1,1,1
2467,-24,0.971,0.3816,5,1,1,1
2468,-24,1.0,0.7588,5,1,1,1
2491,-24,0.963,3.699,6,1,1,1
2514,-24,0.864,3.6831,6,1,1,1
2534,-23,0.828,0.4688,3,3,3,2
2540,-24,0.979,1.2373,5,1,1,1
2544,-24,0.746,3.9214,11,1,1,1
2564,-23,0.841,0.4737,10,3,3,2
2568,-25,0.949,0.6474,4,0,0,0
2577,-26,1.0,0.9834,7,0,-1,-1
2585,-24,0.903,0.9705,4,1,1,1
2586,-24,0.977,0.6546,6,1,1,1
2603,-23,0.943,0.6913,4,3,3,2
2611,-24,1.0,2.8294,10,1,1,1
2652,-23,0.951,0.6457,8,3,3,2
2681,-26,0.979,1.4531,5,0,-1,-1
2696,-26,1.0,0.8404,7,0,-1,-1
2718,-24,1.0,0.812,5,1,1,1
2719,-26,1.0,1.3087,6,0,-1,-1
2723,-24,1.0,4.4855,2,1,1,1
2724,-25,0.949,0.5499,5,0,0,0
2731,-26,1.0,3.2331,3,0,-1,-1
2732,-25,0.857,0.5078,5,0,0,0
2735,-24,1.0,0.9391,2,1,1,1
2754,-24,1.0,4.637,3,1,1,1
2779,-26,1.0,3.0226,3,0,-1,-1
2780,-24,0.933,3.4199,4,1,1,1
2781,-26,1.0,1.1419,8,0,-1,-1
2821,-23,0.984,0.8184,7,3,3,2
2840,-24,1.0,3.0846,6,1,1,1
2843,-24,1.0,2.3865,8,1,1,1
2846,-23,0.968,0.8847,4,3,3,2
2871,-26,1.0,3.0321,8,0,-1,-1
2947,-26,1.0,3.2124,5,0,-1,-1
2968,-23,1.0,0.7942,6,3,3,2
3016,-24,1.0,0.7387,3,1,1,1
3031,-26,1.0,0.7955,7,0,-1,-1
3036,-26,0.943,0.8173,10,0,-1,-1
3044,-26,1.0,1.1283,7,0,-1,-1
3069,-24,1.0,1.0825,6,1,1,1
3097,-24,0.867,2.9458,4,1,1,1
3148,-24,0.925,1.0277,5,1,1,1
3198,-26,1.0,0.7119,5,0,-1,-1
3225,-23,0.976,0.2537,5,3,3,2
3272,-24,0.903,3.0495,5,1,1,1
3273,-26,1.0,0.8117,6,0,-1,-1
3317,-24,0.982,3.1648,9,1,1,1
3336,-24,1.0,3.1528,8,2,2,1
3341,-24,1.0,3.1672,6,1,1,1
3342,-23,0.933,1.0029,7,3,3,2
3366,-23,1.0,0.8654,3,3,3,2
3372,-23,0.8,1.1674,8,3,3,2
3393,-23,0.926,1.0544,9,3,3,2
3407,-26,1.0,0.4725,5,0,-1,-1
3468,-24,0.953,6.0069,5,3,2,1
3481,-23,1.0,0.8619,8,3,3,2
3486,-26,1.0,0.4527,6,0,-1,-1
3493,-24,1.0,1.2976,5,1,1,1
3495,-24,1.0,3.672,4,1,1,1
3540,-23,0.846,0.2806,8,3,3,2
3566,-23,0.729,0.2377,9,3,3,2
3607,-24,1.0,3.1021,6,2,2,1
3617,-26,0.925,1.1285,5,0,-1,-1
3671,-24,0.943,3.6072,4,1,1,1
3675,-26,1.0,1.0544,4,0,-1,-1
3676,-26,1.0,0.3435,6,0,-1,-1
3677,-24,1.0,3.2048,4,1,1,1
3685,-26,0.788,4.0049,5,0,-1,-1
3735,-23,1.0,0.7081,10,3,3,2
3736,-24,1.0,3.9211,9,1,1,1
3813,-23,0.916,0.5041,12,3,3,2
3817,-24,1.0,3.3504,5,1,1,1
3825,-23,1.0,0.9851,5,3,3,2
3841,-23,0.974,0.2626,9,3,3,2
3850,-23,0.967,1.1187,9,3,3,2
3861,-23,0.905,1.1095,7,3,3,2
3876,-24,1.0,2.6981,7,1,1,1
3881,-24,1.0,3.5545,7,1,1,1
3885,-23,0.667,0.3809,5,3,3,2
3893,-26,1.0,0.6617,6,0,-1,-1
3929,-26,1.0,2.8913,4,0,-1,-1
3945,-26,1.0,0.3464,10,0,-1,-1
3978,-24,0.977,2.49,6,1,1,1
3982,-26,1.0,0.8868,7,0,-1,-1
4046,-26,1.0,0.2891,8,0,-1,-1
4070,-23,0.852,1.1882,7,3,3,2
4133,-23,1.0,1.4504,3,3,3,2
4142,-26,1.0,2.721,5,0,-1,-1
4146,-26,1.0,0.3109,8,0,-1,-1
4147,-23,0.923,0.4186,6,3,3,2
4152,-23,0.944,1.7194,2,3,3,2
4156,-24,1.0,3.2455,6,2,2,1
4169,-26,1.0,0.1614,6,0,-1,-1
4173,-23,0.96,0.0942,3,3,3,2
4181,-23,0.977,0.0804,6,3,3,2
4219,-23,1.0,0.8635,8,3,3,2
4233,-24,1.0,3.4473,5,1,1,1
4297,-26,0.956,0.1138,9,0,-1,-1
4303,-26,1.0,0.3493,6,0,-1,-1
4310,-26,0.981,0.5323,6,0,-1,-1
4337,-27,0.952,6.2184,5,0,-2,-2
4364,-23,0.792,1.3239,4,3,3,2
4382,-27,1.0,1.2868,3,0,-2,-2
4414,-26,1.0,0.674,5,0,-1,-1
4440,-23,1.0,0.1605,4,3,3,2
4462,-23,0.973,1.9524,8,3,3,2
4466,-23,0.75,1.7262,2,3,3,2
4546,-26,0.949,0.1416,6,0,-1,-1
4562,-23,1.0,1.5652,2,3,3,2
4593,-24,0.981,6.2783,6,3,2,1
4686,-27,1.0,0.8153,5,0,-2,-2
4709,-23,1.0,0.0936,3,3,3,2
4715,-23,1.0,0.7911,7,3,3,2
4723,-26,1.0,0.2026,9,0,-1,-1
4725,-26,1.0,3.3247,4,0,-1,-1
4757,-23,1.0,1.0086,6,3,3,2
4766,-27,0.905,2.0578,3,0,-2,-2
4773,-27,0.96,2.3103,5,0,-2,-2
4774,-23,0.971,1.4211,5,3,3,2
4776,-23,0.964,1.4596,10,3,3,2
4830,-27,0.968,1.7808,8,0,-2,-2
4856,-26,1.0,0.4491,5,0,-1,-1
4862,-26,0.978,0.3974,11,0,-1,-1
4911,-24,1.0,2.6535,3,1,1,1
4920,-26,0.975,0.1318,9,0,-1,-1
4933,-27,0.962,6.2773,4,0,-2,-2
4964,-27,1.0,5.8211,3,0,-2,-2
4993,-23,1.0,2.2602,3,3,3,2
5013,-24,0.889,2.983,8,2,2,1
5015,-24,1.0,0.615,5,1,1,1
5055,-27,1.0,2.2535,8,0,-2,-2
5059,-24,1.0,2.9551,4,1,1,1
5065,-27,0.978,6.236,12,0,-2,-2
5069,-27,1.0,6.0434,6,0,-2,-2
5075,-27,0.93,1.8626,5,0,-2,-2
5091,-23,0.946,1.6039,4,3,3,2
5096,-26,1.0,0.4524,7,0,-1,-1
5117,-24,1.0,3.1179,4,1,1,1
5129,-27,0.979,6.2206,6,0,-2,-2
5150,-23,0.921,0.8621,5,3,3,2
5217,-23,1.0,1.3094,5,3,3,2
5221,-27,1.0,5.6289,4,0,-2,-2
5248,-27,0.873,2.5176,8,0,-2,-2
5259,-25,1.0,0.6556,7,0,0,0
5291,-23,0.957,1.7088,11,3,3,2
5294,-23,0.979,1.1709,7,3,3,2
5301,,,2.8633,3,2,2,1
5303,-23,1.0,5.6475,3,4,3,2
5313,-26,1.0,0.2753,3,0,-1,-1
5314,-23,0.829,0.4624,13,3,3,2
5316,-23,0.967,1.3271,8,3,3,2
5329,-23,0.972,1.4297,5,3,3,2
5331,-23,1.0,1.4922,6,3,3,2
5346,-24,1.0,3.1175,4,1,1,1
5355,-26,0.988,0.5761,11,0,-1,-1
5360,-27,0.985,2.7134,9,0,-2,-2
5365,-23,0.96,0.609,4,3,3,2
5380,-23,1.0,0.6606,7,3,3,2
5395,-23,0.963,1.2981,4,3,3,2
5413,-23,0.952,5.911,3,4,3,2
5414,-26,1.0,0.1284,6,0,-1,-1
5470,-23,1.0,1.8161,6,3,3,2
5479,-23,0.976,0.7149,7,3,3,2
5527,-27,1.0,6.0439,4,0,-2,-2
5536,-27,1.0,5.7874,8,0,-2,-2
5548,-23,1.0,0.4981,5,3,3,2
5551,-27,0.977,6.27,5,0,-2,-2
5585,-23,1.0,1.6382,5,3,3,2
5600,-27,1.0,5.6165,4,0,-2,-2
5611,-24,1.0,6.0055,4,3,2,1
5613,-23,0.941,5.9916,7,4,3,2
5624,-23,1.0,2.3801,4,3,3,2
5655,-24,1.0,6.1464,2,3,2,1
5679,-23,0.935,6.1508,4,4,3,2
5691,-27,0.872,2.2092,8,0,-2,-2
5718,-23,0.98,6.2421,6,4,3,2
5720,-23,1.0,0.0271,3,3,3,2
5732,-23,0.981,1.5865,6,3,3,2
5736,-23,0.96,2.5063,8,3,3,2
5751,-24,0.963,2.7614,11,2,2,1
5768,-23,0.964,1.9781,5,3,3,2
5778,-27,1.0,5.4418,3,0,-2,-2
5791,-27,1.0,6.2746,10,0,-2,-2
5792,-23,0.957,0.9152,5,3,3,2
5835,-22,0.55,2.0763,6,3,3,2
5838,-27,0.8,1.8205,5,0,-2,-2
5846,-23,1.0,2.7621,5,3,3,2
5858,-27,0.952,2.295,11,0,-2,-2
5862,-27,1.0,2.3965,6,0,-2,-2
5869,-27,1.0,6.0013,8,0,-2,-2
5924,-25,0.983,0.4723,7,0,0,0
5940,-23,0.935,5.9216,5,4,3,2
5948,-23,1.0,0.6189,6,3,3,2
5973,-27,1.0,0.244,6,0,-2,-2
5979,-27,1.0,5.6885,3,0,-2,-2
6007,-24,1.0,6.1326,3,3,2,1
6019,-24,1.0,6.2396,4,3,2,1
6024,-24,1.0,2.5768,8,2,2,1
6057,-24,1.0,3.159,6,1,1,1
6066,-27,1.0,2.0813,6,0,-2,-2
6069,-23,0.986,2.8914,8,3,3,2
6071,-23,1.0,2.8946,5,3,3,2
6075,-27,0.977,1.752,7,0,-2,-2
6076,-26,1.0,2.4644,5,0,-1,-1
6107,-27,1.0,1.9336,5,0,-2,-2
6126,-23,1.0,1.8047,5,3,3,2
6135,-27,1.0,5.5992,3,0,-2,-2
6151,-23,0.95,2.7243,3,3,3,2
6164,-27,0.929,1.709,8,0,-2,-2
6166,-27,1.0,0.4096,8,0,-2,-2
6168,-24,1.0,4.9796,3,1,1,1
6179,-27,1.0,1.0502,6,0,-2,-2
6200,-27,1.0,5.888,6,0,-2,-2
6202,-23,0.98,5.7934,7,4,3,2
6206,-23,1.0,5.5717,6,4,3,2
6233,-24,1.0,3.1942,5,2,2,1
6235,-23,1.0,2.9475,8,3,3,2
6240,-23,1.0,3.092,6,3,3,2
6252,-25,0.875,0.2598,5,0,0,0
6282,-27,0.939,1.4468,7,0,-2,-2
6283,-23,1.0,2.0298,4,3,3,2
6298,-23,1.0,3.0662,7,3,3,2
6314,-27,1.0,1.6261,8,0,-2,-2
6353,-27,0.975,1.4853,9,0,-2,-2
6377,-22,0.98,0.1098,5,4,4,3
6380,-23,1.0,2.1142,3,3,3,2
6384,-27,1.0,0.0889,3,0,-2,-2
6385,-23,1.0,5.4631,11,4,3,2
6388,-27,1.0,2.6993,7,0,-2,-2
6401,-23,0.725,2.1029,9,3,3,2
6409,-23,0.905,2.2696,5,3,3,2
6474,-27,0.969,6.0754,4,0,-2,-2
6509,-23,0.821,2.2476,4,3,3,2
6545,-23,0.971,2.3491,6,3,3,2
6549,-23,1.0,1.8811,9,3,3,2
6564,-27,0.903,2.9599,4,0,-2,-2
6568,-26,0.985,4.5242,7,0,-1,-1
6572,-27,0.974,1.2626,6,0,-2,-2
6677,-27,0.868,1.248,8,0,-2,-2
6685,-22,0.98,0.3226,7,4,4,3
6692,-27,1.0,0.3145,7,0,-2,-2
6694,-27,1.0,0.5997,4,0,-2,-2
6698,-23,0.985,5.4741,7,4,3,2
6699,-23,0.867,5.5188,19,4,3,2
6738,-22,1.0,0.0622,6,4,4,3
6760,-22,0.917,0.1572,4,4,4,3
6766,-23,1.0,5.4473,4,4,3,2
6767,-24,0.966,3.3907,6,1,1,1
6784,-22,0.956,0.4768,9,4,4,3
6823,-27,1.0,5.3076,6,0,-2,-2
6828,-22,1.0,0.5656,7,4,4,3
6859,-25,1.0,0.3629,4,0,0,0
6865,-23,0.964,5.2937,10,4,3,2
6895,-23,0.929,2.5066,5,3,3,2
6939,-27,1.0,0.6224,6,0,-2,-2
6946,-27,1.0,4.1947,3,0,-2,-2
6950,-24,1.0,6.2627,4,3,2,1
6953,-27,0.514,3.9541,8,0,-2,-2
6969,-27,1.0,5.7656,5,0,-2,-2
6972,-27,1.0,0.3722,8,0,-2,-2
7007,-27,1.0,5.4487,4,0,-2,-2
7009,-23,0.981,6.1376,6,4,3,2
7041,-22,1.0,0.7314,7,4,4,3
7046,-22,0.909,0.4261,12,4,4,3
7049,-27,1.0,0.0407,10,0,-2,-2
7074,-27,0.967,5.421,3,0,-2,-2
7076,-24,1.0,3.1364,12,2,2,1
7079,-23,1.0,3.0438,6,3,3,2
7086,-27,1.0,0.1213,10,0,-2,-2
7140,-22,0.971,0.6419,8,4,4,3
7146,-22,0.862,0.2529,4,4,4,3
7157,-22,1.0,0.769,7,4,4,3
7160,-22,0.878,0.8922,5,4,4,3
7170,-27,0.873,0.7977,14,0,-2,-2
7172,-23,0.959,3.1248,8,3,3,2
7189,-23,0.875,6.032,7,4,3,2
7205,-22,0.94,0.5492,5,4,4,3
7253,-27,1.0,6.0423,5,0,-2,-2
7263,-27,1.0,1.2648,5,0,-2,-2
7279,-22,1.0,0.7781,8,4,4,3
7292,-27,1.0,5.2347,4,0,-2,-2
7322,-23,1.0,2.4825,3,3,3,2
7328,-23,1.0,3.2572,6,3,3,2
7332,-22,0.881,0.5783,5,4,4,3
7334,-23,0.929,2.304,4,3,3,2
7341,-23,1.0,3.3885,7,3,3,2
7382,-24,0.865,3.5704,4,1,1,1
7386,-22,0.88,0.2476,3,4,4,3
7435,-22,0.983,0.9557,7,4,4,3
7440,-27,1.0,2.7586,6,0,-2,-2
7443,-28,1.0,6.0968,10,0,-3,-3
7458,-27,1.0,5.654,4,0,-2,-2
7467,-23,0.907,6.0854,8,4,3,2
7468,-23,0.85,5.3438,3,4,3,2
7471,-28,1.0,5.8506,9,0,-3,-3
7472,-27,0.837,1.0508,10,0,-2,-2
7489,-23,0.933,5.8575,4,4,3,2
7508,-28,0.774,5.7585,11,0,-3,-3
7523,-27,1.0,3.0916,5,0,-2,-2
7530,-23,1.0,3.0875,7,3,3,2
7542,-26,0.905,3.9091,6,0,-1,-1
7548,-28,1.0,6.0172,3,0,-3,-3
7555,-27,0.868,4.1588,6,0,-2,-2
7573,-23,0.947,3.4256,7,3,3,2
7575,-23,0.981,6.2245,7,4,3,2
7585,-22,1.0,0.9513,7,4,4,3
7601,-23,1.0,6.1422,5,4,3,2
7609,-27,1.0,5.3622,8,0,-2,-2
7614,-27,1.0,5.0534,4,0,-2,-2
7635,-23,0.973,3.2992,5,3,3,2
7638,-22,0.913,1.1244,3,4,4,3
7639,-27,1.0,2.4576,5,0,-2,-2
7666,-27,1.0,1.9209,10,0,-2,-2
7681,-23,0.722,5.6615,6,4,3,2
7686,-23,1.0,3.2134,6,3,3,2
7689,-28,1.0,6.2476,8,0,-3,-3
7692,-23,0.934,6.1775,7,4,3,2
7696,-28,0.975,5.5446,10,0,-3,-3
7736,-23,0.931,6.144,4,4,3,2
7786,-23,0.886,3.114,7,3,3,2
7792,-23,0.824,2.2119,4,3,3,2
7805,-23,1.0,5.6362,5,4,3,2
7807,-27,1.0,0.0843,12,0,-2,-2
7821,-28,0.983,6.2611,7,0,-3,-3
7828,-22,1.0,0.1576,5,4,4,3
7842,-23,0.926,5.9639,8,4,3,2
7853,-27,0.96,5.0247,6,0,-2,-2
7863,-27,1.0,3.0274,6,0,-2,-2
7876,-27,1.0,5.1389,5,0,-2,-2
7896,-27,1.0,3.0763,6,0,-2,-2
7904,-25,0.591,0.2978,4,0,0,0
7925,-27,0.923,4.4156,11,0,-2,-2
7939,-27,0.927,4.876,5,0,-2,-2
7982,-27,1.0,3.3857,5,0,-2,-2
8007,-27,0.938,3.4852,5,0,-2,-2
8012,-23,1.0,2.9835,9,3,3,2
8043,-23,1.0,5.9279,5,4,3,2
8044,-28,0.529,3.4492,6,0,-2,-2
8058,-24,1.0,3.0361,6,2,2,1
8078,-27,0.96,0.1368,10,0,-2,-2
8092,,,5.4704,1,0,-2,-2
8119,-24,0.846,2.9712,8,2,2,1
8122,-28,0.807,5.2783,7,0,-3,-3
8145,-27,0.838,4.2672,5,0,-2,-2
8160,-22,1.0,1.4687,4,4,4,3
8173,-23,0.941,5.2329,3,4,3,2
8190,-24,1.0,0.7983,2,1,1,1
8191,-27,0.962,3.2673,3,0,-2,-2
8198,-24,0.64,2.9482,6,2,2,2
8230,-27,1.0,4.8794,3,0,-2,-2
8256,-24,1.0,2.5699,7,2,2,1
8261,-28,1.0,6.1679,7,0,-3,-3
8262,-26,1.0,1.3005,4,0,-1,-1
8266,-23,0.677,2.8594,9,2,2,2
8267,-24,1.0,2.789,4,2,2,1
8276,-24,0.941,2.4896,5,2,2,1
8298,-22,0.842,5.5275,11,5,4,3
8300,-24,0.667,2.7251,7,2,2,1
8314,-28,0.939,5.2366,4,0,-3,-3
8321,-27,0.926,0.0501,4,0,-2,-2
8347,-22,0.966,0.9465,7,4,4,3
8358,-22,0.964,5.6623,6,5,4,3
8366,-22,0.652,0.2678,8,4,4,3
8372,-28,1.0,6.0798,8,0,-3,-3
8404,-27,0.696,4.6571,7,0,-2,-2
8421,-27,1.0,3.0255,5,0,-2,-2
8492,-23,1.0,3.456,6,3,3,2
8519,-27,1.0,4.8997,7,0,-2,-2
8532,-23,1.0,3.5405,6,3,3,2
8536,-24,0.962,2.4854,7,2,2,1
8540,-22,0.93,5.7932,9,5,4,3
8546,-26,1.0,5.119,7,0,-1,-1
8552,-27,0.905,4.5046,6,0,-2,-2
8572,-23,1.0,3.316,3,3,3,2
8597,-27,0.963,0.2618,3,0,-2,-2
8605,-24,1.0,3.5072,4,1,1,1
8653,-28,0.935,5.3699,9,0,-3,-3
8657,-24,0.667,2.9486,4,2,2,1
8661,-23,0.833,2.3725,8,3,3,2
8662,-22,0.755,5.891,5,5,4,3
8681,-22,0.865,5.7131,9,5,4,3
8683,-22,1.0,0.0668,3,4,4,3
8688,-23,0.907,5.758,7,4,3,2
8698,-24,0.981,3.3491,7,1,1,1
8717,-22,1.0,0.1704,4,4,4,3
8737,-27,1.0,2.8164,4,0,-2,-2
8759,-22,0.918,5.9989,9,5,4,3
8772,-23,0.875,3.2165,9,3,3,2
8797,-22,0.884,5.5515,10,5,4,3
8798,-27,0.981,4.3357,7,0,-2,-2
8815,-22,0.98,5.9599,13,5,4,3
8830,-22,1.0,6.1857,7,5,4,3
8832,-24,1.0,2.9238,8,2,2,1
8838,-27,0.982,4.7129,7,0,-2,-2
8866,-22,0.978,6.1713,6,5,4,3
8911,-23,0.603,5.5658,8,4,3,2
8917,-27,0.978,4.138,7,0,-2,-2
8922,-23,0.667,3.2031,6,2,2,1
8926,-27,0.778,4.4403,9,0,-2,-2
8948,-22,0.922,5.6965,8,5,4,3
8955,-23,1.0,3.5352,6,3,3,2
8983,,,2.5722,3,2,2,1
8986,-28,1.0,5.5198,3,0,-3,-3
8996,-23,0.939,3.5237,7,3,3,2
9013,-27,0.972,3.3988,4,0,-2,-2
9031,-27,1.0,3.4399,5,0,-2,-2
9035,-22,0.959,1.181,7,4,4,3
9063,-22,0.607,5.4019,4,4,4,3
9066,-27,1.0,3.2156,10,0,-2,-2
9099,-27,1.0,5.1826,2,0,-2,-2
9111,-22,1.0,1.3746,6,4,4,3
9149,-27,0.831,2.6864,7,0,-2,-2
9160,-27,0.95,0.433,6,0,-2,-2
9181,-23,1.0,3.4639,5,3,3,2
9227,-22,1.0,0.7195,5,4,4,3
9232,-27,1.0,3.4943,5,0,-2,-2
9234,-23,1.0,3.6649,11,3,3,2
9254,-27,1.0,4.3371,5,0,-2,-2
9276,-22,0.957,5.572,6,5,4,3
9315,-22,0.927,1.2866,5,4,4,3
9356,-26,1.0,1.7631,3,0,-1,-1
9464,-28,0.99,6.0566,12,0,-3,-3
9472,-22,1.0,1.2387,5,4,4,3
9505,-23,0.94,3.7821,9,3,3,2
9506,-26,1.0,1.9517,6,0,-1,-1
9535,-22,0.643,0.4319,8,4,4,3
9544,-23,1.0,2.4293,2,3,3,2
9548,-27,0.927,4.0733,5,0,-2,-2
9559,-22,1.0,5.7985,6,5,4,3
9566,-26,1.0,1.6163,8,0,-1,-1
9573,-22,0.925,0.0067,4,4,4,3
9606,-22,1.0,1.2124,6,4,4,3
9640,-23,0.931,3.9389,8,3,3,2
9646,-23,0.89,4.0806,12,3,3,2
9648,-22,1.0,1.4091,6,4,4,3
9669,-23,1.0,3.6416,10,3,3,2
9676,-27,0.944,3.4223,4,0,-2,-2
9679,-27,0.917,3.9158,6,0,-2,-2
9692,-27,0.971,0.3081,12,0,-2,-2
9714,-28,0.7,5.1681,3,0,-3,-3
9723,-28,0.89,5.519,11,0,-3,-3
9724,-23,0.824,4.3066,5,3,3,2
9751,-22,1.0,1.205,8,4,4,3
9758,-22,1.0,1.4451,5,4,4,3
9786,-27,0.971,4.6114,10,0,-2,-2
9796,-28,1.0,5.3004,6,0,-3,-3
9811,-22,0.65,0.3675,4,4,4,3
9820,-27,0.719,4.6153,8,0,-2,-2
9834,-28,1.0,5.3563,5,0,-3,-3
9836,-28,0.808,5.3083,8,0,-3,-3
9867,-23,0.837,3.9458,5,3,3,2
9875,-23,0.867,5.4708,3,4,3,2
9908,-22,1.0,5.6656,5,5,4,3
9910,-27,0.942,0.6228,7,0,-2,-2
9936,-23,1.0,3.423,5,3,3,2
9947,-27,1.0,0.6041,3,0,-2,-2
9948,-24,0.968,0.1415,4,1,1,1
9960,-22,1.0,5.4426,4,4,4,3
9972,-22,0.941,1.4909,6,4,4,3
9986,-22,1.0,1.4319,1,4,4,3
10013,-22,0.509,5.4501,7,4,3,2
10016,-22,1.0,5.3451,5,4,4,3
10018,-28,1.0,5.7393,4,0,-3,-3
10023,-22,0.954,5.8844,8,5,4,3
10024,-23,0.886,4.411,5,3,3,2
10026,-23,0.897,3.83,3,3,3,2
10044,-22,1.0,0.9463,6,4,4,3
10053,-23,0.545,5.2534,4,4,3,2
10069,-22,0.986,5.6106,8,5,4,3
10099,-22,1.0,0.869,4,4,4,3
10142,-24,1.0,3.3359,5,1,1,1
10150,-28,1.0,6.1215,4,0,-3,-3
10151,-28,0.842,5.0594,7,-1,-3,-3
10156,-23,0.957,4.0852,11,3,3,2
10159,-27,0.892,0.6627,7,0,-2,-2
10188,-28,1.0,5.2116,7,0,-3,-3
10223,-22,0.828,1.5084,4,4,4,3
10237,-27,0.82,3.9361,6,0,-2,-2
10240,-22,0.762,1.2744,4,4,4,3
10265,-23,0.927,3.6991,8,3,3,2
10279,-22,0.98,6.2565,5,5,4,3
10282,-22,0.621,0.413,6,4,4,3
10288,-23,0.914,4.0717,5,3,3,2
10298,-27,0.892,4.0087,7,0,-2,-2
10306,-23,1.0,2.8772,5,3,3,2
10307,-22,0.897,5.2687,9,4,4,3
10321,-24,0.947,4.8529,3,1,1,1
10337,-23,1.0,2.7531,4,2,2,1
10342,-27,1.0,4.798,5,0,-2,-2
10355,-23,0.739,5.3447,5,4,3,2
10376,-21,0.962,0.0098,6,5,5,4
10399,-23,0.97,5.2524,5,4,3,2
10410,-28,1.0,5.2355,4,0,-3,-3
10420,-23,1.0,5.2003,4,4,3,2
10460,-23,1.0,3.5901,4,3,3,2
10463,-21,0.954,0.1262,7,5,5,4
10511,-23,0.737,5.174,8,3,3,2
10516,-28,1.0,4.9362,4,-1,-3,-3
10538,-21,1.0,0.2168,6,5,5,4
10548,-24,0.5,2.6968,5,2,2,2
10574,-27,1.0,3.7518,3,0,-2,-2
10586,-22,0.965,5.7137,9,5,4,3
10594,-21,1.0,0.1526,8,5,5,4
10637,-28,0.948,4.9688,8,-1,-3,-3
10646,-22,0.908,1.5995,8,4,4,3
10667,,,3.0569,4,3,3,1
10675,-24,0.92,4.8902,4,1,1,1
10677,-22,0.941,0.5574,2,4,4,3
10695,-22,0.809,1.6848,14,4,4,3
10706,-22,0.957,5.8783,8,5,4,3
10726,-22,0.922,5.4622,6,4,4,3
10749,-22,1.0,2.0311,2,4,4,3
10753,-21,1.0,0.23,5,5,5,4
10769,-27,0.511,4.7897,5,0,-2,-2
10828,-28,1.0,5.8326,5,0,-3,-3
10874,-28,0.78,4.8134,7,-1,-3,-3
10879,-22,0.937,1.5792,10,4,4,3
10884,-23,0.689,5.2178,7,3,3,2
10887,-22,0.968,5.5075,8,5,4,3
10893,-23,1.0,3.7681,8,3,3,2
10899,-27,0.792,0.9935,4,0,-2,-2
10938,-23,1.0,3.6964,5,3,3,2
10952,-28,0.927,5.0883,7,0,-3,-3
10953,-22,0.917,6.2509,4,5,4,3
10989,-28,0.81,4.8029,9,-1,-3,-3
11062,-27,0.975,0.6257,10,0,-2,-2
11088,-28,0.908,4.7184,12,-1,-3,-3
11089,-27,0.917,1.1968,3,0,-2,-2
11102,-28,0.533,4.5859,4,-1,-3,-3
11130,-22,0.916,2.0453,9,4,4,3
11178,-28,0.907,4.3178,5,-1,-3,-3
11195,-23,0.925,3.5614,7,3,3,2
11203,-22,0.8,1.5068,6,4,4,3
11216,-23,1.0,3.304,5,3,3,2
11219,-23,0.913,3.8797,11,3,3,2
11323,-23,1.0,2.8155,5,3,3,2
11327,-23,0.816,5.0384,6,3,3,2
11330,-22,0.791,1.9274,8,4,4,3
11336,-28,1.0,5.9919,6,0,-3,-3
11373,-23,0.656,4.9593,8,3,3,2
11381,-23,1.0,2.6843,4,3,3,2
11387,-22,0.8,2.3085,4,4,4,3
11400,-22,0.967,0.7035,4,4,4,3
11402,-23,0.906,4.5222,10,3,3,2
11406,-22,0.976,6.1812,5,5,4,3
11430,-22,1.0,0.8527,4,4,4,3
11432,-22,0.962,2.0578,5,4,4,3
11444,-23,1.0,3.2232,4,3,3,2
11447,-22,0.88,1.7854,5,4,4,3
11448,-22,0.979,1.4008,7,4,4,3
11464,-21,1.0,0.3501,4,5,5,4
11499,-22,0.816,1.7769,5,4,4,3
11513,-22,1.0,5.8201,8,5,4,3
11556,-22,1.0,2.801,1,4,4,3
11557,-23,0.75,4.1261,4,3,3,2
11564,-22,0.956,5.9727,5,5,4,3
11599,-23,0.909,3.6557,6,3,3,2
11603,-23,0.966,4.1753,3,3,3,2
11616,-22,0.743,5.0057,11,4,4,3
11617,-22,0.844,4.9685,5,4,4,3
11705,-23,0.836,5.0791,8,3,3,2
11722,-21,0.904,1.8909,10,5,5,4
11748,-22,0.981,4.901,9,4,4,3
11757,-23,0.971,3.8988,6,3,3,2
11778,-22,1.0,4.766,4,4,4,3
11779,-23,0.667,2.6306,4,2,2,2
11784,-28,0.773,4.7487,5,-1,-3,-3
11796,-21,0.632,1.8103,9,5,5,4
11856,-23,0.95,4.407,3,3,3,2
11888,-22,0.926,5.7129,7,5,4,3
11892,-22,1.0,6.116,7,5,4,3
11912,-21,0.879,1.9353,7,5,5,4
11949,-22,1.0,6.0854,5,5,4,3
12013,-21,0.826,1.61,4,5,5,4
12024,-23,1.0,4.2006,5,3,3,2
12027,-28,0.87,4.0473,8,-1,-3,-3
12053,-21,0.791,1.6598,6,5,5,4
12076,-27,0.927,4.0201,5,0,-2,-2
12100,-28,0.725,4.5922,15,-1,-3,-3
12108,-23,0.545,2.699,5,3,3,2
12111,-27,1.0,3.6394,7,0,-2,-2
12120,-22,1.0,6.0479,3,5,4,3
12147,-22,1.0,5.0662,5,4,4,3
12170,-27,0.906,3.8869,12,0,-2,-2
12172,-27,0.9,3.5662,6,0,-2,-2
12251,-21,1.0,1.5801,5,5,5,4
12255,-21,0.988,1.6706,9,5,5,4
12265,-23,0.872,4.859,11,3,3,2
12270,-24,1.0,2.5344,3,2,2,0
12300,-22,0.932,6.1729,6,5,4,3
12307,-21,0.86,1.7821,14,5,5,4
12315,-21,1.0,1.9688,4,5,5,4
12319,-28,0.94,1.8548,5,-1,-3,-3
12322,-22,0.896,4.9514,8,4,4,3
12324,-21,0.969,1.5988,4,5,5,4
12332,-22,0.831,1.6633,8,4,4,3
12333,-21,0.893,1.3698,4,5,5,4
12363,-21,0.773,1.5212,5,5,5,4
12365,-21,0.944,1.7719,4,5,5,4
12368,-28,0.967,1.5591,4,-1,-3,-3
12370,-23,0.913,4.6035,7,3,3,2
12390,-22,1.0,5.8431,6,5,4,3
12435,-28,0.75,4.4748,10,-1,-3,-3
12439,-27,0.962,4.8494,3,0,-2,-2
12450,-23,0.833,3.5949,4,3,3,2
12456,-28,0.927,3.8435,5,-1,-3,-3
12475,-22,0.833,5.0155,6,4,4,3
12483,-27,0.954,0.9451,10,0,-2,-2
12485,-28,1.0,1.9498,5,-1,-3,-3
12490,-21,0.905,1.4417,4,5,5,4
12548,-21,1.0,1.9114,5,5,5,4
12579,-22,1.0,5.6712,6,5,4,3
12610,-23,0.976,1.3324,6,3,3,2
12615,-23,0.9,4.7695,6,3,3,2
12626,-22,0.66,4.6913,6,4,4,3
12645,-22,0.894,2.4776,5,4,4,3
12673,-23,0.955,2.9686,8,3,3,2
12690,-23,1.0,4.8685,3,3,3,2
12701,-28,0.944,3.5473,6,-1,-3,-3
12727,-22,0.64,4.2709,6,4,4,3
12738,-22,1.0,5.4436,6,4,4,3
12739,-22,0.902,5.3145,5,4,4,3
12742,-22,0.975,6.1558,5,5,4,3
12751,-22,0.78,4.5022,7,4,4,3
12756,-28,0.794,4.8097,4,-1,-3,-3
12758,-22,0.828,2.725,6,4,4,3
12765,-22,0.957,5.1825,8,4,4,3
12773,-23,0.925,4.8051,4,3,3,2
12800,-22,0.769,1.8731,6,4,4,3
12811,-28,1.0,1.4646,6,-1,-3,-3
12828,-28,0.877,4.4365,8,-1,-3,-3
12829,-21,1.0,2.0616,9,5,5,4
12843,-23,0.667,4.7098,2,3,3,2
12869,-27,1.0,3.9646,5,0,-2,-2
12872,-21,0.911,2.1556,11,5,5,4
12873,-21,1.0,2.2522,6,5,5,4
12883,-22,0.792,4.335,10,4,4,3
12896,-28,0.982,1.1762,7,-1,-3,-3
12898,-22,0.892,2.2505,7,4,4,3
12905,-22,0.786,4.0808,6,4,4,3
12915,-23,1.0,4.9442,3,3,3,2
12932,-21,0.6,2.1094,5,5,5,4
12933,-23,0.878,4.1926,5,3,3,2
12941,-22,0.928,4.2214,9,4,4,3
12944,-22,0.95,2.951,2,4,4,3
12963,-28,1.0,1.3358,4,-1,-3,-3
12993,-22,0.847,4.0042,10,4,4,3
12995,-23,1.0,4.7449,5,3,3,2
13037,-28,0.883,2.1638,6,-1,-3,-3
13058,-21,0.98,1.8025,5,5,5,4
13062,-22,0.828,5.0181,6,4,4,3
13085,-28,0.73,2.2928,8,-1,-3,-3
13088,-28,0.902,4.7006,9,-1,-3,-3
13097,-27,1.0,3.2276,6,0,-2,-2
13116,-23,1.0,4.708,7,3,3,2
13121,-23,0.98,4.3521,6,3,3,2
13143,-28,0.988,1.0252,10,-1,-3,-3
13147,-21,0.944,2.428,7,5,5,4
13156,-22,1.0,5.2845,4,4,4,3
13195,-22,1.0,2.1865,6,4,4,3
13206,-21,0.841,1.8755,10,5,5,4
13237,-21,1.0,2.1057,4,5,5,4
13288,-23,0.785,4.9568,7,3,3,2
13300,-28,0.901,4.4525,9,-1,-3,-3
13301,-23,1.0,4.5776,6,3,3,2
13304,-23,1.0,4.3311,5,3,3,2
13312,-28,0.795,4.2719,6,-1,-3,-3
13331,-21,1.0,2.3784,5,5,5,4
13340,-28,0.884,4.7348,6,-1,-3,-3
13348,-21,0.984,2.4059,7,5,5,4
13350,-21,1.0,1.6657,6,5,5,4
13357,-21,0.898,1.6135,5,5,5,4
13372,-23,0.929,5.0336,2,3,3,2
13377,-22,0.94,5.1692,5,4,4,3
13402,-22,1.0,0.0379,4,4,4,3
13432,-27,1.0,3.7653,7,0,-2,-2
13433,-23,1.0,4.5018,9,3,3,2
13446,-23,0.839,2.8352,10,3,3,2
13450,-22,1.0,4.6191,5,4,4,3
13478,-22,0.674,2.6234,7,4,4,3
13490,-22,1.0,4.4759,4,4,4,3
13496,-28,0.759,4.1284,9,-1,-3,-3
13527,-21,0.692,2.334,7,5,5,4
13544,-22,0.833,4.9946,3,4,4,3
13557,-22,0.877,2.1083,9,4,4,3
13607,-21,1.0,2.5955,5,5,5,4
13619,-22,0.933,3.8389,10,4,4,3
13654,-28,0.883,1.9206,11,-1,-3,-3
13656,-28,0.881,3.9837,5,-1,-3,-3
13688,-22,1.0,2.0474,4,4,4,3
13699,-22,1.0,3.9104,10,4,4,3
13706,-23,1.0,4.4811,7,3,3,2
13771,-28,0.552,3.8048,4,-1,-3,-3
13782,-21,1.0,2.6879,5,5,5,4
13795,-23,1.0,4.6439,3,3,3,2
13803,-21,1.0,2.8241,7,5,5,4
13810,-28,1.0,3.4938,3,-1,-3,-3
13855,-28,0.804,2.679,7,-1,-3,-3
13883,-28,1.0,3.4606,4,-1,-3,-3
13909,-22,0.967,3.8689,6,4,4,3
13918,-28,0.754,1.0334,7,-1,-3,-3
13941,-22,0.793,2.4602,4,4,4,3
13953,-22,0.926,5.4353,3,4,4,3
13977,-28,1.0,5.1119,6,0,-3,-3
13987,-28,0.849,0.8921,10,-1,-3,-3
13997,-22,0.988,1.9812,9,4,4,3
13999,-23,0.925,4.545,4,3,3,2
14012,-28,0.84,4.2057,6,-1,-3,-3
14052,-28,0.962,0.6466,11,-1,-3,-3
14071,-22,0.887,5.2552,9,4,4,3
14085,-21,1.0,0.2606,6,5,5,4
14088,-22,1.0,3.0245,5,4,4,3
14091,-22,0.981,3.147,6,4,4,3
14094,-22,0.895,2.5265,7,4,4,3
14098,-22,0.905,6.0639,3,5,4,3
14117,-28,0.969,0.5753,6,-1,-3,-3
14122,-22,0.982,3.3045,7,4,4,3
14134,-22,0.881,5.2106,7,4,4,3
14137,-21,1.0,2.3056,7,5,5,4
14144,-27,1.0,4.9725,2,0,-2,-2
14158,-29,0.975,5.6178,5,-1,-4,-4
14190,-22,0.824,2.4424,7,4,4,3
14204,-28,1.0,0.5271,6,-1,-3,-3
14210,-22,0.5,2.107,2,3,3,2
14246,-21,0.795,1.3737,14,5,5,4
14249,-21,0.968,2.646,9,5,5,4
14259,-28,0.817,4.2212,9,-1,-3,-3
14272,-22,0.754,3.1833,9,4,4,3
14288,-22,0.923,2.2818,5,4,4,3
14313,-28,0.84,0.7504,9,-1,-3,-3
14342,-22,1.0,3.8168,8,4,4,3
14395,-28,0.875,4.1097,7,-1,-3,-3
14422,-28,0.968,0.2653,9,-1,-3,-3
14451,-22,0.756,5.1739,5,4,4,3
14460,-22,1.0,3.3635,6,4,4,3
14464,-28,0.876,2.5277,10,-1,-3,-3
14482,-28,0.921,2.7834,4,-1,-3,-3
14497,-22,0.769,2.2098,2,4,4,3
14503,-28,1.0,3.912,3,-1,-3,-3
14509,-21,0.974,2.1752,5,5,5,4
14520,-22,0.69,2.5838,3,3,3,2
14550,-21,1.0,2.9684,8,5,5,4
14570,-22,0.981,3.7855,7,4,4,3
14574,-22,1.0,3.2652,5,4,4,3
14575,-28,0.97,3.7649,4,-1,-3,-3
14593,-21,1.0,1.4444,6,5,5,4
14612,-22,0.876,4.8757,14,4,4,3
14641,-21,1.0,3.1565,5,5,5,4
14652,-23,1.0,2.7144,6,3,3,2
14663,-22,0.817,5.312,7,4,4,3
14688,-21,0.757,2.1292,5,5,5,4
14711,-28,1.0,3.6935,3,-1,-3,-3
14716,-21,0.848,2.5974,5,5,5,4
14731,-22,0.727,3.9201,7,4,4,3
14805,-22,0.6,2.4693,6,3,3,2
14816,-22,0.962,4.6963,6,4,4,3
14819,-28,0.926,1.3047,10,-1,-3,-3
14822,-23,0.979,3.2644,6,3,3,2
14824,-22,0.884,2.5654,6,4,4,3
14860,-21,1.0,2.4133,8,5,5,4
14927,-21,1.0,0.3215,9,5,5,4
14929,-28,1.0,0.8679,4,-1,-3,-3
14931,-27,0.933,3.6946,7,0,-2,-2
14986,-28,0.875,1.1999,9,-1,-3,-3
15007,-21,1.0,2.9354,5,5,5,4
15018,-21,1.0,0.055,7,5,5,4
15036,-23,0.958,3.2305,4,3,3,2
15042,-29,0.946,4.7129,7,-2,-4,-4
15047,-22,0.98,1.8422,5,4,4,3
15057,-22,0.867,3.7784,4,4,4,3
15074,-21,1.0,0.2573,8,5,5,4
15095,-22,0.868,4.7051,7,4,4,3
15115,-22,0.971,4.834,4,4,4,3
15134,-21,0.971,2.9245,5,5,5,4
15147,-22,0.921,2.6194,9,4,4,3
15153,-21,1.0,2.5421,5,5,5,4
15188,-29,0.953,5.2341,7,-1,-4,-4
15202,-21,0.833,1.4718,5,5,5,4
15244,-21,1.0,0.1657,6,5,5,4
15251,-22,1.0,3.6557,9,4,4,3
15283,-21,0.864,0.0401,5,5,5,4
15315,-21,0.969,1.2566,4,5,5,4
15316,-22,0.8,2.5402,3,4,4,3
15365,-22,1.0,1.7634,3,4,4,3
15385,-22,0.7,4.8264,2,4,4,3
15386,-21,0.953,2.9761,7,5,5,4
15393,-21,0.986,2.6009,8,5,5,4
15425,-21,0.904,1.1605,8,5,5,4
15468,-22,1.0,3.6049,5,4,4,3
15470,-21,0.738,2.2927,8,5,5,4
15484,-28,0.9,5.0556,3,0,-3,-3
15495,-21,0.828,1.0914,4,5,5,4
15504,-21,1.0,1.2893,5,5,5,4
15507,-22,1.0,4.5613,10,4,4,3
15536,-21,0.897,0.9981,7,5,5,4
15542,-22,1.0,3.4374,4,4,4,3
15565,-21,1.0,2.762,4,5,5,4
15589,-23,1.0,2.5494,4,3,3,2
15599,-21,1.0,1.0206,7,5,5,4
15627,-28,1.0,0.2899,4,-1,-3,-3
15640,-21,1.0,0.3606,6,5,5,4
15663,-21,1.0,3.2657,6,5,5,4
15699,-21,0.96,1.3015,6,5,5,4
15755,-28,0.892,1.3994,10,-1,-3,-3
15757,-28,0.935,4.9923,7,0,-3,-3
15772,-28,1.0,3.6265,3,-1,-3,-3
15784,-28,0.918,0.3483,7,-1,-3,-3
15787,-21,0.947,2.3214,6,5,5,4
15809,-21,1.0,1.5217,5,5,5,4
15810,-22,0.946,4.0325,7,4,4,3
15811,-29,0.949,4.5764,6,-2,-4,-4
15829,-28,0.955,3.4483,10,-1,-3,-3
15840,-28,0.907,3.5544,6,-1,-3,-3
15855,-29,0.983,4.6658,6,-2,-4,-4
15878,-28,0.945,0.5776,6,-1,-3,-3
15889,-22,0.966,1.664,7,4,4,3
15930,-28,1.0,2.9391,6,-1,-3,-3
15949,-29,1.0,3.3097,4,-2,-4,-4
15950,-29,1.0,3.5386,7,-2,-4,-4
15990,-29,1.0,3.664,8,-2,-4,-4
15992,-29,0.966,4.3789,10,-2,-4,-4
15994,-28,1.0,1.685,4,-1,-3,-3
16016,-28,0.98,0.1236,6,-1,-3,-3
16024,-29,1.0,4.0643,6,-2,-4,-4
16044,-28,0.981,3.6074,8,-1,-3,-3
16046,-28,0.963,3.3382,5,-1,-3,-3
16068,-22,1.0,4.5927,6,4,4,3
16072,-22,0.897,1.6546,9,4,4,3
16082,-22,0.912,3.6526,7,4,4,3
16091,-21,0.941,1.1307,11,5,5,4
16100,-21,1.0,3.1593,8,5,5,4
16127,-28,0.875,0.9681,7,-1,-3,-3
16166,-29,1.0,4.266,5,-2,-4,-4
16169,-28,1.0,3.747,6,-1,-3,-3
16199,-28,0.85,1.5435,7,-1,-3,-3
16202,-28,1.0,1.7165,8,-1,-3,-3
16206,-21,1.0,0.9315,3,5,5,4
16218,-23,0.97,2.7979,8,3,3,2
16228,-21,1.0,1.2533,6,5,5,4
16247,-29,0.951,4.9075,7,-1,-4,-4
16249,-28,0.981,1.8537,8,-1,-3,-3
16251,-22,1.0,4.1527,6,4,4,3
16255,-28,0.8,3.3229,5,-1,-3,-3
16272,-22,0.952,3.6869,10,4,4,3
16297,-28,1.0,0.2574,8,-1,-3,-3
16312,-22,0.865,4.8696,7,4,4,3
16313,-28,1.0,2.964,5,-1,-3,-3
16322,-21,1.0,0.3959,6,5,5,4
16324,-21,1.0,0.3506,8,5,5,4
16342,-28,1.0,4.9655,3,0,-3,-3
16353,-28,1.0,0.9221,3,-1,-3,-3
16365,-22,0.955,4.4328,5,4,4,3
16366,-22,1.0,3.0316,6,4,4,3
16380,-21,1.0,0.8176,5,5,5,4
16383,-21,0.96,1.4122,10,5,5,4
16392,-22,0.927,4.2032,15,4,4,3
16413,-22,1.0,3.6874,5,4,4,3
16428,-21,1.0,0.3244,4,5,5,4
16431,-22,1.0,4.3209,9,4,4,3
16439,-21,1.0,0.6615,3,5,5,4
16442,-22,1.0,4.4759,9,4,4,3
16446,-21,1.0,3.0826,4,5,5,4
16450,-21,1.0,1.4485,7,5,5,4
16454,-22,0.958,4.7411,5,4,4,3
16456,-22,1.0,4.0783,5,4,4,3
16459,-21,1.0,0.4889,6,5,5,4
16461,-21,1.0,0.9228,3,5,5,4
16489,-21,1.0,0.9876,4,5,5,4
16490,-28,0.689,2.1259,14,-1,-3,-3
16499,-28,1.0,2.0584,6,-1,-3,-3
16508,-29,0.904,4.8343,6,-1,-4,-4
16536,-29,0.938,3.0474,6,-2,-4,-4
16546,-22,0.921,4.1054,10,4,4,3
16551,-22,0.982,2.8057,7,4,4,3
16559,-29,0.894,2.8694,13,-2,-4,-4
16560,-22,0.909,5.1221,5,4,4,3
16572,-27,0.519,3.02,4,0,-2,-2
16574,-28,0.6,2.146,7,-1,-3,-3
16579,-21,1.0,0.8499,5,5,5,4
16611,-28,0.625,3.12,4,-1,-3,-3
16615,-29,0.938,6.0867,5,-1,-4,-4
16623,-28,0.864,1.554,6,-1,-3,-3
16632,-22,0.815,3.9035,7,4,4,3
16634,-28,0.918,4.3166,8,-1,-3,-3
16637,-22,1.0,2.9976,5,4,4,3
16638,-22,0.969,2.987,13,4,4,3
16641,-22,0.984,4.6106,9,4,4,3
16647,-29,0.84,2.3615,3,-2,-4,-4
16661,-29,0.95,4.0908,3,-2,-4,-4
16662,-27,0.927,2.9898,7,0,-2,-2
16729,-29,0.948,2.3572,11,-2,-4,-4
16732,-22,0.967,3.2537,4,4,4,3
16749,-21,1.0,3.1159,6,5,5,4
16792,-21,1.0,0.7258,4,5,5,4
16793,-21,1.0,0.2242,5,5,5,4
16816,-22,0.957,3.2706,3,4,4,3
16824,-28,1.0,2.4146,7,-1,-3,-3
16856,-29,0.929,3.387,7,-2,-4,-4
16861,-29,0.978,5.0662,6,-1,-4,-4
16876,-28,1.0,2.5468,4,-1,-3,-3
16887,-29,1.0,3.8014,5,-2,-4,-4
16889,-29,0.88,2.0068,8,-2,-4,-4
16890,-21,1.0,0.4959,7,5,5,4
16909,-29,0.98,1.8245,5,-2,-4,-4
16916,-29,0.898,3.3273,9,-2,-4,-4
16948,-28,1.0,3.0227,7,-1,-3,-3
16956,-21,1.0,0.717,5,5,5,4
16981,-29,0.963,5.0935,8,-1,-4,-4
16994,-29,1.0,1.6259,7,-2,-4,-4
17011,-29,0.966,4.478,4,-2,-4,-4
17024,-29,0.986,5.1349,9,-1,-4,-4
17035,-21,1.0,0.5663,3,5,5,4
17041,-21,1.0,0.3254,9,5,5,4
17045,-22,0.934,2.6888,9,4,4,3
17049,-22,0.974,3.396,5,4,4,3
17072,-21,1.0,0.8378,6,5,5,4
17074,-21,1.0,2.8644,5,5,5,4
17095,-21,1.0,0.7813,2,5,5,4
17104,-27,0.986,3.8976,8,0,-2,-2
17119,-29,0.896,2.9439,5,-2,-4,-4
17147,-29,0.933,4.9078,5,-1,-4,-4
17167,-28,0.871,0.1678,4,-1,-3,-3
17203,-23,0.824,2.6579,3,3,3,2
17218,-21,0.857,2.6026,4,5,5,4
17250,-21,1.0,0.6718,6,5,5,4
17254,-29,1.0,3.4593,7,-2,-4,-4
17280,-27,0.667,3.7234,7,0,-2,-2
17281,-23,0.852,5.0952,4,4,3,2
17297,-23,0.66,2.6784,6,3,3,2
17321,-29,0.778,4.3033,6,-2,-4,-4
17322,-29,0.924,5.3655,8,-1,-4,-4
17331,-29,1.0,4.4447,4,-2,-4,-4
17334,-23,1.0,2.7064,5,3,3,2
17345,-21,1.0,2.5177,7,5,5,4
17361,-22,0.464,5.1029,7,5,5,4
17376,-21,0.823,5.012,7,5,5,4
17388,-29,0.989,4.7752,10,-1,-4,-4
17397,-22,1.0,4.2801,7,4,4,3
17405,-29,0.611,2.6828,7,-2,-4,-4
17424,-22,0.782,4.0494,11,4,4,3
17425,-22,1.0,3.5071,4,4,4,3
17426,-28,0.744,4.6029,4,-1,-3,-3
17430,-29,0.977,3.8727,6,-2,-4,-4
17462,-21,1.0,0.594,4,5,5,4
17494,-21,1.0,0.2026,5,5,5,4
17498,-21,1.0,0.4838,7,5,5,4
17503,-21,0.968,2.7185,6,5,5,4
17516,-27,0.98,3.9897,5,0,-2,-2
17517,-29,0.982,5.5312,7,-1,-4,-4
17536,-21,1.0,2.9183,6,5,5,4
17558,-29,0.966,4.1344,7,-2,-4,-4
17559,-29,0.792,5.3786,6,-1,-4,-4
17577,-21,1.0,3.0249,5,5,5,4
17588,-21,0.908,3.2237,7,5,5,4
17659,-23,0.867,5.1899,2,4,3,2
17677,-22,0.929,3.6626,2,4,4,3
17681,-29,0.933,3.2514,12,-2,-4,-4
17683,-29,0.962,1.6154,10,-2,-4,-4
17712,-21,1.0,2.821,4,5,5,4
17724,-21,1.0,0.2309,6,5,5,4
17742,-21,1.0,3.1341,8,5,5,4
17755,-27,0.923,3.5451,4,0,-2,-2
17764,-29,0.916,4.9908,10,-1,-4,-4
17775,-29,0.979,5.8543,6,-1,-4,-4
17790,-27,0.942,4.202,6,0,-2,-2
17826,-21,0.891,2.5092,7,5,5,4
17831,-21,1.0,0.2378,7,5,5,4
17832,-29,0.966,5.0618,6,-1,-4,-4
17859,-28,0.873,3.8798,7,-1,-3,-3
17909,-21,1.0,0.5206,5,5,5,4
17912,-21,1.0,3.2902,5,5,5,4
17915,-29,1.0,3.402,6,-2,-4,-4
17920,-29,0.95,5.3632,10,-1,-4,-4
17926,-22,0.923,1.4259,2,4,4,3
17936,-21,0.667,2.5232,3,5,5,4
17984,-21,0.941,3.0639,7,5,5,4
17998,-29,0.974,5.7149,11,-1,-4,-4
18000,-21,0.895,2.78,4,5,5,4
18039,-22,1.0,2.8334,3,4,4,3
18046,-27,0.681,4.4284,10,0,-2,-2
18075,-28,0.838,2.7104,8,-1,-3,-3
18082,-29,1.0,3.3496,4,-2,-4,-4
18087,-29,1.0,3.0848,4,-2,-4,-4
18091,-22,1.0,3.5008,4,4,4,3
18101,-29,1.0,6.1438,7,-1,-4,-4
18105,-22,1.0,3.2798,6,4,4,3
18115,-29,0.849,2.3532,8,-2,-4,-4
18118,-21,1.0,3.1312,4,5,5,4
18145,-27,0.878,4.0964,9,0,-2,-2
18175,-22,1.0,5.1608,4,4,4,3
18199,-29,0.953,5.7111,7,-1,-4,-4
18219,-21,1.0,0.3823,5,5,5,4
18290,-22,1.0,3.3768,9,4,4,3
18303,-21,0.952,0.0336,5,5,5,4
18320,-22,1.0,3.0843,4,4,4,3
18382,-21,0.96,6.2555,5,5,5,4
18405,-21,0.909,1.2013,3,5,5,4
18419,-29,1.0,3.6885,6,-2,-4,-4
18448,-23,1.0,3.0792,4,3,3,2
18459,-29,1.0,5.9496,7,-1,-4,-4
18466,-21,1.0,3.2474,8,5,5,4
18473,-29,0.955,5.0419,7,-1,-4,-4
18491,-21,1.0,2.6293,3,5,5,4
18494,-21,0.727,1.2398,6,5,5,4
18497,-21,1.0,3.4588,3,5,5,4
18500,-21,1.0,0.112,4,5,5,4
18509,-28,0.792,2.366,9,-1,-3,-3
18516,-29,0.786,2.0879,10,-2,-4,-4
18540,-22,0.982,1.9905,6,4,4,3
18547,-21,1.0,0.4545,5,5,5,4
18552,-28,0.775,2.6256,9,-1,-3,-3
18593,-22,1.0,3.5773,4,4,4,3
18604,-22,0.958,2.7499,3,4,4,3
18605,-29,0.986,5.8213,8,-1,-4,-4
18631,-21,1.0,0.1137,4,5,5,4
18633,-22,0.957,3.7393,12,4,4,3
18646,-20,0.894,0.0948,5,5,6,5
18679,-21,0.822,3.4701,5,5,5,4
18682,-21,0.933,2.8945,5,5,5,4
18689,-28,1.0,3.2235,2,-1,-3,-3
18704,-29,1.0,2.8341,6,-2,-4,-4
18725,-29,0.968,3.9847,11,-2,-4,-4
18737,-21,1.0,3.037,4,5,5,4
18743,-27,0.788,4.3356,5,0,-2,-2
18746,-21,0.932,3.4366,9,5,5,4
18752,-28,0.882,3.9674,7,-1,-3,-3
18774,-21,0.975,6.2029,9,5,5,4
18778,-21,1.0,1.0428,4,5,5,4
18811,-29,0.95,5.349,11,-1,-4,-4
18845,-29,0.922,4.9524,6,-1,-4,-4
18892,-21,0.986,4.9394,9,5,5,4
18894,-21,0.974,2.949,6,5,5,4
18923,-22,0.868,5.0387,5,4,4,3
19010,-29,0.893,2.6864,6,-2,-4,-4
19065,-21,0.964,2.8176,4,5,5,4
19071,-22,0.913,1.2594,3,4,4,3
19077,-22,0.976,4.2328,5,4,4,3
19105,-28,0.826,1.8094,17,-1,-3,-3
19138,-29,0.976,5.4663,5,-1,-4,-4
19157,-21,0.961,4.7083,8,5,5,4
19180,-21,1.0,5.0898,9,5,5,4
19205,-21,1.0,5.2751,8,5,5,4
19243,-21,1.0,2.7219,6,5,5,4
19249,-28,0.87,2.9994,5,-1,-3,-3
19262,-22,0.968,3.5546,5,4,4,3
19273,-27,0.908,4.5075,9,0,-2,-2
19281,-29,0.925,2.1442,5,-2,-4,-4
19292,-21,1.0,5.0455,5,5,5,4
19313,-29,1.0,1.2332,5,-2,-4,-4
19316,-21,1.0,3.2168,8,5,5,4
19375,-21,0.867,6.0925,3,5,5,4
19446,-29,1.0,4.1405,3,-2,-4,-4
19488,-20,0.849,0.1194,12,5,6,5
19513,-21,0.941,5.9905,6,5,5,4
19539,-29,0.507,4.6816,7,-1,-4,-4
19546,-21,0.908,4.9355,13,5,5,4
19554,-29,0.985,1.0815,8,-2,-4,-4
19617,-28,0.969,0.005,8,-1,-3,-3
19640,-21,1.0,2.9646,4,5,5,4
19682,-23,0.966,2.9877,11,3,3,2
19701,-21,1.0,4.6923,7,5,5,4
19719,-29,0.952,2.4731,8,-2,-4,-4
19727,-21,1.0,3.0414,2,5,5,4
19742,-21,1.0,5.1738,6,5,5,4
19748,-29,0.867,2.0915,13,-2,-4,-4
19756,-29,1.0,3.6841,7,-2,-4,-4
19779,-21,0.98,3.2964,7,5,5,4
19780,-21,1.0,3.3963,9,5,5,4
19831,-22,0.827,3.6615,8,4,4,3
19842,-29,0.952,4.1076,10,-2,-4,-4
20008,-21,0.828,5.079,4,5,5,4
20047,-22,0.775,3.2485,5,4,4,3
20067,-21,1.0,0.3885,6,5,5,4
20075,-20,0.771,0.2568,5,5,6,5
20079,-20,1.0,0.133,4,5,6,5
20080,-21,1.0,3.5267,5,5,5,4
20082,-29,0.939,5.2018,10,-1,-4,-4
20086,-20,0.883,6.0112,6,6,6,5
20102,-21,0.962,6.1366,6,5,5,4
20106,-21,1.0,4.8287,4,5,5,4
20133,-29,0.793,4.5614,8,-2,-4,-4
20142,-21,1.0,3.2334,7,5,5,4
20159,-22,0.981,4.9948,6,4,4,3
20164,-29,1.0,1.5847,9,-2,-4,-4
20221,-21,0.65,1.0199,3,5,5,4
20252,-21,1.0,4.7484,5,5,5,4
20266,-21,1.0,0.1021,3,5,5,4
20276,-23,1.0,2.9208,3,3,3,2
20313,-20,0.917,0.098,5,5,6,5
20331,-29,0.948,4.444,7,-2,-4,-4
20340,-21,1.0,3.2163,4,5,5,4
20349,-21,0.957,4.4749,7,5,5,4
20381,-21,0.949,4.5509,6,5,5,4
20403,-21,1.0,4.601,5,5,5,4
20405,-21,1.0,4.7498,6,5,5,4
20488,-21,0.968,4.5586,8,5,5,4
20498,-21,1.0,4.6035,5,5,5,4
20503,-29,1.0,3.7276,5,-2,-4,-4
20511,-23,1.0,2.7784,5,3,3,2
20516,-29,1.0,0.7015,7,-2,-4,-4
20555,-20,0.946,0.164,4,5,6,5
20598,-29,0.984,0.7774,8,-2,-4,-4
20634,-29,1.0,0.594,7,-2,-4,-4
20669,-29,0.967,0.6708,3,-2,-4,-4
20708,-21,0.959,4.3962,7,5,5,4
20725,-21,1.0,4.4571,4,5,5,4
20729,-28,0.429,4.6904,5,0,-2,-2
20738,-29,1.0,4.33,3,-2,-4,-4
20756,-23,1.0,3.0652,2,3,3,2
20758,-22,0.702,3.3596,5,4,4,3
20787,-29,0.789,3.8919,3,-2,-4,-4
20794,-22,0.944,4.7155,5,4,4,3
20847,-29,1.0,2.1446,4,-2,-4,-4
20860,-21,1.0,4.231,8,5,5,4
20920,-23,1.0,2.9924,2,3,3,2
20953,-29,1.0,6.1333,3,-1,-4,-4
20969,-28,0.63,2.8512,3,-1,-3,-3
20974,-29,0.837,4.4935,6,-2,-4,-4
21050,-29,0.975,1.0632,4,-2,-4,-4
21079,-29,0.886,3.6386,5,-2,-4,-4
21096,-29,0.943,5.2494,6,-1,-4,-4
21134,-20,0.9,0.2409,8,5,6,5
21228,-29,0.944,5.3783,3,-1,-4,-4
21264,-22,0.682,3.8844,8,4,4,3
21274,-29,1.0,0.4396,6,-2,-4,-4
21279,-27,0.927,4.7505,5,0,-2,-2
21304,-29,0.843,4.4269,6,-2,-4,-4
21347,-29,1.0,0.2603,6,-2,-4,-4
21358,-29,1.0,1.1448,7,-2,-4,-4
21399,-21,1.0,0.767,5,5,5,4
21495,-20,0.84,0.3105,4,5,6,5
21550,-21,0.958,6.0217,8,5,5,4
21590,-20,0.938,6.0509,5,6,6,5
21596,-21,0.932,6.0568,5,5,5,4
21622,-21,0.938,5.9788,8,5,5,4
21652,-21,0.974,4.4499,6,5,5,4
21670,-29,1.0,0.2599,4,-2,-4,-4
21703,-22,1.0,4.7924,9,4,4,3
21714,-21,0.725,6.1598,6,5,5,4
21721,-21,1.0,5.9908,7,5,5,4
21732,-21,1.0,5.9451,5,5,5,4
21794,-21,0.957,5.0811,7,5,5,4
21796,-20,0.984,6.1106,7,6,6,5
21809,-21,0.906,5.8597,10,5,5,4
21814,-21,0.736,5.021,7,5,5,4
21820,-29,1.0,0.2118,9,-2,-4,-4
21822,-21,0.81,0.9309,8,5,5,4
21831,-21,0.965,6.137,6,5,5,4
21858,-21,0.898,5.1922,8,5,5,4
21881,-21,0.951,3.5267,5,5,5,4
21907,-21,0.957,3.3149,6,5,5,4
21910,-21,0.851,5.6526,5,5,5,4
21913,-20,1.0,0.3928,3,5,6,5
21928,-20,0.955,0.3867,7,5,6,5
21936,-20,0.833,5.1148,3,6,6,5
21962,-21,0.942,4.5645,8,5,5,4
21995,-21,0.925,5.8289,6,5,5,4
22005,-21,0.891,5.5951,5,5,5,4
22041,-21,1.0,4.3028,6,5,5,4
22095,-29,0.989,0.0763,9,-2,-4,-4
22109,-21,1.0,4.063,3,5,5,4
22128,-21,0.9,6.224,2,5,5,4
22147,-21,0.902,5.6977,5,5,5,4
22158,-21,0.984,3.3495,8,5,5,4
22174,-20,1.0,0.3861,3,5,6,5
22198,-20,0.9,6.1277,6,6,6,5
22238,-21,1.0,3.6377,3,5,5,4
22240,-21,0.93,3.4143,10,5,5,4
22263,-21,0.645,5.189,5,5,5,4
22264,-20,0.957,5.947,10,6,6,5
22276,-30,0.988,6.1353,8,-2,-5,-5
22295,-20,1.0,0.5025,7,5,6,5
22302,-30,0.973,6.2002,6,-2,-5,-5
22366,-20,1.0,5.7361,5,6,6,5
22376,-22,0.931,6.2306,7,5,4,3
22389,-21,0.719,4.1175,6,5,5,4
22461,-20,1.0,5.6378,6,6,6,5
22505,-21,0.887,5.5577,8,5,5,4
22525,-20,1.0,5.8031,8,6,6,5
22561,-21,1.0,5.9889,4,5,5,4
22594,-21,0.939,3.6882,4,5,5,4
22600,-21,0.968,6.264,7,5,5,4
22613,-21,1.0,5.8328,10,5,5,4
22616,-29,0.579,2.5094,12,-2,-4,-4
22631,-21,0.786,5.2831,5,5,5,4
22647,-21,0.962,3.7276,7,5,5,4
22679,-20,1.0,5.7783,6,6,6,5
22710,-20,0.536,5.5114,4,6,6,4
22733,-22,0.9,6.2176,6,5,4,3
22790,-21,0.967,6.16,6,5,5,4
22799,-21,0.78,5.3807,7,5,5,4
22824,-21,0.707,4.0516,5,5,5,4
22838,-29,1.0,0.2777,7,-2,-4,-4
22843,-21,1.0,5.6631,6,5,5,4
22850,-20,0.827,5.5406,10,6,6,5
22857,-21,0.87,3.7139,4,5,5,4
22878,-20,0.939,6.2096,6,6,6,5
22894,-21,0.857,3.7209,5,5,5,4
22909,-22,0.985,3.0222,9,4,4,3
22917,-29,0.979,0.0151,5,-2,-4,-4
22943,-29,0.976,0.2166,5,-2,-4,-4
22962,-20,0.979,5.9756,7,6,6,5
22990,-21,1.0,3.85,1,5,5,4
23008,-21,0.943,3.4796,5,5,5,4
23027,-21,0.839,3.6024,4,5,5,4
23062,-21,0.696,3.9483,6,5,5,4
23124,-20,0.973,5.5528,6,6,6,5
23138,-23,1.0,2.6759,6,3,3,2
23146,-30,1.0,6.0419,5,-2,-5,-5
23154,-20,1.0,0.5766,5,5,6,5
23178,-21,0.933,5.4631,6,5,5,4
23213,-20,0.842,0.0479,8,5,6,5
23221,-21,0.975,5.4098,8,5,5,4
23247,-20,1.0,0.4926,6,5,6,5
23264,-24,0.684,3.0864,9,2,2,1
23298,-20,0.882,5.0999,5,6,6,5
23455,-20,0.974,6.161,5,6,6,5
23470,-27,0.908,4.8288,12,0,-2,-2
23507,-29,0.671,2.6789,9,-2,-4,-4
23544,-21,0.968,3.3829,7,5,5,4
23548,-22,0.921,3.5213,5,4,4,3
23554,-21,0.833,5.2816,6,5,5,4
23592,-21,0.906,5.3003,4,5,5,4
23665,-21,1.0,3.6486,7,5,5,4
23685,-21,0.844,5.387,9,5,5,4
23756,-21,0.735,5.1117,4,5,5,4
23839,-27,1.0,5.0033,3,0,-2,-2
23843,-20,1.0,6.2761,4,6,6,5
23868,-30,1.0,5.8935,10,-2,-5,-5
23871,-21,0.941,5.5137,6,5,5,4
23895,-21,0.96,3.9333,4,5,5,4
23903,-20,0.945,5.1206,6,6,6,5
23909,-20,1.0,0.4272,9,5,6,5
23934,-20,0.831,0.1681,8,5,6,5
23987,-30,1.0,5.9802,6,-2,-5,-5
24016,-30,1.0,5.6525,8,-2,-5,-5
24057,-20,0.938,4.9918,7,6,6,5
24061,-19,0.943,0.0598,5,6,7,6
24099,-27,1.0,5.127,4,0,-2,-2
24139,-20,0.783,4.8595,6,6,6,5
24171,-21,0.93,3.7467,6,5,5,4
24219,-20,0.977,0.5616,5,5,6,5
24227,-30,0.986,5.5853,7,-2,-5,-5
24313,-20,0.96,0.6166,7,5,6,5
24329,-20,1.0,4.9551,10,6,6,5
24334,-20,0.867,5.6206,7,6,6,5
24335,-20,0.96,0.1403,5,5,6,5
24492,-20,0.857,0.0829,2,5,6,5
24495,-30,1.0,5.9732,5,-2,-5,-5
24499,-20,1.0,0.3843,5,5,6,5
24510,-30,0.988,5.9253,9,-2,-5,-5
24518,-21,0.8,5.5048,6,5,5,4
24522,-20,0.708,4.7706,5,6,6,4
24537,-30,0.974,5.6822,5,-2,-5,-5
24540,-20,0.935,5.7184,7,6,6,5
24553,-20,1.0,0.316,7,5,6,5
24615,-19,0.923,0.1337,8,6,7,6
24631,-21,0.935,3.5491,5,5,5,4
24666,-20,1.0,0.0181,6,5,6,5
24673,-21,0.966,5.5498,5,5,5,4
24677,-20,0.969,0.6463,9,5,6,5
24683,-30,1.0,5.8435,7,-2,-5,-5
24730,-20,0.903,5.6374,5,6,6,5
24771,-28,0.793,3.0783,4,-1,-3,-3
24787,-20,1.0,0.2368,4,5,6,5
24813,-19,1.0,0.2632,5,6,7,6
24856,-30,0.975,5.339,9,-2,-5,-5
24875,-20,0.875,5.23,13,6,6,5
24940,-21,0.903,4.2939,4,5,5,4
25090,-20,1.0,0.3072,2,5,6,5
25097,-21,0.902,3.3994,6,5,5,4
25119,-20,0.979,5.184,7,6,6,5
25123,-20,1.0,5.767,6,6,6,5
25162,-21,1.0,5.3992,7,5,5,4
25208,-20,0.951,5.0669,9,6,6,5
25218,-20,0.988,5.9566,10,6,6,5
25226,-29,1.0,1.4845,3,-2,-4,-4
25271,-21,1.0,3.0105,6,5,5,4
25347,-20,0.661,5.3816,6,6,6,5
25366,-20,0.943,4.9009,10,6,6,5
25416,-20,1.0,0.4661,7,5,6,5
25430,-20,0.723,5.6957,6,6,6,5
25507,-20,1.0,6.1171,2,6,6,5
25524,-20,0.982,5.6,8,6,6,5
25543,-21,0.63,4.6938,3,5,5,3
25617,-20,1.0,5.8863,3,6,6,5
25641,-30,0.977,5.475,5,-2,-5,-5
25729,-21,0.886,4.1191,8,5,5,4
25732,-30,1.0,5.3332,9,-2,-5,-5
25748,-20,0.942,5.747,6,6,6,5
25758,-20,1.0,0.8181,7,5,6,5
25795,-21,1.0,0.6303,4,5,5,4
25825,-20,1.0,0.4172,6,5,6,5
25841,-20,0.978,6.0552,6,6,6,5
25843,-21,0.912,3.9141,8,5,5,4
25876,-30,1.0,5.0033,7,-2,-5,-5
25883,-20,0.837,0.9785,7,5,6,5
25913,-21,0.565,4.605,7,5,5,4
25987,-20,0.766,4.7841,7,6,6,5
26078,-21,1.0,5.875,4,5,5,4
26095,-30,1.0,4.9654,7,-2,-5,-5
26105,-20,1.0,5.6088,4,6,6,5
26123,-20,0.879,4.663,8,6,6,5
26142,-20,1.0,5.5126,7,6,6,5
26231,-19,1.0,0.3563,6,6,7,6
26244,-20,1.0,0.1959,5,5,6,5
26276,-19,1.0,0.4519,8,6,7,6
26296,-19,0.784,5.4503,8,7,7,6
26331,-19,1.0,0.4514,4,6,7,6
26343,-20,1.0,0.8527,3,5,6,5
26355,-21,0.9,3.7818,4,5,5,4
26363,-21,0.839,4.0032,6,5,5,4
26395,-22,0.922,4.9424,6,4,4,3
26404,-21,0.917,5.2855,10,5,5,4
26416,-20,0.966,5.6115,8,6,6,5
26501,-20,0.97,5.3986,7,6,6,5
26535,-20,1.0,4.7001,5,6,6,5
26580,-21,1.0,5.5236,3,5,5,4
26601,-20,1.0,4.6439,5,6,6,5
26712,-19,0.982,0.3363,7,6,7,6
26713,-29,1.0,1.2223,4,-2,-4,-4
26735,-20,1.0,4.7398,7,6,6,5
26755,-20,0.968,4.6661,7,6,6,5
26757,-20,0.966,5.1265,7,6,6,5
26759,-29,0.983,0.9489,6,-2,-4,-4
26786,-20,1.0,0.7559,2,5,6,5
26793,-19,1.0,0.541,7,6,7,6
26849,-30,0.98,6.2031,6,-2,-5,-5
26854,-20,0.962,6.1303,6,6,6,5
26873,-20,1.0,5.4789,5,6,6,5
26904,-29,1.0,0.5002,5,-2,-4,-4
26910,-19,0.655,5.4049,6,7,7,6
27066,-19,1.0,0.0111,4,6,7,6
27099,-21,0.904,4.668,6,5,5,4
27134,-20,0.975,4.8338,9,6,6,5
27139,-20,1.0,0.2715,3,5,6,5
27161,-20,0.957,5.4865,5,6,6,5
27346,-21,0.981,5.3932,7,5,5,4
27393,-20,1.0,5.9516,3,6,6,5
27405,-20,1.0,0.321,8,5,6,5
27452,-20,1.0,0.6857,1,5,6,5
27480,-19,0.962,0.5848,12,6,7,6
27493,-19,0.955,5.6176,5,7,7,6
27645,-21,0.9,4.4519,1,5,5,4
27655,-20,0.964,5.4112,6,6,6,5
27751,-30,1.0,4.9284,7,-2,-5,-5
27786,-30,1.0,5.0898,4,-2,-5,-5
27807,-20,0.984,4.4433,7,6,6,5
27826,-21,0.975,5.231,4,5,5,4
27919,-30,1.0,4.9639,7,-2,-5,-5
27948,-30,1.0,4.902,5,-2,-5,-5
27984,-20,1.0,0.5749,2,5,6,5
27987,-23,0.526,3.2006,5,2,2,1
28096,-30,0.7,5.1117,3,-2,-5,-5
28132,-30,0.867,5.048,4,-2,-5,-5
28153,-20,0.9,5.2789,6,6,6,5
28168,-20,0.971,6.2737,5,6,6,5
28324,-21,1.0,0.7807,4,5,5,4
28365,-19,1.0,0.4235,7,6,7,6
28460,-20,1.0,0.966,8,5,6,5
28462,-20,0.566,5.4254,8,5,5,4
28589,-20,1.0,0.8242,7,5,6,5
28607,-20,0.841,4.2012,10,6,6,5
28652,-20,0.972,5.3021,6,6,6,5
28677,-20,1.0,5.2149,6,6,6,5
28678,-21,1.0,4.3142,1,5,5,3
28687,-30,0.905,4.9501,5,-2,-5,-5
28779,-19,0.953,0.0454,7,6,7,6
28813,-20,1.0,5.63,2,6,6,5
28822,-21,1.0,5.6441,4,5,5,4
28981,-30,0.98,4.7695,7,-2,-5,-5
28983,-20,0.848,3.9742,6,6,6,5
28984,-20,0.649,4.0843,6,6,6,5
29039,-20,0.906,4.012,10,6,6,5
29080,-20,1.0,3.9487,2,6,6,5
29094,-20,0.986,5.8863,8,6,6,5
29120,-19,0.975,0.8304,6,6,7,6
29154,-30,1.0,4.6511,4,-2,-5,-5
29168,-20,1.0,4.5559,10,6,6,5
29191,-19,0.93,5.8767,6,7,7,6
29234,-19,0.946,5.8981,8,7,7,6
29258,-30,0.333,4.7901,2,-2,-5,-5
29261,-20,0.921,3.8066,5,6,6,5
29277,-20,0.969,5.4313,7,6,6,5
29279,-19,0.98,0.1607,6,6,7,6
29285,-20,1.0,0.5796,3,5,6,5
29309,-19,0.976,5.6721,10,7,7,6
29314,-21,1.0,4.7619,3,5,5,4
29364,-22,0.76,2.782,4,4,4,3
29365,-30,0.926,4.695,6,-2,-5,-5
29417,-19,0.971,6.1133,8,7,7,6
29421,-30,1.0,4.2649,6,-2,-5,-5
29442,-19,1.0,0.8385,6,6,7,6
29476,-19,1.0,0.2187,4,6,7,6
29482,-30,1.0,5.4527,2,-2,-5,-5
29485,-19,0.92,5.8104,6,7,7,6
29518,-19,0.951,0.9304,8,6,7,6
29545,-30,1.0,4.5311,3,-2,-5,-5
29555,-19,0.971,5.5723,8,7,7,6
29579,-30,1.0,4.7247,12,-2,-5,-5
29586,-19,1.0,0.8825,8,6,7,6
29595,-30,0.967,4.4417,3,-2,-5,-5
29613,-30,0.971,4.812,10,-2,-5,-5
29624,-19,0.95,5.878,10,7,7,6
29669,-30,1.0,4.3299,5,-2,-5,-5
29688,-20,0.947,3.971,6,6,6,5
29698,-30,1.0,5.0901,8,-2,-5,-5
29699,-20,0.917,4.0658,9,6,6,5
29726,-19,1.0,5.9287,6,7,7,6
29734,-19,0.95,6.2654,5,7,7,6
29746,-19,1.0,5.7803,8,7,7,6
29758,-20,0.895,3.798,6,6,6,5
29769,-19,1.0,0.4144,6,6,7,6
29783,-19,0.85,6.0488,8,7,7,6
29784,-19,0.78,5.4348,6,7,7,6
29834,-30,1.0,4.2724,10,-2,-5,-5
29858,-19,0.958,0.7489,7,6,7,6
29876,-30,1.0,3.934,4,-2,-5,-5
29940,-20,0.898,4.0671,9,6,6,5
29997,-30,1.0,3.592,7,-2,-5,-5
30015,-20,0.8,4.4028,1,6,6,4
30087,-30,1.0,4.2265,5,-2,-5,-5
30096,-30,1.0,4.2555,5,-2,-5,-5
30125,-20,0.8,4.2283,8,6,6,5
30128,-19,1.0,0.1874,6,6,7,6
30134,-30,1.0,4.0343,8,-2,-5,-5
30159,-20,1.0,4.1831,6,6,6,5
30173,-30,1.0,3.971,10,-2,-5,-5
30180,-30,0.88,4.5071,6,-2,-5,-5
30182,-30,1.0,3.7352,8,-2,-5,-5
30208,-19,0.879,5.6726,5,7,7,6
30216,-30,1.0,3.3307,11,-2,-5,-5
30222,-20,1.0,4.295,5,6,6,5
30236,-19,0.982,0.7416,8,6,7,6
30256,-30,1.0,3.7979,5,-2,-5,-5
30259,-19,0.986,5.7273,8,7,7,6
30288,-20,0.768,3.8833,8,6,6,5
30305,-19,0.914,1.0384,5,6,7,6
30351,-18,0.962,0.024,7,7,8,7
30409,-19,0.885,5.441,3,7,7,6
30432,-20,0.658,4.4647,5,6,6,4
30490,-19,0.971,6.2016,5,7,7,6
30516,-30,1.0,4.2532,7,-2,-5,-5
30517,-19,0.8,0.5485,5,6,7,6
30564,-21,0.791,5.2628,6,5,5,4
30636,-20,0.811,3.8906,7,6,6,5
30638,-19,0.98,6.0349,5,7,7,6
30713,-20,0.783,3.7069,11,6,6,5
30813,-19,1.0,0.9203,3,6,7,6
30868,-24,0.8,3.117,7,2,2,1
30900,-19,0.854,1.049,5,6,7,6
30929,-18,0.973,0.1352,4,7,8,7
31000,-30,0.978,3.3629,6,-2,-5,-5
31009,-21,0.9,4.3046,2,5,5,3
31013,-19,0.966,0.5635,6,6,7,6
31112,-21,1.0,5.4909,3,5,5,4
31128,-30,0.877,2.7761,7,-2,-5,-5
31135,-18,1.0,0.2319,3,7,8,7
31229,-21,0.727,4.9577,4,5,5,4
31247,-20,1.0,5.0827,4,6,6,5
31249,-30,0.989,2.4741,10,-2,-5,-5
31308,-19,1.0,0.0862,5,6,7,6
31344,-19,0.966,0.2114,4,6,7,6
31385,-19,1.0,0.6485,2,6,7,6
31455,-19,1.0,1.0982,4,6,7,6
31470,-19,0.978,5.5907,5,7,7,6
31473,-19,0.652,1.1941,4,7,7,6
31488,-20,0.963,3.8321,6,6,6,5
31534,-20,1.0,4.2633,9,6,6,5
31549,-20,0.893,3.8188,9,6,6,5
31582,-19,0.943,0.0541,4,6,7,6
31586,-18,1.0,0.1402,5,7,8,7
31590,-19,0.923,5.5173,4,7,7,6
31596,-19,1.0,0.1516,6,6,7,6
31601,-30,1.0,2.1019,6,-2,-5,-5
31622,-18,1.0,0.2929,2,7,8,7
31627,-30,1.0,1.5968,9,-2,-5,-5
31646,-30,1.0,1.2975,9,-2,-5,-5
31662,-19,0.948,5.6843,10,7,7,6
31666,-20,1.0,5.3591,3,6,6,5
31671,-20,1.0,3.7632,5,6,6,5
31691,-20,0.931,3.8312,4,6,6,5
31720,-19,0.955,5.4543,7,7,7,6
31723,-19,0.98,5.4887,6,7,7,6
31737,-30,1.0,2.9464,6,-2,-5,-5
31740,-19,0.954,6.0176,10,7,7,6
31750,-19,1.0,5.3016,4,7,7,6
31752,-20,0.967,3.7189,6,6,6,5
31756,-19,0.989,5.9396,12,7,7,6
31788,-30,1.0,0.7961,10,-2,-5,-5
31824,-20,1.0,4.923,3,6,6,5
31825,-20,0.848,3.911,4,6,6,5
31837,-19,0.835,5.3527,10,7,7,6
31844,-18,1.0,0.3682,5,7,8,7
31852,-30,0.961,2.0166,8,-2,-5,-5
31884,-19,0.889,1.0871,6,6,7,6
31900,-19,1.0,6.0795,4,7,7,6
31907,-19,1.0,1.0383,6,6,7,6
31943,-30,1.0,1.3541,7,-2,-5,-5
31982,-19,0.968,5.2476,6,7,7,6
32008,-30,1.0,0.8006,6,-2,-5,-5
32045,-20,0.952,3.6569,6,6,6,5
32060,-19,1.0,0.9977,5,6,7,6
32064,-22,0.986,2.8141,8,4,4,3
32103,-19,1.0,0.3354,5,6,7,6
32130,-30,0.964,4.5429,13,-2,-5,-5
32161,-20,0.967,3.5674,6,6,6,5
32188,-30,1.0,0.3937,4,-2,-5,-5
32196,-30,1.0,0.9478,2,-2,-5,-5
32206,-20,1.0,5.3863,10,6,6,5
32217,-30,1.0,0.9538,7,-2,-5,-5
32220,-30,0.887,2.6803,7,-2,-5,-5
32237,-20,0.879,3.4881,4,6,6,5
32251,-19,0.852,5.4348,3,7,7,6
32281,-30,1.0,0.3692,8,-2,-5,-5
32298,-19,1.0,5.0988,5,7,7,6
32326,-30,0.987,1.5551,9,-2,-5,-5
32327,-19,0.939,6.1472,5,7,7,6
32336,-30,0.866,2.561,10,-2,-5,-5
32358,-19,1.0,0.3628,5,6,7,6
32366,-19,1.0,4.9004,6,7,7,6
32389,-30,1.0,3.3991,4,-2,-5,-5
32411,-19,0.938,5.2432,6,7,7,6
32412,-19,0.688,0.2828,9,6,7,6
32418,-19,0.967,5.771,3,7,7,6
32432,-19,0.952,5.2469,4,7,7,6
32438,-30,0.98,0.311,7,-2,-5,-5
32449,-19,1.0,5.0014,5,7,7,6
32469,-30,1.0,2.7101,4,-2,-5,-5
32523,-19,1.0,0.2988,5,6,7,6
32584,-31,0.983,6.2692,6,-2,-6,-6
32585,-18,1.0,0.4095,8,7,8,7
32598,-19,1.0,0.6785,3,6,7,6
32605,-30,0.96,0.0099,5,-2,-5,-5
32612,-18,1.0,0.5643,6,7,8,7
32641,-19,0.936,5.1468,7,7,7,6
32642,-19,0.887,1.1516,9,6,7,6
32660,-19,0.898,4.8976,10,7,7,6
32676,-20,0.692,3.712,6,6,6,5
32691,-18,0.967,0.7094,3,7,8,7
32710,-30,0.977,2.7393,6,-2,-5,-5
32731,-18,1.0,0.4906,6,7,8,7
32755,-18,0.964,0.7448,6,7,8,7
32814,-18,0.94,0.6465,11,7,8,7
32865,-19,0.945,4.7544,6,7,7,6
32923,-30,1.0,0.1056,3,-2,-5,-5
32927,-19,0.933,1.3246,2,7,7,6
32955,-20,0.951,3.6272,6,6,6,5
32962,-19,1.0,0.4273,6,6,7,6
33024,-30,0.971,2.1759,4,-2,-5,-5
33049,-20,0.75,4.5946,7,6,6,4
33059,-20,1.0,4.4657,2,6,6,5
33070,-19,0.927,1.2951,5,7,7,6
33093,-20,1.0,3.7569,5,6,6,5
33110,-18,0.98,0.4045,6,7,8,7
33118,-20,0.905,3.7662,3,6,6,5
33129,-19,0.94,5.9657,5,7,7,6
33147,-19,0.982,1.438,7,7,7,6
33150,-18,0.98,0.4947,5,7,8,7
33197,-20,0.714,3.6081,5,6,6,5
33256,-20,0.833,3.5255,11,6,6,5
33278,-19,0.86,5.2669,6,7,7,6
33289,-19,1.0,0.4576,5,6,7,6
33301,-19,1.0,0.519,4,6,7,6
33346,-20,1.0,3.6495,5,6,6,5
33360,-18,1.0,0.2133,4,7,8,7
33416,-19,0.964,6.1342,7,7,7,6
33426,-20,1.0,2.2374,4,6,6,5
33491,-20,1.0,0.1642,4,5,6,5
33523,-30,1.0,1.0438,7,-2,-5,-5
33537,-19,0.871,1.3063,7,7,7,6
33595,-18,0.942,0.5578,6,7,8,7
33611,-20,1.0,2.0613,4,6,6,5
33624,-19,0.939,6.2333,5,7,7,6
33634,-22,0.971,2.7941,5,4,4,3
33645,-20,0.632,3.4782,5,6,6,5
33658,-19,0.964,1.5454,9,7,7,6
33683,-20,1.0,2.5741,4,6,6,5
33688,-19,0.979,4.6073,6,7,7,6
33708,-19,0.971,0.5293,6,6,7,6
33723,-19,0.955,4.6135,9,7,7,6
33788,-19,1.0,1.333,3,7,7,6
33794,-19,0.908,4.3826,11,7,7,6
33803,-18,0.95,0.6778,2,7,8,7
33840,-19,0.933,4.4595,3,7,7,6
33850,-30,1.0,0.6472,8,-2,-5,-5
33860,-20,0.925,3.4369,4,6,6,5
33862,-19,0.981,0.1447,7,6,7,6
33889,-19,0.917,1.5135,7,7,7,6
33920,-18,0.833,0.0211,3,7,8,7
33923,-18,1.0,0.3486,6,7,8,7
33924,-20,0.706,4.0518,4,6,6,5
33947,-30,1.0,1.1951,4,-2,-5,-5
33966,-18,0.963,0.8128,5,7,8,7
33978,-18,1.0,0.5574,5,7,8,7
33983,-19,0.982,1.4523,7,7,7,6
33986,-18,1.0,0.2669,8,7,8,7
33988,-21,1.0,4.8411,5,5,5,4
34019,-30,1.0,3.1055,5,-2,-5,-5
34071,-18,1.0,0.2675,5,7,8,7
34081,-30,1.0,0.0262,8,-2,-5,-5
34161,-18,1.0,0.1681,5,7,8,7
34162,-30,1.0,0.6591,2,-2,-5,-5
34238,-20,0.952,2.6435,6,6,6,5
34259,-19,1.0,0.1272,5,6,7,6
34276,-19,1.0,1.0651,4,6,7,6
34295,-30,1.0,0.177,5,-2,-5,-5
34357,-20,0.968,2.5964,5,6,6,5
34382,-31,0.976,6.2431,5,-2,-6,-6
34384,-19,0.938,4.8787,9,7,7,6
34448,-18,0.854,0.869,9,7,8,7
34493,-19,0.869,4.053,10,7,7,6
34531,-20,0.975,4.4725,7,6,6,5
34545,-20,0.968,2.4544,9,6,6,5
34576,-19,1.0,3.837,6,7,7,6
34628,-19,0.957,3.7685,6,7,7,6
34658,-30,1.0,1.8846,1,-2,-5,-5
34705,-19,1.0,1.7495,10,7,7,6
34709,-30,0.963,1.7732,11,-2,-5,-5
34792,-31,0.981,5.9826,7,-2,-6,-6
34823,-19,0.963,4.9623,10,7,7,6
34840,-20,0.932,1.0355,9,5,6,5
34844,-21,1.0,4.9298,5,5,5,4
34846,-19,0.899,4.402,8,7,7,6
34847,-20,0.871,2.7289,6,6,6,5
34876,-21,1.0,4.8359,4,5,5,4
34892,-20,1.0,2.7998,4,6,6,5
34899,-18,0.98,0.1336,5,7,8,7
34909,-19,1.0,0.8978,4,6,7,6
34913,-20,1.0,2.7241,8,6,6,5
34928,-19,0.944,0.2191,8,6,7,6
34989,-20,0.782,3.5419,9,6,6,5
34996,-20,0.958,3.4191,5,6,6,5
35005,-20,1.0,2.7055,6,6,6,5
35025,-19,0.873,4.7257,8,7,7,6
35055,-18,0.892,0.2128,4,7,8,7
35235,-19,1.0,0.814,4,6,7,6
35244,-18,0.982,0.4092,6,7,8,7
35372,-20,0.978,2.8399,6,6,6,5
35413,-19,0.944,4.9009,6,7,7,6
35432,-19,1.0,4.5284,4,7,7,6
35457,-19,0.983,1.6483,6,7,7,6
35485,-19,0.941,4.9967,6,7,7,6
35499,-20,1.0,3.311,5,6,6,5
35514,-19,1.0,4.6391,3,7,7,6
35519,-19,0.822,5.1229,6,7,7,6
35547,-19,0.828,4.4629,6,7,7,6
35569,-20,0.979,2.4764,7,6,6,5
35622,-19,1.0,4.7658,5,7,7,6
35661,-19,1.0,0.7567,4,6,7,6
35680,-19,0.977,4.8273,6,7,7,6
35681,-20,1.0,1.9104,5,6,6,5
35682,-18,1.0,0.0107,2,7,8,7
35686,-20,1.0,3.3786,3,6,6,5
35692,-19,0.96,3.8256,5,7,7,6
35702,-20,0.823,4.2291,7,6,6,5
35720,-19,0.955,4.6253,11,7,7,6
35771,-18,0.906,0.2861,4,7,8,7
35862,-19,0.984,6.2746,7,7,7,6
35864,-18,1.0,0.1092,6,7,8,7
35933,-19,0.981,2.0019,7,7,7,6
35947,-18,0.867,0.3681,3,7,8,7
36122,-19,0.971,2.262,11,7,7,6
36151,-20,0.8,1.135,7,5,6,5
36203,-19,1.0,4.6972,3,7,7,6
36218,-24,1.0,3.022,4,2,2,1
36270,-18,0.938,0.7607,4,7,8,7
36311,-20,0.958,3.6781,4,6,6,5
36319,-18,1.0,1.3754,4,8,8,7
36353,-19,0.833,4.5785,5,7,7,6
36371,-24,1.0,3.0983,4,2,2,1
36386,-19,0.979,2.3545,9,7,7,6
36401,-20,1.0,2.5854,4,6,6,5
36416,-18,1.0,1.3612,5,8,8,7
36428,-18,0.889,0.6472,5,7,8,7
36429,-18,0.957,0.7547,6,7,8,7
36431,-20,0.971,3.3558,6,6,6,5
36451,-20,0.912,2.9604,6,6,6,5
36455,-20,0.987,1.9025,8,6,6,5
36463,-19,1.0,0.1192,7,6,7,6
36469,-20,0.98,3.0573,7,6,6,5
36473,-19,1.0,1.6853,5,7,7,6
36483,-20,0.968,2.3893,6,6,6,5
36492,-18,1.0,0.8758,5,7,8,7
36499,-19,0.976,2.0724,7,7,7,6
36503,-19,1.0,2.1168,6,7,7,6
36520,-31,1.0,5.8129,5,-2,-6,-6
36525,-31,1.0,5.4713,4,-2,-6,-6
36569,-18,1.0,1.5162,5,8,8,7
36639,-18,0.938,0.5002,5,7,8,7
36719,,,2.896,5,2,2,0
36726,-19,0.98,2.4936,7,7,7,6
36746,-20,1.0,3.3483,4,6,6,5
36747,-19,0.947,2.2273,3,7,7,6
36758,-19,1.0,1.8445,5,7,7,6
36766,-20,1.0,0.9955,9,5,6,5
36771,-20,1.0,4.8287,4,6,6,5
36784,-19,0.846,0.1134,7,6,7,6
36792,-20,1.0,3.1607,6,6,6,5
36800,-19,1.0,2.0665,4,7,7,6
36812,-19,0.828,1.0485,3,6,7,6
36814,-18,0.976,1.5909,5,8,8,7
36817,-19,0.818,6.2598,6,7,7,6
36837,-20,0.988,2.2543,11,6,6,5
36843,-20,0.823,1.233,10,5,6,5
36856,-19,0.958,1.8231,8,7,7,6
36872,-20,1.0,1.9502,2,6,6,5
36927,-20,1.0,1.8673,4,6,6,5
36992,-20,0.814,1.0645,10,5,6,5
37006,-19,0.947,1.0551,4,6,7,6
37018,-19,1.0,2.4115,4,7,7,6
37031,-20,0.986,3.2913,10,6,6,5
37064,-20,1.0,3.2542,5,6,6,5
37119,-19,1.0,1.6184,6,7,7,6
37125,-18,1.0,1.8418,3,8,8,7
37198,-18,1.0,1.7276,8,8,8,7
37207,-20,0.919,1.0047,10,5,6,5
37266,-20,1.0,2.8583,6,6,6,5
37272,-20,0.909,3.3018,9,6,6,5
37277,-20,0.974,2.6554,5,6,6,5
37304,-19,0.944,0.3746,5,6,7,6
37310,-19,0.815,4.1455,5,7,7,6
37313,-19,1.0,2.5421,5,7,7,6
37320,-19,1.0,0.2278,7,6,7,6
37374,-19,0.939,3.5362,7,7,7,6
37393,-20,1.0,3.1317,5,6,6,5
37417,-18,0.93,0.9989,6,7,8,7
37418,-19,0.833,6.2006,6,7,7,6
37446,-18,1.0,1.4461,8,8,8,7
37486,-20,0.972,2.7803,5,6,6,5
37492,-19,0.909,3.9648,2,7,7,6
37545,-19,1.0,2.261,9,7,7,6
37560,-18,1.0,1.0421,3,7,8,7
37562,-20,0.836,1.1778,8,5,6,5
37566,-19,0.984,2.0644,7,7,7,6
37584,,,2.7532,3,2,2,0
37668,-20,0.957,2.8616,4,6,6,5
37714,-19,0.906,3.342,4,7,7,6
37779,-18,1.0,1.1465,3,7,8,7
37790,-20,0.828,4.1589,7,6,6,5
37817,-19,1.0,2.5346,7,7,7,6
37848,-18,1.0,1.9793,4,8,8,7
37853,-18,1.0,1.3786,5,8,8,7
37862,-19,1.0,2.1554,6,7,7,6
37884,-20,1.0,2.852,3,6,6,5
37929,-19,1.0,3.0978,4,7,7,6
37931,-19,0.882,2.3454,4,7,7,6
37957,-18,0.958,1.1339,9,7,8,7
38006,-20,1.0,2.0011,4,6,6,5
38024,-19,0.974,2.4879,7,7,7,6
38027,-18,1.0,1.1379,4,8,8,7
38028,-19,0.9,1.1905,4,6,7,6
38043,-31,1.0,5.6097,4,-2,-6,-6
38167,-20,1.0,1.9175,5,6,6,5
38179,-19,1.0,2.9012,4,7,7,6
38189,-19,0.926,0.3039,3,6,7,6
38225,-30,1.0,5.129,6,-2,-5,-5
38249,-20,0.703,2.517,5,6,6,5
38250,-20,0.71,3.2668,9,6,6,5
38268,-20,1.0,2.8886,7,6,6,5
38312,-19,0.971,5.1633,8,7,7,6
38340,-20,0.783,1.2483,4,5,6,5
38395,-19,0.941,3.8692,8,7,7,6
38397,-19,0.935,3.7827,6,7,7,6
38448,-19,1.0,2.5926,4,7,7,6
38530,-20,0.792,3.1458,4,6,6,5
38564,-20,1.0,0.8976,7,5,6,5
38646,-19,0.97,3.7312,4,7,7,6
38647,-19,0.982,1.7979,6,7,7,6
38658,-20,0.98,2.9399,6,6,6,5
38684,-19,0.946,4.0142,6,7,7,6
38703,-19,0.972,3.7036,9,7,7,6
38729,-20,0.808,1.2658,8,5,6,5
38786,-19,0.857,4.1852,8,7,7,6
38829,-24,1.0,2.6234,5,2,2,0
38950,-19,0.986,2.6108,11,7,7,6
38990,-20,0.97,2.1031,9,6,6,5
39037,-19,0.806,4.4186,4,7,7,6
39050,-19,1.0,3.8218,3,7,7,6
39092,-20,0.964,0.8082,7,5,6,5
39099,-19,0.862,5.0018,5,7,7,6
39103,-31,1.0,4.7911,4,-2,-6,-6
39164,-20,0.964,2.2261,4,6,6,5
39183,-19,0.86,4.3125,5,7,7,6
39219,-19,0.816,3.0035,5,7,7,6
39277,-19,0.909,3.9718,5,7,7,6
39309,-19,0.618,4.3862,4,7,7,6
39346,-20,0.966,1.3635,8,5,6,5
39351,-20,1.0,3.4788,3,6,6,5
39353,-20,0.893,1.4469,3,5,6,5
39360,-21,1.0,3.6974,2,5,5,4
39367,-20,0.917,1.5786,5,6,6,5
39369,-20,0.963,3.136,3,6,6,5
39450,-20,1.0,3.0512,3,6,6,5
39453,-19,0.897,4.1235,4,7,7,6
39463,-18,1.0,0.2624,6,7,8,7
39483,-18,1.0,0.2361,3,7,8,7
39519,-19,0.978,4.0876,7,7,7,6
39574,-20,0.976,1.4416,5,5,6,5
39592,-20,1.0,1.5407,3,5,6,5
39595,-19,1.0,2.7503,4,7,7,6
39604,-19,1.0,2.8457,6,7,7,6
39623,-20,1.0,1.6597,6,6,6,5
39627,-20,1.0,2.9347,3,6,6,5
39641,-19,1.0,4.7836,2,7,7,6
39706,-19,0.963,0.2455,7,6,7,6
39720,-19,1.0,3.6501,3,7,7,6
39753,-20,1.0,3.0345,5,6,6,5
39809,-19,0.577,3.1337,5,7,7,6
39841,-19,0.968,4.0089,4,7,7,6
39863,-18,1.0,1.3086,5,8,8,7
39889,-20,0.824,1.1415,11,5,6,5
39971,-19,0.977,4.2654,7,7,7,6
39995,-19,1.0,2.2986,5,7,7,6
39998,-20,1.0,2.1498,7,6,6,5
40013,-19,0.929,3.5045,6,7,7,6
40034,-18,1.0,0.9439,2,7,8,7
40075,-18,1.0,1.8982,7,8,8,7
40178,-20,0.986,1.5371,7,5,6,5
40247,-20,0.955,3.0016,5,6,6,5
40331,-18,0.955,0.7697,3,7,8,7
40446,-18,1.0,1.3666,4,8,8,7
40520,-20,1.0,1.663,4,6,6,5
40545,-20,0.851,1.3455,6,5,6,5
40552,-19,0.9,3.6726,7,7,7,6
40573,-19,0.886,3.4473,9,7,7,6
40611,-19,0.912,3.6112,7,7,7,6
40617,-18,0.821,1.0323,5,7,8,7
40738,-19,0.967,2.3271,7,7,7,6
40813,-20,1.0,1.6238,3,6,6,5
40927,-20,1.0,3.1191,4,6,6,5
40932,-20,1.0,2.8606,3,6,6,5
41043,-31,1.0,4.6876,7,-2,-6,-6
41069,-31,1.0,4.2689,5,-2,-6,-6
41094,-19,1.0,3.8817,2,7,7,6
41142,-31,1.0,4.8333,8,-2,-6,-6
41221,-31,1.0,3.9176,6,-2,-6,-6
41235,-20,1.0,0.7521,4,5,6,5
41239,-19,1.0,2.9326,3,7,7,6
41252,-19,0.791,6.1977,5,7,7,6
41325,-19,0.88,4.1638,4,7,7,6
41336,-18,1.0,1.9382,5,8,8,7
41347,-31,1.0,5.1124,3,-2,-6,-6
41408,-18,0.93,0.0595,6,7,8,7
41439,,,3.2309,4,-2,-6,0
41572,-19,1.0,3.5197,4,7,7,6
41591,,,3.6952,7,-2,-6,0
41700,-20,1.0,1.7541,2,5,6,5
41852,-19,0.932,3.0288,7,7,7,6
41854,-18,0.972,1.4814,4,8,8,7
41902,-18,0.929,0.3464,6,7,8,7
41907,-20,1.0,1.7242,4,6,6,5
41949,-18,0.973,1.2709,6,8,8,7
41991,,,2.4073,4,-2,-6,0
42047,-19,0.7,3.1891,3,7,7,6
42087,-18,0.986,1.5137,7,8,8,7
42157,-20,0.5,1.7507,3,6,6,5
42216,-20,0.982,3.0209,8,6,6,5
42231,-20,1.0,2.165,6,6,6,5
42270,-18,1.0,1.6296,7,8,8,7
42301,-18,0.95,1.6915,11,8,8,7
42316,-19,0.887,3.0867,6,7,7,6
42345,-18,1.0,2.0822,6,8,8,7
42354,-20,1.0,1.783,5,6,6,5
42389,-20,1.0,1.7914,6,6,6,5
42390,-20,0.688,2.2195,3,6,6,5
42419,-20,0.958,1.9417,4,6,6,5
42453,-18,0.868,1.4639,4,8,8,7
42478,-31,1.0,4.3725,7,-2,-6,-6
42514,-20,0.925,2.3283,6,6,6,5
42518,,,3.0707,7,-2,-6,0
42550,-18,0.9,1.2973,4,8,8,7
42588,-31,1.0,4.5302,9,-2,-6,-6
42596,-18,0.935,1.7211,5,8,8,7
42603,,,4.0169,5,-2,-6,0
42614,-19,1.0,2.6934,4,7,7,6
42637,-18,0.951,1.8367,7,8,8,7
42680,-31,1.0,4.8281,6,-2,-6,-6
42760,,,2.6129,7,-2,-6,0
42761,-18,0.711,0.9429,7,8,8,7
42765,-20,1.0,1.9909,6,6,6,5
42796,-18,0.959,1.5468,5,8,8,7
42828,-20,1.0,0.7865,3,5,6,5
42934,-18,0.745,1.0536,5,7,8,7
43109,-20,1.0,0.8404,4,5,6,5
43153,-31,1.0,4.0982,4,-2,-6,-6
43182,-31,1.0,4.2011,4,-2,-6,-6
43315,-20,0.864,2.0305,4,6,6,5
43324,-18,1.0,2.1373,4,8,8,7
43591,,,1.1249,1,8,8,7
43627,-20,0.714,2.3381,5,6,6,5
43720,,,4.1382,2,-2,-6,0
43745,,,1.5803,2,-2,-6,0
43819,,,3.4343,7,-2,-6,0
44008,-19,0.95,2.514,5,7,7,6
44059,-20,0.763,4.3829,7,6,6,5
44070,-18,1.0,2.1712,3,8,8,7
44104,-18,0.968,2.2824,4,8,8,7
44120,-18,1.0,2.2727,7,8,8,7
44228,-20,1.0,2.924,5,6,6,5
44261,-19,0.93,3.4093,7,7,7,6
44287,-18,1.0,0.6595,5,7,8,7
44359,-18,0.964,1.5256,5,8,8,7
44447,-19,1.0,3.0108,4,7,7,6
44493,-19,1.0,3.1065,5,7,7,6
44524,-19,1.0,3.2425,6,7,7,6
44525,-31,1.0,4.3282,8,-2,-6,-6
44531,-19,1.0,3.4308,8,7,7,6
44551,,,4.0008,2,-2,-6,0
44578,-31,0.947,4.6736,5,-2,-6,-6
44584,,,3.0577,10,-2,-6,0
44587,-19,0.928,3.5408,7,7,7,6
44612,-19,1.0,2.9409,6,7,7,6
44614,-19,1.0,2.6133,3,7,7,6
44616,-19,0.845,3.7898,9,7,7,6
44634,-17,0.903,1.0633,4,8,9,8
44700,,,1.7852,6,-2,-6,0
44741,-19,0.881,3.4185,7,7,7,6
44776,,,2.3649,7,-2,-6,0
44805,,,2.5297,5,-2,-6,0
44817,-17,0.892,0.963,8,8,9,8
44821,-17,0.845,0.9626,7,8,9,8
44833,-19,0.868,2.6595,6,7,7,6
44882,-19,0.886,0.9321,4,6,7,6
44918,-31,1.0,4.9379,5,-2,-6,-6
44944,,,0.9654,5,-2,-6,0
44948,-18,0.943,1.4429,5,8,8,7
44985,,,3.2551,6,-2,-6,0
45045,-18,1.0,1.6708,7,8,8,7
45087,-17,0.882,1.1339,2,8,9,8
45100,-19,1.0,3.257,5,7,7,6
45135,-18,0.982,1.505,8,8,8,7
45138,-18,1.0,1.6541,10,8,8,7
45150,,,2.0943,7,-2,-6,0
45190,-19,0.884,1.0361,5,6,7,6
45209,-18,0.902,0.0953,5,7,8,7
45234,-19,0.975,2.8573,6,7,7,6
45264,-31,1.0,4.1821,3,-2,-6,-6
45277,-20,1.0,0.9217,3,5,6,5
45372,-19,1.0,3.0062,5,7,7,6
45388,,,1.6455,7,-2,-6,0
45473,-18,0.864,1.4628,9,8,8,7
45487,-18,1.0,2.3498,5,8,8,7
45605,-17,1.0,1.2351,4,8,9,8
45612,,,0.9599,5,-2,-6,0
45623,-17,0.709,0.8802,6,8,9,8
45650,-19,0.951,2.8484,5,7,7,6
45675,-31,1.0,5.2025,7,-2,-6,-6
45698,,,1.2945,7,-2,-6,0
45743,,,1.9714,7,-2,-6,0
45791,-31,0.9,4.5088,4,-2,-6,-6
45874,-31,1.0,5.4535,2,-2,-6,-6
45882,-17,0.857,0.9277,5,8,9,8
45909,-17,0.775,1.0459,9,8,9,8
45925,-17,0.806,1.0608,8,8,9,8
45992,-18,1.0,0.0237,6,7,8,7
46020,-20,0.935,1.2457,4,6,6,5
46031,-18,1.0,2.4718,9,8,8,7
46048,,,1.3806,6,-2,-6,0
46058,,,1.3153,6,-2,-6,0
46083,-18,1.0,2.2188,6,8,8,7
46092,-19,0.867,2.4779,2,6,6,5
46101,-17,0.526,1.393,4,8,9,8
46131,-20,0.96,1.5393,4,6,6,5
46224,-19,1.0,3.5687,5,7,7,6
46243,-31,1.0,5.5065,6,-2,-6,-6
46251,-19,0.857,2.5263,2,7,7,6
46263,,,0.8748,7,-2,-6,0
46267,-31,1.0,5.2713,7,-2,-6,-6
46279,,,3.612,3,-2,-6,0
46297,-17,0.891,1.1928,7,8,9,8
46319,-19,1.0,3.6212,6,7,7,6
46328,,,0.4806,6,-2,-6,0
46354,-20,0.962,1.015,3,6,6,5
46362,-20,1.0,1.0094,3,5,6,5
46366,,,1.2624,7,-2,-6,0
46390,-17,0.921,1.3562,11,8,9,8
46447,,,1.4743,11,-2,-6,0
46481,-17,0.697,1.4092,9,8,9,8
46510,,,1.0945,8,-2,-6,0
46534,,,0.1064,9,-2,-6,0
46555,-17,0.866,1.6074,7,8,9,8
46607,-17,0.66,0.8085,7,8,9,8
46609,,,0.1342,5,-2,-6,0
46614,,,0.3105,7,-2,-6,0
46619,,,6.0664,8,-2,-7,0
46656,,,0.0379,4,-2,-6,0
46662,-17,0.92,0.7981,12,8,9,8
46667,,,6.1,5,-2,-7,0
46670,-19,0.739,4.2068,7,7,7,6
46682,-17,0.909,0.7036,8,8,9,8
46719,-17,0.929,0.6791,5,8,9,8
46754,-20,0.632,1.1926,3,6,6,5
46813,,,5.7425,7,-2,-7,0
46829,,,0.0419,6,-2,-6,0
46830,-19,0.92,2.7648,3,7,7,6
46837,-17,0.68,1.2414,6,8,9,8
46846,,,6.1832,5,-2,-7,0
46882,,,5.6832,8,-2,-7,0
46971,-17,0.884,1.4668,8,8,9,8
47015,,,5.6098,2,-2,-7,0
47042,-20,0.636,1.1201,5,5,6,5
47074,-17,0.689,1.178,11,8,9,8
47075,-18,1.0,2.7028,3,8,8,7
47105,,,2.5329,7,-2,-6,0
47115,,,5.3952,8,-2,-7,0
47147,-18,1.0,2.4592,6,8,8,7
47188,-17,0.943,1.7095,6,8,9,8
47298,,,5.0396,8,-2,-7,0
47327,-17,0.915,1.8065,9,8,9,8
47369,-31,1.0,5.7203,7,-2,-6,-6
47399,-17,0.843,1.5112,12,8,9,8
47410,,,5.728,9,-2,-7,0
47412,,,1.8958,8,-2,-6,0
47419,,,5.3711,10,-2,-7,0
47441,-17,0.913,1.698,4,8,9,8
47551,-17,0.982,0.9346,6,8,9,8
47575,,,5.26,8,-2,-7,0
47577,-17,0.955,1.8659,8,8,9,8
47591,-17,0.941,0.5161,11,8,9,8
47600,-19,1.0,3.1763,5,7,7,6
47610,-17,1.0,0.391,6,8,9,8
47698,,,2.7376,3,-2,-6,0
47700,,,0.1436,3,-2,-6,0
47714,,,5.2116,3,-2,-7,0
47728,-17,1.0,1.0176,6,8,9,8
47732,-31,1.0,5.8625,4,-2,-6,-6
47777,-18,0.952,4.2489,8,8,8,7
47787,-18,0.919,4.1241,9,8,8,7
47790,-18,0.988,3.925,8,8,8,7
47839,-18,1.0,3.904,3,8,8,7
47861,,,4.64,11,-2,-7,0
47872,,,4.185,3,-2,-7,0
47878,-17,0.945,1.9395,8,8,9,8
47886,-17,0.884,0.8408,8,8,9,8
47904,-19,0.947,3.3757,3,7,7,6
47907,-18,1.0,3.6915,5,8,8,7
47963,-18,1.0,3.7801,6,8,8,7
47967,-18,0.957,1.6131,6,8,8,7
47969,-18,0.971,4.1509,5,8,8,7
47986,-20,1.0,1.4223,4,6,6,5
48001,-17,1.0,0.5147,1,8,9,8
48024,-17,0.94,1.0991,5,8,9,8
48031,-18,0.976,4.0677,5,8,8,7
48052,-17,0.765,1.2494,6,8,9,8
48092,-18,0.94,4.4549,10,8,8,7
48099,-17,0.949,0.9221,5,8,9,8
48112,-18,1.0,2.8402,5,8,8,7
48124,-18,1.0,1.7665,9,8,8,7
48127,-17,0.974,0.3539,5,8,9,8
48142,,,5.7935,5,-2,-7,0
48145,-20,1.0,1.3486,2,6,6,5
48199,-17,1.0,0.7558,4,8,9,8
48202,,,5.3336,7,-2,-7,0
48230,-17,0.986,2.069,8,8,9,8
48236,-17,1.0,1.864,5,8,9,8
48264,-18,0.873,4.6167,7,8,8,7
48290,-31,1.0,6.0022,4,-2,-6,-6
48309,-18,0.981,4.2551,7,8,8,7
48334,-20,1.0,1.7156,2,6,6,5
48357,-18,0.786,2.8561,3,8,8,7
48373,-17,1.0,1.9506,5,8,9,8
48377,,,4.9875,7,-2,-7,0
48439,-17,1.0,0.2503,3,8,9,8
48498,-17,0.88,0.7967,17,8,9,8
48551,,,4.518,7,-2,-7,0
48591,-17,0.933,0.6478,3,8,9,8
48592,-17,0.893,1.0004,8,8,9,8
48604,-18,0.821,4.6013,4,8,8,7
48605,-17,1.0,0.2745,6,8,9,8
48619,-18,0.972,1.8723,13,8,8,7
48621,,,0.4994,2,-2,-6,0
48648,,,4.8739,7,-2,-7,0
48657,-17,1.0,0.1783,6,8,9,8
48669,-17,0.979,2.0057,6,8,9,8
48674,,,5.5175,5,-2,-7,0
48704,,,4.9313,4,-2,-7,0
48731,,,4.6434,5,-2,-7,0
48741,-20,1.0,1.4701,5,6,6,5
48752,-17,1.0,1.891,6,8,9,8
48753,-18,0.943,1.6679,11,8,8,7
48778,-18,1.0,2.0155,6,8,8,7
48783,-18,1.0,2.9353,3,8,8,7
48807,-17,0.98,2.1023,6,8,9,8
48845,,,4.5725,3,-2,-7,0
48861,-17,0.913,1.7623,8,8,9,8
48862,-17,0.854,2.2476,6,8,9,8
48957,-18,1.0,4.6805,3,8,8,7
49019,-18,1.0,2.647,5,8,8,7
49080,-17,0.981,2.1023,6,8,9,8
49093,-18,1.0,1.9015,9,8,8,7
49114,,,4.6885,4,-2,-7,0
49115,-18,1.0,2.7229,9,8,8,7
49123,,,4.5357,5,-2,-7,0
49128,,,6.1609,3,-2,-7,0
49145,,,1.6293,3,-2,-7,0
49178,-17,0.909,0.4666,6,8,9,8
49207,-20,1.0,1.705,4,6,6,5
49210,-18,1.0,2.1544,6,8,8,7
49212,-18,1.0,3.5914,6,8,8,7
49235,-19,0.757,2.7071,4,7,7,6
49263,-17,0.952,0.4407,4,8,9,8
49303,-18,1.0,2.1713,4,8,8,7
49304,-18,0.907,4.6976,9,8,8,7
49310,-17,0.968,0.5333,4,8,9,8
49315,-20,0.969,0.7185,4,5,6,5
49335,-18,0.979,4.7333,5,8,8,7
49370,-20,0.95,0.9205,2,6,6,5
49376,,,1.3669,6,-2,-7,0
49378,-17,1.0,2.2326,8,8,9,8
49460,-18,0.979,4.8246,5,8,8,7
49467,,,5.029,4,-2,-7,0
49534,-18,0.69,3.3036,7,8,8,7
49536,-17,1.0,0.3672,7,8,9,8
49595,-19,0.95,1.6482,2,7,7,6
49665,-18,0.927,4.6254,10,8,8,7
49708,-18,1.0,2.1195,5,8,8,7
49743,-19,0.971,2.813,6,7,7,6
49753,-20,1.0,3.1696,3,6,6,5
49869,-18,1.0,4.9025,7,8,8,7
49913,-18,0.966,4.836,9,8,8,7
49942,,,4.6279,4,-2,-7,0
49964,-17,1.0,0.312,7,8,9,8
50040,-17,1.0,0.1288,5,8,9,8
50072,-17,0.929,0.0786,3,8,9,8
50154,-17,0.962,0.0372,6,8,9,8
50160,-18,1.0,4.3632,6,8,8,7
50248,-19,1.0,2.9681,2,7,7,6
50306,-18,0.839,6.1789,4,8,8,7
50311,,,0.5009,4,-2,-6,0
50331,-18,1.0,2.9308,5,8,8,7
50368,-17,0.984,2.2355,8,8,9,8
50369,-20,0.833,1.6484,5,6,6,5
50385,-17,0.976,2.2345,6,8,9,8
50399,-18,1.0,2.8418,5,8,8,7
50402,-17,0.972,0.2586,5,8,9,8
50421,-17,0.87,2.4326,4,8,9,8
50429,-18,0.714,3.4001,6,8,8,7
50455,-18,1.0,4.3781,5,8,8,7
50495,-18,0.613,3.298,7,8,8,7
50533,-18,1.0,2.7105,7,8,8,7
50552,-18,1.0,3.5761,5,8,8,7
50574,-18,1.0,2.3165,7,8,8,7
50590,,,4.3161,7,-2,-7,0
50602,,,0.4437,4,-2,-7,0
50638,-18,1.0,2.8281,9,8,8,7
50659,-17,1.0,0.3665,5,8,9,8
50677,,,0.1715,2,-2,-7,0
50682,-18,1.0,6.0969,1,8,8,7
50734,-18,1.0,2.6963,8,8,8,7
50738,-17,0.818,0.1774,6,8,9,8
50833,-18,1.0,2.4848,7,8,8,7
50834,-18,1.0,3.5021,6,8,8,7
50906,-19,0.905,2.4626,7,7,7,6
50962,-17,0.958,0.4886,4,8,9,8
50983,-17,0.788,0.2934,5,8,9,8
50998,-18,0.941,3.5759,4,8,8,7
51049,-18,1.0,5.9408,4,8,8,7
51075,,,0.1829,4,-2,-7,0
51107,,,2.1069,7,-2,-7,0
51137,-17,1.0,2.5456,4,8,9,8
51147,-17,0.986,2.5382,9,8,9,8
51168,-17,1.0,2.0777,4,8,9,8
51172,-17,0.983,2.369,6,8,9,8
51179,-17,0.961,2.1332,12,8,9,8
51203,-17,1.0,1.789,5,8,9,8
51260,-17,1.0,2.4137,5,8,9,8
51299,-18,1.0,3.1659,3,8,8,7
51327,-17,1.0,2.4298,4,8,9,8
51333,-18,1.0,4.4003,4,8,8,7
51351,,,4.1916,3,-2,-7,0
51390,-18,1.0,3.0102,6,8,8,7
51465,-16,0.5,0.0856,2,8,9,8
51510,-18,1.0,2.4128,5,8,8,7
51519,,,3.4934,1,8,8,7
51523,-18,0.977,5.2907,6,8,8,7
51574,-17,0.848,2.3951,4,8,9,8
51603,-18,1.0,2.8424,7,8,8,7
51613,-18,0.979,4.3524,6,8,8,7
51655,-18,1.0,3.4246,2,8,8,7
51672,-18,0.868,5.3188,9,8,8,7
51695,-18,0.969,5.3877,11,8,8,7
51696,-18,0.957,3.1245,7,8,8,7
51701,-18,0.964,5.5185,7,8,8,7
51714,-17,1.0,2.4864,11,8,9,8
51733,,,0.8727,6,-2,-7,0
51764,,,4.1049,5,-2,-7,0
51772,-18,0.897,5.3206,6,8,8,7
51774,-17,1.0,1.8698,4,8,9,8
51866,,,3.9723,4,-2,-7,0
51881,-18,1.0,5.7508,5,8,8,7
51902,-17,0.68,2.5847,6,8,9,8
51913,-17,0.591,2.3288,3,8,9,8
51930,-17,1.0,1.6776,3,8,9,8
51972,-18,1.0,3.4879,1,8,8,7
51982,,,4.2168,6,-2,-7,0
51986,-18,0.958,3.2585,8,8,8,7
52034,-18,1.0,3.4216,8,8,8,7
52062,-18,0.917,5.0443,5,8,8,7
52068,,,3.8502,5,-2,-7,0
52096,-18,0.955,4.9846,5,8,8,7
52108,,,0.496,8,-2,-7,0
52109,-18,0.97,5.1679,8,8,8,7
52159,-17,1.0,0.2477,6,8,9,8
52179,,,3.8101,5,-2,-7,0
52182,-18,0.851,5.2745,5,8,8,7
52186,,,3.8431,4,-2,-7,0
52227,-18,0.846,5.1734,4,8,8,7
52248,-19,1.0,1.4889,5,7,7,6
52252,,,0.7343,8,-2,-7,0
52255,-18,1.0,5.5211,6,8,8,7
52278,,,4.205,3,-2,-7,0
52282,,,3.4518,5,-2,-7,0
52290,,,3.9405,9,-2,-7,0
52307,-19,1.0,2.8996,5,7,7,6
52331,-18,0.971,4.8084,10,8,8,7
52347,-18,0.949,5.075,7,8,8,7
52407,-17,0.944,0.0344,4,8,9,8
52528,,,5.6869,2,-2,-8,0
52554,-18,1.0,4.7034,5,8,8,7
52569,,,5.5404,6,-2,-8,0
52617,-18,0.946,3.2558,4,8,8,7
52629,-18,1.0,4.4709,5,8,8,7
52674,-18,1.0,2.8074,6,8,8,7
52675,-18,0.968,4.8895,4,8,8,7
52750,,,3.3871,10,-2,-7,0
52920,-17,1.0,2.6594,6,8,9,8
52944,-17,1.0,2.5745,7,8,9,8
52959,-19,0.926,1.6916,4,7,7,6
52991,,,0.3213,7,-2,-7,0
53003,-18,1.0,4.6272,4,8,8,7
53010,-18,1.0,3.3389,5,8,8,7
53044,-18,0.941,3.2121,6,8,8,7
53205,,,6.2207,9,-2,-8,0
53210,-18,0.957,5.0762,5,8,8,7
53228,-18,0.951,3.258,6,8,8,7
53239,-18,1.0,3.2162,5,8,8,7
53260,,,5.8684,6,-2,-8,0
53320,-17,1.0,2.7752,6,8,9,8
53349,,,3.1576,6,-2,-7,0
53357,,,3.6268,9,-2,-7,0
53436,-18,0.885,4.9539,6,8,8,7
53437,,,3.2145,9,-2,-7,0
53450,-18,0.952,3.0628,7,8,8,7
53491,-18,1.0,3.385,4,8,8,7
53567,,,5.8637,1,8,8,7
53576,,,5.9198,4,-2,-8,0
53583,,,5.9298,6,-2,-8,0
53588,-18,1.0,2.8361,6,8,8,7
53650,,,6.2717,3,-2,-8,0
53654,-18,0.958,4.4966,3,8,8,7
53676,-18,1.0,0.1308,4,7,8,7
53702,-17,0.738,2.45,13,8,9,8
53721,-18,1.0,3.46,3,8,8,7
53734,-18,1.0,3.3115,4,8,8,7
53758,,,1.1089,10,-2,-7,0
53772,,,2.7308,7,-2,-7,0
53785,,,4.2638,6,-2,-7,0
53799,,,5.1699,6,-2,-8,0
53851,-18,1.0,3.3295,2,8,8,7
53867,,,2.711,6,-2,-7,0
53868,,,5.1166,6,-2,-8,0
53891,-18,1.0,4.2284,2,8,8,7
53906,,,5.0006,7,-2,-8,0
54027,-17,1.0,2.7587,4,8,9,8
54047,-18,0.927,5.6002,5,8,8,7
54087,-18,0.862,4.2014,8,8,8,7
54094,-18,1.0,4.454,7,8,8,7
54134,-18,0.933,4.3162,3,8,8,7
54138,-17,1.0,2.9222,4,9,9,8
54148,,,2.8094,6,-2,-7,0
54151,,,0.2571,4,-2,-7,0
54224,,,0.4201,8,-2,-7,0
54242,-18,1.0,3.9947,4,8,8,7
54248,-17,1.0,2.9233,9,8,9,8
54336,-18,0.706,4.1058,4,8,8,7
54338,,,3.1423,5,-2,-7,0
54388,,,3.3877,4,-2,-7,0
54424,-17,1.0,2.7616,4,8,9,8
54431,-17,0.961,3.0307,9,9,9,8
54456,-17,1.0,3.1273,7,9,9,8
54540,,,6.2716,7,-2,-8,0
54548,-17,0.972,3.2189,7,9,9,8
54580,-18,0.973,3.1421,6,8,8,7
54678,,,6.2251,5,-2,-8,0
54679,,,4.7622,4,-2,-8,0
54716,-18,0.969,4.5663,4,8,8,7
54813,,,0.9307,5,-2,-7,0
54829,,,1.334,9,-2,-7,0
54851,,,5.3534,10,-2,-8,0
54900,-16,0.671,1.0684,8,9,10,9
54937,,,4.6961,8,-2,-8,0
55009,,,5.1459,7,-2,-8,0
55062,-18,1.0,3.2253,4,8,8,7
55120,-18,0.967,4.7401,3,8,8,7
55124,-17,0.773,2.3715,5,8,9,8
55139,,,5.1269,4,-2,-8,0
55197,,,5.5898,6,-2,-8,0
55225,-18,1.0,4.6017,3,8,8,7
55287,,,5.4207,7,-2,-8,0
55288,,,5.0569,8,-2,-8,0
55341,-18,0.806,3.0218,5,8,8,7
55380,-18,1.0,5.6466,3,8,8,7
55393,-17,1.0,3.2889,4,9,9,8
55410,-17,1.0,2.7557,8,8,9,8
55413,,,5.4921,5,-2,-8,0
55431,,,5.7251,5,-2,-8,0
55464,-17,0.806,2.669,4,8,9,8
55493,,,2.8409,6,-2,-7,0
55496,-17,1.0,2.4329,4,8,9,8
55574,-18,0.75,3.9934,5,8,8,7
55603,-18,1.0,3.1051,7,8,8,7
55618,-18,1.0,5.7399,6,8,8,7
55655,-17,0.6,0.0311,5,8,9,8
55666,-18,1.0,3.104,5,8,8,7
55703,,,0.7565,6,-2,-7,0
55758,-18,1.0,4.7219,3,8,8,7
55779,-17,1.0,2.9891,6,9,9,8
55781,,,0.3704,5,-2,-7,0
55785,,,5.0807,4,-2,-7,0
55839,,,4.91,8,-2,-8,0
55856,,,0.5599,4,-2,-7,0
55867,-17,1.0,3.0655,6,9,9,8
55949,-18,1.0,2.9061,5,8,8,7
56099,-18,0.975,4.7891,6,8,8,7
56110,,,2.0491,5,-2,-7,0
56170,-18,0.889,4.7515,1,8,8,7
56235,-17,1.0,3.2197,4,9,9,8
56254,-18,1.0,3.0203,6,8,8,7
56261,-19,0.966,1.4488,3,7,7,6
56287,-17,1.0,3.3602,6,9,9,8
56362,-16,0.836,1.0113,8,9,10,9
56551,,,2.0173,4,-2,-7,0
56581,-17,0.68,3.3489,9,9,9,8
56582,-16,0.788,0.9574,8,9,10,9
56653,-18,0.565,4.9167,5,9,9,7
56674,,,4.6702,4,-2,-8,0
56728,-17,1.0,3.1829,9,9,9,8
56754,,,3.725,12,-2,-7,0
56777,-17,1.0,3.333,4,9,9,8
56778,,,0.6359,5,-2,-7,0
56798,-16,0.812,0.9412,10,9,10,9
56886,-18,0.66,4.9738,7,8,8,7
56905,-18,1.0,2.7078,7,8,8,7
56910,-18,0.889,4.7464,5,8,8,7
56934,-16,0.94,1.1032,5,9,10,9
56978,-17,1.0,3.4822,2,9,9,8
56986,-17,0.694,3.4254,8,9,9,8
56994,-18,0.863,5.0582,8,8,8,7
57050,-18,0.933,4.9729,6,8,8,7
57051,-17,1.0,3.572,2,9,9,8
57100,-16,0.905,0.8878,3,9,10,9
57159,-18,0.875,5.1174,8,8,8,7
57232,-18,1.0,3.8993,2,8,8,7
57233,-16,1.0,1.2439,8,9,10,9
57338,-18,1.0,5.1347,7,8,8,7
57350,-16,0.922,0.7662,6,9,10,9
57363,-16,0.871,1.24,6,9,10,9
57366,,,4.4411,9,-2,-8,0
57399,,,4.3862,9,-2,-8,0
57405,-17,0.899,3.3746,11,9,9,8
57547,-17,1.0,3.5623,7,9,9,8
57581,-18,1.0,5.5254,5,8,8,7
57599,-17,0.794,3.4041,7,9,9,8
57677,-16,1.0,1.3766,7,9,10,9
57679,,,2.3712,5,-2,-7,0
57703,-19,1.0,1.3962,3,7,7,6
57729,-19,1.0,1.4148,4,7,7,6
57753,,,4.2843,3,-2,-8,0
57756,-18,1.0,2.9891,10,8,8,7
57759,,,5.4427,4,-2,-7,0
57791,-17,0.988,3.5483,9,9,9,8
57806,-18,1.0,3.8119,3,8,8,7
57836,-17,0.984,3.7151,7,9,9,8
57969,-17,0.895,3.2994,6,9,9,8
57979,-16,0.848,0.6719,8,9,10,9
58018,-16,0.952,0.5129,8,9,10,9
58063,-16,0.978,1.4433,5,9,10,9
58072,-16,0.971,1.4954,8,9,10,9
58099,-16,0.937,0.6429,7,9,10,9
58109,-17,1.0,3.8311,8,9,9,8
58127,-17,1.0,3.6072,4,9,9,8
58157,-18,0.939,5.2882,4,8,8,7
58195,-16,0.875,0.6778,6,9,10,9
58228,,,4.1267,9,-2,-8,0
58282,-17,0.981,3.8541,6,9,9,8
58298,-16,0.852,0.7482,7,9,10,9
58332,-18,1.0,3.67,2,8,8,7
58393,-16,0.889,0.5634,4,9,10,9
58394,-17,0.952,3.4733,5,9,9,8
58408,-18,1.0,2.9087,7,8,8,7
58428,-16,0.94,1.518,7,9,10,9
58441,-16,1.0,1.5116,4,9,10,9
58451,-18,1.0,2.5623,4,8,8,7
58461,,,3.9518,8,-2,-8,0
58469,,,3.5955,8,-2,-8,0
58490,-16,0.971,0.4253,9,9,10,9
58496,-17,1.0,3.3058,4,9,9,8
58519,,,3.2427,5,-2,-8,0
58545,-16,0.949,1.4146,5,9,10,9
58586,-18,0.75,5.0427,7,8,8,7
58643,-17,0.975,3.6009,10,9,9,8
58754,,,3.9878,5,-2,-8,0
58760,-17,1.0,3.9426,5,9,9,8
58775,,,3.6912,10,-2,-8,0
58798,-17,0.833,3.1149,3,9,9,8
58808,-17,1.0,3.962,5,9,9,8
58904,-18,0.922,5.2264,8,8,8,7
58922,,,5.6784,5,-2,-8,0
58943,-17,0.975,3.6661,4,9,9,8
58996,,,5.9768,6,-2,-8,0
59006,-17,1.0,3.6868,3,9,9,8
59042,-18,0.769,3.15,4,8,8,7
59080,,,6.0299,2,-2,-8,0
59192,-18,1.0,3.1137,3,8,8,7
59199,,,2.9413,6,-2,-8,0
59241,-16,1.0,0.3451,7,9,10,9
59253,-16,0.829,0.8523,6,9,10,9
59278,-16,0.923,0.3969,4,9,10,9
59289,-16,0.977,0.2756,5,9,10,9
59330,-18,0.7,6.2247,4,8,8,7
59353,-17,0.878,4.0485,9,9,9,8
59383,-16,0.9,0.9084,6,9,10,9
59462,-16,0.92,0.9495,13,9,10,9
59489,-17,0.987,4.0164,9,9,9,8
59529,,,3.8084,7,-2,-8,0
59534,-16,1.0,1.2723,8,9,10,9
59544,-17,0.98,3.8025,6,9,9,8
59560,,,2.768,6,-2,-8,0
59620,-17,1.0,2.5565,4,8,9,8
59621,,,1.4735,4,-2,-8,0
59643,-17,0.968,3.6986,7,9,9,8
59651,,,2.6506,5,-2,-7,0
59664,-16,1.0,0.2583,3,9,10,9
59667,,,2.9066,7,-2,-8,0
59679,-16,1.0,0.3767,2,9,10,9
59681,-18,0.926,5.3605,8,8,8,7
59852,-18,1.0,5.4966,5,8,8,7
59871,,,2.8616,6,-2,-8,0
59892,-16,0.838,1.1851,6,9,10,9
60061,-17,1.0,3.7285,5,9,9,8
60098,-18,0.982,5.4332,6,8,8,7
60152,,,4.8261,3,-2,-8,0
60155,,,4.1159,2,-2,-8,0
60159,,,2.0258,9,-2,-8,0
60163,-31,0.986,6.0036,8,-2,-6,-6
60175,,,1.1199,8,-2,-8,0
60192,-17,0.787,3.802,9,9,9,8
60248,,,0.8183,7,-2,-8,0
60254,,,4.0281,7,-2,-8,0
60307,-17,0.781,3.93,4,9,9,8
60317,-17,1.0,3.9748,4,9,9,8
60354,-16,0.969,1.2592,9,9,10,9
60385,-16,0.956,1.2873,7,9,10,9
60455,,,0.6821,3,-2,-8,0
60460,-17,0.952,3.8061,6,9,9,8
60482,,,0.8363,9,-2,-8,0
60483,-18,0.81,4.1314,9,8,8,7
60513,-18,0.935,5.2835,8,8,8,7
60574,,,0.9486,9,-2,-8,0
60680,-16,1.0,1.6394,3,9,10,9
60702,-17,0.642,4.0355,6,9,9,8
60706,-16,0.75,1.0348,4,9,10,9
60723,-17,1.0,4.0822,3,9,9,8
60752,,,6.1672,3,-2,-8,0
60758,,,3.3408,6,-2,-8,0
60775,,,4.299,6,-2,-8,0
60802,,,0.3837,4,-2,-8,0
60813,,,0.5788,6,-2,-8,0
60826,-16,1.0,0.1793,8,9,10,9
60890,,,3.0179,5,-2,-8,0
60895,,,0.6389,5,-2,-8,0
60927,-17,1.0,3.6047,6,9,9,8
60945,-16,1.0,1.3861,8,9,10,9
60995,-18,1.0,5.6081,6,8,8,7
61027,,,0.489,8,-2,-8,0
61106,-16,1.0,1.7683,5,9,10,9
61118,,,0.1762,8,-2,-8,0
61122,-16,1.0,0.0223,5,9,10,9
61135,-16,1.0,0.1329,3,9,10,9
61144,-17,1.0,6.1926,3,9,9,8
61167,-17,1.0,3.1012,4,9,9,8
61217,,,4.5619,6,-2,-8,0
61243,-17,1.0,4.1692,5,9,9,8
61270,-16,0.877,1.3796,14,9,10,9
61274,-17,1.0,4.2329,5,9,9,8
61353,-16,0.821,1.2312,8,9,10,9
61360,,,4.8812,7,-2,-8,0
61581,-18,0.854,4.8519,7,8,8,7
61601,-18,0.742,5.2538,7,9,9,7
61618,,,2.2051,8,-2,-8,0
61680,-16,0.953,0.0083,5,9,10,9
61729,-16,0.958,1.7985,6,9,10,9
61764,-18,0.889,6.1972,1,8,8,7
61803,-18,0.621,5.379,6,9,9,7
61819,,,0.6821,7,-2,-8,0
61891,-17,1.0,2.9329,4,9,9,8
61914,-17,0.958,6.2482,6,9,9,8
61929,-17,1.0,2.9295,2,9,9,8
61980,,,4.5582,3,-2,-8,0
62006,,,1.6501,3,-2,-8,0
62064,-17,1.0,5.1385,3,9,9,8
62090,,,2.43,4,-2,-7,0
62104,-17,1.0,3.4106,7,9,9,8
62209,-16,0.974,1.8773,6,9,10,9
62240,-17,1.0,5.0978,8,9,9,8
62244,,,0.2666,10,-2,-8,0
62281,-16,0.911,1.5378,7,9,10,9
62295,-17,1.0,3.6737,6,9,9,8
62298,-17,0.985,5.0127,7,9,9,8
62329,,,1.9821,4,-2,-8,0
62400,-17,1.0,4.8825,5,9,9,8
62438,-16,0.889,1.164,7,9,10,9
62515,-16,0.924,2.0243,9,9,10,9
62554,-16,0.909,2.1617,6,9,10,9
62610,-18,1.0,4.0115,4,8,8,8
62734,-17,1.0,3.756,4,9,9,8
62785,,,4.4814,5,-2,-8,0
62789,-17,1.0,5.3358,5,9,9,8
62865,,,4.7792,4,-2,-8,0
62868,-16,1.0,0.0416,5,9,10,9
62876,-17,0.895,3.7928,3,9,9,8
62888,,,4.6878,4,-2,-8,0
62918,,,4.2223,4,-2,-7,0
62965,-18,0.969,3.912,4,8,8,8
62984,-16,0.946,1.8953,5,9,10,9
63084,-17,0.966,4.0395,6,9,9,8
63125,-17,0.967,4.0688,10,9,9,8
63130,-16,1.0,1.6059,6,9,10,9
63163,-17,1.0,4.2818,2,9,9,8
63167,-16,0.791,1.7059,5,9,10,9
63236,-18,1.0,5.5796,3,8,8,7
63313,-16,1.0,2.2387,3,9,10,9
63356,-17,0.852,5.0028,5,9,9,8
63417,-17,0.815,5.1425,4,9,9,8
63425,-17,0.516,4.9402,4,9,9,8
63532,-16,0.966,1.7963,7,9,10,9
63591,-16,1.0,3.395,4,9,10,9
63606,-17,1.0,4.158,6,9,9,8
63615,,,2.3675,5,-2,-7,0
63631,-17,1.0,4.3135,6,9,9,8
63701,-17,0.957,4.3659,9,9,9,8
63705,-18,1.0,2.9971,8,8,8,7
63726,-17,0.929,5.2248,7,9,9,8
63732,-17,1.0,5.308,3,9,9,8
63765,-16,0.941,1.7678,9,9,10,9
63787,-17,0.975,4.5947,5,9,9,8
63790,-17,0.879,4.8618,7,9,9,8
63817,-17,1.0,5.3946,9,9,9,8
63860,-17,1.0,5.1699,4,9,9,8
63863,-18,0.965,5.6708,7,8,8,7
63979,-17,1.0,4.8407,7,9,9,8
63985,-18,1.0,2.9933,4,8,8,7
64030,-17,1.0,4.7563,5,9,9,8
64071,-16,1.0,3.4994,3,9,10,9
64138,-16,1.0,3.3482,6,9,10,9
64165,-16,1.0,2.2889,3,9,10,9
64194,-17,1.0,6.1244,2,9,9,8
64221,-17,1.0,5.4473,4,9,9,8
64249,-16,0.885,1.9529,11,9,10,9
64309,-17,1.0,5.5096,6,9,9,8
64330,-16,1.0,2.3903,6,9,10,9
64374,-17,1.0,4.7084,6,9,9,8
64429,-16,0.82,1.5824,6,9,10,9
64458,-16,1.0,2.8417,3,9,10,9
64537,-16,1.0,1.9755,5,9,10,9
64579,-16,1.0,3.5163,6,9,10,9
64720,-16,0.824,1.8358,10,9,10,9
64730,-16,0.898,2.0799,6,9,10,9
64737,-16,0.983,2.845,6,9,10,9
64738,-17,0.975,4.7349,4,9,9,8
64765,-17,0.727,4.4711,3,9,9,8
64782,,,4.4473,6,-2,-8,0
64912,-16,0.938,0.0889,2,9,10,9
64943,-16,1.0,2.5017,2,9,10,9
65012,-17,1.0,4.4339,3,9,9,8
65036,-16,1.0,3.7677,5,9,10,9
65039,-17,0.91,4.9483,8,9,9,8
65067,-17,1.0,5.1814,4,9,9,8
65095,-17,1.0,4.536,4,9,9,8
65105,-17,0.957,4.6274,11,9,9,8
65184,-16,1.0,1.9225,5,9,10,9
65257,-17,1.0,5.6139,7,9,9,8
65365,-16,0.933,3.1784,4,9,10,9
65438,-17,1.0,5.5665,4,9,9,8
65555,-16,0.977,2.9155,5,9,10,9
65624,,,0.2171,4,-2,-8,0
65694,-18,1.0,5.5523,2,8,8,7
65709,-16,1.0,2.6984,7,9,10,9
65732,-16,0.818,3.4433,4,9,10,9
65820,-17,0.9,3.9508,3,9,9,8
65821,-16,1.0,3.7585,6,9,10,9
65922,-17,1.0,5.3982,6,9,9,8
65956,-16,1.0,2.9236,6,9,10,9
66020,-16,0.797,1.4548,9,9,10,9
66043,-16,0.933,2.7476,10,9,10,9
66094,-16,1.0,3.8893,8,9,10,9
66199,-16,0.977,1.6079,7,9,10,9
66267,-16,0.941,2.9875,6,9,10,9
66307,-16,0.881,3.1005,11,9,10,9
66324,,,0.0731,5,-2,-8,0
66414,-16,1.0,3.2266,3,9,10,9
66424,-17,1.0,4.3027,5,9,9,8
66446,-16,0.72,3.1995,4,9,10,9
66462,-16,0.511,2.9436,6,9,10,9
66511,,,0.1085,7,-2,-8,0
66558,-17,1.0,4.7138,5,9,9,8
66573,-16,1.0,3.3134,7,9,10,9
66594,-17,1.0,5.6917,4,9,9,8
66598,-17,1.0,5.6878,7,9,9,8
66627,,,0.3067,2,-2,-8,0
66686,-16,0.983,2.5227,7,9,10,9
66696,,,4.9248,6,-2,-8,0
66711,-16,1.0,2.5609,6,9,10,9
66729,-16,0.946,3.2349,7,9,10,9
66767,-17,0.975,5.8918,4,9,9,8
66867,-17,0.531,2.98,6,9,10,9
66878,-17,0.989,5.7662,11,9,9,8
66901,,,0.0502,12,-2,-8,0
66905,-18,0.923,4.8635,4,8,8,7
66916,-16,1.0,1.6524,4,9,10,9
66956,,,6.0077,5,-2,-9,0
66989,-16,0.848,3.1838,5,9,10,9
67065,-18,1.0,5.6378,5,8,8,7
67098,,,6.1573,8,-2,-9,0
67132,-17,0.981,4.5615,8,9,9,8
67195,-16,0.909,1.8255,6,9,10,9
67270,-17,0.933,5.9531,7,9,9,8
67336,-16,1.0,3.6597,4,9,10,9
67367,-16,1.0,4.0011,7,9,10,9
67402,-17,0.958,5.8802,3,9,9,8
67409,,,6.1477,4,-2,-9,0
67467,-16,0.902,1.8498,6,9,10,9
67526,-18,0.971,3.0892,8,8,8,7
67529,-16,0.902,2.4367,5,9,10,9
67536,-16,0.969,3.4518,5,9,10,9
67553,-16,0.765,1.8698,5,9,10,9
67580,-18,1.0,6.0439,3,8,8,7
67610,-16,1.0,4.0661,10,9,10,9
67627,,,6.0199,8,-2,-9,0
67645,-17,1.0,6.0079,7,9,9,8
67658,-16,1.0,2.4011,5,9,10,9
67684,-16,0.814,2.1575,6,9,10,9
67695,-16,0.719,2.1585,7,9,10,9
67701,-18,1.0,5.7074,5,8,8,7
67743,-16,0.958,2.8731,7,9,10,9
67853,-16,0.925,2.3552,8,9,10,9
67859,-16,0.947,2.2736,5,9,10,9
67863,-16,1.0,2.2743,10,9,10,9
67868,-16,0.951,2.2361,6,9,10,9
67899,,,6.0785,3,-2,-9,0
67913,-17,1.0,5.7391,2,9,9,8
67932,-16,0.978,3.2559,7,9,10,9
67970,-17,1.0,5.6476,3,9,9,8
67999,,,5.907,8,-2,-9,0
68032,-16,0.982,3.656,7,9,10,9
68033,-16,1.0,3.8395,5,9,10,9
68041,-16,1.0,4.46,6,9,10,9
68087,-16,1.0,3.8737,6,9,10,9
68117,-16,0.788,3.5914,5,9,10,9
68121,,,5.9558,6,-2,-9,0
68148,-17,1.0,4.1352,2,9,9,8
68225,-16,0.8,2.1369,4,9,10,9
68227,-16,1.0,4.2654,5,9,10,9
68265,-18,0.5,6.0509,6,9,9,7
68300,-17,0.963,4.3342,5,9,9,8
68332,-16,0.812,3.2883,6,9,10,9
68401,-18,0.8,3.819,4,8,8,7
68417,-16,0.966,2.0273,3,9,10,9
68424,-16,0.927,1.3518,6,9,10,9
68448,-16,0.886,3.2968,5,9,10,9
68499,-18,0.985,5.7898,10,8,8,7
68501,-16,1.0,1.1494,7,9,10,9
68586,-16,1.0,3.1183,3,9,10,9
68675,-16,0.875,2.4887,3,9,10,9
68697,-16,0.915,3.6196,6,9,10,9
68788,-16,0.771,2.1221,5,9,10,9
68804,-16,0.812,3.3278,8,9,10,9
68818,,,2.4504,6,-2,-7,0
68826,,,5.7516,3,-2,-9,0
68883,-16,0.95,3.4515,2,9,10,9
68885,-18,0.957,5.7188,6,8,8,7
68956,-17,0.842,3.9351,6,9,9,8
68958,-16,0.962,3.5102,4,9,10,9
68961,-16,0.839,2.5695,9,9,10,9
68991,-17,0.951,6.1181,5,9,9,8
68999,-17,0.968,6.1729,4,9,9,8
69004,-16,0.933,3.8793,5,9,10,9
69082,-16,0.86,3.3437,7,9,10,9
69085,-18,0.971,5.7149,4,8,8,7
69123,,,6.0518,5,-2,-9,0
69130,-16,0.889,3.7265,7,9,10,9
69189,-16,1.0,4.1618,6,9,10,9
69207,-16,1.0,3.5952,5,9,10,9
69302,-16,1.0,4.1898,5,9,10,9
69390,-16,1.0,4.3027,9,9,10,9
69449,-16,1.0,4.3112,7,9,10,9
69456,-16,1.0,5.1539,6,9,10,9
69460,-16,1.0,3.8508,4,9,10,9
69496,-16,0.972,1.3466,6,9,10,9
69560,,,5.7795,9,-2,-9,0
69568,-16,1.0,5.219,7,9,10,9
69615,-16,0.967,3.4733,3,9,10,9
69629,-17,1.0,6.0487,8,9,9,8
69636,-16,1.0,1.2229,3,9,10,9
69654,-16,1.0,4.4273,4,9,10,9
69664,,,5.5995,3,-2,-9,0
69688,-15,0.571,2.996,3,10,11,9
69711,-16,0.691,1.2373,11,9,10,9
69739,,,5.444,9,-2,-9,0
69814,,,5.1153,4,-2,-9,0
69863,-16,0.959,2.7779,8,9,10,9
69936,-16,1.0,5.3292,4,9,10,9
69969,-16,1.0,4.2233,5,9,10,9
70060,,,5.4139,6,-2,-9,0
70110,-16,1.0,4.1179,5,9,10,9
70122,-16,1.0,3.589,5,9,10,9
70164,-16,1.0,3.7024,3,9,10,9
70311,-16,1.0,4.8464,3,9,10,9
70406,-16,1.0,4.9765,9,9,10,9
70429,,,5.0859,6,-2,-9,0
70437,-16,0.737,2.4424,2,9,10,9
70439,-17,1.0,4.3706,5,9,9,8
70522,,,4.7941,5,-2,-9,0
70533,-16,0.974,4.0977,5,9,10,9
70541,,,4.9211,8,-2,-9,0
70587,-16,0.971,4.4721,5,9,10,9
70640,-16,0.54,2.3224,5,9,10,9
70642,-16,1.0,5.1431,5,9,10,9
70670,-16,1.0,4.7797,6,9,10,9
70757,-16,1.0,5.1416,7,9,10,9
70771,,,4.9133,5,-2,-9,0
70780,-16,0.909,2.5602,5,9,10,9
70813,-16,1.0,5.6395,3,9,10,9
70930,,,0.4347,9,-2,-8,0
70941,-16,1.0,4.349,6,9,10,9
70993,-17,1.0,3.6714,1,9,9,8
71009,-16,1.0,5.0417,4,9,10,9
71014,-16,1.0,5.6599,6,9,10,9
71038,,,4.6187,7,-2,-9,0
71062,-16,1.0,4.9185,8,9,10,9
71151,-16,1.0,2.8015,4,9,10,9
71153,-16,0.796,3.4238,7,9,10,9
71186,-17,0.863,5.2029,6,9,9,8
71228,-16,1.0,5.767,3,9,10,9
71287,-16,0.9,0.9536,2,8,10,9
71330,,,5.4656,5,-2,-9,0
71361,-16,1.0,4.139,7,9,10,9
71451,-16,1.0,4.6198,4,9,10,9
71454,,,5.7128,5,-2,-9,0
71489,-16,0.843,2.9008,6,9,10,9
71522,-16,1.0,4.441,6,9,10,9
71526,,,5.9043,5,-2,-9,0
71531,-17,0.903,5.1464,5,9,9,8
71722,-16,1.0,5.5675,4,9,10,9
71731,-16,1.0,5.7991,3,9,10,9
71734,-16,0.976,4.7538,10,9,10,9
71744,,,4.5221,8,-2,-9,0
71788,,,4.0617,7,-2,-9,0
71804,-16,1.0,5.4523,9,9,10,9
71838,,,4.5505,8,-2,-9,0
71856,-16,0.986,5.8827,9,9,10,9
71857,,,4.2864,8,-2,-9,0
71925,-16,0.75,3.5255,5,9,10,9
71926,-16,0.902,5.8189,6,9,10,9
71950,-16,1.0,4.8654,3,9,10,9
71978,-16,1.0,3.6087,6,9,10,9
71983,,,4.1013,6,-2,-9,0
72016,-16,1.0,4.8064,6,9,10,9
72087,-16,0.654,3.4461,9,9,10,9
72121,-16,0.938,1.5277,4,9,10,9
72131,,,3.6595,8,-2,-9,0
72136,-16,0.939,4.6704,8,9,10,9
72222,-17,0.864,5.1928,4,9,9,8
72242,-16,0.81,4.5424,6,9,10,9
72264,-16,1.0,5.2468,5,9,10,9
72306,-16,1.0,5.1003,8,9,10,9
72324,-16,1.0,5.8543,5,9,10,9
72357,-16,1.0,4.529,3,9,10,9
72372,-16,1.0,4.451,1,9,10,9
72395,-16,1.0,4.8306,4,9,10,9
72456,-16,0.894,5.7329,6,9,10,9
72572,-16,1.0,4.9417,11,9,10,9
72589,-16,1.0,4.5664,9,9,10,9
72680,-16,1.0,4.6399,7,9,10,9
72717,,,4.4072,6,-2,-9,0
72729,-16,1.0,4.0931,8,9,10,9
72763,-16,0.833,4.5063,6,9,10,9
72819,-16,1.0,6.0453,4,9,10,9
72822,-16,1.0,5.3853,3,9,10,9
72831,-16,1.0,5.2503,7,9,10,9
72896,-16,0.971,6.2168,8,9,10,9
72899,,,1.9088,3,-2,-9,0
72986,,,1.4616,8,-2,-9,0
73011,-16,1.0,4.7572,5,9,10,9
73031,-16,1.0,5.0191,7,9,10,9
73061,-16,1.0,4.9813,5,9,10,9
73069,,,2.0855,7,-2,-9,0
73179,-15,1.0,1.9053,6,10,11,10
73195,,,0.7069,5,-2,-9,0
73279,-15,0.974,3.3651,5,10,11,10
73317,-15,0.97,0.0281,8,9,11,10
73331,,,1.6825,9,-2,-9,0
73398,,,0.4994,9,-2,-9,0
73399,,,0.0583,7,-2,-9,0
73406,-15,0.97,0.5667,4,9,11,10
73470,-15,0.971,3.4329,9,10,11,10
73490,-15,1.0,1.7825,6,10,11,10
73504,-15,1.0,3.2208,5,10,11,10
73523,-16,1.0,5.3474,5,9,10,9
73526,,,0.9582,6,-2,-9,0
73540,-15,1.0,3.6627,9,10,11,10
73565,-15,1.0,0.0888,6,9,11,10
73588,-15,1.0,0.1127,2,9,11,10
73612,-16,0.971,6.2453,8,9,10,9
73622,-17,1.0,5.3665,3,9,9,8
73646,-15,0.966,0.0733,7,9,11,10
73661,-16,0.982,6.2301,7,9,10,9
73685,-16,0.943,5.116,6,9,10,9
73690,,,0.4755,7,-2,-9,0
73798,,,3.6758,3,-2,-9,0
73842,-15,0.977,0.172,10,9,11,10
73849,-16,0.98,4.0273,5,9,10,9
73868,-16,1.0,5.4557,6,9,10,9
73870,-17,1.0,5.2502,4,9,9,8
73920,-15,0.864,0.7233,5,9,11,10
73932,-16,0.977,2.8791,6,9,10,9
73952,,,0.1742,7,-2,-9,0
73959,,,0.4186,4,-2,-9,0
73991,-16,0.968,5.8647,6,9,10,9
74000,-16,1.0,5.5422,4,9,10,9
74033,-16,1.0,5.5911,5,9,10,9
74107,-17,1.0,5.4488,4,9,9,8
74149,-16,0.987,6.1237,10,9,10,9
74156,-16,0.971,5.2151,8,9,10,9
74160,,,3.9121,8,-2,-9,0
74218,-15,1.0,1.6465,3,9,11,10
74229,-16,1.0,5.2322,5,9,10,9
74241,-16,1.0,3.1202,3,9,10,9
74250,-15,1.0,0.3308,3,9,11,10
74252,-15,1.0,3.7622,9,10,11,10
74256,-16,0.588,2.1692,4,9,10,9
74319,-15,1.0,3.1371,7,10,11,10
74438,-16,1.0,4.815,6,9,10,9
74458,-16,1.0,5.6319,8,9,10,9
74587,-16,0.879,2.6815,5,9,10,9
74593,-16,1.0,4.7502,8,9,10,9
74624,-15,0.851,0.8083,10,9,11,10
74642,-15,0.944,0.768,5,9,11,10
74650,-16,0.975,5.381,4,9,10,9
74676,,,0.7194,2,-2,-9,0
74688,-15,1.0,1.7911,5,10,11,10
74703,-15,1.0,2.0299,7,10,11,10
74717,-16,1.0,5.4462,4,9,10,9
74721,,,0.4568,6,-2,-9,0
74758,-16,1.0,4.3091,7,9,10,9
74764,-15,0.9,2.1365,8,10,11,10
74815,,,6.1331,6,-2,-10,0
74858,-17,0.967,5.0648,3,9,9,8
74890,-16,0.962,4.901,3,9,10,9
74895,-15,1.0,0.238,3,9,11,10
74904,-16,1.0,5.9541,4,9,10,9
74946,-15,0.985,0.7327,7,9,11,10
75044,-18,0.958,5.8791,7,8,8,7
75053,-18,0.981,5.9628,10,8,8,7
75056,-17,1.0,4.3635,4,9,9,8
75064,-15,1.0,2.291,4,10,11,10
75094,-16,1.0,5.2716,10,9,10,9
75106,-16,1.0,5.9603,7,9,10,9
75109,-15,1.0,0.0992,13,9,11,10
75113,-15,0.986,3.7959,8,10,11,10
75130,-15,0.984,0.8697,7,9,11,10
75138,-15,1.0,1.8822,6,10,11,10
75192,-16,1.0,6.0246,5,9,10,9
75202,-15,0.975,0.3071,9,9,11,10
75215,-17,1.0,4.4276,5,9,9,8
75239,-18,1.0,5.8681,8,8,8,7
75244,-15,1.0,3.7238,5,10,11,10
75260,-15,1.0,3.7136,6,10,11,10
75278,-15,0.791,0.8856,5,9,11,10
75302,-17,1.0,4.4685,2,9,9,8
75303,-16,0.975,5.0692,4,9,10,9
75307,-15,1.0,1.8795,8,10,11,10
75308,-16,0.964,1.9971,6,9,10,9
75318,-15,0.93,3.6369,8,10,11,10
75324,-15,1.0,0.442,6,9,11,10
75345,-15,1.0,0.4272,7,9,11,10
75374,-15,0.889,0.0447,4,9,11,10
75380,-16,1.0,5.3501,5,9,10,9
75392,-15,0.94,0.7881,6,9,11,10
75416,-15,0.84,2.2356,6,10,11,10
75425,-15,1.0,3.8379,13,10,11,10
75427,-15,1.0,0.4912,7,9,11,10
75589,-16,1.0,5.5037,8,9,10,9
75617,-16,0.897,0.8673,4,8,10,9
75651,-16,1.0,5.4666,5,9,10,9
75668,-17,1.0,5.5506,5,9,9,8
75721,-15,0.655,0.98,3,9,11,10
75761,-18,0.75,5.8677,6,8,8,7
75763,-16,0.9,0.828,3,8,10,9
75784,,,5.9049,10,-2,-10,0
75788,-15,1.0,1.2297,3,9,11,10
75838,,,5.602,5,-2,-10,0
75865,-15,1.0,1.404,3,9,11,10
75866,-15,0.857,2.1266,6,10,11,10
75880,-17,1.0,4.4542,8,9,9,8
75886,-15,1.0,1.3244,11,9,11,10
75913,-16,1.0,4.8348,4,9,10,9
75929,-15,0.826,3.7228,4,10,11,10
75934,-15,0.974,0.7391,8,9,11,10
75954,-15,0.98,2.2829,8,10,11,10
75958,-15,0.714,0.1239,6,9,11,10
75990,-17,1.0,5.6448,9,9,9,8
76027,-17,1.0,5.569,4,9,9,8
76033,-15,0.667,1.1231,3,9,11,10
76109,-16,0.667,0.1526,3,9,11,10
76123,-15,1.0,1.5192,5,9,11,10
76156,,,6.0229,9,-2,-10,0
76186,-15,1.0,0.3928,6,9,11,10
76189,,,5.9426,3,-2,-10,0
76203,-16,1.0,5.5942,4,9,10,9
76209,-15,0.912,2.0809,8,10,11,10
76216,-15,1.0,1.5473,4,9,11,10
76219,-15,0.925,0.947,4,9,11,10
76221,-16,1.0,5.0913,5,9,10,9
76269,-15,1.0,3.229,6,10,11,10
76291,-15,1.0,3.6609,5,10,11,10
76398,-15,0.98,0.9849,7,9,11,10
76439,-16,1.0,4.7799,3,9,10,9
76448,-18,0.9,6.0414,4,8,8,7
76497,,,6.1143,11,-2,-10,0
76500,-15,0.81,0.279,4,9,11,10
76520,-15,0.975,3.0639,4,10,11,10
76524,,,0.016,4,-2,-9,0
76541,-16,0.989,5.5379,10,9,10,9
76584,-15,0.962,1.7062,4,10,11,10
76630,-15,1.0,1.3845,5,9,11,10
76661,-18,0.759,5.813,8,8,8,7
76667,-17,1.0,4.6059,4,9,9,8
76697,-15,1.0,2.1555,15,10,11,10
76727,-16,0.938,6.2646,6,9,10,9
76787,-15,1.0,2.3593,5,10,11,10
76903,-16,0.975,4.8549,4,9,10,9
76938,-15,0.927,3.0992,7,10,11,10
76961,-15,0.838,1.0821,8,9,11,10
76984,-15,1.0,3.8325,7,10,11,10
76989,,,5.3146,10,-2,-10,0
77008,-15,0.978,3.5303,5,10,11,10
77038,-15,1.0,3.7744,6,10,11,10
77042,-15,0.982,3.4698,7,10,11,10
77089,-15,1.0,1.3475,7,9,11,10
77112,-15,1.0,2.29,5,10,11,10
77121,,,5.268,7,-2,-10,0
77133,-15,0.973,3.2209,7,10,11,10
77140,-15,1.0,0.4644,6,9,11,10
77207,-15,1.0,0.367,3,9,11,10
77260,-18,0.8,3.7698,5,8,8,7
77264,,,6.0969,5,-2,-10,0
77296,-15,0.955,1.6096,4,9,11,10
77297,-15,1.0,1.4924,3,9,11,10
77316,-15,0.98,3.9956,7,10,11,10
77341,,,3.6644,1,10,11,10
77361,,,5.126,6,-2,-10,0
77385,,,6.1203,4,-2,-10,0
77488,-15,0.957,0.9961,6,9,11,10
77514,-15,0.9,3.9529,9,10,11,10
77559,-16,1.0,6.1172,6,9,10,9
77582,,,5.4562,11,-2,-10,0
77585,-17,1.0,4.5925,5,9,9,8
77600,-15,1.0,3.8916,3,10,11,10
77604,-15,0.667,0.4777,3,9,11,10
77643,-15,0.987,0.6024,9,9,11,10
77647,-15,1.0,0.5183,7,9,11,10
77666,-18,0.667,3.7108,5,8,8,7
77709,-15,0.988,3.9049,12,10,11,10
77722,-15,0.692,0.5456,2,9,11,10
77729,-15,0.978,3.3813,6,10,11,10
77781,-15,0.914,4.0326,8,10,11,10
77811,-15,0.955,4.1542,7,10,11,10
77813,-15,1.0,3.5623,14,10,11,10
77845,-16,0.977,3.9856,6,9,10,9
77846,-17,0.562,5.7016,3,8,8,7
77859,-15,1.0,1.3898,3,9,11,10
77883,-15,0.955,4.1247,9,10,11,10
77889,-15,1.0,4.3004,7,10,11,10
77909,-18,1.0,5.9399,5,8,8,7
77962,-15,1.0,1.3738,8,9,11,10
77968,-15,0.973,4.1905,8,10,11,10
77982,-15,0.983,3.9421,6,10,11,10
77990,-15,1.0,3.6705,3,10,11,10
77994,-15,1.0,0.6125,4,9,11,10
78001,-15,0.891,0.9106,6,9,11,10
78040,-15,0.985,4.483,9,10,11,10
78044,-15,0.959,4.6345,5,10,11,10
78061,-15,0.93,4.6212,8,10,11,10
78096,,,5.1977,8,-2,-10,0
78107,-15,0.935,4.1878,4,10,11,10
78124,-15,1.0,3.3192,7,10,11,10
78130,-15,1.0,1.51,3,9,11,10
78145,-15,1.0,1.2175,4,9,11,10
78155,,,1.2563,2,9,11,10
78159,-16,0.875,5.6639,2,9,10,9
78199,-15,1.0,4.4753,4,10,11,10
78206,-15,0.929,4.7625,5,10,11,10
78222,-15,1.0,1.3506,6,9,11,10
78235,-15,1.0,2.3504,7,10,11,10
78247,-15,1.0,2.4406,2,10,11,10
78248,,,4.8868,11,-2,-10,0
78283,-15,0.979,4.8648,8,10,11,10
78294,,,4.7736,9,-2,-10,0
78311,-15,1.0,0.586,9,9,11,10
78345,,,4.665,4,-2,-10,0
78361,-15,1.0,4.9848,4,10,11,10
78366,-15,0.966,3.402,7,10,11,10
78378,-15,0.941,3.1244,7,10,11,10
78488,,,4.3515,10,-2,-10,0
78506,-15,0.977,4.2016,7,10,11,10
78527,-15,1.0,4.9189,8,10,11,10
78543,-15,1.0,2.3821,11,10,11,10
78600,-15,1.0,1.9947,7,10,11,10
78622,-15,1.0,2.5103,4,10,11,10
78643,-15,0.961,3.2999,8,10,11,10
78703,-15,1.0,4.3839,7,10,11,10
78708,,,5.0286,7,-2,-10,0
78733,,,4.0029,8,-2,-10,0
78743,-17,1.0,6.1461,2,9,9,8
78758,-15,1.0,2.6007,10,10,11,10
78769,,,5.7559,8,-2,-10,0
78770,-15,1.0,3.7777,3,10,11,10
78776,-15,0.957,2.998,8,10,11,10
78848,-15,1.0,4.3436,5,10,11,10
78912,-15,1.0,2.3934,5,10,11,10
78929,-15,1.0,5.076,5,10,11,10
78953,-16,0.739,0.1326,4,9,11,10
78982,,,4.1684,4,-2,-10,0
79104,-15,1.0,2.0534,4,10,11,10
79131,,,3.824,6,-2,-10,0
79146,-15,0.911,4.8513,7,10,11,10
79157,,,5.4373,5,-2,-10,0
79210,-15,1.0,4.0654,5,10,11,10
79253,-15,1.0,1.448,5,9,11,10
79289,,,1.4258,10,-2,-10,0
79297,-15,1.0,3.9349,6,10,11,10
79397,-15,1.0,1.5746,6,9,11,10
79411,,,5.2117,4,-2,-10,0
79436,-15,1.0,3.9999,5,10,11,10
79473,-15,0.962,4.4957,7,10,11,10
79508,-17,1.0,4.6893,2,9,9,8
79553,-15,1.0,0.4537,3,9,11,10
79577,,,5.2891,3,-2,-10,0
79604,-15,1.0,2.161,6,10,11,10
79633,-17,1.0,5.6244,6,9,9,8
79701,,,3.2917,5,-2,-10,0
79839,-15,0.561,0.1526,6,10,11,10
79850,-15,1.0,3.7115,2,0,0,0
79867,-15,1.0,1.1885,5,9,11,10
79886,-15,1.0,2.8257,3,10,11,10
79908,-16,0.947,5.6643,5,9,10,9
79972,-16,1.0,5.299,6,9,10,9
79985,-15,1.0,4.154,4,10,11,10
80017,-15,0.977,3.1577,10,10,11,10
80024,-15,1.0,2.9952,3,10,11,10
80027,,,4.5278,3,-2,-10,0
80052,,,3.4065,5,-2,-10,0
80062,,,4.002,5,-2,-10,0
80065,,,1.1027,9,-2,-10,0
80066,-17,0.978,6.1015,6,9,9,8
80166,-15,0.933,5.351,3,10,11,10
80170,-16,1.0,5.1277,6,9,10,9
80188,-15,0.968,2.9235,7,10,11,10
80210,-17,0.985,5.5682,8,9,9,8
80234,-15,1.0,2.0896,8,10,11,10
80237,-15,1.0,1.9793,4,10,11,10
80309,-15,0.913,3.1014,5,10,11,10
80337,-17,1.0,4.5516,2,9,9,8
80405,-15,1.0,1.5547,6,9,11,10
80530,-15,0.9,4.6065,4,10,11,10
80645,-15,0.958,2.8565,4,10,11,10
80708,-15,1.0,4.6913,6,10,11,10
80741,-15,1.0,1.4563,3,9,11,10
80759,-18,0.5,5.3653,5,9,9,7
80828,-15,1.0,2.4514,4,10,11,10
80868,-15,1.0,1.8792,6,10,11,10
80880,-15,0.861,1.1927,5,9,11,10
80881,,,4.8967,4,-2,-10,0
80904,,,5.6827,5,0,0,0
80911,-17,1.0,5.7039,7,9,9,8
80916,,,0.6457,6,-2,-10,0
80922,-4,1.0,5.1687,2,0,0,0
80965,-15,1.0,5.2002,4,10,11,10
80975,-15,0.96,5.0473,6,10,11,10
81002,-15,1.0,1.7119,5,10,11,10
81039,-15,1.0,4.6519,2,10,11,10
81212,-15,1.0,5.5342,2,10,11,10
81219,,,1.0443,5,-2,-10,0
81220,-15,1.0,0.6126,9,9,11,10
81276,-15,1.0,3.6398,2,0,0,0
81315,-15,0.875,3.2204,4,10,11,10
81348,-4,0.9,5.0597,3,0,0,0
81368,-15,1.0,2.4651,6,10,11,10
81465,,,4.7266,6,-2,-10,0
81477,-15,0.842,1.0052,7,9,11,10
81533,,,0.4963,8,-2,-10,0
81550,-15,1.0,2.7819,5,10,11,10
81577,-15,0.968,3.1595,4,10,11,10
81582,-15,0.958,4.7493,9,10,11,10
81632,-15,0.958,4.8702,8,10,11,10
81676,-15,1.0,4.567,8,10,11,10
81694,-2,0.267,4.9308,4,0,0,0
81724,-17,0.951,5.0923,6,9,9,8
81727,-4,0.889,5.0625,3,0,0,0
81731,-1,0.686,4.8074,6,0,0,0
81747,,,4.7934,3,0,0,0
81753,-15,1.0,2.6797,2,10,11,10
81791,-15,1.0,2.7599,7,10,11,10
81821,-2,0.462,5.6002,7,0,0,0
81842,-1,0.733,4.9068,4,0,0,0
81951,-2,0.357,5.5921,6,0,0,0
81953,-15,1.0,3.6759,5,10,11,10
82004,-15,1.0,4.9961,6,10,11,10
82048,-15,0.828,4.8398,10,10,11,10
82112,,,4.4362,3,-2,-10,0
82155,-15,0.9,3.1499,5,10,11,10
82183,-15,1.0,5.1166,6,10,11,10
82186,-15,0.973,5.188,8,10,11,10
82232,-15,0.96,5.2315,5,10,11,10
82261,-2,0.412,5.5181,4,0,0,0
82269,-17,1.0,5.2873,4,9,9,8
82279,-2,0.6,5.4959,3,0,0,0
82283,-17,1.0,5.0273,4,9,9,8
82294,-15,1.0,3.0513,7,10,11,10
82314,-16,1.0,5.7058,4,9,10,9
82400,-18,1.0,6.0229,6,8,8,7
82464,-17,0.967,6.2522,4,9,9,8
82480,-15,0.788,4.9611,7,10,11,10
82485,-15,1.0,2.6944,4,10,11,10
82499,-15,0.925,5.1885,7,10,11,10
82506,-18,0.83,5.9716,8,8,8,7
82515,-1,1.0,4.6986,3,0,0,-1
82537,-15,1.0,2.5718,5,10,11,10
82552,,,0.6777,8,-2,-10,0
82584,-15,0.972,3.2398,9,10,11,10
82589,-15,0.6,0.2338,2,10,11,10
82597,-15,1.0,5.3124,4,10,11,10
82603,-15,0.984,4.6685,8,10,11,10
82608,,,4.6481,3,0,0,0
82623,-15,1.0,1.8898,9,10,11,10
82673,-15,0.96,4.9473,8,10,11,10
82724,-15,1.0,2.6007,5,10,11,10
82730,,,4.4373,5,-2,-10,0
82731,-15,1.0,2.6664,3,10,11,10
82826,-15,0.968,4.7275,7,10,11,10
82849,-15,0.977,3.4542,6,10,11,10
82879,-16,1.0,6.0318,3,9,10,9
83055,-15,1.0,3.387,5,10,11,10
83057,-15,1.0,5.8947,2,10,11,10
83104,-15,0.982,2.6843,7,10,11,10
83180,-15,0.976,6.0273,6,10,11,10
83264,-15,0.92,5.8281,6,10,11,10
83265,-15,0.909,5.1955,7,10,11,10
83275,,,0.5602,3,-2,-10,0
83338,-17,0.925,5.9411,4,9,9,8
83378,-15,1.0,3.4388,4,10,11,10
83379,-15,1.0,3.3685,5,10,11,10
83418,-16,0.9,6.131,4,9,10,9
83428,-15,0.879,5.2797,11,10,11,10
83437,-15,0.953,4.9267,5,10,11,10
83444,-15,1.0,2.519,5,10,11,10
83529,-17,0.917,5.8753,9,9,9,8
83548,-15,1.0,1.52,6,9,11,10
83550,-15,0.967,6.2039,3,10,11,10
83629,-1,0.739,4.6913,9,0,0,-1
83668,-17,0.918,5.9543,6,9,9,8
83701,-15,1.0,2.6018,6,10,11,10
83807,-3,0.357,6.0884,4,0,0,0
83838,-1,0.519,5.8382,7,0,0,0
83842,,,0.3162,8,-2,-10,0
83907,-17,1.0,5.7904,6,9,9,8
83959,-15,0.933,6.0036,6,10,11,10
83967,-15,1.0,1.8103,4,10,11,10
83982,-18,0.955,5.9885,3,8,8,7
83997,-17,1.0,5.7933,5,9,9,8
84059,-15,0.9,5.9553,3,10,11,10
84104,-17,1.0,4.2934,5,9,9,8
84117,-15,0.963,3.0606,3,10,11,10
84119,-15,0.857,6.002,3,10,11,10
84164,-17,1.0,5.8738,5,9,9,8
84185,-15,0.938,6.2424,5,10,11,10
84194,-15,1.0,2.9197,2,10,11,10
84208,-15,1.0,2.7838,4,10,11,10
84224,-15,1.0,1.8224,4,10,11,10
84257,-15,0.978,2.8271,5,10,11,10
84259,-5,0.655,6.2559,4,0,0,0
84268,,,5.2851,5,-2,-10,0
84275,-15,1.0,5.4094,5,10,11,10
84290,-4,1.0,0.0841,4,0,1,1
84306,-1,0.783,4.6509,5,0,0,-1
84315,-3,0.344,6.0216,5,0,0,0
84338,-7,0.111,6.2034,5,0,0,0
84360,-2,0.35,5.7828,7,0,0,0
84364,-4,0.045,6.2168,5,0,0,0
84366,-15,1.0,4.6334,5,10,11,10
84368,-4,0.4,5.9993,4,0,0,0
84418,-2,0.5,5.9559,3,0,0,0
84453,-15,1.0,1.0169,2,9,11,10
84454,-1,0.588,4.6667,7,0,0,-1
84458,,,0.1133,2,0,1,0
84466,-2,1.0,5.7234,5,0,0,0
84498,-16,0.8,6.0308,4,9,10,9
84505,,,5.8553,3,0,0,0
84521,-3,0.067,6.1116,3,0,0,0
84524,-1,0.15,0.0421,6,0,1,1
84528,-15,1.0,4.3559,4,10,11,10
84567,-15,1.0,2.2463,7,10,11,10
84623,-3,0.0,6.1182,3,0,0,0
84655,-15,0.968,2.3494,4,10,11,10
84702,-15,1.0,3.6732,2,0,0,0
84708,-15,1.0,1.8116,3,10,11,10
84725,-2,0.211,0.0617,5,0,1,1
84726,-15,1.0,2.3608,2,10,11,10
84746,-15,0.978,6.1417,5,10,11,10
84750,-2,0.259,6.1791,5,0,0,0
84830,-17,1.0,5.7048,6,9,9,8
84913,-2,0.5,0.0316,3,0,1,1
84945,,,6.0543,5,9,10,9
85021,-2,0.444,0.068,4,0,1,1
85101,-15,0.945,6.1927,8,10,11,10
85151,-15,0.87,5.9808,8,10,11,10
85182,-15,0.972,4.9706,8,10,11,10
85185,-14,1.0,0.5128,2,11,12,11
85186,-15,1.0,4.7367,10,10,11,10
85198,-14,1.0,1.7535,3,11,12,11
85282,-15,1.0,5.9415,5,10,11,10
85412,-1,1.0,5.8744,2,0,0,0
85420,-1,0.9,4.6928,8,0,0,-1
85443,,,4.7275,5,0,0,0
85477,,,5.6928,5,-2,-10,0
85497,-14,1.0,0.511,5,11,12,11
85522,-15,0.962,2.7609,4,10,11,10
85550,-15,1.0,5.8764,4,10,11,10
85552,-15,1.0,1.7338,8,10,11,10
85605,-15,1.0,5.7935,5,10,11,10
85667,,,4.3433,6,-2,-10,0
85672,-14,0.957,0.0066,8,10,12,11
85683,-17,0.538,5.8767,4,9,10,9
85704,-14,0.979,0.6717,7,11,12,11
85705,-14,0.986,0.645,9,11,12,11
85713,-15,0.967,5.8556,7,10,11,10
85762,-15,0.906,5.6933,7,10,11,10
85783,-14,1.0,0.3905,7,11,12,11
85786,-15,0.892,0.8633,5,9,11,10
85804,-15,0.884,5.2206,7,10,11,10
85836,-6,0.75,4.6603,5,0,0,-1
85846,-15,1.0,5.3195,6,10,11,10
85852,-15,0.929,5.424,7,10,11,10
85886,,,5.4547,4,-1,-10,0
85908,-15,0.889,6.0536,3,10,11,10
85925,,,4.8449,4,0,0,0
85935,-15,1.0,1.9674,2,9,10,10
85959,-17,0.897,6.0119,5,9,9,8
85988,,,5.8879,6,-1,-10,0
86018,,,4.8095,5,0,0,0
86090,-15,0.98,5.3364,5,10,11,10
86125,-14,1.0,1.6497,6,11,12,11
86189,-15,1.0,2.0394,4,10,11,10
86192,-14,1.0,2.1202,3,11,12,11
86198,-3,0.667,6.265,2,0,0,0
86200,-15,0.921,6.2209,6,10,11,10
86208,-17,1.0,5.7744,7,9,9,8
86239,-14,0.897,1.5954,4,11,12,11
86252,-15,1.0,6.1119,2,10,11,10
86301,-14,0.888,1.5079,11,11,12,11
86369,-15,1.0,3.4928,4,10,11,10
86475,-15,1.0,2.0134,5,10,11,10
86526,-15,1.0,6.2117,4,10,11,10
86527,-16,1.0,5.8973,4,9,10,9
86548,,,3.9046,5,-2,-10,0
86568,-14,1.0,0.3482,2,11,12,11
86614,-15,0.753,2.9517,8,10,11,10
86633,-14,1.0,0.4679,5,11,12,11
86637,-14,0.959,1.4648,5,11,12,11
86648,-15,0.986,5.4022,9,10,11,10
86651,-14,0.672,1.3322,7,11,12,11
86697,-14,1.0,2.1753,5,11,12,11
86731,-14,1.0,1.5506,3,11,12,11
86758,-14,1.0,0.5271,4,11,12,11
86776,-15,1.0,5.5478,5,10,11,10
86782,-14,0.957,2.2999,6,11,12,11
86789,-15,0.824,1.589,2,10,11,10
86801,-3,0.407,6.272,6,0,0,0
86837,-4,1.0,0.1276,4,0,1,1
86864,-14,0.779,5.1662,8,11,12,11
86878,-14,0.986,0.6726,7,11,12,11
86935,-14,1.0,0.5008,7,11,12,11
86937,-14,1.0,1.6713,10,11,12,11
86950,,,4.8271,4,0,0,0
86965,-15,0.875,5.6009,6,10,11,10
86967,-14,0.914,0.5714,6,11,12,11
86970,-15,1.0,5.5919,7,10,11,10
87014,-14,0.928,0.0151,9,10,12,11
87062,-15,1.0,5.5516,7,10,11,10
87082,,,3.5875,2,-2,-10,0
87119,-15,0.814,5.2586,10,10,11,10
87138,-14,0.872,0.8316,5,11,12,11
87140,,,4.971,5,-1,-10,0
87167,-14,0.952,1.3285,5,11,12,11
87174,-14,1.0,0.3194,3,11,12,11
87178,-18,0.6,5.7854,2,8,8,7
87201,-15,0.986,5.6218,8,10,11,10
87215,-17,0.983,5.7646,7,9,9,8
87225,-15,1.0,2.5477,6,10,11,10
87263,-15,0.735,5.4832,8,10,11,10
87266,-14,1.0,0.8307,11,11,12,11
87278,-15,1.0,1.6634,1,10,11,10
87412,-14,1.0,0.408,5,11,12,11
87422,-14,0.626,5.141,12,11,12,11
87477,-16,1.0,5.8741,6,9,10,9
87501,-18,1.0,6.0852,5,8,8,7
87509,-15,1.0,5.5359,4,10,11,10
87545,-15,1.0,6.1106,1,10,11,10
87552,-15,1.0,5.6351,3,10,11,10
87644,-14,0.967,0.0941,3,10,12,11
87697,-2,0.0,5.9944,3,0,0,0
87708,-14,0.817,5.0014,8,11,12,11
87716,-13,0.591,0.5346,3,11,12,11
87793,-16,1.0,5.8251,7,9,10,9
87798,-16,0.7,5.9003,7,9,10,9
87812,-14,1.0,0.9714,7,11,12,11
87826,-14,0.757,4.9523,7,11,12,11
87876,-14,0.981,1.0611,7,11,12,11
87886,-15,1.0,1.562,5,9,11,10
87956,-14,0.855,4.845,6,11,12,11
87976,-14,1.0,0.3015,3,11,12,11
88139,-14,0.85,1.1346,5,11,12,11
88195,-14,0.89,4.8343,8,11,12,11
88210,-14,1.0,0.3697,6,11,12,11
88218,-14,0.927,1.2542,5,11,12,11
88230,-18,1.0,5.6596,6,8,8,7
88232,-15,1.0,5.6921,6,10,11,10
88249,-15,1.0,6.1026,7,10,11,10
88262,-15,0.939,2.2238,5,10,11,10
88263,-15,0.785,2.2188,7,10,11,10
88273,,,0.8472,1,11,12,11
88313,,,4.5264,5,-2,-11,0
88339,-1,0.724,4.7556,6,0,0,-1
88430,-14,1.0,1.8904,2,11,12,11
88475,-1,0.667,4.8348,5,0,0,-1
88521,-15,0.929,5.4712,3,10,11,10
88546,-14,1.0,0.1093,4,10,12,11
88567,-14,1.0,2.1967,5,11,12,11
88595,-18,1.0,6.1556,4,8,8,7
88603,-14,1.0,0.1724,7,10,12,11
88627,-14,1.0,4.7093,8,11,12,11
88663,-16,0.913,0.0465,4,9,10,9
88687,-14,0.974,3.0836,4,11,12,11
88693,-14,0.767,0.9805,6,11,12,11
88717,-14,0.974,0.231,6,10,12,11
88719,-16,1.0,6.2828,1,9,10,9
88732,-14,0.857,5.2594,12,11,12,11
88750,,,0.0145,8,-2,-10,0
88754,,,5.2004,3,-2,-11,0
88767,-14,1.0,3.1811,5,11,12,11
88774,-15,1.0,5.6795,6,10,11,10
88793,-14,0.921,5.3572,5,11,12,11
88797,-14,0.981,0.0138,7,10,12,11
88859,-14,0.87,4.7025,7,11,12,11
88891,,,5.8239,7,-2,-11,0
88896,,,6.178,8,-2,-11,0
88909,-14,1.0,0.0514,7,10,12,11
88918,-14,0.696,5.4038,6,11,12,11
88949,-14,0.757,1.0815,7,11,12,11
88951,-14,0.903,1.0596,4,11,12,11
88961,-14,0.892,1.1972,5,11,12,11
88968,,,6.2231,10,-2,-11,0
89010,-14,0.794,5.4731,5,11,12,11
89026,-1,0.591,6.0346,3,0,0,0
89030,-15,0.938,1.8822,5,9,10,10
89139,-14,0.97,4.6332,7,11,12,11
89145,,,5.8909,7,-2,-11,0
89162,,,5.9141,2,9,10,9
89165,-14,0.935,0.0564,7,10,12,11
89180,-14,0.753,1.2538,9,11,12,11
89193,-14,1.0,0.2364,4,10,12,11
89208,-14,0.9,5.6417,5,11,12,11
89232,-14,0.864,4.8603,11,11,12,11
89259,-14,1.0,0.9766,5,11,12,11
89303,-14,0.958,1.366,4,11,12,11
89336,-14,1.0,4.5543,5,11,12,11
89353,-14,0.903,1.0625,6,11,12,11
89370,,,0.6112,6,-2,-10,0
89419,,,1.1025,2,-2,-10,0
89429,-18,0.8,6.2394,4,8,8,7
89444,,,6.0769,8,-2,-11,0
89460,-14,1.0,4.4956,8,11,12,11
89469,-14,0.967,4.7246,5,11,12,11
89479,,,4.6899,5,-2,-8,0
89485,,,0.3408,4,-2,-10,0
89502,-16,0.871,0.1553,4,9,10,9
89515,-14,0.964,4.5428,6,11,12,11
89551,,,2.9263,4,-2,-10,0
89557,-14,1.0,0.1863,7,10,12,11
89563,-14,1.0,2.9968,6,11,12,11
89589,-15,0.931,5.5507,8,10,11,10
89609,,,0.1339,4,-2,-10,0
89670,-14,0.983,4.6899,9,11,12,11
89672,-14,1.0,0.0737,1,10,12,11
89694,-15,0.829,2.8797,8,10,11,10
89780,-15,0.98,5.726,7,10,11,10
89817,,,0.3906,5,-2,-10,0
89836,-15,0.881,2.8817,5,10,11,10
89893,-14,1.0,2.8973,3,11,12,11
89913,-14,0.937,4.5332,11,11,12,11
89934,-14,1.0,2.1568,12,11,12,11
89958,-14,0.984,4.3865,8,11,12,11
90031,-14,1.0,2.2387,5,11,12,11
90032,-14,1.0,2.1968,4,11,12,11
90033,-15,0.95,6.0854,7,10,11,10
90052,-15,0.889,6.1806,10,10,11,10
90086,-14,0.986,2.2659,9,11,12,11
90091,-14,1.0,4.3577,7,11,12,11
90092,-15,0.892,5.9938,6,10,11,10
90110,,,5.3927,6,-1,-10,0
90136,-16,0.82,5.7837,6,9,10,9
90190,-14,0.851,4.1623,7,11,12,11
90194,-14,0.754,5.6112,7,11,12,11
90198,-14,1.0,0.0946,5,10,12,11
90200,,,5.0471,7,-1,-10,0
90211,,,5.2042,5,-1,-10,0
90238,-14,0.973,4.2885,13,11,12,11
90250,-14,0.886,1.2342,8,11,12,11
90290,-14,0.96,3.9538,4,11,12,11
90339,-14,0.931,0.3004,3,10,12,11
90343,-14,0.956,4.0699,5,11,12,11
90357,-14,0.967,1.358,3,11,12,11
90361,-14,0.955,4.8998,4,11,12,11
90366,-14,0.892,0.3637,5,10,12,11
90401,,,0.4304,5,-2,-10,0
90413,-15,0.969,5.9824,9,10,11,10
90416,-14,0.938,0.9009,5,11,12,11
90433,-14,0.947,4.1017,6,11,12,11
90457,-14,1.0,0.1032,5,10,12,11
90491,-15,0.985,6.244,8,10,11,10
90520,-14,0.902,1.5141,7,11,12,11
90522,-14,1.0,3.217,9,11,12,11
90523,-14,0.919,5.3026,5,11,12,11
90545,,,6.1046,6,-2,-11,0
90610,-14,1.0,1.7421,6,11,12,11
90617,-14,0.958,3.9894,3,11,12,11
90699,-14,0.979,3.3398,5,11,12,11
90737,-14,0.935,0.895,8,11,12,11
90749,-14,1.0,3.1006,5,11,12,11
90767,-14,1.0,3.8123,6,11,12,11
90792,-15,1.0,5.9278,7,10,11,10
90867,-14,0.969,4.1511,8,11,12,11
90913,-14,0.82,4.9867,6,11,12,11
90922,-17,0.652,5.7886,7,9,10,9
90937,-14,0.917,3.3217,8,11,12,11
91033,-14,1.0,4.1517,8,11,12,11
91050,-14,1.0,1.8351,5,11,12,11
91061,-15,1.0,6.0726,7,10,11,10
91079,-14,0.955,1.8565,8,11,12,11
91122,-16,0.923,0.1985,4,9,10,9
91129,,,0.0818,7,-2,-10,0
91135,-14,1.0,0.0442,6,10,12,11
91144,-14,0.926,1.6472,3,11,12,11
91158,,,5.8673,8,-2,-11,0
91162,-14,1.0,0.78,8,11,12,11
91167,,,5.5433,13,-2,-11,0
91175,-14,1.0,2.806,7,11,12,11
91176,-14,1.0,1.9361,6,11,12,11
91181,-14,0.96,3.7735,5,11,12,11
91231,-15,1.0,5.9463,3,10,11,10
91241,-14,1.0,1.9916,9,11,12,11
91282,-14,1.0,1.7283,3,11,12,11
91283,-14,1.0,1.9977,5,11,12,11
91309,-14,0.946,5.1175,7,11,12,11
91311,-17,0.917,0.2613,2,8,9,8
91314,-14,0.95,0.0925,3,10,12,11
91316,-14,1.0,2.9809,11,11,12,11
91325,-14,0.935,1.1182,9,11,12,11
91334,-14,0.73,1.1368,4,11,12,11
91338,-14,1.0,2.0883,3,11,12,11
91357,-14,0.974,4.5751,4,11,12,11
91391,-14,1.0,2.1068,9,11,12,11
91407,-15,0.962,2.9206,3,10,11,10
91469,,,5.2586,2,-1,-10,0
91524,-14,1.0,0.0862,4,10,12,11
91553,-14,0.81,5.3602,7,11,12,11
91565,,,5.1003,10,-2,-11,0
91637,-15,1.0,5.8838,4,10,11,10
91694,-14,0.958,2.0326,4,11,12,11
91695,-14,1.0,5.1315,6,11,12,11
91696,-15,1.0,5.8225,6,10,11,10
91703,,,4.7829,6,-2,-11,0
91746,-14,0.949,3.6911,5,11,12,11
91758,-14,1.0,2.2787,8,11,12,11
91772,-17,0.906,0.2127,5,8,9,8
91776,-16,0.95,0.1021,5,9,10,9
91811,-14,1.0,2.3686,5,11,12,11
91814,,,4.6755,7,-2,-11,0
91817,-15,1.0,6.028,10,10,11,10
91822,-14,1.0,3.6853,4,11,12,11
91826,-14,1.0,3.823,6,11,12,11
91867,-14,1.0,1.9653,5,11,12,11
91906,,,0.3172,10,-2,-10,0
91934,-14,0.982,3.4534,7,11,12,11
91937,-14,1.0,3.2378,8,11,12,11
91941,,,0.3038,5,-2,-10,0
91954,-14,1.0,2.0914,11,11,12,11
92008,-17,1.0,0.1463,3,8,9,8
92030,-14,0.941,4.8205,4,11,12,11
92048,-14,0.955,2.0469,5,11,12,11
92116,,,0.5444,6,-2,-10,0
92195,,,5.039,10,-2,-11,0
92244,,,5.7637,6,-2,-11,0
92315,-14,0.969,3.4638,7,11,12,11
92324,-14,0.972,4.0081,9,11,12,11
92332,-14,0.978,4.5048,12,11,12,11
92336,-14,1.0,4.2892,6,11,12,11
92352,-14,0.932,1.0974,5,11,12,11
92382,,,5.7587,6,-2,-11,0
92387,-14,0.966,5.2038,6,11,12,11
92392,-14,0.556,0.6107,3,11,12,11
92434,-14,1.0,3.6226,8,11,12,11
92450,-14,1.0,4.5777,5,11,12,11
92468,-14,1.0,4.7022,5,11,12,11
92506,,,5.5382,8,-2,-11,0
92515,-14,0.976,1.8926,7,11,12,11
92523,,,0.6097,12,-2,-10,0
92530,,,0.8672,5,-2,-10,0
92531,-14,0.974,5.2188,4,11,12,11
92544,-14,0.972,3.6706,5,11,12,11
92569,-14,1.0,5.0408,6,11,12,11
92570,-14,1.0,2.2305,5,11,12,11
92578,-14,1.0,4.4512,2,11,12,11
92620,-14,1.0,3.2056,6,11,12,11
92657,,,5.1444,7,-2,-11,0
92674,-14,0.826,5.3839,3,11,12,11
92717,-14,0.972,5.9951,4,11,12,11
92719,,,2.6465,3,-2,-11,0
92775,-14,0.989,4.6854,11,11,12,11
92832,-14,0.804,5.3607,6,11,12,11
92834,,,5.1962,5,-2,-11,0
92865,-14,0.905,5.3009,6,11,12,11
92890,-14,1.0,3.2087,7,11,12,11
92891,-14,0.957,4.8595,6,11,12,11
92894,,,0.4447,9,-2,-10,0
92912,-14,1.0,3.8442,6,11,12,11
92932,-14,1.0,3.7326,8,11,12,11
92939,-14,1.0,3.0135,3,11,12,11
92950,,,5.7701,4,-2,-11,0
92975,-14,1.0,4.9644,7,11,12,11
92987,-14,1.0,2.3764,4,11,12,11
93047,-14,0.864,1.5327,3,11,12,11
93100,-14,0.957,4.8182,8,11,12,11
93120,,,5.9246,6,-2,-11,0
93129,-14,0.902,6.1037,5,11,12,11
93138,-14,0.884,5.2848,5,11,12,11
93181,-14,0.889,3.5463,5,11,12,11
93204,,,0.7776,7,-2,-10,0
93207,-14,0.963,0.9387,6,11,12,11
93218,-14,0.964,1.8474,3,11,12,11
93234,-14,1.0,2.4017,6,11,12,11
93262,-14,0.935,0.887,4,11,12,11
93270,,,4.812,4,-2,-11,0
93272,-14,0.953,0.9571,5,11,12,11
93285,-14,1.0,3.1609,3,11,12,11
93313,-14,0.949,4.9783,6,11,12,11
93369,-14,1.0,5.0042,4,11,12,11
93396,-18,0.967,6.1075,4,8,8,7
93406,-14,1.0,3.0878,6,11,12,11
93454,-14,1.0,4.2457,10,11,12,11
93463,,,0.5717,9,-2,-10,0
93465,-14,1.0,4.1054,3,11,12,11
93567,-14,1.0,2.4914,9,11,12,11
93581,-14,0.98,5.944,6,11,12,11
93582,-14,1.0,0.6884,2,11,12,11
93584,-14,0.74,5.3005,7,11,12,11
93601,-14,1.0,2.9617,7,11,12,11
93605,,,4.5046,9,-2,-11,0
93620,,,4.4237,5,-2,-11,0
93626,-14,1.0,2.4814,5,11,12,11
93631,-14,1.0,2.2925,6,11,12,11
93640,,,5.6263,6,-2,-11,0
93641,,,0.2861,6,-2,-10,0
93651,-14,1.0,3.0383,7,11,12,11
93708,-14,1.0,3.6698,8,11,12,11
93712,,,4.3193,6,-2,-11,0
93739,,,0.2226,7,-2,-10,0
93761,-14,1.0,2.8994,5,11,12,11
93764,,,0.8256,11,-2,-10,0
93773,,,6.2048,5,-2,-11,0
93774,,,0.2745,7,-2,-10,0
93775,,,0.2941,10,-2,-10,0
93804,-14,1.0,3.0033,5,11,12,11
93820,,,6.1986,5,-2,-11,0
93827,-14,1.0,2.3692,7,11,12,11
93844,-14,1.0,2.4609,6,11,12,11
93893,,,4.5353,4,-2,-11,0
93900,-14,0.985,3.7135,9,11,12,11
93907,-14,1.0,2.5571,8,11,12,11
93912,,,0.8865,5,-2,-10,0
93917,,,0.2049,8,-2,-10,0
93957,-14,1.0,3.7606,7,11,12,11
94001,-14,1.0,3.369,6,11,12,11
94006,,,0.0704,6,-2,-10,0
94007,,,6.1699,3,-2,-11,0
94034,,,3.8581,9,-2,-11,0
94048,,,5.1886,6,-2,-11,0
94053,-14,1.0,2.6432,4,11,12,11
94130,,,4.5625,7,-2,-11,0
94135,,,3.9094,8,-2,-11,0
94138,-14,1.0,3.6974,6,11,12,11
94170,,,4.3773,7,-2,-11,0
94173,-14,1.0,3.3769,7,11,12,11
94198,-14,1.0,3.6102,8,11,12,11
94231,-14,1.0,3.8516,7,11,12,11
94236,-14,1.0,3.2239,5,11,12,11
94237,,,4.5371,8,-2,-11,0
94258,,,4.5304,8,-2,-11,0
94260,-14,1.0,3.7809,3,11,12,11
94263,,,4.985,3,-1,-10,0
94274,-14,1.0,3.559,10,11,12,11
94298,-14,0.933,6.2011,3,11,12,11
94322,-14,1.0,2.8638,5,11,12,11
94357,-14,1.0,3.4993,3,11,12,11
94360,,,5.6807,4,-2,-11,0
94370,,,6.1142,7,-2,-11,0
94380,-14,0.969,3.7674,8,11,12,11
94383,,,6.2473,3,-2,-11,0
94387,-14,1.0,2.3848,8,11,12,11
94419,-14,1.0,3.5591,5,11,12,11
94422,-14,1.0,1.2023,3,11,12,11
94574,-14,1.0,3.5684,7,11,12,11
94591,-14,1.0,2.692,6,11,12,11
94592,-14,0.975,5.2527,5,11,12,11
94621,-14,1.0,3.4816,8,11,12,11
94659,-14,1.0,2.9002,6,11,12,11
94708,,,0.0505,6,-2,-10,0
94779,-14,0.889,5.3149,11,11,12,11
94789,,,0.2441,5,-2,-10,0
94831,-14,0.967,3.9225,5,11,12,11
94836,,,0.161,7,-2,-10,0
94888,,,4.9718,1,11,12,11
94901,,,6.1675,8,-2,-11,0
94927,-14,1.0,3.3935,5,11,12,11
94947,-14,0.963,5.4223,7,11,12,11
95011,-14,1.0,2.6603,4,11,12,11
95028,-17,0.85,0.0616,3,8,9,8
95079,-15,1.0,1.1346,3,9,11,10
95106,,,0.0411,5,-2,-10,0
95108,-14,1.0,6.0986,5,11,12,11
95109,-14,0.878,1.414,5,11,12,11
95119,-14,0.988,3.3562,11,11,12,11
95144,-13,0.95,5.1533,4,12,13,12
95154,,,5.797,6,-2,-11,0
95209,-14,0.841,5.4326,5,11,12,11
95232,-14,1.0,6.2119,3,11,12,11
95247,-14,0.982,5.3203,7,11,12,11
95305,-14,0.817,5.5077,7,11,12,11
95315,-13,1.0,5.0764,6,12,13,12
95327,-14,0.929,5.6723,5,11,12,11
95335,,,0.2006,9,-2,-10,0
95403,-13,0.974,4.9534,6,12,13,12
95418,,,5.7607,6,-2,-11,0
95440,-14,1.0,5.5079,3,11,12,11
95475,-14,0.955,5.567,4,11,12,11
95521,-14,1.0,2.4339,2,11,12,11
95623,,,5.9751,5,-2,-11,0
95625,-13,1.0,0.0103,5,11,13,12
95647,-14,1.0,5.5675,5,11,12,11
95739,-14,0.902,5.7302,6,11,12,11
95740,-13,0.921,4.9438,8,12,13,12
95778,,,5.6611,5,-2,-11,0
95869,,,5.7274,2,-2,-11,0
95964,-13,1.0,5.0802,6,12,13,12
95983,-14,1.0,2.8815,6,11,12,11
96006,-13,0.911,4.8105,7,12,13,12
96029,-14,1.0,2.7395,3,11,12,11
96043,-14,1.0,3.6138,3,11,12,11
96097,,,6.24,3,-2,-11,0
96113,-14,1.0,2.6256,7,11,12,11
96197,-14,0.962,6.1486,7,11,12,11
96249,-14,1.0,2.5902,2,11,12,11
96264,-18,1.0,6.0827,3,8,8,7
96300,-14,0.974,5.5956,4,11,12,11
96326,-14,0.957,5.6412,6,11,12,11
96332,-13,1.0,0.0829,4,11,13,12
96335,-14,0.868,5.2565,6,11,12,11
96336,,,5.5074,4,-2,-11,0
96342,,,5.5813,6,-2,-11,0
96348,,,5.891,6,-2,-11,0
96418,-13,0.989,4.7904,9,12,13,12
96438,,,5.5152,4,-2,-11,0
96448,-14,1.0,3.0829,4,11,12,11
96463,-14,1.0,3.895,3,11,12,11
96474,-13,0.952,0.0713,4,11,13,12
96529,-14,1.0,5.6901,5,11,12,11
96544,-14,0.974,5.6837,5,11,12,11
96560,-14,0.977,5.8184,10,11,12,11
96632,-14,0.92,6.0843,4,11,12,11
96670,-14,0.96,2.8552,5,11,12,11
96703,-13,1.0,5.2168,3,12,13,12
96734,-13,1.0,5.2589,4,12,13,12
96739,-13,0.961,5.3013,6,12,13,12
96760,-14,0.913,5.9383,6,11,12,11
96763,-14,0.968,6.0333,9,11,12,11
96768,-15,0.556,5.4049,6,11,12,11
96875,-15,1.0,3.5629,3,10,11,10
96884,-13,0.885,4.8354,4,12,13,12
96912,-14,1.0,5.6429,3,11,12,11
96921,-14,1.0,5.8321,5,11,12,11
96924,,,5.5564,5,-2,-11,0
96959,-14,1.0,3.9465,8,11,12,11
97003,-18,0.818,3.6703,2,8,8,7
97058,-13,1.0,5.3047,5,12,13,12
97134,,,5.0472,3,-1,-10,0
97141,-13,0.981,4.8644,6,12,13,12
97194,,,5.3254,6,-2,-11,0
97216,-13,1.0,0.095,5,11,13,12
97260,-14,1.0,5.7515,6,11,12,11
97349,-13,1.0,0.0826,5,11,13,12
97369,-13,0.94,4.9803,6,12,13,12
97370,-13,0.943,5.3614,9,12,13,12
97373,,,0.1493,7,-2,-10,0
97486,,,0.0111,4,-2,-10,0
97558,-14,1.0,5.7969,6,11,12,11
97579,-13,0.957,5.2627,3,12,13,12
97669,-13,1.0,4.7531,7,12,13,12
97794,-13,0.905,4.9439,7,12,13,12
97854,,,5.8861,8,-2,-11,0
97870,-14,1.0,2.6948,3,11,12,11
97971,-13,1.0,4.9586,5,12,13,12
98007,-14,0.645,5.1927,9,11,12,11
98033,,,6.2584,5,-2,-11,0
98086,-13,0.7,5.4778,1,12,13,12
98098,,,5.712,3,-2,-11,0
98183,-13,1.0,5.0726,9,12,13,12
98191,-15,1.0,1.2147,2,9,11,10
98208,,,6.093,6,-2,-11,0
98230,-13,1.0,0.0361,4,11,13,12
98237,-14,0.978,3.6086,6,11,12,11
98265,-13,0.96,4.8681,5,12,13,12
98271,,,5.5323,7,-2,-11,0
98272,-13,0.976,4.9653,6,12,13,12
98329,-14,0.98,2.8059,5,11,12,11
98353,-14,0.912,5.2097,5,11,12,11
98358,,,6.1031,3,-2,-11,0
98359,,,5.1254,4,-2,-11,0
98360,,,5.1061,6,-2,-11,0
98367,-18,0.968,5.8979,4,8,8,7
98408,-13,0.978,5.3369,5,12,13,12
98422,-13,1.0,5.2018,5,12,13,12
98431,,,5.3668,5,-2,-11,0
98454,-14,0.981,5.6162,7,11,12,11
98468,-13,0.971,5.1393,7,12,13,12
98484,-13,1.0,4.736,3,12,13,12
98544,-13,0.951,0.0709,5,11,13,12
98547,-13,1.0,5.3348,3,12,13,12
98552,-13,0.989,5.3173,10,12,13,12
98556,-14,0.714,5.1947,5,11,12,11
98579,-13,0.966,5.3369,3,12,13,12
98775,,,6.253,8,-2,-11,0
98790,,,5.0628,3,-2,-11,0
98798,,,6.0749,4,-2,-11,0
98848,-14,0.882,5.5534,6,11,12,11
98940,-14,0.5,5.5827,1,12,13,12
98959,,,4.7478,6,-2,-11,0
98966,-14,0.718,5.1811,4,11,12,11
98969,,,0.1333,9,-2,-10,0
98998,-14,0.947,6.2772,6,11,12,11
99014,,,6.2274,5,-2,-11,0
99024,-13,1.0,4.9051,4,12,13,12
99047,-14,1.0,3.4915,7,11,12,11
99107,,,5.8429,4,-2,-11,0
99136,,,4.5778,9,-2,-11,0
99182,-14,0.887,1.7995,6,11,12,11
99269,-13,0.87,5.5605,3,12,13,12
99321,,,4.3109,3,-2,-11,0
99371,,,5.9148,4,-2,-11,0
99467,,,4.6012,5,-2,-11,0
99481,-14,1.0,6.2178,4,11,12,11
99503,-14,1.0,6.1697,6,11,12,11
99551,-13,1.0,5.4828,5,12,13,12
99577,-14,0.98,5.8719,6,11,12,11
99630,-13,0.935,5.488,4,12,13,12
99683,-13,1.0,5.5149,7,12,13,12
99772,-13,1.0,5.507,6,12,13,12
99807,-16,1.0,0.3518,1,9,10,9
99860,,,4.9201,3,-2,-11,0
99979,-14,1.0,5.8758,9,11,12,11
100063,-14,1.0,2.7572,5,11,12,11
100065,-13,1.0,0.0158,4,11,13,12
100159,,,4.6038,3,-2,-11,0
100278,,,5.4319,7,-2,-11,0
100341,-14,0.625,5.8333,3,12,13,12
100418,,,5.7933,6,-2,-11,0
100467,,,5.3375,4,-2,-11,0
100568,-13,1.0,5.0311,3,12,13,12
100679,,,4.4461,1,-2,-11,0
100779,-14,1.0,2.7397,4,11,12,11
100808,,,5.5576,8,-2,-11,0
100833,-13,0.647,5.8466,6,12,13,12
100873,-13,1.0,4.809,3,12,13,12
100882,,,5.608,5,-2,-11,0
100922,-13,0.846,5.7774,4,12,13,12
101214,,,5.156,5,-2,-11,0
101289,,,4.9644,7,-2,-11,0
101368,-13,1.0,5.551,4,12,13,12
101388,-14,0.958,5.9226,6,11,12,11
101408,-13,0.905,5.446,10,12,13,12
101455,,,4.7332,2,-2,-11,0
101460,,,5.6534,7,-2,-11,0
101461,-13,1.0,5.6136,5,12,13,12
101462,-13,1.0,5.6951,5,12,13,12
101588,,,4.9345,4,-2,-11,0
101613,-13,0.773,5.9199,3,12,13,12
101640,,,5.8442,4,-2,-11,0
101654,-13,1.0,4.6402,6,12,13,12
101685,-13,0.96,4.4588,5,12,13,12
101797,,,4.3807,3,-2,-11,0
101798,,,5.0985,5,-2,-11,0
101806,-14,0.933,2.822,6,11,12,11
101837,-13,0.86,5.9626,6,12,13,12
101852,,,5.1778,3,-2,-11,0
101854,-13,1.0,4.3019,6,12,13,12
101884,-13,1.0,4.596,8,12,13,12
101902,-13,0.986,4.1892,7,12,13,12
101984,-13,1.0,6.055,2,12,13,12
102028,-13,1.0,4.0071,4,12,13,12
102036,-13,0.968,4.6026,4,12,13,12
102068,-13,1.0,4.0615,6,12,13,12
102138,-13,0.981,5.7685,7,12,13,12
102153,,,5.2782,4,-2,-11,0
102168,-13,0.75,5.8971,6,12,13,12
102275,-13,1.0,5.5468,5,12,13,12
102304,-14,1.0,6.0097,7,11,12,11
102314,-18,1.0,6.176,4,8,8,7
102338,-14,1.0,2.7999,7,11,12,11
102417,-13,0.939,4.3078,8,12,13,12
102420,-13,0.943,4.3955,4,12,13,12
102498,-14,0.695,5.3971,7,11,12,11
102517,-14,1.0,5.9989,6,11,12,11
102558,,,5.1845,3,-2,-11,0
102627,,,4.6111,5,-2,-11,0
102718,-13,0.9,6.0388,6,12,13,12
102762,-14,1.0,6.0412,3,11,12,11
102785,,,5.4455,3,-2,-11,0
102815,-14,1.0,5.9262,3,11,12,11
102852,,,4.8775,8,-2,-11,0
102868,-14,1.0,6.0965,7,11,12,11
102879,,,5.7015,3,-2,-11,0
102958,,,4.7404,7,-2,-11,0
102959,-13,1.0,5.4428,4,12,13,12
102998,-13,1.0,6.0923,9,12,13,12
103113,,,5.3032,6,-2,-11,0
103120,-13,0.986,5.9256,8,12,13,12
103122,-2,0.667,0.8421,4,0,0,0
103127,-14,1.0,6.1743,6,11,12,11
103207,-13,0.952,3.8726,4,12,13,12
103215,-1,1.0,0.7844,8,0,0,0
103276,,,0.8638,7,0,0,0
103283,-2,0.75,0.8626,4,0,0,0
103347,-13,0.919,4.1088,8,12,13,12
103387,,,5.1998,5,-2,-11,0
103475,-13,1.0,3.9693,5,12,13,12
103488,-13,0.826,4.1959,4,12,13,12
103491,,,5.303,6,-2,-11,0
103545,-13,0.833,5.8351,5,12,13,12
103561,-13,0.939,5.8868,7,12,13,12
103578,-13,0.922,5.9947,6,12,13,12
103623,-13,0.984,5.5666,8,12,13,12
103633,,,4.9428,2,-2,-11,0
103642,-13,0.982,5.6579,6,12,13,12
103667,-13,1.0,6.2325,9,12,13,12
103689,-13,0.979,5.8228,5,12,13,12
103717,-13,1.0,5.9238,5,12,13,12
103718,,,6.1532,2,-2,-11,0
103732,-13,0.944,3.7849,6,12,13,12
103752,-13,0.967,5.6779,6,12,13,12
103852,-13,1.0,5.7718,4,12,13,12
103858,,,5.0952,8,-2,-11,0
103901,-13,0.975,6.2827,5,12,13,12
103908,-13,1.0,3.9888,5,12,13,12
104013,-13,0.989,5.8214,10,12,13,12
104041,-1,0.8,0.6501,6,0,0,0
104052,,,0.6902,8,0,0,0
104103,-13,1.0,5.8193,3,12,13,12
104130,-13,0.9,4.5183,2,12,13,12
104133,0,1.0,0.6097,5,0,0,0
104134,-1,0.818,0.6095,4,0,0,0
104155,-13,1.0,0.0527,1,11,13,12
104227,-14,0.957,5.8784,6,11,12,11
104248,,,5.321,9,-2,-11,0
104267,,,0.6216,7,0,0,0
104297,-13,1.0,6.2396,2,12,13,12
104330,,,4.9895,6,-2,-11,0
104340,,,5.3001,5,-2,-11,0
104358,-13,1.0,5.9469,6,12,13,12
104368,-13,1.0,3.963,5,12,13,12
104401,-13,1.0,0.105,2,12,13,12
104416,,,5.3776,3,-2,-11,0
104421,-13,1.0,6.0363,4,12,13,12
104442,-13,1.0,3.9055,7,12,13,12
104462,-13,1.0,3.7125,5,12,13,12
104481,-13,0.947,5.7786,3,12,13,12
104484,-14,1.0,2.7747,5,11,12,11
104486,-13,1.0,0.0143,4,11,13,12
104630,,,4.8583,3,-2,-11,0
104649,-13,1.0,3.9191,7,12,13,12
104650,,,5.3215,6,-2,-11,0
104655,0,1.0,0.5694,3,0,0,0
104677,-18,0.917,6.2453,6,8,8,7
104745,,,5.105,7,-2,-11,0
104751,-13,0.968,5.7114,6,12,13,12
104764,,,5.3991,6,-2,-11,0
104797,-13,0.944,4.5712,2,12,13,12
104816,-12,0.923,0.0588,7,12,14,13
104819,,,5.1492,6,-2,-11,0
104851,,,5.6174,3,-2,-11,0
104879,-13,1.0,3.8738,10,12,13,12
104936,,,5.2846,6,-2,-11,0
104938,-13,1.0,6.0796,6,12,13,12
104958,-13,1.0,4.1216,3,12,13,12
104978,,,0.8348,4,0,0,0
104989,,,0.7363,6,0,0,0
105119,-13,1.0,4.0716,5,12,13,12
105130,,,4.8257,4,-2,-11,0
105158,-1,0.789,0.7056,6,0,0,0
105192,-13,1.0,3.9455,5,12,13,12
105205,-13,0.9,4.6963,1,12,13,12
105283,,,5.1809,3,-2,-11,0
105300,,,0.9054,5,0,0,0
105307,-13,1.0,0.0612,3,11,13,12
105330,-13,0.923,4.2243,2,12,13,12
105341,-13,1.0,5.3998,4,12,13,12
105370,-12,1.0,0.0189,3,12,14,13
105377,,,0.7966,7,0,0,0
105378,-13,1.0,6.1317,5,12,13,12
105393,-13,1.0,3.5809,3,12,13,12
105428,,,5.5902,4,-2,-11,0
105435,-12,0.929,0.0932,2,12,14,13
105457,-13,1.0,3.8851,6,12,13,12
105464,-13,1.0,4.2109,6,12,13,12
105513,-13,1.0,3.8647,5,12,13,12
105537,-13,0.971,6.2175,8,12,13,12
105538,,,0.8921,4,0,0,0
105555,-13,0.96,6.2296,5,12,13,12
105635,-12,1.0,0.1348,3,13,14,13
105649,-13,1.0,3.8314,6,12,13,12
105653,-14,1.0,5.8059,5,11,12,11
105671,,,0.9882,2,0,0,0
105726,,,5.0982,2,-2,-11,0
105741,-13,0.95,4.68,2,12,13,12
105780,-13,1.0,6.15,8,12,13,12
105792,-12,1.0,0.2251,5,13,14,13
105802,-13,1.0,5.6896,8,12,13,12
105923,-12,1.0,0.1161,3,12,14,13
105988,,,0.6946,5,0,0,0
106064,-13,1.0,6.0321,4,12,13,12
106131,-12,1.0,0.2773,6,13,14,13
106138,-13,1.0,3.7977,5,12,13,12
106153,-13,0.979,3.547,5,12,13,12
106169,,,4.9808,8,-2,-11,0
106218,-12,1.0,0.0294,6,12,14,13
106249,-13,0.971,3.2913,4,12,13,12
106347,-12,0.974,0.3785,4,13,14,13
106357,-13,1.0,3.6522,6,12,13,12
106363,-12,1.0,0.2457,3,13,14,13
106364,-13,1.0,0.2284,8,12,13,12
106399,-13,1.0,3.4545,5,12,13,12
106416,-12,1.0,0.029,3,12,14,13
106449,-12,1.0,0.3305,8,13,14,13
106474,-13,1.0,5.6902,5,12,13,12
106504,-12,1.0,0.3323,4,13,14,13
106644,-13,1.0,3.7078,5,12,13,12
106646,,,5.3595,4,-2,-11,0
106722,-13,0.921,6.2545,4,12,13,12
106743,,,5.4266,6,-2,-11,0
106850,-3,0.6,0.5643,4,0,0,0
107038,-13,1.0,3.789,5,12,13,12
107087,,,5.2699,3,-2,-11,0
107104,-13,1.0,0.3491,8,12,13,12
107121,,,4.7841,5,-2,-11,0
107166,-13,1.0,6.1644,3,12,13,12
107169,,,4.9812,5,-2,-11,0
107203,-13,0.986,0.4132,10,12,13,12
107210,-12,0.843,0.4401,7,13,14,13
107281,-12,0.96,0.0398,5,12,14,13
107293,-14,1.0,6.0881,4,11,12,11
107322,-14,0.95,6.1495,5,11,12,11
107369,-13,0.979,0.3794,6,12,13,12
107469,,,5.0214,6,-2,-11,0
107512,-13,1.0,3.9594,5,12,13,12
107527,-13,1.0,0.4857,6,12,13,12
107569,-13,1.0,3.6863,2,12,13,12
107590,,,4.7108,5,-2,-11,0
107632,-13,1.0,4.003,5,12,13,12
107695,-12,1.0,0.5038,3,13,14,13
107719,-13,1.0,3.1737,6,12,13,12
107752,,,5.1841,6,-2,-11,0
107832,,,5.0897,3,-2,-11,0
107857,-13,0.958,0.4751,7,12,13,12
107899,-13,0.968,0.4472,8,12,13,12
107919,-13,0.912,3.6837,5,12,13,12
107940,,,5.2247,4,-2,-11,0
108008,-14,0.9,5.8329,4,11,12,11
108036,-12,0.844,0.5925,11,13,14,13
108102,-13,1.0,3.0584,5,12,13,12
108103,-13,0.9,0.3714,3,12,13,12
108108,,,5.2958,7,-2,-11,0
108110,,,5.0804,3,-2,-11,0
108125,-3,0.8,0.5249,3,0,0,0
108171,-13,0.932,0.4601,5,12,13,12
108203,-13,1.0,3.0238,6,12,13,12
108218,-13,1.0,5.6368,7,12,13,12
108247,-12,1.0,0.0783,4,12,14,13
108251,-13,0.919,0.5664,9,12,13,12
108253,-13,1.0,0.3045,4,12,13,12
108295,,,4.6349,5,-2,-11,0
108310,,,5.8439,6,-2,-11,0
108316,-13,0.944,0.661,4,12,13,12
108338,,,4.6262,3,-2,-11,0
108378,-13,0.938,0.646,12,12,13,12
108388,-14,0.944,5.7605,4,11,12,11
108402,-13,0.657,0.7803,4,12,13,12
108510,,,5.5733,4,-3,-12,0
108537,-13,1.0,3.452,5,12,13,12
108556,-13,1.0,3.7456,4,12,13,12
108568,-13,0.918,0.6292,11,12,13,12
108601,-14,1.0,6.1857,2,11,12,11
108607,-13,0.983,0.5828,8,12,13,12
108647,-13,1.0,3.7029,7,12,13,12
108663,,,4.707,6,-2,-11,0
108691,-13,1.0,3.0112,9,12,13,12
108741,-14,0.938,5.7954,6,11,12,11
108828,-13,1.0,3.6092,6,12,13,12
108833,-13,0.944,3.3977,6,12,13,12
108861,-13,1.0,3.5046,5,12,13,12
108902,,,5.6571,5,-2,-11,0
108923,-13,1.0,2.8586,5,12,13,12
108930,-13,0.992,3.0458,14,12,13,12
108992,-13,0.982,2.8001,6,12,13,12
109015,-13,0.762,0.7881,7,12,13,12
109029,-13,0.963,5.6012,4,12,13,12
109058,-13,0.895,3.2216,6,12,13,12
109112,-13,1.0,3.0517,5,12,13,12
109137,-13,1.0,0.568,3,12,13,12
109224,-13,0.926,3.3279,4,12,13,12
109292,-13,1.0,2.8584,6,12,13,12
109345,-13,0.921,0.7866,7,12,13,12
109359,-13,1.0,3.703,2,12,13,12
109408,-13,0.971,2.8257,5,12,13,12
109409,-13,1.0,5.617,7,12,13,12
109438,-13,0.929,2.6862,3,12,13,12
109457,-13,0.833,0.8289,6,12,13,12
109481,-13,1.0,0.5442,2,12,14,12
109582,-13,1.0,2.9939,6,12,13,12
109597,-13,0.873,0.7742,9,12,13,12
109636,-13,1.0,3.7786,4,12,13,12
109644,,,5.8274,3,-2,-11,0
109651,-13,0.891,3.2272,7,12,13,12
109664,-13,1.0,3.4964,3,12,13,12
109677,-12,0.873,5.5109,6,13,14,13
109678,-14,0.812,5.7202,7,11,12,11
109694,-13,1.0,2.8278,6,12,13,12
109703,-13,0.811,5.752,4,12,13,12
109738,-13,0.72,2.8465,8,12,13,12
109764,-12,0.936,5.3211,6,13,14,13
109808,-13,0.874,0.9642,12,12,13,12
109812,-13,0.793,1.0353,4,12,13,12
109836,-13,1.0,2.7511,9,12,13,12
109852,,,5.0983,3,-1,-10,0
109897,,,5.9798,6,-2,-11,0
109917,-13,0.912,2.9347,7,12,13,12
109928,-14,1.0,6.1763,4,11,12,11
109944,-12,0.98,0.6625,6,13,14,13
109964,-13,0.988,2.6991,10,12,13,12
109970,-13,0.935,0.564,5,12,13,12
110009,,,5.4528,3,-1,-10,0
110040,-12,1.0,5.1908,6,13,14,13
110083,,,2.239,3,23,24,0
110095,-3,1.0,2.2293,5,23,24,22
110115,-13,0.742,1.0335,7,12,13,12
110195,-13,1.0,3.6479,3,12,13,12
110270,-3,1.0,2.2326,5,23,24,22
110284,-13,1.0,3.5446,3,12,13,12
110327,-12,1.0,5.2568,8,13,14,13
110338,-13,1.0,2.9068,11,12,13,12
110360,-12,1.0,5.535,7,13,14,13
110388,-13,1.0,2.5372,4,12,13,12
110395,-13,0.95,2.9474,7,12,13,12
110403,-12,1.0,5.0471,5,13,14,13
110422,-3,1.0,2.3647,5,23,24,22
110428,-12,0.969,5.5504,11,13,14,13
110509,-12,1.0,5.6458,6,13,14,13
110541,-12,1.0,0.0875,4,12,14,13
110542,-13,0.957,0.9058,6,12,13,12
110546,-12,0.912,5.5214,9,13,14,13
110555,-13,0.758,0.4134,7,12,14,12
110556,-12,0.969,4.9116,9,13,14,13
110572,-13,0.9,0.7021,2,12,13,12
110574,-13,0.822,1.1149,5,12,13,12
110621,-13,0.911,1.1799,6,12,13,12
110652,-12,0.98,4.2365,5,13,14,13
110722,-13,0.929,0.9046,7,12,13,12
110762,-13,0.921,0.844,4,12,13,12
110790,,,5.2811,4,-2,-11,0
110801,-12,1.0,4.0152,4,13,14,13
110806,-12,0.986,4.1839,8,13,14,13
110818,,,2.1442,2,23,24,0
110830,-12,0.767,4.7626,6,13,14,13
110863,-12,0.967,4.3448,3,13,14,13
110881,-14,1.0,5.6508,4,11,12,11
110915,-13,1.0,2.5781,10,12,13,12
110917,-13,1.0,2.4535,3,12,13,12
110928,-12,1.0,4.3008,6,13,14,13
110955,-13,1.0,2.3878,7,12,13,12
110965,-12,0.895,0.6712,9,13,14,13
110967,-13,0.958,2.7708,10,12,13,12
110988,-13,1.0,2.5785,6,12,13,12
111031,-13,1.0,2.184,7,12,13,12
111074,-12,0.966,5.1076,12,13,14,13
111099,-12,0.836,0.6112,9,13,14,13
111101,-12,1.0,3.9117,5,13,14,13
111112,,,4.7483,6,-2,-11,0
111120,-12,1.0,5.6457,13,13,14,13
111128,-13,1.0,2.3278,11,12,13,12
111176,,,5.1215,5,-2,-11,0
111178,-12,0.903,0.5134,13,13,14,13
111180,-12,1.0,4.0178,6,13,14,13
111200,-3,1.0,2.4416,4,23,24,22
111208,,,5.9112,8,-2,-11,0
111221,-12,0.9,4.6833,9,13,14,13
111227,,,5.9785,4,-2,-11,0
111256,-13,0.9,1.0197,3,12,13,12
111287,-13,1.0,2.477,6,12,13,12
111290,-12,0.985,3.8925,9,13,14,13
111291,-13,0.983,1.1611,6,12,13,12
111325,-12,1.0,4.5507,7,13,14,13
111327,-13,1.0,1.3005,2,12,13,12
111406,-12,0.984,4.1114,7,13,14,13
111426,-12,0.765,0.3358,6,12,14,13
111483,-12,1.0,5.6171,8,13,14,13
111515,-12,0.937,5.0825,15,13,14,13
111531,-13,1.0,2.4983,5,12,13,12
111591,-13,1.0,5.6022,8,12,13,12
111649,-12,1.0,5.01,6,13,14,13
111665,-13,0.985,1.4119,8,12,13,12
111668,-13,0.982,2.1413,6,12,13,12
111685,-13,1.0,1.991,4,12,13,12
111689,-12,1.0,4.9225,6,13,14,13
111703,-13,0.94,2.2857,5,12,13,12
111720,-14,0.909,5.6832,4,11,12,11
111729,-13,0.88,1.6267,5,12,13,12
111737,-12,1.0,5.1719,7,13,14,13
111744,-12,1.0,0.4205,5,13,14,13
111749,-13,1.0,5.64,7,12,13,12
111798,-14,1.0,2.6708,3,11,12,11
111804,-13,1.0,1.5285,1,12,13,12
111840,-12,1.0,3.7961,9,13,14,13
111843,-12,0.862,0.7667,6,13,14,13
111874,,,2.9934,3,23,24,0
111901,-12,0.825,0.782,7,13,14,13
111906,,,5.579,5,-2,-11,0
111920,-12,1.0,3.7577,4,13,14,13
111933,-13,0.923,1.4672,8,12,13,12
111935,,,4.6595,3,-2,-11,0
111951,-12,1.0,0.424,5,13,14,13
111979,-12,0.848,5.2326,8,13,14,13
111983,-12,0.897,5.3054,10,13,14,13
111989,-12,0.979,3.9718,7,13,14,13
112045,-12,0.938,3.7012,5,13,14,13
112065,-12,1.0,3.6977,7,13,14,13
112068,-13,1.0,2.0891,7,12,13,12
112075,-13,1.0,3.5421,3,12,13,12
112106,-13,1.0,2.7209,4,12,13,12
112119,-13,1.0,2.6364,11,12,13,12
112123,,,2.9701,2,23,24,0
112128,,,4.7905,7,-2,-11,0
112147,-13,1.0,2.8651,6,12,13,12
112168,,,4.7652,3,-2,-11,0
112177,-13,0.974,2.384,10,12,13,12
112207,-13,1.0,0.9366,3,12,13,12
112228,-12,0.964,4.1351,9,13,14,13
112246,-13,0.886,2.7509,6,12,13,12
112278,-13,0.926,2.1693,8,12,13,12
112309,-12,1.0,5.7007,5,13,14,13
112316,-13,1.0,2.4538,4,12,13,12
112356,,,5.9069,3,-2,-11,0
112367,-12,1.0,5.3332,4,13,14,13
112381,-12,1.0,5.5695,4,13,14,13
112400,-12,0.902,5.433,17,13,14,13
112421,-12,0.8,0.8569,5,13,14,13
112427,-13,0.871,1.7423,7,12,13,12
112432,-13,0.763,1.5319,6,12,13,12
112433,-12,0.968,4.608,4,13,14,13
112447,-12,0.957,5.1431,9,13,14,13
112448,-13,0.958,2.2761,6,12,13,12
112473,-12,1.0,4.2562,3,13,14,13
112474,-13,0.958,1.7625,6,12,13,12
112476,-12,0.848,0.8499,9,13,14,13
112479,-12,0.952,4.4813,5,13,14,13
112481,-3,1.0,2.2396,7,23,24,0
112501,-13,0.848,0.7381,6,12,13,12
112504,-12,0.957,4.02,3,13,14,13
112528,-12,1.0,5.0462,5,13,14,13
112543,,,2.2418,6,23,24,0
112558,-13,0.923,2.8163,4,12,13,12
112569,-13,1.0,2.5606,5,12,13,12
112572,-12,0.885,5.4762,4,13,14,13
112591,-12,1.0,5.7674,9,13,14,13
112670,-13,1.0,2.7786,2,12,13,12
112686,-13,0.94,1.9072,6,12,13,12
112707,,,3.1304,2,23,24,0
112709,-12,0.931,3.9344,9,13,14,13
112717,-12,0.973,4.9764,5,13,14,13
112736,-12,0.977,5.0583,5,13,14,13
112747,-12,0.942,3.6212,6,13,14,13
112748,-12,0.942,3.6867,9,13,14,13
112757,-12,0.954,4.7658,10,13,14,13
112761,-13,0.978,1.3033,5,12,13,12
112776,-12,0.615,0.9057,5,13,14,13
112785,-12,0.971,5.1265,4,13,14,13
112799,-12,0.86,3.719,8,13,14,13
112817,-13,1.0,2.6434,5,12,13,12
112823,-12,0.782,5.6279,9,13,14,13
112841,-12,0.92,3.5434,6,13,14,13
112846,,,2.2329,3,23,24,0
112847,,,2.1485,5,23,24,0
112864,-13,1.0,2.2438,4,12,13,12
112879,-12,0.607,4.6954,7,13,14,13
112884,,,5.5299,4,-1,-10,0
112951,-12,1.0,4.0036,7,13,14,13
112980,-13,0.977,2.0288,5,12,13,12
112983,-3,1.0,2.3878,6,23,24,0
112991,-3,0.889,2.4104,5,23,24,0
113006,-12,0.752,4.5987,16,13,14,13
113024,-13,1.0,2.1248,5,12,13,12
113028,-12,0.833,0.9971,3,13,14,13
113061,-12,0.883,0.8011,14,13,14,13
113066,-12,0.902,0.7108,7,13,14,13
113103,-12,0.949,0.6134,4,13,14,13
113110,-13,0.881,2.0196,5,12,13,12
113123,-12,1.0,5.8032,6,13,14,13
113149,-12,1.0,4.6848,1,0,0,0
113151,-12,0.956,4.2493,9,13,14,13
113154,-13,0.925,1.1381,4,12,13,12
113156,-12,0.927,3.4319,8,13,14,13
113161,-12,1.0,5.8401,10,13,14,13
113174,-12,1.0,5.9276,6,13,14,13
113204,-12,0.694,4.9362,4,13,14,13
113217,-12,0.971,4.0939,5,13,14,13
113235,-12,0.833,4.2929,6,13,14,13
113243,-13,1.0,2.29,3,12,13,12
113244,-12,0.597,0.4812,13,13,14,13
113260,-13,0.783,1.7824,6,12,13,12
113286,-12,1.0,5.6872,10,13,14,13
113294,-12,0.872,5.2824,8,13,14,13
113302,-13,1.0,2.5797,3,12,13,12
113310,,,3.2681,4,23,24,0
113341,,,2.8243,3,23,24,0
113347,,,3.148,5,23,24,0
113348,-12,0.745,0.9762,7,13,14,13
113357,-12,0.727,0.9252,4,13,14,13
113365,,,3.4189,2,23,24,0
113391,-12,1.0,5.8694,6,13,14,13
113414,-12,0.941,0.818,9,13,14,13
113426,-12,0.957,5.642,3,13,14,13
113450,-12,0.958,5.3668,3,13,14,13
113465,-12,0.833,4.4397,2,13,14,13
113479,-12,1.0,4.6374,1,0,0,0
113485,-12,1.0,4.9048,6,13,14,13
113502,-12,0.87,3.57,6,13,14,13
113508,-12,0.679,1.1294,3,13,14,13
113521,,,5.1236,7,-2,-11,0
113540,-12,0.955,3.5943,11,13,14,13
113575,-13,0.973,1.9726,5,12,13,12
113577,-12,0.933,4.1335,8,13,14,13
113607,-13,1.0,1.8574,7,12,13,12
113623,,,3.285,2,23,24,0
113624,-13,0.949,1.8927,4,12,13,12
113650,-12,0.75,1.2186,4,13,14,13
113651,-13,0.932,1.6306,5,12,13,12
113669,-12,1.0,3.3467,4,13,14,13
113698,-12,0.972,4.9881,9,13,14,13
113711,-12,1.0,4.3794,7,13,14,13
113724,-12,0.941,4.8299,11,13,14,13
113747,,,3.4289,7,23,24,0
113761,-12,0.538,4.5241,5,13,14,14
113824,-12,0.889,4.9011,2,13,14,13
113825,-12,0.707,1.0147,8,13,14,13
113836,-12,1.0,1.1233,3,13,14,13
113855,-13,0.782,1.407,10,12,13,12
113879,-12,0.95,3.467,6,13,14,13
113903,-13,0.903,2.9891,5,12,13,12
113915,-13,0.97,2.1349,4,12,13,12
113927,-12,1.0,4.4021,5,13,14,13
113964,-12,0.905,3.4116,7,13,14,13
113965,-12,0.915,0.7068,6,13,14,13
114009,-12,1.0,5.9683,4,13,14,13
114034,-12,1.0,3.44,12,13,14,13
114040,-12,0.96,1.108,5,13,14,13
114096,-12,0.927,4.0505,5,13,14,13
114101,-12,1.0,6.0471,6,13,14,13
114113,,,3.3224,5,23,24,0
114131,-12,0.614,0.8621,10,13,14,13
114135,-12,0.933,0.9855,5,13,14,13
114152,-12,0.906,3.4649,7,13,14,13
114154,,,4.8393,7,-2,-11,0
114184,-13,0.913,1.6064,5,12,13,12
114191,-12,0.746,0.7523,6,13,14,13
114202,-12,1.0,5.9983,4,13,14,13
114207,-12,0.946,0.5335,10,13,14,13
114240,-12,1.0,3.2679,6,13,14,13
114247,-3,1.0,2.4693,2,23,24,0
114272,-11,0.628,4.7133,11,14,15,14
114275,-3,1.0,2.3484,6,23,24,0
114281,,,5.311,4,-2,-11,0
114287,-11,0.767,0.5129,9,14,15,14
114378,-12,0.923,1.1305,7,13,14,13
114400,-12,0.925,3.3689,6,13,14,13
114418,-12,1.0,3.9254,5,13,14,13
114426,-12,1.0,5.6024,6,13,14,13
114434,,,3.4022,6,23,24,0
114436,-13,1.0,3.376,4,12,13,12
114443,,,3.5662,3,23,24,0
114448,,,3.2662,6,23,24,0
114464,-12,0.639,3.2364,5,13,14,13
114475,-13,0.953,1.9034,5,12,13,12
114482,-12,0.735,0.7986,7,13,14,13
114490,,,5.8083,2,-2,-11,0
114515,-12,0.556,4.6319,3,13,14,14
114550,,,3.6221,5,23,24,0
114559,-13,1.0,3.499,4,12,13,12
114577,-13,0.919,1.6264,8,12,13,12
114580,-13,0.843,1.7859,7,12,13,12
114594,-12,1.0,1.3325,5,13,14,13
114604,-13,1.0,2.354,4,12,13,12
114686,-12,1.0,6.1005,4,13,14,13
114690,-12,0.809,5.2573,6,13,14,13
114707,-13,1.0,3.4258,6,12,13,12
114751,,,3.4939,7,23,24,0
114775,-12,1.0,5.9969,7,13,14,13
114782,,,5.5103,3,-1,-10,0
114786,-12,1.0,6.1312,7,13,14,13
114808,-13,0.886,1.5168,12,12,13,12
114814,-12,0.949,6.2109,4,13,14,13
114819,-12,1.0,6.0267,9,13,14,13
114834,-13,0.76,1.3527,7,12,13,12
114839,,,5.3509,5,-2,-11,0
114847,-12,0.875,3.8984,4,12,13,13
114859,-2,0.769,3.5403,7,23,24,0
114893,-13,1.0,1.558,4,12,13,12
114896,,,6.1092,4,-2,-11,0
114952,-12,0.862,3.2947,13,13,14,13
114953,-12,0.9,3.1039,9,13,14,13
114959,-12,1.0,6.1917,4,13,14,13
114972,,,2.8541,4,23,24,0
114974,-12,0.864,3.4399,9,13,14,13
114982,,,3.6219,7,23,24,0
115014,-12,0.809,4.1852,5,13,14,13
115057,-12,0.967,2.9502,3,13,14,13
115059,,,2.9317,5,23,24,0
115061,-12,0.944,2.8736,10,13,14,13
115091,-13,1.0,3.765,4,12,13,12
115128,-12,0.679,0.9847,4,13,14,13
115151,-12,1.0,3.1588,5,13,14,13
115163,-12,0.897,5.6445,4,13,14,13
115173,,,2.8421,5,23,24,0
115182,-11,0.848,0.425,10,14,15,14
115205,-12,0.913,3.3502,5,13,14,13
115212,-13,0.756,1.2812,9,12,13,12
115224,-11,0.61,4.7805,9,14,15,14
115252,-2,0.636,3.6482,6,23,24,0
115256,,,2.7396,5,23,24,0
115261,-12,0.963,6.2413,11,13,14,13
115270,-2,0.714,3.6093,2,23,24,0
115272,-12,0.962,3.2626,6,13,14,13
115288,,,6.0685,5,-2,-11,0
115292,-13,0.843,1.2178,7,12,13,12
115295,-12,1.0,5.7824,3,13,14,13
115312,,,2.7791,2,23,24,0
115318,-13,0.826,1.6906,7,12,13,12
115330,-13,0.758,1.2232,4,12,13,12
115336,-13,1.0,5.6402,6,12,13,12
115340,-12,0.867,3.4678,5,13,14,13
115393,-12,0.945,3.0015,10,13,14,13
115400,-12,1.0,4.8174,6,13,14,13
115404,-12,1.0,3.616,6,13,14,13
115413,-12,0.759,5.9556,6,13,14,13
115469,-3,1.0,2.4277,5,23,24,22
115473,-13,1.0,3.0738,5,12,13,12
115500,-12,0.978,6.0485,6,13,14,13
115504,-12,0.949,3.7017,7,13,14,13
115525,,,2.9076,4,23,24,0
115529,,,4.9432,5,-2,-11,0
115533,-13,0.476,1.806,3,12,13,12
115553,-12,0.97,2.9642,4,13,14,13
115556,-12,1.0,2.8702,5,13,14,13
115596,-13,1.0,3.1332,4,12,13,12
115603,-12,0.951,3.9931,5,13,14,13
115715,-12,1.0,3.0673,7,13,14,13
115756,-12,1.0,3.1417,7,13,14,13
115772,-13,1.0,2.6676,3,12,13,12
115793,-12,0.692,1.0796,6,13,14,13
115814,-12,0.772,3.2676,8,13,14,13
115828,,,2.1126,2,23,24,0
115862,-13,0.857,1.5883,4,12,13,12
115939,,,5.4165,5,-2,-11,0
115970,-11,1.0,0.5255,6,14,15,14
115978,-13,1.0,3.2395,2,12,13,12
115991,-12,0.759,3.1099,7,13,14,13
116045,,,3.0776,2,23,24,0
116055,,,3.0284,5,23,24,0
116125,-12,0.774,2.9849,9,13,14,13
116130,-12,0.852,5.3285,3,13,14,13
116165,-12,0.803,3.7952,9,13,14,13
116202,-12,0.533,1.1203,5,13,14,13
116222,-12,0.914,3.6424,7,13,14,13
116255,-13,1.0,3.4041,4,12,13,12
116363,-12,1.0,3.3122,6,13,14,13
116426,-11,0.975,0.0735,4,13,15,14
116449,-11,0.8,4.8456,8,14,15,14
116453,-13,0.932,1.7225,7,12,13,12
116509,,,6.0909,6,-2,-11,0
116545,-12,0.98,2.8152,5,13,14,13
116557,-12,0.872,5.9745,10,13,14,13
116585,-13,0.711,1.1303,6,12,13,12
116615,-11,0.971,0.5983,4,14,15,14
116727,-12,1.0,0.3848,4,13,14,13
116735,-12,1.0,3.0005,7,13,14,13
116760,-12,1.0,1.4364,4,13,14,13
116826,-11,1.0,0.6728,6,14,15,14
116831,,,5.7287,4,-2,-11,0
116872,-13,0.882,1.9501,4,12,13,12
116886,-12,0.67,5.8394,10,13,14,13
116900,-13,1.0,2.4975,5,12,13,12
116972,-11,0.935,0.1038,4,13,15,14
117012,-12,0.957,5.2525,3,13,14,13
117049,-12,1.0,3.8235,4,13,14,13
117105,-13,0.983,1.7476,7,12,13,12
117109,-11,0.972,0.36,5,14,15,14
117135,-12,0.812,4.4334,4,13,14,13
117140,-12,0.885,4.1237,6,13,14,13
117153,-11,1.0,0.7584,2,14,15,14
117214,-12,1.0,0.3742,4,13,14,13
117233,-13,1.0,0.7279,3,12,13,12
117252,,,3.1597,2,23,24,0
117267,-12,0.7,0.9478,3,13,14,13
117276,-12,1.0,3.082,6,13,14,13
117302,-11,0.894,0.3586,8,14,15,14
117390,-12,0.805,1.5958,5,13,14,13
117411,-11,0.822,0.8267,6,14,15,14
117426,-12,1.0,2.9387,8,13,14,13
117440,,,6.0888,6,-2,-11,0
117472,,,5.8551,5,-2,-11,0
117479,-11,0.516,4.7978,8,14,15,14
117489,-11,0.86,0.9767,7,14,15,14
117498,-12,0.913,3.8605,6,13,14,13
117500,-12,1.0,2.6978,2,13,14,13
117519,-12,1.0,6.0742,6,13,14,13
117554,,,5.9328,5,-2,-11,0
117555,-12,1.0,2.6991,4,13,14,13
117569,-12,0.955,3.8952,11,13,14,13
117575,-12,0.981,3.8497,6,13,14,13
117597,-11,0.731,0.9772,6,14,15,14
117599,,,4.7336,5,-2,-11,0
117605,-11,1.0,0.0651,4,13,15,14
117621,-12,1.0,2.9024,4,13,14,13
117763,-12,0.804,5.856,6,13,14,13
117774,-11,0.686,0.962,10,14,15,14
117783,-11,0.766,1.1205,6,14,15,14
117791,-12,1.0,0.3604,5,13,14,13
117818,-11,0.537,0.4386,11,14,15,14
117862,-12,0.852,0.6965,3,13,14,13
117939,-10,0.552,4.7404,8,14,15,14
117990,,,3.6468,4,23,24,0
117997,,,6.1031,5,-2,-11,0
117999,-12,0.881,2.6152,7,13,14,13
118084,-12,0.933,1.6106,7,13,14,13
118088,-12,1.0,1.0708,2,13,14,13
118168,-12,1.0,1.5602,3,13,14,13
118196,-11,0.773,1.1786,3,14,15,14
118214,,,4.8418,2,-2,-11,0
118233,-11,0.98,0.2927,6,14,15,14
118292,,,5.5931,2,-2,-11,0
118302,-12,1.0,5.7173,7,13,14,13
118328,-12,0.957,6.2697,8,13,14,13
118338,-11,0.933,0.2708,3,14,15,14
118339,-12,0.969,3.88,7,13,14,13
118375,-13,1.0,3.3363,5,12,13,12
118425,-12,0.909,1.1887,7,13,14,13
118490,-12,1.0,6.1334,7,13,14,13
118507,,,5.1262,7,-2,-11,0
118592,-11,0.862,0.9565,7,14,15,14
118595,-12,1.0,5.8461,4,13,14,13
118616,-11,0.509,1.0985,6,14,15,15
118648,-12,1.0,2.8128,5,13,14,13
118692,-11,0.914,4.9189,11,14,15,14
118709,-12,0.984,3.8398,8,13,14,13
118733,-12,0.838,3.2488,7,13,14,13
118734,-13,0.682,3.6557,4,12,13,12
118739,-12,1.0,1.6457,4,13,14,13
118753,-12,0.94,2.5011,6,13,14,13
118784,-12,0.939,0.3697,4,13,14,13
118791,-11,0.848,1.2909,8,14,15,14
118813,-12,0.879,2.4584,7,13,14,13
118837,-12,1.0,1.3221,4,13,14,13
118908,-11,0.759,1.46,9,14,15,14
118919,,,5.0245,7,-2,-11,0
118927,-12,0.938,5.3894,9,13,14,13
118947,-12,0.86,2.8032,5,13,14,13
118959,-13,0.527,1.1375,6,12,13,12
118979,-12,0.724,5.5796,4,13,14,13
118988,-11,0.862,0.9123,8,14,15,14
118991,-12,1.0,6.0972,9,13,14,13
119020,,,5.1829,5,-2,-11,0
119041,-12,0.92,2.0144,5,13,14,13
119073,-12,0.875,2.7563,6,13,14,13
119099,-10,0.78,1.0765,6,15,16,15
119134,-11,0.786,4.9685,10,14,15,14
119140,-12,0.939,2.6299,11,13,14,13
119204,,,5.5782,6,-2,-11,0
119213,-12,1.0,1.4845,6,13,14,13
119216,-12,1.0,1.8295,4,13,14,13
119303,-12,0.982,2.5958,7,13,14,13
119388,-12,1.0,1.7168,7,13,14,13
119395,-11,1.0,0.2999,5,14,15,14
119406,-11,0.905,1.5711,3,14,15,14
119430,-12,1.0,6.1426,8,13,14,13
119433,-12,0.857,0.3636,3,13,14,13
119510,-11,0.722,4.7968,9,14,15,14
119536,-12,1.0,1.3984,4,13,14,13
119581,-12,0.682,2.7264,6,13,14,13
119597,-12,0.951,3.7003,7,13,14,13
119607,-11,0.56,4.7284,3,14,15,14
119632,-12,1.0,6.0844,6,13,14,13
119694,-10,0.875,1.004,14,15,16,15
119746,-12,0.947,2.6768,5,13,14,13
119751,-11,0.485,5.1358,5,14,15,14
119752,-12,0.974,2.1986,4,13,14,13
119755,-12,0.952,6.1716,9,13,14,13
119794,-11,0.697,0.8541,5,14,15,14
119799,-12,0.97,2.8711,5,13,14,13
119802,-11,0.95,0.0364,4,13,15,14
119808,-12,0.754,1.8391,7,13,14,13
119810,-12,0.912,1.9743,7,13,14,13
119839,-12,1.0,2.7004,6,13,14,13
119875,-12,1.0,2.6313,8,13,14,13
119893,-12,0.986,2.2622,9,13,14,13
119912,-10,1.0,0.8746,5,15,16,15
119914,-12,0.95,2.4108,8,13,14,13
119927,-12,1.0,2.7865,4,13,14,13
119936,-12,0.889,5.4989,3,13,14,13
119940,-11,0.8,0.7784,5,14,15,14
119966,-11,0.548,4.7321,7,14,15,14
119988,-10,1.0,0.6743,3,15,16,15
120055,-11,0.627,0.8092,10,14,15,14
120060,-11,0.516,0.5639,4,14,15,14
120087,-11,0.396,4.7825,11,14,15,14
120196,-10,0.782,0.961,7,15,16,15
120210,-10,0.818,0.8651,4,15,16,15
120221,-11,0.905,1.3502,5,14,15,14
120247,-11,0.87,3.153,6,14,15,14
120251,,,6.002,5,-2,-11,0
120277,-12,0.947,1.4989,3,13,14,13
120291,-12,1.0,2.6347,3,13,14,13
120323,-11,0.699,4.6618,10,14,15,14
120326,-11,0.95,0.7186,2,14,15,14
120328,-11,0.905,3.0884,5,14,15,14
120382,-10,0.957,0.8134,3,15,16,15
120404,-11,0.971,3.1013,7,14,15,14
120407,-11,0.987,3.1924,9,14,15,14
120423,-12,1.0,5.4069,2,13,14,13
120466,-10,1.0,0.6308,3,15,16,15
120474,-12,0.667,4.9369,5,13,14,13
120514,-11,0.862,2.9628,3,14,15,14
120517,-11,0.691,5.0792,8,14,15,14
120572,-10,0.644,0.8409,6,15,16,15
120615,,,5.6969,4,-2,-11,0
120618,,,4.5431,3,-2,-11,0
120619,-11,0.753,0.3919,10,14,15,14
120641,-12,1.0,1.5094,6,13,14,13
120650,-11,0.926,3.3358,10,14,15,14
120655,-12,0.981,2.4209,6,13,14,13
120717,-11,0.862,0.0804,3,13,15,14
120721,-11,1.0,0.4243,7,14,15,14
120731,-11,0.9,3.2661,4,14,15,14
120775,-11,0.825,3.4612,6,14,15,14
120804,-12,1.0,2.6678,7,13,14,13
120809,-11,0.676,0.9346,4,14,15,14
120823,-12,1.0,2.4131,6,13,14,13
120836,-11,0.903,3.4255,4,14,15,14
120853,-12,1.0,2.9141,5,13,14,13
120885,-11,0.875,1.4492,4,14,15,14
120887,-10,0.684,1.2034,8,15,16,15
120900,-12,0.8,5.9168,12,13,14,13
120999,-12,0.934,2.5215,10,13,14,13
121070,-10,1.0,0.712,4,15,16,15
121129,-12,0.746,1.8135,7,13,14,13
121141,-12,0.795,5.6925,5,13,14,13
121239,-12,1.0,2.9351,8,13,14,13
121256,-11,1.0,2.9994,6,14,15,14
121261,-11,0.711,0.5149,10,14,15,14
121331,-11,1.0,4.6086,4,14,15,14
121350,-11,0.909,3.4377,4,14,15,14
121358,-11,0.902,3.3036,7,14,15,14
121363,-11,1.0,4.5361,6,14,15,14
121437,-11,1.0,1.5575,3,14,15,14
121477,-12,0.872,3.1476,7,13,14,13
121515,-11,0.983,4.632,7,14,15,14
121526,-11,1.0,2.9483,5,14,15,14
121533,-12,1.0,2.5275,8,13,14,13
121543,-12,0.875,1.8864,8,13,14,13
121544,-11,0.68,4.6139,4,14,15,14
121545,-11,0.808,1.27,6,14,15,14
121600,-10,0.739,1.3023,6,15,16,15
121605,-11,0.988,4.4418,9,14,15,14
121634,-12,0.95,1.9698,10,13,14,13
121695,-11,0.961,1.4806,6,14,15,14
121714,-12,1.0,2.2198,4,13,14,13
121725,,,4.5648,4,-2,-11,0
121736,-12,0.973,2.524,5,13,14,13
121768,-11,0.93,4.7065,9,14,15,14
121793,-11,0.968,4.8575,7,14,15,14
121854,-10,0.872,1.1028,5,15,16,15
121857,-11,0.913,0.768,5,14,15,14
121864,-12,1.0,2.1362,3,13,14,13
121867,-11,1.0,2.8439,5,14,15,14
121897,-11,0.94,4.4078,9,14,15,14
121906,-11,1.0,2.9192,8,14,15,14
121931,-11,0.932,4.2281,7,14,15,14
122010,-11,0.806,4.5543,4,14,15,14
122022,-10,0.903,1.0941,10,15,16,15
122066,-12,0.962,1.776,6,13,14,13
122077,-11,0.748,4.8351,11,14,15,14
122096,-11,0.672,1.0018,7,14,15,14
122115,-11,0.855,3.5131,8,14,15,14
122132,-12,0.989,1.5572,11,13,14,13
122144,-13,0.967,0.2414,8,11,13,12
122185,-12,0.55,0.5539,10,14,15,14
122215,-12,1.0,2.3415,8,13,14,13
122248,-11,0.854,1.6157,6,14,15,14
122273,-11,0.692,1.0537,8,14,15,14
122284,-11,1.0,2.7599,6,14,15,14
122316,-11,0.987,2.6496,9,14,15,14
122328,-11,1.0,2.6294,5,14,15,14
122381,-12,1.0,2.5127,9,13,14,13
122415,-12,0.875,1.3909,6,13,14,13
122489,-12,0.934,2.2908,8,13,14,13
122493,-11,0.773,2.6912,3,14,15,14
122512,-12,0.94,1.4857,6,13,14,13
122514,-12,0.75,1.299,5,13,14,13
122534,-11,0.744,3.5026,4,14,15,14
122539,-11,0.87,2.6007,7,14,15,14
122598,-12,0.81,1.2878,7,13,14,13
122599,-11,0.964,2.533,7,14,15,14
122608,-12,1.0,2.2788,7,13,14,13
122616,-11,1.0,1.8155,2,14,15,14
122627,-11,0.958,1.5977,6,14,15,14
122638,-11,0.919,4.2927,8,14,15,14
122807,-11,0.964,4.9731,12,14,15,14
122809,-12,1.0,2.4143,7,13,14,13
122867,-11,0.866,4.7055,15,14,15,14
122872,-11,0.745,2.7156,7,14,15,14
122924,-11,1.0,2.6816,4,14,15,14
122960,-10,0.947,1.3093,2,15,16,15
122973,-12,1.0,1.7453,7,13,14,13
122986,-11,0.864,3.5152,9,14,15,14
122993,-10,0.889,1.1848,2,15,16,15
123001,-11,0.809,2.52,8,14,15,14
123054,-12,0.972,2.417,9,13,14,13
123060,-11,1.0,2.0579,3,14,15,14
123070,-10,0.842,1.3625,5,15,16,15
123078,-12,1.0,2.1683,8,13,14,13
123099,-11,1.0,2.4887,6,14,15,14
123107,-12,0.694,2.3238,6,13,14,13
123133,-12,0.947,2.0707,5,13,14,13
123134,-11,0.95,2.7318,4,14,15,14
123148,-13,1.0,0.3645,5,11,13,12
123199,-12,0.981,1.6354,8,13,14,13
123224,-10,0.896,1.425,5,15,16,15
123234,-11,0.79,5.0523,8,14,15,14
123244,-12,0.848,2.1663,5,13,14,13
123289,-13,1.0,0.3852,5,11,13,12
123402,-11,0.925,1.6245,4,14,15,14
123413,-12,0.975,1.8587,4,13,14,13
123418,-11,0.838,5.1055,10,14,15,14
123423,-11,0.85,1.8837,7,14,15,14
123439,-11,0.756,5.2488,7,14,15,14
123459,-11,0.895,4.2735,6,14,15,14
123495,-11,1.0,2.4041,3,14,15,14
123508,-11,0.927,4.1905,5,14,15,14
123557,-12,0.984,1.7857,8,13,14,13
123575,-11,0.95,2.2708,2,14,15,14
123578,-12,0.929,2.1181,7,13,14,13
123579,-11,1.0,2.4443,5,14,15,14
123586,-11,0.932,2.3687,17,14,15,14
123596,-11,0.934,2.2006,8,14,15,14
123598,-11,0.917,3.5647,4,14,15,14
123615,-11,0.875,2.0567,5,14,15,14
123636,-11,0.884,2.1951,9,14,15,14
123690,-11,0.929,4.9461,3,14,15,14
123736,-11,0.931,4.1388,6,14,15,14
123766,-11,0.786,5.2939,7,14,15,14
123809,-11,1.0,2.8282,5,14,15,14
123838,-11,0.943,2.4375,7,14,15,14
123853,-11,0.974,4.0593,6,14,15,14
123861,-11,0.885,2.0432,7,14,15,14
123895,-11,0.656,0.8431,4,14,15,14
123897,-11,1.0,1.9427,6,14,15,14
123948,-11,1.0,1.7679,2,14,15,14
123971,-11,0.581,3.9701,8,14,15,14
123976,-10,0.8,1.441,7,15,16,15
123977,-11,0.727,1.8492,6,14,15,14
123989,-12,1.0,1.6533,3,13,14,13
124006,-11,1.0,2.469,6,14,15,14
124030,-12,1.0,2.5155,7,13,14,13
124033,-12,1.0,2.8428,5,13,14,13
124085,-8,0.625,5.4078,2,14,15,14
124096,-11,0.877,1.5993,7,14,15,14
124109,-11,0.878,1.5473,6,14,15,14
124123,-11,1.0,5.9942,1,0,0,0
124137,-11,0.911,0.5996,5,14,15,14
124142,-11,0.954,1.7045,10,14,15,14
124189,-11,0.818,5.1729,8,14,15,14
124194,-11,1.0,2.2965,3,14,15,14
124218,-11,0.921,3.336,7,14,15,14
124222,-10,0.824,1.531,7,15,16,15
124322,-11,0.967,5.1241,3,14,15,14
124329,-10,0.809,1.6093,7,15,16,15
124343,-11,0.944,2.0135,6,14,15,14
124349,-11,0.91,5.2183,9,14,15,14
124372,-12,0.952,2.411,10,13,14,13
124402,-10,0.961,3.9043,6,15,16,15
124415,-11,0.957,4.1176,8,14,15,14
124509,-12,0.957,1.9437,8,13,14,13
124520,-11,0.929,2.1523,5,14,15,14
124548,-10,0.919,1.069,5,15,16,15
124585,-10,0.88,1.7456,3,15,16,15
124659,-11,0.71,3.4984,4,14,15,14
124685,-11,1.0,3.992,4,14,15,14
124686,-11,0.842,1.1216,3,14,15,14
124713,-13,0.976,3.5614,5,12,13,12
124719,-11,0.828,5.3186,11,14,15,14
124774,-10,0.514,0.7624,4,15,16,15
124825,-11,0.632,1.8133,2,15,16,14
124846,-11,0.582,4.6867,13,14,15,14
124868,-11,1.0,6.1009,4,0,0,0
124929,-10,1.0,2.4229,4,15,16,15
124979,-10,1.0,0.5172,2,15,16,15
124981,-12,0.926,1.3687,7,13,14,13
125006,-11,1.0,3.9463,5,14,15,14
125039,-11,1.0,0.6346,4,14,15,14
125112,-11,0.875,5.0665,8,14,15,14
125116,-11,1.0,0.6368,4,14,15,14
125129,-11,0.857,3.6292,5,14,15,14
125150,-10,0.956,2.3248,6,15,16,15
125159,-10,0.867,3.8453,7,15,16,15
125167,-11,1.0,0.6911,4,14,15,14
125180,,,0.0981,6,0,0,0
125204,-11,0.967,3.8965,6,14,15,14
125217,-11,0.878,5.3306,5,14,15,14
125235,-10,0.882,2.1891,6,15,16,15
125248,-11,0.938,3.8696,4,14,15,14
125285,-11,0.867,2.6731,3,14,15,14
125292,-11,0.603,5.4027,8,14,15,14
125307,-10,0.725,2.1111,6,15,16,15
125324,-11,1.0,5.1695,6,14,15,14
125351,-11,1.0,5.8992,3,14,15,14
125357,-10,0.963,2.9402,3,15,16,15
125369,-10,0.976,3.001,9,15,16,15
125397,-12,0.941,1.2796,7,13,14,13
125402,,,6.0678,1,0,-1,0
125492,-10,0.949,2.8302,4,15,16,15
125510,-11,0.882,4.1512,6,14,15,14
125534,-11,1.0,1.438,7,14,15,14
125541,-10,0.855,2.9866,7,15,16,15
125544,-11,0.975,1.1058,4,14,15,14
125549,-11,0.689,1.6873,7,14,15,14
125552,-11,1.0,6.1646,4,0,0,0
125579,-10,0.906,3.0664,8,15,16,15
125617,-11,1.0,1.1886,3,14,15,14
125628,-10,1.0,2.5085,6,15,16,15
125631,-11,0.941,5.8428,4,14,15,14
125639,-10,1.0,2.0283,4,15,16,15
125678,-10,0.94,1.8949,5,15,16,15
125683,-10,1.0,2.5001,4,15,16,15
125690,-11,0.812,4.0558,6,14,15,14
125707,,,0.1261,5,0,0,0
125712,-11,0.519,1.2254,4,14,15,14
125739,-11,0.952,5.0593,7,14,15,14
125775,-10,1.0,1.1707,4,15,16,15
125786,-11,0.975,5.7741,10,14,15,14
125814,-11,1.0,5.8819,6,14,15,14
125877,-10,0.978,2.9293,9,15,16,15
125895,,,6.2068,7,0,-1,0
125903,-10,0.814,1.9908,7,15,16,15
125904,-11,1.0,2.3721,5,14,15,14
125920,-10,0.797,1.9104,8,15,16,15
125930,-11,1.0,1.6287,5,14,15,14
125931,-11,1.0,5.7021,5,14,15,14
125942,-11,0.975,2.3963,4,14,15,14
125950,-12,1.0,2.0815,9,13,14,13
125961,-10,0.973,1.8461,9,15,16,15
125982,-11,0.983,5.7395,6,14,15,14
126041,-11,1.0,2.9332,5,14,15,14
126043,-10,0.917,2.1865,5,15,16,15
126062,-10,0.947,3.9719,8,15,16,15
126090,-11,1.0,5.685,6,14,15,14
126132,-10,0.944,3.9507,6,15,16,15
126146,-10,0.778,0.7068,4,15,16,15
126148,-10,0.937,4.0466,9,15,16,15
126162,-10,0.81,3.9347,7,15,16,15
126166,-11,0.946,2.1694,5,14,15,14
126169,-11,0.909,2.7572,4,14,15,14
126170,-10,0.815,2.2437,10,15,16,15
126176,-11,1.0,5.8498,7,14,15,14
126200,-10,0.93,3.1392,6,15,16,15
126220,-11,1.0,1.939,1,13,14,14
126240,-11,0.939,5.6658,5,14,15,14
126257,-10,0.913,2.0639,6,15,16,15
126262,-10,1.0,1.2524,5,15,16,15
126323,-11,0.946,5.631,10,14,15,14
126331,-10,0.893,3.897,4,15,16,15
126332,-10,1.0,4.098,4,15,16,15
126348,-11,1.0,2.1842,3,14,15,14
126366,-11,0.792,5.4576,7,14,15,14
126373,-11,0.932,3.6349,6,14,15,14
126375,-11,0.55,1.7763,5,14,15,14
126427,-10,0.804,4.173,9,15,16,15
126464,-11,0.872,5.5358,6,14,15,14
126477,-10,0.623,4.3463,7,15,16,15
126492,-10,1.0,3.9603,6,15,16,15
126509,-10,0.891,1.5607,8,15,16,15
126514,-11,0.933,5.6098,4,14,15,14
126527,-11,0.531,4.2741,5,14,15,14
126549,-11,0.824,1.4468,7,14,15,14
126568,-10,0.914,4.1675,7,15,16,15
126582,-10,0.694,1.6899,6,15,16,15
126607,-11,0.756,5.4943,10,14,15,14
126615,-10,1.0,1.7145,2,15,16,15
126645,-10,0.977,2.4059,7,15,16,15
126664,-10,1.0,2.6529,2,15,16,15
126666,-10,0.981,1.6404,7,15,16,15
126672,-12,0.932,0.4483,6,13,14,13
126673,-10,0.924,3.0875,7,15,16,15
126680,-10,0.952,2.9363,3,15,16,15
126683,-11,0.48,4.7907,11,14,15,14
126698,-10,0.98,1.5545,6,15,16,15
126717,-10,0.974,0.6613,6,15,16,15
126722,-11,1.0,6.0893,4,0,0,0
126728,-10,0.884,1.5773,6,15,16,15
126747,-10,0.841,1.6186,10,15,16,15
126748,-10,0.855,4.3461,9,15,16,15
126755,-10,0.934,1.6338,9,15,16,15
126766,-11,0.6,0.7734,5,14,15,14
126796,-12,0.966,0.4393,6,13,14,13
126852,-10,0.847,4.2472,6,15,16,15
126854,-11,0.814,1.3888,7,14,15,14
126867,-10,0.882,2.1493,4,15,16,15
126883,-10,0.886,3.7665,6,15,16,15
126895,-11,1.0,0.1066,2,13,15,14
126904,-10,0.667,4.4498,5,15,16,15
126983,-10,0.935,2.2873,4,15,16,15
126988,-10,1.0,2.6759,8,15,16,15
126993,-10,0.96,2.8715,6,15,16,15
127030,,,5.6014,1,0,-1,0
127042,-11,0.902,5.5616,5,14,15,14
127067,-10,0.951,2.3468,6,15,16,15
127078,-10,0.851,1.4639,9,15,16,15
127137,-11,0.846,3.9653,5,14,15,14
127168,-10,0.979,2.8007,6,15,16,15
127178,-10,0.872,4.5388,6,15,16,15
127181,-11,0.886,0.4933,6,14,15,14
127201,-10,1.0,4.0456,4,15,16,15
127209,-11,0.923,0.6462,5,14,15,14
127231,-10,0.807,4.3301,6,15,16,15
127234,-11,1.0,2.8291,3,14,15,14
127269,-10,1.0,1.3407,4,15,16,15
127288,-10,0.882,3.8311,5,15,16,15
127294,,,0.2041,4,0,0,0
127315,-10,0.914,3.7673,7,15,16,15
127338,-10,0.531,4.2015,4,15,16,15
127363,-10,0.966,4.443,5,15,16,15
127400,-11,0.885,5.5532,8,14,15,14
127406,-13,0.6,1.0698,4,12,13,12
127418,-10,0.746,3.7963,9,15,16,15
127423,-10,0.943,4.4381,8,15,16,15
127424,-10,0.933,1.4791,6,15,16,15
127443,-10,0.764,4.0202,6,15,16,15
127464,-10,0.939,2.1021,7,15,16,15
127472,-10,0.86,3.7007,9,15,16,15
127566,-11,0.904,0.4684,7,14,15,14
127571,-10,0.825,1.4333,4,15,16,15
127572,-11,0.897,3.6992,6,14,15,14
127610,-10,0.917,1.4689,5,15,16,15
127652,-13,0.915,1.629,11,12,13,12
127661,-10,0.962,2.3112,3,15,16,15
127679,-11,1.0,2.9019,5,14,15,14
127687,-11,1.0,2.9297,4,14,15,14
127704,-10,0.864,3.1763,7,15,16,15
127715,-10,0.892,3.1906,11,15,16,15
127729,-10,0.88,2.0238,4,15,16,15
127761,-10,0.976,2.0349,7,15,16,15
127763,-11,0.692,5.4551,5,14,15,14
127782,-10,0.92,2.7197,5,15,16,15
127804,-10,0.76,3.0365,5,15,16,15
127806,-11,0.766,3.0098,5,14,15,14
127826,-13,0.955,3.9665,5,12,13,12
127851,-10,0.962,2.8591,9,15,16,15
127874,-10,0.795,2.6979,6,15,16,15
127883,-11,0.583,4.3628,5,14,15,14
127905,-11,0.944,0.1243,4,13,15,14
127935,,,5.7076,5,-3,-12,0
127951,-10,0.841,3.0843,8,15,16,15
127979,-10,0.879,2.7819,5,15,16,15
127987,-10,0.727,2.7159,7,15,16,15
127988,-10,0.974,4.5955,8,15,16,15
128049,-10,0.944,2.1832,4,15,16,15
128065,-11,0.542,4.3929,3,15,16,15
128074,-11,0.957,3.0554,4,14,15,14
128078,-10,0.833,2.8584,4,15,16,15
128099,-10,0.857,2.6607,5,15,16,15
128100,-11,1.0,5.9432,7,14,15,14
128113,-10,0.891,4.7037,7,15,16,15
128124,-11,0.647,4.1329,2,15,16,15
128140,-10,0.636,3.6121,8,15,16,15
128146,-10,0.971,2.1917,5,15,16,15
128158,-11,1.0,0.593,7,14,15,14
128162,-10,0.836,1.4079,9,15,16,15
128207,-10,0.842,2.6802,7,15,16,15
128237,-11,1.0,5.9985,3,14,15,14
128239,,,6.1123,3,0,0,0
128264,-11,0.961,3.0412,6,14,15,14
128284,-10,0.962,3.3223,6,15,16,15
128355,-11,1.0,0.5442,6,14,15,14
128380,-10,0.871,3.018,13,15,16,15
128395,-11,1.0,3.7399,6,14,15,14
128408,-11,0.917,1.4935,4,14,15,14
128433,-10,0.972,3.0067,7,15,16,15
128450,-11,0.838,5.4431,11,14,15,14
128457,-10,1.0,1.104,6,15,16,15
128483,-11,0.956,3.7982,6,14,15,14
128495,-11,1.0,6.0006,4,14,15,14
128526,-10,0.96,2.5274,3,15,16,15
128529,-11,1.0,3.8328,7,14,15,14
128587,-11,1.0,6.0049,4,14,15,14
128643,-10,0.857,3.44,10,15,16,15
128653,-10,0.93,1.1099,6,15,16,15
128655,-10,0.938,1.2445,3,15,16,15
128661,-10,0.945,0.995,7,15,16,15
128677,-10,0.5,1.1248,3,14,15,14
128703,-10,0.934,4.6835,9,15,16,15
128708,-10,0.912,4.6314,6,15,16,15
128744,-10,0.944,4.5318,10,15,16,15
128753,-10,0.692,3.4298,4,15,16,15
128769,-10,1.0,3.1227,1,15,16,15
128780,-10,0.686,3.5128,5,15,16,15
128784,-10,0.984,2.591,7,15,16,15
128788,-10,0.784,2.298,4,15,16,15
128802,-10,0.967,4.7107,7,15,16,15
128863,-10,0.816,1.3544,5,15,16,15
128882,-10,0.967,0.8527,3,15,16,15
128900,-10,0.75,3.5542,6,15,16,15
128907,-10,0.952,1.9021,4,15,16,15
128922,-9,0.559,0.8079,8,15,16,16
128924,,,4.6255,3,-2,-11,0
128977,-10,0.904,2.8769,7,15,16,15
128978,-10,0.96,2.4796,5,15,16,15
129007,-11,0.986,5.6476,8,14,15,14
129047,-11,1.0,6.0125,4,14,15,14
129081,-10,0.95,0.8616,2,15,16,15
129107,-11,0.917,3.8979,3,14,15,14
129176,-10,0.955,4.6473,6,15,16,15
129210,-11,1.0,6.111,3,14,15,14
129211,,,5.7531,1,-2,-11,0
129216,-10,0.683,4.7175,14,15,16,15
129276,-10,0.779,1.2341,9,15,16,15
129307,-10,0.977,3.1757,8,15,16,15
129315,-11,1.0,5.9416,4,14,15,14
129344,-10,0.833,4.6953,5,15,16,15
129368,-10,0.657,3.4659,5,15,16,15
129374,-10,0.962,2.6015,7,15,16,15
129390,-11,0.878,2.9491,6,14,15,14
129398,-10,0.78,3.3932,6,15,16,15
129425,-11,1.0,5.8809,2,14,15,14
129441,-10,0.982,0.9632,8,15,16,15
129486,-10,0.923,0.6361,3,15,16,15
129488,-11,0.912,0.4721,4,14,15,14
129534,-10,0.915,0.5929,5,15,16,15
129538,-9,0.618,0.8602,6,15,16,15
129548,-10,0.708,0.7197,3,15,16,15
129578,-10,0.88,3.6961,5,15,16,15
129601,-10,0.593,3.9321,7,15,16,15
129604,-10,0.841,4.7945,5,15,16,15
129607,,,6.2786,5,0,-1,0
129616,-9,0.711,1.0171,5,16,17,16
129631,-10,1.0,3.3313,5,15,16,15
129637,-10,0.714,3.5621,4,15,16,15
129647,-10,1.0,3.7028,3,15,16,15
129650,-9,0.81,1.0871,6,16,17,16
129664,-9,0.897,0.841,8,16,17,16
129718,-10,0.927,4.9035,5,15,16,15
129743,-9,0.98,1.2028,6,16,17,16
129753,-9,0.974,1.2525,8,16,17,16
129767,-10,0.932,0.6038,5,15,16,15
129770,-10,1.0,0.4966,4,15,16,15
129780,-10,0.63,3.0349,6,15,16,15
129796,-9,0.778,1.1236,4,16,17,16
129810,-10,0.537,4.8497,7,15,16,15
129849,,,0.0046,6,0,0,0
129874,-10,1.0,3.3841,6,15,16,15
129879,,,6.2164,2,0,-1,0
129885,-10,0.581,3.0037,5,15,16,15
129898,-11,0.774,4.0264,9,14,15,14
129923,-10,0.966,3.4552,4,15,16,15
129939,-10,0.84,2.9164,4,15,16,15
129954,-10,1.0,5.0066,2,15,16,15
129965,,,6.1343,3,0,-1,0
129967,-12,0.522,0.4432,5,14,15,14
129979,-11,1.0,1.4197,3,14,15,14
130093,-9,0.987,1.3918,9,16,17,16
130105,-9,0.6,1.0062,5,16,17,16
130106,-9,0.825,0.7787,6,16,17,16
130164,-9,0.946,1.4669,9,16,17,16
130171,-10,0.923,3.5153,6,15,16,15
130175,-10,0.941,4.6974,4,15,16,15
130213,-10,0.963,2.5317,3,15,16,15
130256,-9,0.902,1.2888,7,16,17,16
130273,-11,0.741,1.721,7,14,15,14
130312,-11,1.0,6.0594,4,14,15,14
130337,-9,0.972,1.53,6,16,17,16
130356,-10,0.542,3.3093,4,15,16,15
130371,-10,0.932,3.1363,9,15,16,15
130382,-10,1.0,3.4303,5,15,16,15
130398,-9,1.0,1.0475,9,16,17,16
130406,-9,0.957,1.5432,5,16,17,16
130422,-10,1.0,3.5884,5,15,16,15
130427,-10,1.0,3.2355,6,15,16,15
130435,-11,0.975,6.1782,5,14,15,14
130478,-9,1.0,1.177,4,16,17,16
130522,-9,0.789,0.927,11,16,17,16
130537,-10,1.0,3.1797,4,15,16,15
130544,-10,1.0,3.7438,3,15,16,15
130582,-9,0.699,0.7457,9,16,17,16
130584,-9,0.684,1.2057,4,16,17,16
130587,-11,1.0,0.0537,3,13,15,14
130595,-10,0.791,2.3102,6,15,16,15
130621,-11,0.873,4.0164,6,14,15,14
130625,-9,0.755,1.1647,7,16,17,16
130675,-11,0.838,3.4364,7,14,15,14
130684,-11,0.926,2.0684,3,14,15,14
130716,-11,0.682,2.7351,3,14,15,14
130723,-11,0.69,3.9399,4,14,15,14
130783,-11,0.75,2.922,4,14,15,14
130787,-9,0.889,0.6717,5,16,17,16
130803,-10,0.9,3.6109,4,15,16,15
130816,-10,0.974,2.3732,9,15,16,15
130835,-10,0.889,4.8894,8,15,16,15
130847,-9,1.0,1.3998,6,16,17,16
130870,-9,0.8,1.0031,4,16,17,16
130961,-10,0.576,4.8019,6,15,16,15
130966,-11,1.0,5.8727,2,14,15,14
130976,-9,0.867,0.6128,8,16,17,16
130982,-11,0.575,2.8607,5,14,15,14
130984,-9,0.697,0.8018,5,16,17,16
130986,-9,0.923,1.4735,9,16,17,16
131043,-11,1.0,6.1775,4,0,0,0
131044,-11,0.536,3.4553,3,15,16,15
131052,-9,0.694,1.2901,7,16,17,16
131059,-10,1.0,3.3316,7,15,16,15
131092,-9,1.0,2.1924,3,16,17,16
131111,-9,0.881,2.2044,8,16,17,16
131139,-9,0.876,1.3674,10,16,17,16
131230,-10,0.922,2.6185,6,15,16,15
131262,-9,0.805,1.044,6,16,17,16
131320,-9,0.932,1.1288,6,16,17,16
131367,-10,1.0,0.6491,2,15,16,15
131370,-12,0.553,1.0799,5,12,13,12
131380,-11,0.851,3.891,6,14,15,14
131411,-9,0.796,0.9875,7,16,17,16
131485,-12,1.0,1.4976,1,13,14,13
131515,-10,0.984,3.2762,9,15,16,15
131532,-10,0.9,3.3516,4,15,16,15
131545,-11,0.508,3.8607,7,15,16,15
131570,-10,0.938,3.6461,4,15,16,15
131633,-9,1.0,0.8193,3,16,17,16
131650,-9,1.0,1.3874,7,16,17,16
131666,-11,1.0,6.2482,3,14,15,14
131670,-11,1.0,0.4124,3,14,15,14
131737,-10,0.657,4.9951,4,15,16,15
131803,-9,0.939,1.4815,4,16,17,16
131871,-10,0.553,3.3411,5,15,16,15
131888,-11,0.8,3.7003,6,14,15,14
131922,-9,1.0,1.5959,3,16,17,16
131927,-9,0.9,0.5134,5,16,17,16
131973,-9,1.0,1.5426,5,16,17,16
132009,-10,0.98,3.521,6,15,16,15
132013,-11,1.0,3.138,4,14,15,14
132016,-9,1.0,0.7179,2,16,17,16
132117,-11,1.0,3.1381,1,14,15,14
132168,-10,0.958,0.6414,3,15,16,15
132215,-9,0.86,0.4744,7,16,17,16
132265,-10,0.862,2.7337,7,15,16,15
132289,-10,1.0,3.8581,2,15,16,15
132302,-9,0.92,0.424,5,16,17,16
132367,-11,0.604,3.0944,5,14,15,14
132394,-10,0.959,2.4707,5,15,16,15
132462,-9,0.957,1.6023,5,16,17,16
132485,-11,0.781,6.2159,5,14,15,14
132500,-11,0.863,4.0853,8,14,15,14
132508,-10,1.0,3.7465,3,15,16,15
132510,-9,0.789,2.1405,5,16,17,16
132554,-13,1.0,3.336,4,12,13,12
132690,-9,0.769,0.3841,3,16,17,16
132705,-9,0.844,2.2978,8,16,17,16
132745,-9,0.9,0.4856,5,16,17,16
132757,-9,0.905,2.0635,5,16,17,16
132764,-9,0.955,1.1694,5,16,17,16
132871,-9,0.866,2.3178,7,16,17,16
132881,-10,0.943,0.5763,6,15,16,15
132895,-9,0.972,2.0976,8,16,17,16
132944,-9,1.0,0.7194,4,16,17,16
132952,-9,0.973,1.9595,4,16,17,16
132960,-10,0.409,4.8875,7,15,16,15
132993,-10,0.882,0.4817,2,15,16,15
133000,-9,0.878,1.7177,5,16,17,16
133003,-9,0.953,1.6743,11,16,17,16
133008,-9,0.836,2.3489,7,16,17,16
133072,-9,0.8,2.4216,5,16,17,16
133079,-9,0.918,2.3746,7,16,17,16
133121,-9,0.897,1.7056,4,16,17,16
133158,-9,0.944,1.9776,8,16,17,16
133162,-9,0.933,0.6078,3,16,17,16
133180,-9,0.919,1.5806,8,16,17,16
133185,-9,0.871,2.4395,6,16,17,16
133198,-9,0.929,2.5142,3,16,17,16
133202,-9,0.925,2.5345,4,16,17,16
133216,-9,1.0,1.8725,5,16,17,16
133226,-9,0.959,2.0543,9,16,17,16
133250,-9,0.981,1.8688,6,16,17,16
133253,-9,0.959,2.6821,6,16,17,16
133256,-9,0.958,1.9259,8,16,17,16
133309,-10,0.731,3.0787,3,15,16,15
133318,-9,0.695,1.8886,7,16,17,16
133339,-9,0.938,2.0287,9,16,17,16
133350,-9,0.914,2.5542,7,16,17,16
133353,-9,0.895,1.527,4,16,17,16
133452,-11,0.88,0.5122,5,14,15,14
133463,-9,0.909,2.0544,7,16,17,16
133467,-9,0.778,2.1327,4,16,17,16
133476,-9,0.981,1.7629,6,16,17,16
133534,-9,0.903,0.5469,4,16,17,16
133548,-9,0.86,1.6527,12,16,17,16
133577,-10,0.75,3.0859,5,15,16,15
133593,-9,0.822,2.1466,5,16,17,16
133619,-9,1.0,0.3316,1,0,0,0
133620,-10,0.929,0.0182,4,14,16,15
133645,-10,1.0,5.1469,2,15,16,15
133669,-9,0.933,2.2658,3,16,17,16
133682,-9,0.756,1.7604,5,16,17,16
133785,-9,0.912,2.1774,4,16,17,16
133824,-11,1.0,0.5042,4,14,15,14
133860,-11,0.625,4.966,4,15,16,15
133940,-10,0.657,3.459,8,15,16,15
133986,-11,1.0,2.954,3,14,15,14
134040,-10,0.875,5.0339,2,15,16,15
134072,-9,1.0,2.7732,4,16,17,16
134074,-9,0.953,2.8235,5,16,17,16
134097,-13,0.551,0.9963,7,12,13,12
134100,-9,0.893,2.4733,8,16,17,16
134119,-9,0.983,2.3725,8,16,17,16
134123,-9,0.979,2.8648,11,16,17,16
134175,-9,0.897,2.064,7,16,17,16
134182,-10,1.0,5.2281,2,15,16,15
134231,-9,0.909,2.9566,8,16,17,16
134252,-9,0.895,2.2983,6,16,17,16
134270,-10,1.0,5.2607,3,15,16,15
134288,-9,0.933,2.8576,8,16,17,16
134290,-9,0.95,2.7371,6,16,17,16
134319,-11,1.0,3.9314,2,14,15,14
134355,-9,0.692,2.071,4,16,17,16
134397,-9,0.784,2.3242,6,16,17,16
134421,-11,1.0,0.6276,4,14,15,14
134441,-13,0.654,0.9026,6,12,13,12
134479,-9,0.953,2.1415,6,16,17,16
134483,-9,0.876,2.4606,15,16,17,16
134493,-9,0.898,0.7436,9,16,17,16
134504,-9,1.0,3.0171,5,16,17,16
134516,-10,0.667,2.0858,4,16,17,16
134528,-9,0.94,2.6089,5,16,17,16
134589,-9,0.917,2.6641,10,16,17,16
134644,-9,0.983,2.4541,7,16,17,16
134649,-9,0.778,2.1607,10,16,17,16
134657,-9,0.981,3.0133,6,16,17,16
134663,-9,0.932,3.1064,5,16,17,16
134667,-10,0.692,1.332,4,15,16,15
134702,-9,0.841,2.7807,6,16,17,16
134726,-9,0.966,3.0641,7,16,17,16
134735,-11,0.87,3.4931,3,14,15,14
134740,-11,0.851,4.1756,7,14,15,14
134773,-9,0.946,2.2907,6,16,17,16
134775,-9,0.746,1.9673,9,16,17,16
134813,-9,0.921,3.1225,9,16,17,16
134840,-11,0.963,3.0253,5,14,15,14
134853,-9,0.952,2.3135,7,16,17,16
134857,-9,0.889,0.4765,7,16,17,16
134906,-9,1.0,3.1509,3,16,17,16
134912,-13,1.0,3.256,4,12,13,12
134940,-9,0.5,0.6114,3,16,17,16
134955,-11,0.902,0.597,6,14,15,14
134959,-10,0.667,4.9665,3,15,16,15
134970,-9,0.793,3.1272,3,16,17,16
135007,-9,1.0,2.5195,5,16,17,16
135035,-9,0.879,2.7196,7,16,17,16
135086,-9,0.875,1.3939,2,16,17,16
135156,-9,0.876,1.6298,11,16,17,16
135164,-9,0.895,2.6374,9,16,17,16
135377,-11,0.771,0.9361,7,14,15,14
135418,-9,0.803,2.8746,12,16,17,16
135431,-9,0.84,3.2487,6,16,17,16
135435,-9,0.881,2.6997,7,16,17,16
135441,-10,0.818,1.9652,6,16,17,16
135449,-9,1.0,2.9628,2,16,17,16
135458,-9,0.725,3.0271,4,16,17,16
135606,-9,0.987,3.0714,9,16,17,16
135618,-9,0.847,3.3636,7,16,17,16
135644,-9,1.0,1.6433,4,16,17,16
135663,-9,0.524,1.8672,3,16,17,16
135690,,,5.7232,2,-2,-11,0
135818,-9,0.9,0.5448,2,16,17,16
135859,-9,0.714,2.9823,3,16,17,16
135869,-13,1.0,3.2247,4,12,13,12
135878,-9,0.846,0.6692,3,16,17,16
135892,-9,1.0,0.5144,2,16,17,16
135907,-9,0.929,3.1877,6,16,17,16
135909,-9,0.964,0.0731,3,0,0,0
135914,-9,0.746,2.8393,7,16,17,16
135945,-11,0.971,0.4186,5,14,15,14
135956,-9,0.737,3.3125,3,16,17,16
135989,-10,0.892,0.6996,4,15,16,15
136033,-9,1.0,2.2119,4,16,17,16
136145,-10,1.0,0.5699,4,15,16,15
136262,-9,0.912,3.5271,11,16,17,16
136285,-9,0.968,3.7018,9,16,17,16
136302,-9,0.963,0.1039,4,0,0,0
136317,-9,1.0,0.0941,2,0,0,0
136412,-11,1.0,3.5073,2,14,15,14
136413,-9,0.804,3.7832,8,16,17,16
136451,-10,1.0,6.2055,4,0,-1,-1
136485,-9,1.0,0.3491,1,1,1,0
136532,-9,0.813,3.7504,10,16,17,16
136619,-11,0.586,4.1074,7,14,15,14
136621,-10,1.0,6.0858,5,0,-1,-1
136675,-10,1.0,6.0066,5,0,-1,-1
136676,-11,0.9,0.6589,1,14,15,14
136677,-11,0.917,4.0745,3,14,15,14
136688,-9,0.976,3.6253,5,16,17,16
136712,-11,0.943,3.4187,4,14,15,14
136737,-9,0.909,3.8172,9,16,17,16
136817,-9,1.0,3.5699,3,16,17,16
136827,-10,1.0,5.9615,6,0,-1,-1
136866,-9,0.938,3.8519,9,16,17,16
136890,-10,1.0,5.9842,7,0,-1,-1
136913,-10,0.5,1.9079,3,16,17,16
136933,-8,0.867,0.7419,3,17,18,17
136994,-9,0.892,3.693,12,16,17,16
137098,-8,0.973,0.9064,4,17,18,17
137159,-9,0.847,3.8969,11,16,17,16
137179,-8,0.772,0.7438,6,17,18,17
137184,-9,0.806,3.9867,6,16,17,16
137190,-9,1.0,3.2581,3,16,17,16
137193,-10,1.0,5.9329,6,0,-1,-1
137206,-9,1.0,3.725,6,16,17,16
137244,-9,0.981,3.8612,6,16,17,16
137262,-10,1.0,5.9772,3,0,-1,-1
137292,,,5.2413,4,-2,-11,0
137302,-7,0.559,0.7677,9,17,18,17
137308,-9,0.892,3.5308,11,16,17,16
137331,-8,0.723,0.8439,7,17,18,17
137336,-9,0.894,3.483,6,16,17,16
137345,-10,1.0,6.1734,6,0,-1,-1
137349,-9,0.852,3.7864,8,16,17,16
137351,-9,0.918,0.6523,7,16,17,16
137355,-9,0.94,3.9605,6,16,17,16
137378,-8,0.619,0.6528,8,17,18,17
137395,-11,0.897,3.809,4,14,15,14
137407,-10,1.0,5.972,4,0,-1,-1
137432,-9,0.83,3.2374,5,16,17,16
137460,,,5.2174,5,-2,-11,0
137519,-9,0.886,3.5287,6,16,17,16
137532,-7,0.857,0.7572,4,18,19,18
137562,-9,0.872,3.4514,4,16,17,16
137570,-9,0.838,1.7808,9,16,17,16
137591,-8,0.72,0.8361,6,17,18,17
137596,-9,0.95,3.5526,2,16,17,16
137637,-9,1.0,2.8689,5,16,17,16
137665,-8,0.746,0.8546,9,17,18,17
137734,-9,0.794,2.8093,8,16,17,16
137737,-10,1.0,6.1307,4,0,-1,-1
137761,-7,0.458,0.8046,3,18,19,18
137766,-9,1.0,0.5992,3,16,17,16
137794,-9,0.875,0.9718,2,16,17,16
137798,-9,0.904,4.0429,7,16,17,16
137815,,,5.5159,6,-2,-11,0
137868,-11,1.0,3.307,3,14,15,14
137894,-9,0.884,2.9738,5,16,17,16
137962,-9,0.853,0.5493,6,16,17,16
137997,-9,0.889,0.912,3,16,17,16
138053,-8,0.771,0.5499,7,17,18,17
138055,-9,0.771,3.4078,7,16,17,16
138065,-8,0.928,0.8289,8,17,18,17
138070,-9,0.935,3.8218,7,16,17,16
138140,-9,0.66,3.3558,6,16,17,16
138146,-9,1.0,4.0216,5,16,17,16
138158,-9,0.887,3.2292,7,16,17,16
138164,-9,0.8,3.4799,5,16,17,16
138178,-8,0.917,0.9895,11,17,18,17
138180,-8,0.917,1.1371,5,17,18,17
138182,-9,1.0,3.1051,2,16,17,16
138186,-9,0.916,3.8536,10,16,17,16
138223,-8,0.806,0.9752,5,17,18,17
138230,-10,1.0,6.0643,6,0,-1,-1
138240,-8,0.795,1.0341,5,17,18,17
138257,-8,0.95,1.1656,6,17,18,17
138258,-9,0.836,3.5566,9,16,17,16
138279,-11,1.0,3.2504,1,14,15,14
138323,-9,0.969,4.0416,9,16,17,16
138353,-8,0.902,1.0752,9,17,18,17
138357,-8,0.927,0.8364,6,17,18,17
138363,-9,0.956,3.983,5,16,17,16
138377,-7,0.773,0.702,8,18,19,18
138387,-8,0.867,1.2277,6,17,18,17
138410,-9,0.986,4.1651,9,16,17,16
138411,-10,0.882,6.2649,5,0,-1,-1
138450,-9,0.98,3.9206,6,16,17,16
138475,-10,0.667,6.1766,4,14,15,14
138589,-9,0.82,2.97,6,16,17,16
138600,-8,0.659,0.6286,6,17,18,17
138601,-9,0.8,3.1606,5,16,17,16
138626,-7,0.534,0.8485,9,18,19,18
138660,-7,0.478,0.7594,8,18,19,18
138670,-11,0.771,6.2264,6,14,15,14
138695,-7,0.776,0.8623,9,18,19,18
138728,-10,0.5,6.2076,5,14,15,14
138772,-7,0.88,0.712,9,18,19,18
138806,-8,0.733,0.7729,6,17,18,17
138831,-11,0.965,6.1613,7,14,15,14
138838,-9,0.778,3.6371,7,16,17,16
138864,-8,0.92,1.3343,10,17,18,17
138878,-8,0.8,0.9376,6,17,18,17
138897,-8,1.0,0.7095,9,17,18,17
138916,,,5.5836,4,-2,-11,0
138966,-9,0.949,4.0666,7,16,17,16
138990,-10,1.0,5.9205,4,0,-1,-1
139000,-7,0.542,0.935,5,18,19,18
139014,-9,0.692,4.1069,4,16,17,16
139024,-8,1.0,1.2354,4,17,18,17
139026,-11,1.0,6.0528,4,14,15,14
139033,-10,0.694,1.2497,5,15,16,15
139038,-11,1.0,5.9679,3,14,15,14
139044,-8,1.0,1.3622,7,17,18,17
139049,-8,0.727,0.6895,7,17,18,17
139069,,,5.6048,4,-2,-11,0
139087,-10,1.0,0.0088,4,14,16,15
139089,-8,0.864,0.6601,7,17,18,17
139136,-7,0.69,0.8467,6,18,19,18
139143,-11,1.0,5.9208,3,14,15,14
139149,-9,0.958,3.259,3,16,17,16
139191,-8,1.0,1.3332,4,17,18,17
139239,-8,0.966,1.4829,8,17,18,17
139247,-8,0.808,0.5901,8,17,18,17
139271,-7,0.712,0.8498,11,18,19,18
139316,-10,0.905,0.0224,4,14,16,15
139339,-7,0.783,1.0154,9,18,19,18
139364,-8,0.706,1.4141,5,17,18,18
139426,-7,0.796,1.0763,5,18,19,18
139457,-7,0.853,1.132,5,18,19,18
139483,-9,0.96,4.095,10,16,17,16
139485,-9,1.0,3.7384,2,16,17,16
139490,-8,0.962,1.2366,5,17,18,17
139500,-7,0.839,1.2103,5,18,19,18
139516,-9,0.968,0.0048,8,0,0,0
139525,-9,1.0,4.4529,4,16,17,16
139532,-7,0.886,0.6721,13,18,19,18
139533,-8,0.882,1.5049,3,17,18,17
139546,-9,0.902,4.2137,6,16,17,16
139588,-8,0.72,0.6032,4,17,18,17
139629,-9,0.98,4.4806,5,16,17,16
139643,-7,0.519,0.9685,8,18,19,18
139646,-10,1.0,5.9001,3,0,-1,-1
139680,-9,0.857,4.5965,3,16,17,16
139685,-10,0.938,0.0804,2,14,16,15
139703,-8,0.819,1.5879,9,17,18,17
139727,-9,0.915,4.6296,6,16,17,16
139752,-9,0.983,4.1782,7,16,17,16
139803,-9,0.977,3.2903,5,16,17,16
139821,-8,0.714,0.5886,5,17,18,17
139848,-7,0.852,1.2981,3,18,19,18
139855,-7,0.913,0.7115,10,18,19,18
139927,-9,0.878,4.2766,14,16,17,16
139962,-9,0.897,4.3632,4,16,17,16
139981,-10,1.0,5.7843,1,0,-1,-1
139999,-8,0.511,1.4912,7,17,18,18
140010,-7,0.571,0.6551,3,18,19,18
140032,-8,0.738,0.5758,5,17,18,17
140074,-9,1.0,4.6615,4,16,17,16
140116,,,1.3471,1,17,18,17
140132,-7,0.684,1.3462,2,18,19,18
140136,-10,0.826,3.7128,7,15,16,15
140138,-8,1.0,1.387,5,17,18,17
140235,-10,0.577,3.6722,6,15,16,15
140241,-7,0.886,0.6583,11,18,19,18
140269,-9,0.924,3.9538,8,16,17,16
140318,-10,0.836,3.7291,8,15,16,15
140326,-8,1.0,1.3731,6,17,18,17
140353,-10,1.0,6.2476,6,0,-1,-1
140359,-6,0.671,0.9817,11,19,20,19
140367,-8,0.985,1.428,8,17,18,17
140368,-8,0.94,1.6125,10,17,18,17
140380,-9,1.0,3.6056,3,16,17,16
140410,-7,0.779,1.383,7,18,19,18
140422,-9,0.9,0.8511,3,16,17,16
140429,-9,1.0,3.7221,1,16,17,16
140437,-7,0.596,1.4319,7,18,19,18
140454,-6,0.694,0.9389,5,19,20,19
140518,-9,0.915,4.4277,5,16,17,16
140582,-9,0.951,4.4479,5,16,17,16
140621,-6,0.595,1.0219,11,19,20,19
140626,-8,0.5,0.6136,6,17,18,17
140646,-9,0.875,3.409,9,16,17,16
140657,-8,0.818,0.7435,4,17,18,17
140687,-8,0.5,0.8436,2,17,18,17
140747,-6,0.792,1.1394,5,19,20,19
140785,-6,0.864,1.2569,7,19,20,19
140830,-6,0.633,1.1495,11,19,20,19
140843,-9,0.947,4.5865,5,16,17,16
140898,-9,0.892,4.6414,4,16,17,16
140913,-6,0.738,1.0785,7,19,20,19
140918,-8,1.0,1.3054,6,17,18,17
140936,-9,0.909,4.6618,3,16,17,16
140954,-7,0.9,1.3812,2,18,19,18
140975,-7,0.667,0.7624,6,18,19,18
141025,-8,0.94,1.3638,11,17,18,17
141031,-6,0.819,1.2112,10,19,20,19
141057,-8,0.643,1.6778,8,17,18,17
141083,-10,0.844,1.7216,6,15,16,15
141116,-7,0.736,0.7234,12,18,19,18
141152,-10,0.895,3.7505,2,15,16,15
141186,-6,0.98,1.3875,6,19,20,19
141211,-7,0.785,0.7773,12,18,19,18
141220,-10,1.0,5.873,3,0,-1,-1
141236,-7,0.655,0.6513,7,18,19,18
141271,-9,0.857,4.3336,4,16,17,16
141293,-6,0.7,1.1033,3,19,20,19
141327,-8,1.0,1.5443,9,17,18,17
141334,-7,0.9,0.7889,6,18,19,18
141346,-10,1.0,6.1859,6,0,-1,-1
141404,-8,0.885,4.1,3,17,18,17
141444,-7,0.711,0.8043,7,18,19,18
141452,-8,0.885,4.1016,9,17,18,17
141467,-8,0.762,3.9825,6,17,18,17
141478,,,0.7793,1,16,17,16
141506,-8,0.921,1.1853,7,17,18,17
141513,-8,0.84,0.4859,4,17,18,17
141528,-7,0.875,0.7262,6,18,19,18
141529,-7,0.625,1.5631,8,17,18,18
141531,-8,1.0,1.6133,6,17,18,17
141536,-8,0.833,1.251,4,17,18,17
141627,-6,0.633,1.2445,7,19,20,19
141629,-6,0.707,1.3357,5,19,20,19
141637,-8,1.0,1.1061,2,17,18,17
141699,-10,0.846,3.8148,4,15,16,15
141721,-6,0.507,0.8155,9,19,20,18
141738,-7,0.685,0.8636,17,18,19,18
141748,-9,1.0,3.5007,3,16,17,16
141762,-8,1.0,2.3585,5,17,18,17
141764,-7,0.828,0.7102,12,18,19,18
141779,-8,0.857,1.5239,5,17,18,17
141841,-7,0.787,0.703,6,18,19,18
141857,-8,1.0,2.4805,5,17,18,17
141864,-6,0.915,0.7968,8,19,20,19
141870,-8,0.941,2.5696,7,17,18,17
141904,-8,0.817,1.0659,8,17,18,17
141912,-8,0.769,4.2304,9,17,18,17
141919,-8,1.0,2.2396,3,17,18,17
141923,-8,1.0,1.1898,1,17,18,17
141947,-11,1.0,3.303,2,14,15,14
142004,-6,0.969,1.4284,4,19,20,19
142037,-8,0.688,3.8649,4,17,18,17
142041,-8,1.0,2.3999,6,17,18,17
142043,-8,0.614,3.912,7,17,18,17
142062,-8,0.976,2.7414,5,17,18,17
142071,-7,0.842,1.1667,4,18,19,18
142081,-8,0.947,2.3752,4,17,18,17
142089,-7,0.525,0.6742,5,18,19,18
142107,-8,0.919,2.0617,4,17,18,17
142109,-8,0.833,3.9516,3,17,18,17
142127,-7,1.0,1.3838,3,18,19,18
142150,-7,0.652,1.1145,6,18,19,18
142163,-6,0.867,1.5014,10,19,20,19
142218,-8,0.984,1.5016,7,17,18,17
142241,-8,0.789,3.7636,3,17,18,17
142250,-7,0.643,1.4723,3,18,19,18
142256,-7,0.704,0.9991,4,18,19,18
142311,-8,1.0,2.7835,4,17,18,17
142315,-8,0.633,3.8655,5,17,18,17
142317,-8,0.8,4.1598,8,17,18,17
142320,-8,0.804,3.8199,6,17,18,17
142331,-8,1.0,1.1954,3,17,18,17
142345,-7,0.867,0.9783,4,18,19,18
142346,-8,0.85,2.3042,5,17,18,17
142351,-7,0.884,1.1263,12,18,19,18
142386,-8,0.971,0.7045,5,17,18,17
142396,-8,0.95,4.0045,5,17,18,17
142401,-6,0.988,1.4842,10,19,20,19
142415,-7,0.579,0.7535,3,18,19,18
142450,-8,0.892,4.1763,12,17,18,17
142487,-7,1.0,1.3782,3,18,19,18
142491,-6,1.0,1.5526,5,19,20,19
142492,-8,0.939,4.3183,6,17,18,17
142573,-6,0.932,0.7341,11,19,20,19
142596,-7,0.926,1.5579,8,18,19,18
142604,-7,0.723,1.6487,6,18,19,18
142609,-6,1.0,1.5947,4,19,20,19
142633,-6,0.919,0.7825,10,19,20,19
142653,-8,0.821,3.7908,4,17,18,17
142673,-8,0.95,1.7671,3,18,19,17
142678,-7,0.907,1.2341,6,18,19,18
142679,-6,0.865,0.7765,8,19,20,19
142688,-7,0.739,0.8622,8,18,19,18
142695,-7,0.821,1.1028,6,18,19,18
142700,-8,0.889,3.7277,3,17,18,17
142702,-7,0.875,1.2317,3,18,19,18
142704,-8,0.962,4.075,6,17,18,17
142717,-8,0.765,3.7238,7,17,18,17
142736,-6,0.667,1.072,2,18,19,18
142761,-8,0.933,4.194,8,17,18,17
142778,-8,0.7,3.7137,9,17,18,17
142802,-8,0.839,4.0948,9,17,18,17
142823,-8,0.864,3.6221,8,17,18,17
142824,-8,0.882,3.599,5,17,18,17
142841,-6,0.878,0.8217,7,19,20,19
142849,-8,0.857,0.5873,6,17,18,17
142896,-8,1.0,2.0514,7,17,18,17
142898,-8,0.657,3.5182,13,17,18,17
142919,-7,0.848,1.63,5,18,19,18
142991,-8,0.68,1.802,3,17,18,17
142997,-7,0.935,1.2934,8,18,19,18
143021,-8,0.962,3.556,3,17,18,17
143047,-8,1.0,3.4993,5,17,18,17
143062,-6,0.951,0.727,7,19,20,19
143117,-6,0.895,0.7893,4,19,20,19
143156,-8,1.0,1.6874,6,17,18,17
143157,-8,1.0,1.7787,8,17,18,17
143159,-8,0.729,3.4954,6,17,18,17
143162,-8,0.784,4.4892,4,17,18,17
143166,-8,1.0,3.9784,5,17,18,17
143168,-9,1.0,3.6694,2,16,17,16
143182,-7,0.957,1.6265,5,18,19,18
143207,-8,0.838,4.0469,11,17,18,17
143213,-7,0.6,0.655,6,18,19,18
143222,-8,1.0,1.7112,9,17,18,17
143230,-8,0.797,3.6727,6,17,18,17
143231,-8,0.971,2.0583,4,17,18,17
143266,-9,1.0,0.0122,5,0,0,0
143277,-8,0.778,1.8424,3,17,18,17
143292,-6,0.952,0.7435,10,19,20,19
143305,-6,0.814,0.743,7,19,20,19
143308,-8,1.0,2.8469,7,17,18,17
143350,-8,0.741,3.4708,3,17,18,17
143355,-6,0.908,0.725,13,19,20,19
143370,-8,1.0,1.663,6,17,18,17
143394,-7,0.833,1.6076,7,18,19,18
143396,-9,0.737,1.8002,8,16,17,16
143399,-7,0.9,1.6532,3,18,19,18
143402,-8,1.0,2.8897,3,17,18,17
143407,-7,0.897,1.3709,11,18,19,18
143409,-7,0.907,1.5314,8,18,19,18
143413,-6,0.538,0.815,6,19,20,19
143431,-8,0.964,0.6612,3,17,18,17
143437,-7,0.909,1.5127,5,18,19,18
143438,-7,1.0,1.6801,5,18,19,18
143444,-7,0.788,1.5217,4,18,19,18
143451,-7,0.95,1.2626,5,18,19,18
143456,-8,1.0,3.4023,6,17,18,17
143495,-8,0.985,1.854,11,17,18,17
143498,-6,0.5,0.6987,8,19,20,19
143510,-8,0.975,2.2452,4,17,18,17
143520,-7,0.75,1.7068,6,18,19,18
143525,-8,0.952,4.4919,5,17,18,17
143543,-7,0.667,0.99,5,18,19,18
143573,-5,0.719,0.7627,4,20,21,20
143575,-8,1.0,2.7577,4,17,18,17
143579,-5,0.643,0.7496,9,20,21,20
143586,-7,0.833,0.6155,6,18,19,18
143590,-8,0.905,3.6147,9,17,18,17
143602,-8,0.758,0.637,6,17,18,17
143611,-8,1.0,3.0555,4,17,18,17
143648,-9,1.0,0.0532,4,0,0,0
143649,-8,1.0,3.2228,4,17,18,17
143657,-8,1.0,1.8425,6,17,18,17
143670,-8,0.892,0.7176,8,17,18,17
143697,-8,0.729,3.5428,5,17,18,17
143710,-8,1.0,2.9564,7,17,18,17
143737,-8,1.0,1.9,7,17,18,17
143775,-8,0.939,4.5963,6,17,18,17
143816,-9,0.889,0.7206,8,16,17,16
143830,-7,1.0,1.3622,3,18,19,18
143855,-6,0.754,0.8654,9,19,20,19
143915,-7,0.509,0.6745,8,18,19,18
143924,-8,1.0,2.7071,11,17,18,17
143937,-5,0.895,0.9,4,20,21,20
143979,,,0.9026,1,19,20,19
144002,-9,1.0,0.0625,4,0,0,0
144011,-6,0.86,1.5338,7,19,20,19
144016,-7,1.0,1.7437,5,18,19,18
144025,-7,0.914,1.6336,6,18,19,18
144031,-6,0.6,0.6581,2,19,20,19
144054,-8,0.865,4.717,5,17,18,17
144064,-8,1.0,2.6369,7,17,18,17
144084,-8,0.959,2.0445,10,17,18,17
144108,-5,0.838,1.0525,4,20,21,20
144113,-8,0.919,2.7915,9,17,18,17
144114,-8,0.967,2.002,5,17,18,17
144144,-8,1.0,4.632,4,17,18,17
144160,-8,0.897,2.1194,10,17,18,17
144165,-8,0.905,1.906,6,17,18,17
144203,-8,0.931,2.1983,6,17,18,17
144208,-8,1.0,2.5162,6,17,18,17
144216,-8,1.0,2.0275,4,17,18,17
144236,-8,1.0,2.5142,8,17,18,17
144243,-8,0.863,2.429,7,17,18,17
144254,-8,1.0,3.2846,3,17,18,17
144270,-7,0.552,0.9286,7,18,19,18
144293,-5,0.633,1.2695,7,20,21,20
144308,-9,0.524,2.3114,3,17,18,17
144342,-8,0.88,4.2429,8,17,18,17
144345,-8,0.893,1.8798,9,17,18,17
144354,-6,0.825,0.9297,6,19,20,19
144361,-8,0.962,2.428,8,17,18,17
144365,-8,0.869,2.3278,10,17,18,17
144382,-7,0.925,1.7218,5,18,19,18
144393,-6,0.907,1.6148,9,19,20,19
144413,-6,0.814,0.744,5,19,20,19
144450,-7,0.908,1.4304,7,18,19,18
144458,-5,0.918,0.9085,5,20,21,20
144519,-5,0.64,0.8113,4,20,21,20
144520,-6,0.889,1.6846,7,19,20,19
144529,-8,1.0,1.9394,7,17,18,17
144570,-5,0.935,0.8382,11,20,21,20
144578,-8,0.771,2.2128,7,17,18,17
144604,-8,1.0,2.8493,8,17,18,17
144612,-6,1.0,1.5776,5,19,20,19
144618,-5,0.743,1.408,8,20,21,20
144626,-6,0.769,1.6819,6,19,20,19
144639,-7,0.875,1.722,3,18,19,18
144650,-8,0.841,2.4666,6,17,18,17
144666,-5,0.704,1.3788,7,20,21,20
144683,-8,1.0,2.9034,13,17,18,17
144697,-8,0.982,1.9656,7,17,18,17
144733,-5,0.983,0.9902,6,20,21,20
144761,-5,0.613,0.8008,5,20,21,20
144789,-8,0.955,2.9747,5,17,18,17
144803,-7,0.935,1.8027,13,18,19,18
144809,-8,1.0,2.8493,5,17,18,17
144834,-5,0.5,1.5159,16,20,21,20
144841,-5,0.975,0.7328,4,20,21,20
144850,-8,0.63,3.3433,9,17,18,17
144859,-8,1.0,2.7604,7,17,18,17
144867,-8,1.0,2.0236,5,17,18,17
144868,-8,0.977,3.0464,5,17,18,17
144873,-8,0.939,2.6032,10,17,18,17
144890,-5,0.966,1.1145,3,20,21,20
144895,-7,0.875,1.9475,7,18,19,18
144905,-8,0.972,1.7861,10,17,18,17
144907,-8,0.958,3.0095,5,17,18,17
144920,-7,0.85,1.5232,3,18,19,18
145000,-7,0.955,1.7706,7,18,19,18
145009,-5,0.766,1.5482,7,20,21,20
145042,-8,0.875,1.7162,4,17,18,17
145043,-8,0.933,3.3298,3,17,18,17
145052,-8,1.0,2.7266,10,17,18,17
145065,-5,0.632,0.859,11,20,21,20
145075,-5,0.7,1.635,6,20,21,20
145096,-5,0.975,0.7124,4,20,21,20
145097,-7,0.946,1.8399,8,18,19,18
145102,-7,0.942,2.0337,11,18,19,18
145144,-7,0.809,1.8598,6,18,19,18
145149,-8,0.975,3.0656,10,17,18,17
145152,-7,1.0,1.9498,5,18,19,18
145160,-6,0.889,1.7133,11,19,20,19
145173,-6,0.56,1.8136,9,19,20,19
145197,-8,1.0,3.0197,2,17,18,17
145201,-8,0.732,1.9329,6,17,18,17
145202,-7,0.911,1.9795,5,18,19,18
145207,-8,1.0,3.6376,4,17,18,17
145221,-7,0.951,1.8538,9,18,19,18
145240,-6,0.78,1.8889,5,19,20,19
145254,-7,0.862,1.8628,8,18,19,18
145284,-8,1.0,3.3202,4,17,18,17
145286,-8,1.0,3.2736,6,17,18,17
145295,-8,0.947,3.5912,5,17,18,17
145300,-7,0.879,0.5229,5,18,19,18
145309,-8,0.979,2.5967,6,17,18,17
145321,-5,0.935,0.8477,6,20,21,20
145368,-8,1.0,3.5336,4,17,18,17
145450,-7,0.755,2.0567,7,18,19,18
145451,-5,1.0,0.7335,4,20,21,20
145470,-5,0.6,1.2552,6,20,21,20
145484,-5,0.798,0.8923,12,20,21,20
145485,-6,0.593,0.8761,3,19,20,19
145487,-8,1.0,2.9144,6,17,18,17
145489,-8,0.962,2.0937,6,17,18,17
145513,-8,1.0,2.472,5,17,18,17
145550,-8,1.0,1.8661,6,17,18,17
145557,-8,1.0,2.5411,6,17,18,17
145572,-6,0.763,1.6824,8,19,20,19
145603,-8,0.982,3.2564,6,17,18,17
145623,-8,1.0,3.4429,5,17,18,17
145628,-7,0.917,2.0755,7,18,19,18
145629,-7,0.963,1.9591,8,18,19,18
145635,-8,0.91,2.5005,10,17,18,17
145641,-5,0.734,0.9708,8,20,21,20
145645,-6,0.832,1.8117,11,19,20,19
145657,-8,0.735,4.7578,8,17,18,17
145662,-7,0.554,4.2891,9,18,19,18
145674,-5,0.952,1.0433,5,20,21,20
145675,-8,0.695,3.3641,10,17,18,17
145733,-8,1.0,3.2305,4,17,18,17
145738,-5,0.774,1.2427,5,20,21,20
145742,-5,0.889,1.1548,8,20,21,20
145750,-5,0.768,1.0372,14,20,21,20
145768,-8,0.889,2.1917,4,17,18,17
145776,-8,0.862,0.6238,7,17,18,17
145835,-7,0.914,2.1035,8,18,19,18
145855,-7,0.706,1.0002,3,18,19,18
145860,-8,1.0,2.6404,5,17,18,17
145906,-5,0.691,0.899,12,20,21,20
145916,-8,1.0,2.7343,7,17,18,17
145919,-5,0.871,1.1477,4,20,21,20
145946,-5,0.948,0.8327,6,20,21,20
145951,-8,0.966,3.1148,7,17,18,17
145965,-5,0.784,1.6721,5,20,21,20
145997,-6,0.794,2.0252,7,19,20,19
146003,-6,0.862,2.1402,10,19,20,19
146006,-5,0.697,1.3551,9,20,21,20
146008,-8,1.0,3.8949,3,17,18,17
146013,-9,1.0,5.9604,1,0,0,0
146017,-8,1.0,2.8886,6,17,18,17
146033,-8,0.821,2.1387,4,17,18,17
146035,-7,0.833,1.6908,5,18,19,18
146037,-5,0.78,1.6516,8,20,21,20
146041,-6,0.628,1.5371,5,20,21,20
146068,-7,1.0,2.0128,6,18,19,18
146090,-6,0.549,2.1796,9,19,20,19
146129,-8,0.872,4.6436,7,17,18,17
146150,-8,0.971,3.1458,4,17,18,17
146151,-7,0.938,2.1956,2,18,19,18
146198,-5,0.862,1.4232,3,20,21,20
146218,-7,0.968,2.1197,4,18,19,18
146228,-5,0.47,1.546,7,20,21,20
146235,-7,0.798,2.2539,11,18,19,18
146237,-8,0.875,0.8517,3,17,18,17
146243,-8,1.0,3.2058,7,17,18,17
146263,-8,0.616,1.776,9,17,18,17
146266,-5,0.635,2.2039,12,20,21,20
146268,-5,0.5,1.2223,4,20,21,20
146337,-5,1.0,0.9457,9,20,21,20
146349,-5,0.549,1.6652,9,20,21,20
146361,-7,0.75,1.9293,5,18,19,18
146426,-5,0.606,1.642,4,20,21,20
146449,-6,1.0,1.9629,3,19,20,19
146466,-5,0.87,1.0142,7,20,21,20
146493,-6,0.714,2.0791,9,19,20,19
146496,-7,0.906,2.1716,4,18,19,18
146497,-6,0.667,1.0875,6,19,20,19
146508,-8,0.979,1.666,6,17,18,17
146553,-8,1.0,3.052,6,17,18,17
146561,-8,0.868,3.3171,9,17,18,17
146562,-7,1.0,1.8112,5,18,19,18
146565,-6,0.692,2.1553,7,19,20,19
146566,-8,1.0,2.9816,4,17,18,17
146581,-8,0.861,2.2762,5,17,18,17
146584,-8,0.973,3.2094,8,17,18,17
146586,-5,0.722,2.2584,12,20,21,20
146611,-8,1.0,2.6135,5,17,18,17
146644,-9,0.862,6.0476,3,0,0,0
146668,-5,0.756,2.3133,9,20,21,20
146685,-8,0.764,1.8157,9,17,18,17
146687,-5,0.582,2.2696,11,20,21,20
146688,-8,1.0,3.1635,5,17,18,17
146761,-8,0.877,3.5426,10,17,18,17
146762,-8,0.923,3.2235,9,17,18,17
146775,-5,0.939,0.943,7,20,21,20
146788,,,1.0951,1,20,21,0
146809,-6,0.829,2.0022,4,19,20,19
146831,-7,0.79,4.3295,9,18,19,18
146832,-8,0.941,1.8234,5,18,19,17
146835,-6,0.747,2.2496,10,19,20,19
146838,-5,0.883,2.4169,7,20,21,20
146842,-8,0.862,1.9105,7,18,19,17
146857,-5,0.552,2.2071,10,20,21,20
146862,-5,0.878,2.2098,5,20,21,20
146865,-8,0.917,2.2216,3,17,18,17
146868,-6,0.718,2.2991,17,19,20,19
146900,-7,0.893,4.3838,12,18,19,18
146910,-9,1.0,6.1649,2,0,0,0
146915,-6,0.636,2.2405,11,19,20,19
146984,-7,0.938,4.2462,6,18,19,18
146985,-5,1.0,0.7835,3,20,21,20
146987,-7,0.737,2.2686,10,18,19,18
147012,-5,0.794,2.1852,18,20,21,20
147030,-5,0.79,2.1339,10,20,21,20
147041,-9,0.923,6.1124,3,0,0,0
147078,-8,0.68,3.4435,8,17,18,17
147099,-8,1.0,1.7859,4,17,18,17
147100,-9,0.923,6.111,3,0,0,0
147149,-6,0.579,2.323,7,19,20,19
147178,-6,0.783,2.2322,12,19,20,19
147188,-5,0.969,2.5543,5,20,21,20
147199,-7,0.922,4.1903,13,18,19,18
147210,-8,1.0,3.8835,3,17,18,17
147212,-7,0.875,4.2166,7,18,19,18
147226,-5,0.897,2.4682,6,20,21,20
147245,-7,0.875,4.5488,4,18,19,18
147274,-6,0.823,2.2724,7,19,20,19
147338,-7,0.797,4.149,10,18,19,18
147353,-8,1.0,2.811,8,17,18,17
147372,-6,0.6,1.16,3,20,21,19
147408,-8,0.99,2.6967,10,17,18,17
147478,-8,0.984,1.6962,9,17,18,17
147526,-8,1.0,3.2743,10,17,18,17
147544,-5,0.978,2.0961,11,20,21,20
147549,-6,0.836,2.4029,9,19,20,19
147560,-8,0.8,3.3134,3,17,18,17
147565,-7,0.818,1.5771,6,18,19,18
147566,-8,1.0,3.0738,9,17,18,17
147594,-7,0.789,2.3446,11,18,19,18
147645,-6,0.833,0.8752,4,19,20,19
147719,-8,1.0,2.3353,3,17,18,17
147764,-6,0.584,2.4882,14,18,19,19
147811,-6,0.865,2.3856,9,19,20,19
147816,-7,0.885,2.3832,9,18,19,18
147838,-5,0.917,2.0024,3,20,21,20
147848,-5,0.882,2.5982,5,20,21,20
147879,-7,0.556,4.6242,6,18,19,18
147888,-6,0.838,2.3409,12,19,20,19
147897,-5,0.925,2.4871,6,20,21,20
147901,-5,0.711,2.3048,7,20,21,20
147958,-7,0.775,2.4602,9,18,19,18
147965,-6,0.667,2.379,2,19,20,19
147967,-5,1.0,2.478,5,20,21,20
147983,-5,1.0,2.4418,5,20,21,20
148000,-5,0.776,2.3764,13,20,21,20
148008,-7,0.895,2.5547,10,18,19,18
148018,-8,0.816,1.8393,7,17,18,17
148045,-8,1.0,2.8412,5,17,18,17
148059,-7,0.52,2.3336,5,18,19,18
148149,-6,0.875,0.9247,11,19,20,19
148161,-5,0.807,2.4303,7,20,21,20
148165,-6,0.848,1.0388,5,19,20,19
148173,-5,0.871,2.019,9,20,21,20
148186,-5,0.889,1.9934,8,20,21,20
148226,-6,0.862,1.2416,3,20,21,19
148254,-7,0.972,2.5799,6,18,19,18
148267,-9,0.837,0.7893,9,16,17,16
148270,-5,0.861,2.0419,14,20,21,20
148291,-5,0.9,2.0383,5,20,21,20
148298,-5,0.923,1.9153,3,20,21,20
148302,-5,0.621,0.8714,4,20,21,20
148332,-6,0.953,2.5602,14,19,20,19
148339,-5,0.903,2.3235,8,20,21,20
148358,-5,1.0,2.3068,8,20,21,20
148392,-5,0.889,2.0636,11,20,21,20
148436,-6,0.958,2.4077,12,19,20,19
148454,-6,0.851,1.1164,8,19,20,19
148460,-5,0.806,2.2306,20,20,21,20
148488,-5,0.849,2.0313,7,20,21,20
148492,-5,0.535,1.9649,10,19,20,19
148528,-9,0.976,0.8519,5,16,17,16
148578,-6,0.61,1.319,5,20,21,19
148579,-5,0.845,2.1403,8,20,21,20
148587,-5,0.873,2.3924,8,20,21,20
148605,-5,0.611,2.6878,7,20,21,20
148614,-7,0.616,2.1937,11,18,19,18
148615,-6,0.568,1.4102,4,20,21,19
148668,-5,0.786,2.7755,11,20,21,20
148720,-5,0.778,2.2721,10,20,21,20
148765,-7,1.0,4.3754,6,18,19,18
148773,-6,0.974,2.8073,6,19,20,19
148782,-5,0.848,2.0581,8,20,21,20
148801,-6,0.921,2.5399,10,19,20,19
148809,-5,0.84,2.8751,8,20,21,20
148814,-5,1.0,2.5308,4,20,21,20
148839,-6,0.822,2.6638,8,19,20,19
148854,-6,0.75,2.9001,2,19,20,19
148858,-6,0.833,2.756,7,19,20,19
148988,-7,0.882,4.1761,5,18,19,18
149013,-6,0.489,2.8272,5,19,20,19
149037,-8,0.762,1.9518,3,18,19,17
149050,-7,0.902,4.1627,6,18,19,18
149134,-7,0.927,2.6405,10,18,19,18
149161,-7,0.857,2.5182,8,18,19,18
149186,-6,0.64,1.2006,6,19,20,19
149188,-4,0.6,0.7996,4,20,21,21
149208,-6,0.625,2.8716,9,19,20,19
149219,-5,1.0,2.5212,6,20,21,20
149238,-5,0.8,2.2722,4,20,21,20
149295,-5,0.87,2.0684,3,20,21,20
149318,-8,0.875,3.7341,1,17,18,17
149339,-7,0.931,2.6246,3,18,19,18
149377,-5,0.72,2.705,7,20,21,20
149386,-5,0.593,2.6747,7,20,21,20
149401,-7,0.63,2.1651,7,18,19,18
149405,-7,0.757,2.1938,5,18,19,18
149411,-7,0.977,2.7285,7,18,19,18
149417,-7,0.914,2.8303,6,18,19,18
149480,-8,0.938,1.6246,4,16,17,17
149494,-5,1.0,2.9194,4,20,21,20
149534,-7,1.0,1.9643,4,18,19,18
149582,-7,0.913,2.9163,4,18,19,18
149621,-5,0.66,2.7295,6,20,21,20
149636,-7,0.945,2.6938,9,18,19,18
149637,-5,0.81,2.7767,5,20,21,20
149639,-5,0.913,2.8732,5,20,21,20
149714,-7,1.0,4.0724,4,18,19,18
149736,-7,0.929,2.2482,5,18,19,18
149742,-7,0.812,4.3142,5,18,19,18
149777,-6,0.811,2.6597,7,19,20,19
149786,-5,0.759,2.736,7,20,21,20
149842,-8,0.891,1.7421,10,17,18,17
149900,-5,0.667,0.7546,2,20,21,20
149904,-6,0.943,2.6536,6,19,20,19
149922,-7,1.0,2.6054,6,18,19,18
149935,-6,0.525,2.777,5,19,20,19
149944,-6,0.733,2.731,12,19,20,19
149972,-6,0.817,0.6763,7,19,20,19
150000,-6,0.909,2.9505,4,19,20,19
150006,-7,0.867,3.9726,2,18,19,18
150022,-5,0.899,2.9899,10,20,21,20
150047,-7,0.796,0.5838,7,18,19,18
150051,-7,0.943,2.715,5,18,19,18
150117,-7,0.913,2.5106,5,18,19,18
150118,-7,0.905,2.9361,5,18,19,18
150119,-6,0.975,2.7811,5,19,20,19
150125,-7,0.737,3.8897,8,18,19,18
150140,-7,0.926,4.6374,3,19,20,18
150156,-6,0.696,1.2298,9,19,20,19
150200,-6,0.971,2.5748,6,19,20,19
150206,-6,0.783,2.6363,7,19,20,19
150217,-5,0.669,2.3455,17,20,21,20
150234,-7,0.95,3.0253,6,18,19,18
150238,-7,1.0,2.594,6,18,19,18
150270,-5,0.933,3.1142,5,20,21,20
150281,-5,0.783,3.094,7,20,21,20
150293,-7,0.854,3.7776,6,18,19,18
150339,-5,0.468,1.6404,9,20,21,20
150376,-6,0.926,2.6616,9,19,20,19
150399,-6,0.636,1.2554,3,19,20,19
150418,-8,0.974,1.6041,5,16,17,17
150425,-6,0.926,2.717,11,19,20,19
150449,-8,0.6,3.377,6,17,18,17
150452,-7,1.0,2.6992,7,18,19,18
150487,-7,0.667,3.0408,4,18,19,18
150493,-7,1.0,2.719,7,18,19,18
150496,-5,0.944,2.9922,8,20,21,20
150505,-7,0.87,2.979,4,18,19,18
150510,-6,1.0,2.7555,3,19,20,19
150525,-6,0.893,3.0763,7,19,20,19
150614,-5,0.913,3.0864,5,20,21,20
150623,-6,0.7,2.5767,6,19,20,19
150629,-6,0.938,2.8643,4,19,20,19
150630,-6,0.862,2.6175,4,19,20,19
150730,-7,1.0,3.3446,4,18,19,18
150766,-7,0.889,3.4806,8,18,19,18
150769,-7,0.922,3.1938,7,18,19,18
150889,-7,0.927,2.7976,8,18,19,18
150914,-6,1.0,2.5058,6,19,20,19
150959,-6,0.963,3.1593,3,19,20,19
150985,-5,0.935,2.9347,5,20,21,20
150991,-6,0.964,2.889,7,19,20,19
151015,-7,1.0,2.7321,6,18,19,18
151022,-7,0.987,2.6649,9,18,19,18
151039,-7,0.929,2.8007,5,18,19,18
151041,-7,0.96,2.6081,6,18,19,18
151043,-7,0.875,3.5338,4,18,19,18
151060,-6,0.87,2.9919,10,19,20,19
151084,-7,0.833,3.1193,3,18,19,18
151089,-6,0.936,3.1174,6,19,20,19
151091,-6,0.839,3.2905,10,19,20,19
151093,-6,0.903,3.1811,8,19,20,19
151121,-6,0.737,2.5451,4,19,20,19
151130,-6,0.873,3.4551,6,19,20,19
151199,-7,0.493,3.8202,8,18,19,18
151237,-6,0.941,3.3302,2,19,20,19
151329,-5,0.806,3.2082,4,20,21,20
151331,-6,0.975,3.0155,4,19,20,19
151341,-6,0.976,3.1191,5,19,20,19
151398,-7,0.652,2.9006,4,18,19,18
151407,-5,1.0,2.5135,4,20,21,20
151425,-7,0.897,2.1749,5,18,19,18
151447,-7,0.977,2.6591,5,18,19,18
151468,-5,0.957,3.2385,10,20,21,20
151525,-6,1.0,1.64,1,19,20,19
151566,-6,0.884,3.1146,8,19,20,19
151569,-6,0.622,3.4719,8,19,20,19
151618,-6,1.0,3.5378,4,19,20,19
151631,-7,0.904,3.7396,6,18,19,18
151696,-6,0.917,1.661,2,19,20,19
151770,-6,0.824,3.5103,3,19,20,19
151773,-7,0.98,2.8165,7,18,19,18
151778,-7,0.571,4.3701,2,18,19,18
151804,-6,0.982,3.2281,7,19,20,19
151808,-6,0.865,0.6743,9,19,20,19
151835,-6,1.0,3.2604,4,19,20,19
151854,-5,0.939,3.1058,8,20,21,20
151882,-6,0.848,3.2191,5,19,20,19
151958,-6,0.926,2.4819,4,19,20,19
151964,-6,0.917,3.4931,6,19,20,19
151970,-6,0.946,3.3529,4,19,20,19
152048,-6,0.9,3.5666,6,19,20,19
152059,-6,0.783,3.5689,7,19,20,19
152076,-7,0.905,2.917,3,18,19,18
152087,-7,0.887,2.5235,7,18,19,18
152148,-5,0.965,3.2066,6,20,21,20
152195,-7,0.654,4.5464,3,18,19,18
152237,-7,0.952,2.7269,6,18,19,18
152254,-6,0.947,3.3126,8,19,20,19
152276,-6,0.689,2.5433,6,19,20,19
152289,-8,0.64,3.3943,6,17,18,17
152290,-6,1.0,3.1818,5,19,20,19
152306,-6,0.949,3.2112,6,19,20,19
152319,-7,0.95,3.2579,2,18,19,18
152321,-7,0.952,4.6377,3,19,20,18
152342,-7,0.603,2.144,8,18,19,19
152480,-8,0.72,4.6976,5,18,19,17
152508,-6,0.719,3.1948,5,19,20,19
152556,-6,0.828,1.0091,11,19,20,19
152567,-7,0.981,3.356,6,18,19,18
152578,-6,0.561,2.0712,12,19,20,19
152609,-7,0.881,2.9004,6,18,19,18
152632,-7,0.65,2.9546,2,18,19,18
152636,-7,0.952,3.4306,3,18,19,18
152671,-7,0.872,2.4408,7,18,19,18
152725,-5,0.732,2.3619,5,20,21,20
152743,-6,1.0,3.3028,6,19,20,19
152782,-7,0.63,2.9305,3,18,19,18
152860,-7,0.968,2.5706,5,18,19,18
152868,-7,0.606,4.218,6,18,19,18
152876,-6,0.625,3.306,9,19,20,19
152881,-7,0.733,2.4147,4,18,19,18
152890,-7,0.812,2.4965,6,18,19,18
152898,-6,0.982,3.0859,6,19,20,19
152904,-5,1.0,3.3271,6,20,21,20
152945,-7,0.95,2.8752,2,18,19,18
152953,-7,0.643,4.2668,6,18,19,18
152956,-6,0.939,3.3971,5,19,20,19
153114,-7,0.881,2.3261,5,18,19,18
153159,-6,0.61,2.0406,7,19,20,19
153164,-6,0.702,2.0244,6,19,20,19
153165,-6,0.917,3.2004,5,19,20,19
153167,-6,0.792,2.0266,3,19,20,19
153197,-6,1.0,3.4496,6,19,20,19
153257,-6,0.821,3.2966,6,19,20,19
153271,-9,1.0,5.0767,1,0,0,0
153285,-9,1.0,5.2122,1,0,0,0
153300,-6,0.621,1.944,9,19,20,19
153302,-6,0.543,2.1728,14,19,20,19
153305,-6,1.0,3.464,4,19,20,19
153319,-6,0.896,3.456,7,19,20,19
153333,-7,0.667,0.9334,2,17,18,18
153345,-7,0.897,2.293,5,18,19,18
153360,-5,0.985,3.3396,8,20,21,20
153372,-6,1.0,3.3518,4,19,20,19
153431,-6,0.526,1.8263,4,19,20,19
153460,-5,0.978,3.4359,8,20,21,20
153497,-7,0.714,4.2013,5,18,19,18
153503,-7,0.866,2.4943,7,18,19,18
153535,-6,0.638,2.416,9,19,20,19
153579,-5,0.918,3.4569,6,20,21,20
153626,-6,0.467,1.7969,5,19,20,19
153632,-5,0.784,3.5206,8,20,21,20
153635,-6,0.778,3.5592,6,19,20,19
153660,-5,1.0,2.4248,3,20,21,20
153688,-7,0.92,4.1422,13,18,19,18
153771,-6,0.769,2.1738,2,19,20,18
153798,-7,0.982,2.3248,6,18,19,18
153848,-6,0.75,3.6313,8,19,20,19
153915,-7,1.0,2.0303,4,18,19,18
153928,-6,0.894,3.6015,6,19,20,19
153970,-6,0.976,3.7236,7,19,20,19
154018,-6,0.526,3.8244,5,19,20,19
154109,-6,0.868,3.7058,8,19,20,19
154155,-7,0.968,3.4291,10,18,19,18
154160,-6,1.0,3.1607,3,19,20,19
154174,-6,0.667,2.2831,4,19,20,19
154239,-6,0.882,3.6847,7,19,20,19
154273,-5,0.929,3.538,6,20,21,20
154429,-5,0.837,3.3288,6,20,21,20
154480,-7,0.894,3.5428,6,18,19,18
154491,-7,1.0,3.5963,4,18,19,18
154520,-5,0.927,3.4395,7,20,21,20
154591,-7,1.0,3.5486,6,18,19,18
154707,-5,0.8,3.4584,5,20,21,20
154815,-6,0.556,3.8822,4,19,20,19
154892,-5,0.974,3.61,5,20,21,20
154998,-6,0.607,3.6004,5,18,19,19
155111,-6,0.788,3.105,6,19,20,19
155170,-5,0.744,3.4084,6,20,21,20
155180,-7,0.9,2.3722,3,18,19,18
155230,-5,0.514,3.4101,6,20,21,20
155233,-5,0.72,3.3501,3,20,21,20
155334,-5,0.576,3.4818,4,20,21,20
155394,-6,0.929,3.1072,7,19,20,19
155410,-6,0.899,3.0251,7,19,20,19
155455,-6,0.92,3.0502,3,19,20,19
155487,-7,0.95,4.0172,2,18,19,18
155560,-4,0.619,2.7231,3,21,22,21
155570,-6,0.835,3.0352,9,19,20,19
155589,-6,0.9,3.6109,4,18,19,19
155633,-5,0.737,3.6448,3,20,21,20
155676,-4,0.76,2.7672,4,21,22,21
155722,-6,0.846,0.974,6,19,20,19
155771,-4,0.6,2.8384,3,21,22,21
155822,-6,0.667,1.9506,5,19,20,19
155841,-4,0.758,2.8601,5,21,22,21
155913,-5,0.895,3.6926,2,20,21,20
155952,-7,0.962,3.6161,7,18,19,18
155956,-7,0.931,3.9695,3,18,19,18
156047,-5,0.911,3.4129,6,20,21,20
156086,-6,0.596,2.2568,6,19,20,18
156105,-6,0.956,3.7602,7,19,20,19
156129,-7,0.903,3.3145,5,18,19,18
156177,-6,0.919,3.8471,5,19,20,19
156296,-4,0.933,2.958,2,21,22,21
156336,-5,0.957,3.4538,3,20,21,20
156353,-5,0.78,3.4539,7,20,21,20
156432,-7,0.977,3.303,7,18,19,18
156442,-7,0.745,3.2454,7,18,19,18
156451,-7,0.867,2.5733,5,18,19,18
156557,-4,0.667,3.4042,5,20,21,20
156645,-7,0.902,3.3739,8,18,19,18
156667,-7,0.917,3.4807,5,18,19,18
156672,-4,0.864,3.3999,4,20,21,20
156684,-7,1.0,3.3989,4,18,19,18
156733,-4,0.9,3.0758,1,21,22,21
156745,-7,1.0,3.2689,5,18,19,18
156758,-6,0.529,2.5258,3,18,19,18
156830,-5,0.895,2.8852,3,20,21,20
156851,-6,1.0,3.9345,2,19,20,19
156908,-4,0.622,2.7017,4,21,22,21
156920,-5,0.962,2.8013,4,20,21,20
157012,-7,0.8,3.5779,2,18,19,18
157038,-7,0.955,3.2345,5,18,19,18
157072,-5,0.841,2.8415,8,20,21,20
157187,-7,0.743,3.5669,5,18,19,18
157235,-4,0.833,3.4498,3,20,21,20
157324,-5,1.0,2.7227,4,20,21,20
157391,-5,0.92,2.9639,4,20,21,20
157511,-6,0.978,3.8196,6,19,20,19
157558,-6,0.944,3.8874,3,19,20,19
157591,-5,0.857,3.0665,3,20,21,20
157613,-7,1.0,3.1652,3,18,19,18
157646,-7,1.0,3.0876,3,18,19,18
157717,-7,0.975,3.2118,6,18,19,18
157762,-7,1.0,3.4363,4,18,19,18
157793,-7,1.0,3.1465,11,18,19,18
157810,-7,0.962,3.0046,5,18,19,18
157954,-7,0.936,3.1965,6,18,19,18
158003,-7,0.943,3.0899,8,18,19,18
158039,-5,0.773,3.1026,3,20,21,20
158051,-7,1.0,3.3974,2,18,19,18
158062,-7,0.6,3.6134,5,18,19,18
158085,-5,0.917,3.0155,5,20,21,20
158207,-5,1.0,2.6939,3,20,21,20
158226,-7,0.81,3.8065,5,19,20,18
158248,-7,0.838,3.239,6,18,19,18
158263,-6,0.793,3.6542,4,18,19,18
158265,-7,0.778,3.2309,3,18,19,18
158375,-5,0.808,3.5016,3,20,21,20
158714,-5,0.938,2.6924,2,20,21,20
158850,-4,0.84,3.3363,3,20,21,20
158869,-5,0.778,2.9761,5,20,21,20
158912,-7,0.613,2.3458,5,19,20,19
158916,-7,0.774,3.1477,6,18,19,18
159043,-5,0.781,3.1997,4,20,21,20
159123,-7,0.571,3.0489,1,18,19,18
159523,-7,1.0,3.3997,2,18,19,18
159534,-6,0.565,2.447,3,19,20,19
159614,-4,0.651,3.3134,7,20,21,20
159730,-3,0.667,3.2509,4,21,22,21
159854,-7,1.0,3.3686,2,18,19,18
160084,-6,1.0,2.4842,2,19,20,19
160221,-3,0.781,3.1853,5,21,22,21
160458,-3,0.739,3.1063,6,22,23,21
160892,-6,1.0,3.646,2,18,19,18
160983,-6,1.0,3.692,2,18,19,18
161011,-3,0.676,3.0534,4,22,23,21
161140,-3,0.787,2.9891,6,22,23,21
161159,-3,0.571,3.1186,3,22,23,21
161194,-3,0.639,3.0303,5,22,23,21
161203,-3,0.688,3.2877,5,21,22,21
161379,-3,1.0,2.8404,4,22,23,21
161434,-3,1.0,2.8033,4,23,24,21
161462,-3,0.587,3.321,7,21,22,21
161514,-4,0.579,3.0178,2,21,22,20
161519,-3,0.519,2.7429,5,22,23,21
161541,-3,0.887,2.8877,7,22,23,21
161675,-3,0.6,2.6969,4,21,22,21
161713,-3,0.579,2.6999,4,21,22,21
161736,-3,0.824,3.3911,4,21,22,21
161758,-4,0.629,3.0652,4,21,22,20
161780,,,2.8464,6,23,24,21
161792,-3,0.714,2.8977,3,23,24,0
161891,-4,0.769,3.0076,4,21,22,21
161894,-4,0.571,3.0803,2,21,22,20
161908,-4,0.641,3.0681,7,21,22,21
161913,-4,0.625,3.0766,6,21,22,21
161930,-3,0.708,3.4164,3,21,22,21
161933,-4,0.741,2.9577,7,21,22,21
161950,-4,0.847,3.0489,8,21,22,21
161968,-4,0.818,2.9361,3,21,22,21
161975,-4,0.462,3.1357,3,21,22,21
161991,-4,0.643,2.9195,6,21,22,21
162028,-4,0.774,2.8117,5,21,22,21
162038,-4,0.861,2.7261,6,21,22,21
162092,-3,0.857,2.8881,3,23,24,0
162128,-4,0.714,2.6944,4,21,22,21
162172,-4,0.767,2.6911,4,21,22,21
162174,-4,0.625,3.1528,7,21,22,21
162178,-2,0.571,3.3402,2,21,22,21
162187,-3,1.0,2.8864,6,23,24,22
162207,-4,0.773,2.8633,4,21,22,21
162243,-3,1.0,2.8881,4,23,24,22
162250,-4,0.727,2.6883,10,21,22,21
162272,-4,0.571,3.2092,4,21,22,21
162274,-4,0.627,3.2827,6,21,22,21
162317,-4,0.727,2.7536,6,21,22,21
162319,-4,0.833,3.2108,2,21,22,21
162323,-4,0.5,2.8833,4,21,22,21
162324,-4,0.714,2.6866,5,21,22,21
162337,-3,1.0,2.8656,6,23,24,22
162372,-3,0.765,2.6835,3,21,22,21
162413,-4,0.792,3.2755,3,21,22,21
162427,-4,0.97,3.35,5,21,22,21
162440,-4,0.882,3.3534,4,21,22,21
162446,-4,0.783,2.7396,4,21,22,21
162463,-4,0.718,3.2012,6,21,22,21
162476,-4,0.692,2.843,3,21,22,21
162498,-4,0.771,2.781,6,21,22,21
162561,-4,0.8,3.2831,4,21,22,21
162598,-3,0.682,2.9363,5,23,24,22
162621,-2,0.552,2.8447,6,23,24,22
162667,-3,1.0,2.7558,5,23,24,22
162668,-3,1.0,2.7239,6,23,24,22
162686,-4,0.766,2.648,5,21,22,21
162716,-3,0.812,2.7796,9,23,24,22
162722,-4,0.618,2.5543,4,21,22,21
162748,-2,0.979,2.9183,6,23,24,23
162762,-3,0.75,2.7468,2,23,24,22
162786,-4,0.444,2.4625,7,21,22,21
162944,-3,0.818,2.7496,3,23,24,22
162964,-4,0.591,3.4134,4,21,22,21
162980,,,2.6984,3,23,24,22
163024,-2,0.975,2.9905,4,23,24,23
163052,-4,0.8,2.4765,4,21,22,21
163076,-4,0.6,2.429,9,21,22,21
163091,-4,0.835,2.3127,9,21,22,21
163108,-4,0.677,2.1747,9,21,22,21
163113,-4,0.754,2.3949,7,21,22,21
163132,-4,0.656,2.4499,7,21,22,21
163133,-4,0.615,3.3967,4,21,22,21
163151,-4,0.66,3.4648,7,21,22,21
163169,-4,0.949,2.242,5,21,22,21
163172,-4,1.0,2.5037,2,21,22,21
163188,-4,0.838,2.2118,9,21,22,21
163189,-4,0.781,2.3274,4,21,22,21
163218,-4,0.784,2.4755,6,21,22,21
163251,-4,0.824,2.3544,4,21,22,21
163326,-4,0.867,2.0564,3,21,22,21
163334,-4,0.846,2.677,3,21,22,21
163344,-4,0.63,2.1136,4,21,22,21
163365,-2,1.0,3.0465,3,23,24,23
163398,-2,1.0,3.087,5,23,24,23
163400,-4,0.857,2.6944,3,21,22,21
163414,-2,1.0,3.1642,3,23,24,23
163479,-4,0.659,2.0636,5,21,22,21
163558,-2,0.973,2.9406,4,23,24,23
163578,-2,0.889,2.8649,2,23,24,23
163588,-4,0.737,3.4968,3,21,22,21
163641,-4,0.645,3.1701,5,21,22,21
163686,-3,0.667,2.0606,2,21,22,21
163700,-3,0.533,2.0134,2,21,22,21
163728,-4,0.6,1.9913,1,21,22,21
163819,-2,1.0,3.1313,3,23,24,23
163874,-4,0.588,3.5645,2,21,22,21
163881,-2,0.935,3.0118,4,23,24,23
163898,-3,0.846,2.9958,4,22,23,22
163925,-4,0.645,2.0666,5,21,22,21
164083,-2,0.889,2.9111,6,23,24,23
164188,-4,0.75,1.9992,4,21,22,21
164242,-3,0.92,2.4817,3,22,23,22
164243,-3,0.865,2.9613,8,22,23,22
164341,-3,1.0,2.4894,3,22,23,22
164367,-3,1.0,2.3002,4,22,23,21
164391,-3,0.889,2.2157,3,22,23,21
164408,-3,1.0,2.3211,3,22,23,21
164420,-3,1.0,2.2366,4,22,23,21
164444,-4,0.774,3.4567,6,21,22,21
164453,-4,0.833,1.9574,4,21,22,21
164483,-4,0.579,3.5186,4,21,22,21
164533,-4,0.818,1.9885,4,21,22,21
164849,-3,0.767,3.0041,5,22,23,22
164888,-4,0.526,3.5509,3,21,22,21
164891,-3,0.806,2.9893,4,22,23,22
164901,-3,0.783,3.059,5,22,23,22
164995,-3,1.0,2.839,2,22,23,22
165005,-3,0.882,3.1142,4,22,23,22
165025,-3,0.929,3.1712,3,22,23,22
165069,-3,1.0,2.8934,6,22,23,22
165086,-3,0.919,2.8707,4,22,23,22
165093,-3,1.0,2.8424,5,22,23,22
165097,-3,0.863,2.8196,11,22,23,22
165098,-3,0.947,2.8646,6,22,23,22
165145,-3,0.68,2.7388,4,22,23,22
165179,-3,1.0,2.997,3,22,23,22
165184,-3,0.675,2.9088,4,22,23,22
165191,-3,0.971,2.7659,8,22,23,22
165218,-5,0.611,3.6052,3,21,22,21
165248,-5,0.6,3.6717,2,21,22,21
165258,-3,0.857,2.7123,4,22,23,22
165259,-3,0.744,2.6802,5,22,23,22
165265,-3,0.812,2.7686,3,22,23,22
165284,-3,0.917,2.6986,7,22,23,22
165290,-3,1.0,3.1475,3,22,23,22
165324,-5,0.769,3.6787,2,21,22,21
165496,-3,0.605,2.9455,5,22,23,22
